{
    "joints2D": {
        "Pelvis": [
            0.16316302135338887,
            0.8281527441773359
        ],
        "L_Hip": [
            0.17916750914030435,
            0.8553596005082948
        ],
        "L_Knee": [
            0.17216830188941185,
            0.9192403405476491
        ],
        "L_Ankle": [
            0.16867360142186585,
            0.9093726158001575
        ],
        "L_Foot": [
            0.1689776547432492,
            0.9337410820773143
        ],
        "R_Hip": [
            0.14529265722172027,
            0.8244084446090035
        ],
        "R_Knee": [
            0.13272511597629014,
            0.8877135239426492
        ],
        "R_Ankle": [
            0.144976423055808,
            0.8878621496197582
        ],
        "R_Foot": [
            0.13405533484509036,
            0.9010292837630791
        ],
        "Spine1": [
            0.16777806654971666,
            0.7954232753189862
        ],
        "Spine2": [
            0.17193676913131048,
            0.770100034547169
        ],
        "Spine3": [
            0.17256019285472282,
            0.7722553988755516
        ],
        "Neck": [
            0.2015718450703047,
            0.6175029931132234
        ],
        "Head": [
            0.21750298690068548,
            0.5649148789592313
        ],
        "L_Collar": [
            0.22760762257832992,
            0.7289659986249287
        ],
        "L_Shoulder": [
            0.27766981317867456,
            0.7174408797145881
        ],
        "L_Elbow": [
            0.29328150143332654,
            0.711401965105291
        ],
        "L_Wrist": [
            0.31016604666701253,
            0.7412303032005687
        ],
        "L_Hand": [
            0.30819659857646586,
            0.7443357324446189
        ],
        "R_Collar": [
            0.1493178881183387,
            0.6553707333484702
        ],
        "R_Shoulder": [
            0.11794151676859341,
            0.5680929721155779
        ],
        "R_Elbow": [
            0.10787134692796681,
            0.5551455210740699
        ],
        "R_Wrist": [
            0.08637442751007286,
            0.5740737557548252
        ],
        "R_Hand": [
            0.08685907650647814,
            0.5788280393479318
        ]
    },
    "joints3D": {
        "Pelvis": [
            -0.8691552448100158,
            0.6897142412606201,
            -1.682167116199685
        ],
        "L_Hip": [
            -0.788488258500191,
            0.691965153386033,
            -2.031985605795504
        ],
        "L_Knee": [
            -1.1065534042591643,
            0.2198862139794999,
            -3.0528340043155224
        ],
        "L_Ankle": [
            -1.6127297689709204,
            0.41669116148012775,
            -4.155363963425323
        ],
        "L_Foot": [
            -1.5760218594641706,
            0.03538038959678284,
            -4.31732727669522
        ],
        "R_Hip": [
            -1.1726811510815855,
            0.6720033769759773,
            -1.855923190457004
        ],
        "R_Knee": [
            -1.6683296426217016,
            0.15612556047444862,
            -2.8096484125871872
        ],
        "R_Ankle": [
            -2.0874017665937474,
            0.4135072191371624,
            -3.9323655878392896
        ],
        "R_Foot": [
            -2.2607186105383468,
            0.0418107422623113,
            -3.9828507199833
        ],
        "Spine1": [
            -0.7519728941946583,
            0.7940053254249283,
            -1.3862523073687443
        ],
        "Spine2": [
            -0.5614367897186854,
            0.7122658055308372,
            -0.9984399182984124
        ],
        "Spine3": [
            -0.4800246873772717,
            0.6105346702108805,
            -0.8674539912270315
        ],
        "Neck": [
            -0.197731186358182,
            0.599804655610539,
            -0.2525131964568302
        ],
        "Head": [
            -0.08212566659768532,
            0.3978733890650058,
            -0.0891882692175022
        ],
        "L_Collar": [
            -0.1126235935223666,
            0.6663238903203842,
            -0.620267441031647
        ],
        "L_Shoulder": [
            0.16754614538547877,
            0.7306274945571101,
            -0.6353524719250304
        ],
        "L_Elbow": [
            0.468036755355241,
            1.3149207316739504,
            -1.1224830463984525
        ],
        "L_Wrist": [
            0.8694837126960497,
            1.5916506288392458,
            -1.7237662371779718
        ],
        "L_Hand": [
            0.9291306162542907,
            1.751434309424696,
            -1.927155461907183
        ],
        "R_Collar": [
            -0.5326421394622605,
            0.6380993323644143,
            -0.42388995533590357
        ],
        "R_Shoulder": [
            -0.7253031638032911,
            0.6295911070100553,
            -0.19647690929642161
        ],
        "R_Elbow": [
            -1.3829190267194542,
            1.0562517939979905,
            -0.28422159080025994
        ],
        "R_Wrist": [
            -2.1326409610462744,
            1.1579760066662794,
            -0.5046253087987518
        ],
        "R_Hand": [
            -2.348220163741367,
            1.277569349759066,
            -0.5918036457825208
        ]
    }
}