{
    "joints2D": {
        "Pelvis": [
            0.25924631654742275,
            0.8611060371042056
        ],
        "L_Hip": [
            0.2787811919571388,
            0.8612657865842671
        ],
        "L_Knee": [
            0.27850976801456573,
            0.8802259176693399
        ],
        "L_Ankle": [
            0.27230719879564824,
            0.8859677518082304
        ],
        "L_Foot": [
            0.27961983370893795,
            0.9056586326315833
        ],
        "R_Hip": [
            0.24189549695757606,
            0.8755317270149559
        ],
        "R_Knee": [
            0.24985318379261606,
            0.8913087422441628
        ],
        "R_Ankle": [
            0.2594227858252053,
            0.8870803359529554
        ],
        "R_Foot": [
            0.2567023073390228,
            0.9101862725676996
        ],
        "Spine1": [
            0.254494727145381,
            0.8323145843939396
        ],
        "Spine2": [
            0.2506728855502245,
            0.8049210684215032
        ],
        "Spine3": [
            0.2529137494222067,
            0.8074723689816856
        ],
        "Neck": [
            0.23755679239445887,
            0.603626113201482
        ],
        "Head": [
            0.23268140324144734,
            0.49443708283034266
        ],
        "L_Collar": [
            0.2913181723359984,
            0.6936401375303888
        ],
        "L_Shoulder": [
            0.3379854540086098,
            0.6811448198165984
        ],
        "L_Elbow": [
            0.31968638607633665,
            0.8121441418064902
        ],
        "L_Wrist": [
            0.321157590940161,
            0.9072867725099998
        ],
        "L_Hand": [
            0.3167979394804692,
            0.9272434427740991
        ],
        "R_Collar": [
            0.19858216380581795,
            0.7135771017965564
        ],
        "R_Shoulder": [
            0.14612459270031924,
            0.7206333562994071
        ],
        "R_Elbow": [
            0.1814896495063374,
            0.8346489542385612
        ],
        "R_Wrist": [
            0.2103837167940299,
            0.9221475259358556
        ],
        "R_Hand": [
            0.21855190089725782,
            0.9365235377447907
        ]
    },
    "joints3D": {
        "Pelvis": [
            0.10030822015077764,
            0.6839514650548089,
            -1.720624166476857
        ],
        "L_Hip": [
            0.3264160477283951,
            0.756015915293361,
            -1.970975338496498
        ],
        "L_Knee": [
            0.4785750207619167,
            0.9428428263813826,
            -3.067903058013638
        ],
        "L_Ankle": [
            0.5132424542045232,
            1.2225302071888573,
            -4.214709002521851
        ],
        "L_Foot": [
            0.6692410650094557,
            0.9114408282491983,
            -4.411152027221353
        ],
        "R_Hip": [
            -0.07168771158624966,
            0.6834437796161446,
            -2.0098271513813892
        ],
        "R_Knee": [
            0.019290464022850753,
            0.8724481827722135,
            -3.1360161218832747
        ],
        "R_Ankle": [
            0.23421558742872892,
            1.24039851433751,
            -4.233959120530127
        ],
        "R_Foot": [
            0.17319611672034843,
            0.9039535804687557,
            -4.435757637129098
        ],
        "Spine1": [
            0.0491535621724316,
            0.7329347837896727,
            -1.4066996026766927
        ],
        "Spine2": [
            0.013143935638067648,
            0.6440665281286997,
            -0.9951805297413491
        ],
        "Spine3": [
            0.023454124272815405,
            0.540435851523535,
            -0.8514128396323702
        ],
        "Neck": [
            -0.04285057829664781,
            0.5761716859660956,
            -0.20555170517826463
        ],
        "Head": [
            -0.04129584038165988,
            0.40057954582246025,
            0.0036813630971917963
        ],
        "L_Collar": [
            0.20551525843741175,
            0.626508786663589,
            -0.4727908839958278
        ],
        "L_Shoulder": [
            0.48103170082849217,
            0.6363883535572822,
            -0.49495995243892843
        ],
        "L_Elbow": [
            0.5752117306494344,
            0.6662923883467228,
            -1.2746276235399034
        ],
        "L_Wrist": [
            0.6642629310587035,
            0.24029863793100079,
            -1.877857929575639
        ],
        "L_Hand": [
            0.6684015743139142,
            0.13104125200206543,
            -2.108279684230744
        ],
        "R_Collar": [
            -0.23718811847188156,
            0.5857736245707496,
            -0.5124187440991056
        ],
        "R_Shoulder": [
            -0.5082424384471168,
            0.5026258787034766,
            -0.5536479212356766
        ],
        "R_Elbow": [
            -0.5210051283311969,
            0.5666660823592906,
            -1.308751039487514
        ],
        "R_Wrist": [
            -0.357490988542882,
            0.26791847817382425,
            -1.9850360277920727
        ],
        "R_Hand": [
            -0.30422718473692695,
            0.19839734068919895,
            -2.220533077124332
        ]
    }
}