{
    "joints2D": {
        "Pelvis": [
            0.7879924800062965,
            0.9372430447562937
        ],
        "L_Hip": [
            0.7646874686933663,
            0.9427886899818084
        ],
        "L_Knee": [
            0.7560561737005076,
            0.9135096602975513
        ],
        "L_Ankle": [
            0.7661858796052216,
            0.9209954688788791
        ],
        "L_Foot": [
            0.7589494636457368,
            0.9032177992189278
        ],
        "R_Hip": [
            0.8099319260978599,
            0.9180551488184534
        ],
        "R_Knee": [
            0.8090821549632903,
            0.8937016440765195
        ],
        "R_Ankle": [
            0.8055084343060235,
            0.9094847338127595
        ],
        "R_Foot": [
            0.8057604810578476,
            0.8863705387175521
        ],
        "Spine1": [
            0.2081716851444196,
            0.9523844553347497
        ],
        "Spine2": [
            0.21461795382278884,
            0.9294976571043689
        ],
        "Spine3": [
            0.2169731062175448,
            0.9388760005462883
        ],
        "Neck": [
            0.23152067950878194,
            0.6781178308447137
        ],
        "Head": [
            0.24451683114359607,
            0.547260785227753
        ],
        "L_Collar": [
            0.2814988365078898,
            0.8244783220613215
        ],
        "L_Shoulder": [
            0.3321620619059017,
            0.7965917415992996
        ],
        "L_Elbow": [
            0.3226742361879936,
            0.9110398866860664
        ],
        "L_Wrist": [
            0.6865847365744575,
            0.9264627029555136
        ],
        "L_Hand": [
            0.6872945962921619,
            0.918331894776355
        ],
        "R_Collar": [
            0.16386668714475047,
            0.7953033424769934
        ],
        "R_Shoulder": [
            0.10847850082596089,
            0.7369853924389153
        ],
        "R_Elbow": [
            0.10154549290889682,
            0.8551884435045108
        ],
        "R_Wrist": [
            0.883005824423699,
            0.8365162501969092
        ],
        "R_Hand": [
            0.8810093156738935,
            0.8311762395900341
        ]
    },
    "joints3D": {
        "Pelvis": [
            -0.29667295259374327,
            -0.1415131778821326,
            -1.7814752678677703
        ],
        "L_Hip": [
            -0.1264991704349784,
            -0.16366844441800482,
            -2.1140786752189706
        ],
        "L_Knee": [
            -0.07215188672556869,
            -0.6127581916281405,
            -3.196562790745843
        ],
        "L_Ankle": [
            -0.3101985654786744,
            -0.7081071005893373,
            -4.432234799942831
        ],
        "L_Foot": [
            -0.17136859051321707,
            -1.057757153896274,
            -4.582180716014507
        ],
        "R_Hip": [
            -0.560707402321567,
            -0.237276330232799,
            -2.0139770006306694
        ],
        "R_Knee": [
            -0.8976428681328109,
            -0.6578263447861203,
            -3.0823059129548365
        ],
        "R_Ankle": [
            -1.1350901566032539,
            -0.6872730281507986,
            -4.320303166579634
        ],
        "R_Foot": [
            -1.2216719366564674,
            -1.0852517151604348,
            -4.368770266039259
        ],
        "Spine1": [
            -0.26281511373707833,
            0.025161053310261555,
            -1.4777460962165536
        ],
        "Spine2": [
            -0.16816046350358263,
            0.11958113121693867,
            -1.0681117784115366
        ],
        "Spine3": [
            -0.12751639339277157,
            0.07006050748935258,
            -0.8890685293052671
        ],
        "Neck": [
            -0.060608075197976785,
            0.48473830774298404,
            -0.32008395854391847
        ],
        "Head": [
            -0.011667287038856401,
            0.4357120353593722,
            -0.07068899498251392
        ],
        "L_Collar": [
            0.12739544008224166,
            0.3411802785908176,
            -0.6343026873440274
        ],
        "L_Shoulder": [
            0.38589846873837264,
            0.3863796270323507,
            -0.6914624546276019
        ],
        "L_Elbow": [
            0.5150567126959543,
            0.1579312138086396,
            -1.4392815343032528
        ],
        "L_Wrist": [
            0.6353330522951217,
            -0.15318422779941285,
            -2.1047987737114457
        ],
        "L_Hand": [
            0.7079889758197121,
            -0.24514128733957335,
            -2.3265624257567166
        ],
        "R_Collar": [
            -0.3172224758595317,
            0.31271915282167395,
            -0.5575895129147315
        ],
        "R_Shoulder": [
            -0.5926862526876779,
            0.2954340516774618,
            -0.5067983126972663
        ],
        "R_Elbow": [
            -0.9423972881111604,
            0.018932721115560845,
            -1.1464958955104718
        ],
        "R_Wrist": [
            -1.3343512034163523,
            -0.3079875246663127,
            -1.7192050521743778
        ],
        "R_Hand": [
            -1.4771577597083652,
            -0.4021965826995893,
            -1.9020871929120415
        ]
    }
}