{
    "joints3D": {
        "Pelvis": [
            -0.43721321641547317,
            0.9660570977374537,
            -2.1968158394240005
        ],
        "L_Hip": [
            -0.23086737658904477,
            1.0547984974233091,
            -2.527529503628333
        ],
        "L_Knee": [
            -0.0051719263778258855,
            0.8737605441990172,
            -3.914118510890092
        ],
        "L_Ankle": [
            0.07471172746495229,
            0.6054631016375072,
            -5.284308920818005
        ],
        "L_Foot": [
            0.2720776457277988,
            0.39974776665430445,
            -5.69280799729316
        ],
        "R_Hip": [
            -0.6534893947876109,
            0.9017143385285568,
            -2.51644069923922
        ],
        "R_Knee": [
            -0.7315748928518377,
            0.5805064374681845,
            -3.8846734266519536
        ],
        "R_Ankle": [
            -0.6947008363713603,
            0.25963998846566577,
            -5.232819946656486
        ],
        "R_Foot": [
            -0.6688725345047847,
            -0.09676672555309583,
            -5.572893449696906
        ],
        "Spine1": [
            -0.4778951938644353,
            1.0618192183057562,
            -1.8010342437498497
        ],
        "Spine2": [
            -0.39710420381689193,
            0.9025684196135728,
            -1.2804613305529648
        ],
        "Spine3": [
            -0.37797624472213276,
            0.8699874358280844,
            -1.061919026443815
        ],
        "Neck": [
            -0.4054352672636683,
            0.8331691757043049,
            -0.28516940704652394
        ],
        "Head": [
            -0.2553378969630208,
            0.6132753732052225,
            -0.06291007651871507
        ],
        "L_Collar": [
            -0.16589672799114222,
            0.9871924329775765,
            -0.6093656599609947
        ],
        "L_Shoulder": [
            0.07202739210126191,
            1.0061362580826938,
            -0.37180016523935533
        ],
        "L_Elbow": [
            0.44924208118925535,
            0.6286996386853073,
            0.32395932883734957
        ],
        "L_Wrist": [
            0.509007254384311,
            0.5372527169534432,
            1.1861159444166396
        ],
        "L_Hand": [
            0.5841340424089351,
            0.6230388337466051,
            1.4776040483576733
        ],
        "R_Collar": [
            -0.6675075079033682,
            0.8289380321552199,
            -0.6371034237844826
        ],
        "R_Shoulder": [
            -0.8671736279648201,
            0.6630459037559822,
            -0.38560062446368304
        ],
        "R_Elbow": [
            -0.9678294136926118,
            0.041122711547761114,
            0.17916788842548978
        ],
        "R_Wrist": [
            -0.9947703959223909,
            -0.11061741953606703,
            1.062847602880069
        ],
        "R_Hand": [
            -1.0465961924871672,
            -0.09853674922797462,
            1.3675725506923195
        ]
    },
    "joints2D": {
        "Pelvis": [
            0.21388515479838874,
            0.8465532024511578
        ],
        "L_Hip": [
            0.23227290555475238,
            0.8556841419732766
        ],
        "L_Knee": [
            0.24837165501486186,
            0.9054243216672957
        ],
        "L_Ankle": [
            0.2517266680984691,
            0.9337339060944384
        ],
        "L_Foot": [
            0.2593391531470884,
            0.9449548092938737
        ],
        "R_Hip": [
            0.2012932537057063,
            0.8619359989903611
        ],
        "R_Knee": [
            0.20903396283813938,
            0.9179137390594154
        ],
        "R_Ankle": [
            0.2187868214145731,
            0.9470391819171392
        ],
        "R_Foot": [
            0.7788933450376473,
            0.9561074498550038
        ],
        "Spine1": [
            0.20706296193242807,
            0.8106735757943129
        ],
        "Spine2": [
            0.2038728650914136,
            0.7859940086055771
        ],
        "Spine3": [
            0.2012063119122359,
            0.7638185177107938
        ],
        "Neck": [
            0.18037858104997254,
            0.593309974334617
        ],
        "Head": [
            0.18750253817753174,
            0.527409311420004
        ],
        "L_Collar": [
            0.22539168937705828,
            0.6680818419542779
        ],
        "L_Shoulder": [
            0.2592830134073231,
            0.6071460667863647
        ],
        "L_Elbow": [
            0.3396968240727887,
            0.36595793412845384
        ],
        "L_Wrist": [
            0.3195740818810324,
            0.16669990014206784
        ],
        "L_Hand": [
            0.3158434957441578,
            0.15729821177118314
        ],
        "R_Collar": [
            0.1544776951261229,
            0.6770317714263759
        ],
        "R_Shoulder": [
            0.11288794312890359,
            0.6180117894986091
        ],
        "R_Elbow": [
            0.024620695767732192,
            0.4143396874840503
        ],
        "R_Wrist": [
            0.9039629327913354,
            0.17118716335963438
        ],
        "R_Hand": [
            0.8885834500684884,
            0.13866328872798964
        ]
    }
}