{
    "joints3D": {
        "Pelvis": [
            0.560915019750971,
            0.056986549257887334,
            -1.6526456454963332
        ],
        "L_Hip": [
            0.7771576579704476,
            -0.06643951440295834,
            -1.8389581356006002
        ],
        "L_Knee": [
            0.9064913022904841,
            -0.857639134415071,
            -2.5212436863317995
        ],
        "L_Ankle": [
            0.9102022989136156,
            -1.5696876553367491,
            -3.396090905443011
        ],
        "L_Foot": [
            0.9325113177338916,
            -1.9431131945796567,
            -3.3290597843373937
        ],
        "R_Hip": [
            0.44088424077561,
            0.018620826486589002,
            -1.9317574614042088
        ],
        "R_Knee": [
            0.6324067080500185,
            -0.298773610029532,
            -2.9423022472295686
        ],
        "R_Ankle": [
            1.077195219831482,
            -0.23667664660728882,
            -3.9788474560806444
        ],
        "R_Foot": [
            0.9134727070290631,
            -0.5585514033281196,
            -4.1096599264524425
        ],
        "Spine1": [
            0.5293186730156235,
            0.2507925419218625,
            -1.3942457451796768
        ],
        "Spine2": [
            0.43824279744614547,
            0.3033548030814767,
            -1.0186284246526902
        ],
        "Spine3": [
            0.3857889168839882,
            0.25895503220072286,
            -0.8667054454051561
        ],
        "Neck": [
            0.18775160939148502,
            0.41880410796611467,
            -0.3209109342304248
        ],
        "Head": [
            0.1453455777899553,
            0.3662463233527558,
            -0.09767987534000928
        ],
        "L_Collar": [
            0.49089336500476194,
            0.3815502498802762,
            -0.4826644692774134
        ],
        "L_Shoulder": [
            0.763214601504569,
            0.430620664441289,
            -0.4769528780362855
        ],
        "L_Elbow": [
            1.137654449846996,
            0.38901363612375284,
            -1.1045917632113258
        ],
        "L_Wrist": [
            1.4514636345191059,
            0.01980562575358444,
            -1.622637288303944
        ],
        "L_Hand": [
            1.5695810211945578,
            -0.02408277499573414,
            -1.8338698883698878
        ],
        "R_Collar": [
            0.05889422542978649,
            0.3879933047646968,
            -0.6421221383213352
        ],
        "R_Shoulder": [
            -0.17152583552252748,
            0.346252261098277,
            -0.8221228186506784
        ],
        "R_Elbow": [
            -0.1656824170201475,
            0.09452203329239654,
            -1.4893086376010387
        ],
        "R_Wrist": [
            -0.16852642908621854,
            -0.25058007660541787,
            -2.1236467244327817
        ],
        "R_Hand": [
            -0.1667558847825131,
            -0.331912217283758,
            -2.3536340860374043
        ]
    },
    "joints2D": {
        "Pelvis": [
            0.32225060181264004,
            0.9310384563364515
        ],
        "L_Hip": [
            0.6622358846718568,
            0.919058336281884
        ],
        "L_Knee": [
            0.686494492736532,
            0.8580990040803291
        ],
        "L_Ankle": [
            0.7057303996780457,
            0.8377735988272975
        ],
        "L_Foot": [
            0.7073984140079244,
            0.8111584897641096
        ],
        "R_Hip": [
            0.3002835092220529,
            0.9498286757251874
        ],
        "R_Knee": [
            0.7050745627880586,
            0.9279608617997842
        ],
        "R_Ankle": [
            0.6923605412625121,
            0.9331268311449178
        ],
        "R_Foot": [
            0.7045192662700737,
            0.9187382787519051
        ],
        "Spine1": [
            0.3236112998524055,
            0.8922303125160844
        ],
        "Spine2": [
            0.32673670501641083,
            0.8603242624055999
        ],
        "Spine3": [
            0.32903055483601734,
            0.8584842819469669
        ],
        "Neck": [
            0.30562846462771864,
            0.6920910889407079
        ],
        "Head": [
            0.306189879438326,
            0.5746339492222806
        ],
        "L_Collar": [
            0.3654735175879403,
            0.7270300944759837
        ],
        "L_Shoulder": [
            0.3949128099645208,
            0.6801004306845193
        ],
        "L_Elbow": [
            0.39300985687678297,
            0.7776283920953031
        ],
        "L_Wrist": [
            0.4034031023059321,
            0.8433088655022651
        ],
        "L_Hand": [
            0.6004931526634587,
            0.8498197160429553
        ],
        "R_Collar": [
            0.2631311879989169,
            0.8132482235302781
        ],
        "R_Shoulder": [
            0.21180756692867989,
            0.8503705961258647
        ],
        "R_Elbow": [
            0.22376161615964169,
            0.9445664567454758
        ],
        "R_Wrist": [
            0.7685921127069986,
            0.9316084278292082
        ],
        "R_Hand": [
            0.7665409087356005,
            0.9258536814495791
        ]
    }
}