{
    "joints3D": {
        "Pelvis": [
            0.4268061215807798,
            0.4149708693011452,
            -1.8738814898223826
        ],
        "L_Hip": [
            0.7113578259771959,
            0.49565576100514896,
            -2.1152344963179397
        ],
        "L_Knee": [
            1.0607248877171298,
            0.6059850477157158,
            -3.2544248664922066
        ],
        "L_Ankle": [
            1.2961509149910273,
            0.7349153436413325,
            -4.513353848696249
        ],
        "L_Foot": [
            1.5129923478126632,
            0.4224442524953462,
            -4.674527154892809
        ],
        "R_Hip": [
            0.27388329594621574,
            0.38844827887646804,
            -2.211847290612548
        ],
        "R_Knee": [
            0.4431372274055628,
            0.4565949581675142,
            -3.418592492057118
        ],
        "R_Ankle": [
            0.6813305587116842,
            0.612394512642586,
            -4.672814686847997
        ],
        "R_Foot": [
            0.7062405861706528,
            0.2310703241399681,
            -4.843099269599835
        ],
        "Spine1": [
            0.32753771863221137,
            0.4863104282637145,
            -1.540523487926636
        ],
        "Spine2": [
            0.24102471123978866,
            0.46562274440647794,
            -1.110105410281214
        ],
        "Spine3": [
            0.22055289817795382,
            0.37283408989956174,
            -0.9410136891744477
        ],
        "Neck": [
            0.03697326371238234,
            0.49045569747164286,
            -0.2533815696872182
        ],
        "Head": [
            0.03012343059110485,
            0.33794761539941104,
            -0.03798394596683078
        ],
        "L_Collar": [
            0.33969814153002803,
            0.5033199970631413,
            -0.5162999082453451
        ],
        "L_Shoulder": [
            0.5822623825396671,
            0.5351980080021318,
            -0.3930396213462639
        ],
        "L_Elbow": [
            0.8270940688913382,
            0.6640099009941324,
            -1.1525992316043632
        ],
        "L_Wrist": [
            1.2335750062367652,
            0.44066909700680007,
            -1.7537989176870707
        ],
        "L_Hand": [
            1.3774958968006654,
            0.46268729321025864,
            -1.9641711841730145
        ],
        "R_Collar": [
            -0.10512035962177335,
            0.44241010340823644,
            -0.6214616693151414
        ],
        "R_Shoulder": [
            -0.38197107180671963,
            0.37227990417719686,
            -0.6021126635236865
        ],
        "R_Elbow": [
            -0.3637607256136677,
            0.5077618985326272,
            -1.3855824588748669
        ],
        "R_Wrist": [
            -0.39213851752811396,
            0.1230011086267288,
            -2.0663301685220583
        ],
        "R_Hand": [
            -0.39021986506441897,
            0.05296313828178795,
            -2.311968511313094
        ]
    },
    "joints2D": {
        "Pelvis": [
            0.29417106585547936,
            0.8970771430815488
        ],
        "L_Hip": [
            0.3137373546808921,
            0.884411016397922
        ],
        "L_Knee": [
            0.3137391190707467,
            0.8967376407059359
        ],
        "L_Ankle": [
            0.30736540465061407,
            0.9062514117067546
        ],
        "L_Foot": [
            0.3170057478961316,
            0.9197189128285792
        ],
        "R_Hip": [
            0.2745000312451916,
            0.9149463061404176
        ],
        "R_Knee": [
            0.2763952153292371,
            0.9254989978343555
        ],
        "R_Ankle": [
            0.2798440819281245,
            0.9252827783148441
        ],
        "R_Foot": [
            0.28141301118536693,
            0.9467516212569957
        ],
        "Spine1": [
            0.2888079410572633,
            0.8751178549097591
        ],
        "Spine2": [
            0.2869677432228103,
            0.8503284597462032
        ],
        "Spine3": [
            0.290531393693633,
            0.8547401423830085
        ],
        "Neck": [
            0.2594433228868585,
            0.6453372913713304
        ],
        "Head": [
            0.2623989572120232,
            0.5319778563995035
        ],
        "L_Collar": [
            0.32422806251835057,
            0.7270479888194947
        ],
        "L_Shoulder": [
            0.3666705010314897,
            0.6566270972405239
        ],
        "L_Elbow": [
            0.3499128121369175,
            0.7795369893069999
        ],
        "L_Wrist": [
            0.36736538992248297,
            0.8348675495893984
        ],
        "L_Hand": [
            0.36807597987374563,
            0.8378863790646498
        ],
        "R_Collar": [
            0.22391722218596952,
            0.7896155007800426
        ],
        "R_Shoulder": [
            0.1589347280872778,
            0.780097039182999
        ],
        "R_Elbow": [
            0.20104825300064463,
            0.8598511460204948
        ],
        "R_Wrist": [
            0.2065737222182874,
            0.9406234700779478
        ],
        "R_Hand": [
            0.21030371295530614,
            0.9515665241721836
        ]
    }
}