{
    "joints3D": {
        "Pelvis": [
            1.1250451101118866,
            -0.02653942559313271,
            -1.4064468015795426
        ],
        "L_Hip": [
            1.109163098433936,
            -0.2806536453417762,
            -1.6835477771174645
        ],
        "L_Knee": [
            0.00581979960371618,
            -0.30903015673484086,
            -2.0998767920993737
        ],
        "L_Ankle": [
            0.14584095488079735,
            -0.4468049180634009,
            -3.353480124987861
        ],
        "L_Foot": [
            -0.24312614106733957,
            -0.4505981478706778,
            -3.4739027994182377
        ],
        "R_Hip": [
            1.1897227523193443,
            0.1653390361927828,
            -1.7120594867232934
        ],
        "R_Knee": [
            0.6740324967602797,
            0.9673051005607249,
            -2.445769180979681
        ],
        "R_Ankle": [
            1.31636626942295,
            0.6248862626030781,
            -3.483785903763718
        ],
        "R_Foot": [
            1.1978084432444582,
            0.9672200061813666,
            -3.6808372167303594
        ],
        "Spine1": [
            1.1985902273204554,
            -0.010188522118498237,
            -1.0646415713062556
        ],
        "Spine2": [
            0.9190965062563858,
            0.04938469452252354,
            -0.7389952379935607
        ],
        "Spine3": [
            0.7496545410696748,
            0.013025502811017527,
            -0.6582194394563364
        ],
        "Neck": [
            0.4886198114692601,
            0.005100684783945721,
            0.003189282575786138
        ],
        "Head": [
            0.3805278957836783,
            -0.18995408443032422,
            0.13735718489240117
        ],
        "L_Collar": [
            0.7114733665785115,
            -0.19338798350777678,
            -0.256277144740578
        ],
        "L_Shoulder": [
            0.8382780373233346,
            -0.42686769923940565,
            -0.20797702880284116
        ],
        "L_Elbow": [
            1.4180889611647323,
            -0.8635894261734296,
            -0.5367412579584455
        ],
        "L_Wrist": [
            1.585206108481405,
            -1.5727507883212657,
            -0.7082405193997794
        ],
        "L_Hand": [
            1.692339439269012,
            -1.8010626221867936,
            -0.7077559085520821
        ],
        "R_Collar": [
            0.5626805874747517,
            0.23315779860199531,
            -0.3066829769489916
        ],
        "R_Shoulder": [
            0.40443604874867817,
            0.4640251949178822,
            -0.3424797428633363
        ],
        "R_Elbow": [
            0.7600266095467384,
            0.9716104161866408,
            -0.8226292138143017
        ],
        "R_Wrist": [
            0.7085289039228753,
            0.8312906059989937,
            -1.5793413315750857
        ],
        "R_Hand": [
            0.7102627429710181,
            0.7965114817960974,
            -1.8287209238760844
        ]
    },
    "joints2D": {
        "Pelvis": [
            0.6068201385291999,
            0.8586650804621611
        ],
        "L_Hip": [
            0.6330668525782503,
            0.8563821311002802
        ],
        "L_Knee": [
            0.7507656761066803,
            0.9252244849239155
        ],
        "L_Ankle": [
            0.7419819539516879,
            0.9285019044747543
        ],
        "L_Foot": [
            0.7664598990975438,
            0.9288290700769832
        ],
        "R_Hip": [
            0.37583106143547446,
            0.8633450880614157
        ],
        "R_Knee": [
            0.2975591672715508,
            0.852285674907711
        ],
        "R_Ankle": [
            0.32331934487586284,
            0.8925560382196652
        ],
        "R_Foot": [
            0.3107281030150776,
            0.8788651572090854
        ],
        "Spine1": [
            0.5775365665755519,
            0.806075823273492
        ],
        "Spine2": [
            0.42618360108579484,
            0.7827867117766381
        ],
        "Spine3": [
            0.422683733872467,
            0.8029116794936926
        ],
        "Neck": [
            0.4805906889823042,
            0.49425468345187357
        ],
        "Head": [
            0.5881366318440983,
            0.3794477616559478
        ],
        "L_Collar": [
            0.563298901069146,
            0.6327632309092727
        ],
        "L_Shoulder": [
            0.5857259414502669,
            0.5794696792321475
        ],
        "L_Elbow": [
            0.5997078369134393,
            0.6120811508450137
        ],
        "L_Wrist": [
            0.6330870588769537,
            0.6029657309240782
        ],
        "L_Hand": [
            0.6375177184196077,
            0.5925018329270438
        ],
        "R_Collar": [
            0.41219188479081065,
            0.6755655635674184
        ],
        "R_Shoulder": [
            0.34945801734362936,
            0.6680274374514362
        ],
        "R_Elbow": [
            0.3387625731948006,
            0.6923715374470997
        ],
        "R_Wrist": [
            0.31915835016107935,
            0.8116536510534883
        ],
        "R_Hand": [
            0.3142096649794474,
            0.8349216985055243
        ]
    }
}