{
    "joints2D": {
        "Pelvis": [
            0.6992665139841518,
            0.8490904226192073
        ],
        "L_Hip": [
            0.6932671957160778,
            0.8123375414764308
        ],
        "L_Knee": [
            0.7099216485435889,
            0.7671341259923787
        ],
        "L_Ankle": [
            0.7125691644984384,
            0.7583254838753285
        ],
        "L_Foot": [
            0.7209331754807611,
            0.739901416113464
        ],
        "R_Hip": [
            0.7211597435029042,
            0.8713968024307429
        ],
        "R_Knee": [
            0.743300402187923,
            0.8716824657267628
        ],
        "R_Ankle": [
            0.7213138823903733,
            0.8786241511495672
        ],
        "R_Foot": [
            0.739269672483319,
            0.877868264573571
        ],
        "Spine1": [
            0.6774946403050124,
            0.86575969444796
        ],
        "Spine2": [
            0.6465827479817505,
            0.8780891667930174
        ],
        "Spine3": [
            0.6426986444574012,
            0.880138830215875
        ],
        "Neck": [
            0.37512534967297606,
            0.6330913859984504
        ],
        "Head": [
            0.38137993578468476,
            0.5183297860033993
        ],
        "L_Collar": [
            0.4422442452556153,
            0.7129769636686014
        ],
        "L_Shoulder": [
            0.47464221607991697,
            0.5464886025370508
        ],
        "L_Elbow": [
            0.5800327760428086,
            0.3326100251541693
        ],
        "L_Wrist": [
            0.6461127447906392,
            0.22619132819546134
        ],
        "L_Hand": [
            0.6636986219914545,
            0.2169083600724121
        ],
        "R_Collar": [
            0.32850214345101086,
            0.7939854923363269
        ],
        "R_Shoulder": [
            0.2833806730831548,
            0.7263299385689613
        ],
        "R_Elbow": [
            0.17690283419754935,
            0.6785465541894837
        ],
        "R_Wrist": [
            0.19639038230657352,
            0.47331953368745344
        ],
        "R_Hand": [
            0.21378553628430239,
            0.39432768250242534
        ]
    },
    "joints3D": {
        "Pelvis": [
            0.457859464657114,
            -0.6235526744619576,
            -1.546091296115843
        ],
        "L_Hip": [
            0.6262579404001384,
            -0.938065762891692,
            -1.698231699415934
        ],
        "L_Knee": [
            0.7374549209159889,
            -1.9471489848970611,
            -2.4012730543471483
        ],
        "L_Ankle": [
            0.9814215959050421,
            -2.857402717278198,
            -3.302348694846324
        ],
        "L_Foot": [
            0.8266625551774803,
            -3.2642911440992926,
            -3.2959811721241623
        ],
        "R_Hip": [
            0.305802720035001,
            -0.6484434466232584,
            -1.894190524929507
        ],
        "R_Knee": [
            0.13175183464043191,
            -1.0872054270648348,
            -3.0606894792177974
        ],
        "R_Ankle": [
            0.6660222389174492,
            -1.325186580358908,
            -4.22671869657294
        ],
        "R_Foot": [
            0.27852130802860153,
            -1.442583464224076,
            -4.384192718115247
        ],
        "Spine1": [
            0.521041548636764,
            -0.3733212128288132,
            -1.2996299112956984
        ],
        "Spine2": [
            0.5188085867752792,
            -0.13082235249951427,
            -0.9428008843341724
        ],
        "Spine3": [
            0.4395335329181402,
            -0.08933895497960834,
            -0.7743330957153503
        ],
        "Neck": [
            0.4966702958589845,
            0.42264364114549485,
            -0.2666430593274816
        ],
        "Head": [
            0.39232990407927637,
            0.3398293520500899,
            -0.031104121554153114
        ],
        "L_Collar": [
            0.6604771585174802,
            0.06725380015954747,
            -0.36792105019893995
        ],
        "L_Shoulder": [
            0.7787711835484751,
            0.035647918444089856,
            -0.08477888378382094
        ],
        "L_Elbow": [
            1.1346040581410557,
            -0.4193359521880348,
            0.5452712058302158
        ],
        "L_Wrist": [
            0.9713019160385689,
            -0.7697084621177327,
            1.2509340170131886
        ],
        "L_Hand": [
            0.9154494295778292,
            -0.9339281315259869,
            1.4639985757020364
        ],
        "R_Collar": [
            0.342389675050101,
            0.3706616017768696,
            -0.6360314082406588
        ],
        "R_Shoulder": [
            0.18286553770392414,
            0.6492476672598747,
            -0.6028443328380833
        ],
        "R_Elbow": [
            -0.5682521742002,
            0.9951929619644161,
            -0.7179107033869401
        ],
        "R_Wrist": [
            -0.3368646284370365,
            0.9619553994053952,
            0.07724564508615295
        ],
        "R_Hand": [
            -0.21548857140007135,
            0.9091751294017657,
            0.3182487604855753
        ]
    }
}