{
    "joints3D": {
        "Pelvis": [
            -0.03191388710779726,
            0.4050639058951264,
            -1.7888170346217342
        ],
        "L_Hip": [
            0.07966440166837094,
            0.29537690416036466,
            -2.076475275985576
        ],
        "L_Knee": [
            0.05703783530227174,
            -0.32396799746825744,
            -2.9955544452855345
        ],
        "L_Ankle": [
            -0.0012403136656978298,
            -0.46742891555388366,
            -4.173193641194303
        ],
        "L_Foot": [
            -0.00415095106750082,
            -0.8558955276790159,
            -4.269299782186023
        ],
        "R_Hip": [
            -0.24829362337203212,
            0.4741086462872631,
            -2.0177236783838266
        ],
        "R_Knee": [
            -0.7710484932095566,
            0.35264729959607893,
            -3.016044764405136
        ],
        "R_Ankle": [
            -0.8466498566985369,
            0.6306348907499507,
            -4.170151123891342
        ],
        "R_Foot": [
            -1.148313367309263,
            0.3644760960071231,
            -4.2117229493521515
        ],
        "Spine1": [
            0.07733863123004926,
            0.5262506067206663,
            -1.4885392458895719
        ],
        "Spine2": [
            0.13954591979848827,
            0.4852933893711068,
            -1.0846195392330606
        ],
        "Spine3": [
            0.11813633076039189,
            0.41919097222334983,
            -0.923373478195582
        ],
        "Neck": [
            0.23263398956926004,
            0.5250774907157768,
            -0.3087220552098958
        ],
        "Head": [
            0.24457739614604912,
            0.37242440189487636,
            -0.11671986367967467
        ],
        "L_Collar": [
            0.40091557593801885,
            0.3698847150276837,
            -0.5916332331336491
        ],
        "L_Shoulder": [
            0.5151784868317856,
            0.10199133706814147,
            -0.5811431265799989
        ],
        "L_Elbow": [
            0.026152218785402987,
            -0.35167440260445687,
            -0.9674154888221884
        ],
        "L_Wrist": [
            -0.2719491446713903,
            -0.4456476995655916,
            -0.2890296105492039
        ],
        "L_Hand": [
            -0.3714600869259936,
            -0.5775778245815,
            -0.08960336691686623
        ],
        "R_Collar": [
            0.0062372915265911195,
            0.6506015373785591,
            -0.5672823143365638
        ],
        "R_Shoulder": [
            -0.29451314259584344,
            0.6824524253582243,
            -0.49474642400447355
        ],
        "R_Elbow": [
            -0.6715707587325973,
            0.3299433470594168,
            -1.0401179042162003
        ],
        "R_Wrist": [
            -0.7272329972520987,
            -0.38185126770028444,
            -0.7784426456290015
        ],
        "R_Hand": [
            -0.8109271659082552,
            -0.595504274976732,
            -0.662967259798472
        ]
    },
    "joints2D": {
        "Pelvis": [
            0.2450084100694967,
            0.9045399978131153
        ],
        "L_Hip": [
            0.25686954856874206,
            0.926225658079948
        ],
        "L_Knee": [
            0.7471877371708568,
            0.9353894601775592
        ],
        "L_Ankle": [
            0.7514236608166247,
            0.9344497845204937
        ],
        "L_Foot": [
            0.7515599755969754,
            0.9113199753258481
        ],
        "R_Hip": [
            0.2238744112701172,
            0.8998120488336837
        ],
        "R_Knee": [
            0.19454325784472887,
            0.9205040567813241
        ],
        "R_Ankle": [
            0.20609501643680944,
            0.916403804892123
        ],
        "R_Foot": [
            0.19015742164395935,
            0.9262907835778608
        ],
        "Spine1": [
            0.2583751335369214,
            0.8719772866413914
        ],
        "Spine2": [
            0.2711730941516318,
            0.8475389187388308
        ],
        "Spine3": [
            0.27095081244476615,
            0.8460323617260839
        ],
        "Neck": [
            0.3080339722487411,
            0.6549193025658773
        ],
        "Head": [
            0.33693067008739475,
            0.5815514160005897
        ],
        "L_Collar": [
            0.34287258223514133,
            0.7753977977518468
        ],
        "L_Shoulder": [
            0.3919586659135723,
            0.8206187018066551
        ],
        "L_Elbow": [
            0.7463236908109513,
            0.8697895619039373
        ],
        "L_Wrist": [
            0.8288527503536228,
            0.6620051451632937
        ],
        "L_Hand": [
            0.8397203466162071,
            0.5399116916651382
        ],
        "R_Collar": [
            0.24986692129191598,
            0.7202225862706326
        ],
        "R_Shoulder": [
            0.19290943072527078,
            0.6845282095866573
        ],
        "R_Elbow": [
            0.14096406968695782,
            0.8308201196457163
        ],
        "R_Wrist": [
            0.8789702819981782,
            0.7704778604607787
        ],
        "R_Hand": [
            0.876981975292437,
            0.7026872984663358
        ]
    }
}