{
    "joints3D": {
        "Pelvis": [
            0.09974190310747445,
            1.3364143588429909,
            -1.791985775212614
        ],
        "L_Hip": [
            0.3212953210481003,
            1.4428013251369907,
            -2.0407786702706527
        ],
        "L_Knee": [
            0.6326244476833328,
            1.1427279138898827,
            -3.201955031116346
        ],
        "L_Ankle": [
            0.5229705897268014,
            1.9645263377969613,
            -4.101532437270861
        ],
        "L_Foot": [
            0.748221331359377,
            1.7124789111224474,
            -4.3765225288391365
        ],
        "R_Hip": [
            -0.06866577565129028,
            1.4104304171114834,
            -2.080598636180677
        ],
        "R_Knee": [
            0.014597023732204634,
            1.0771592896516125,
            -3.26303701123212
        ],
        "R_Ankle": [
            0.22207047548431935,
            1.9343371093902424,
            -4.095395122146531
        ],
        "R_Foot": [
            0.10602790695606432,
            1.6360788892473683,
            -4.384856671213167
        ],
        "Spine1": [
            0.05077229805065398,
            1.3266464511264304,
            -1.4375042827607267
        ],
        "Spine2": [
            0.06440251963778414,
            1.0157957108695175,
            -1.0701353121595507
        ],
        "Spine3": [
            0.06488776978636039,
            0.8853168583782229,
            -0.9265557575755108
        ],
        "Neck": [
            0.010698037342006127,
            0.6611442283374007,
            -0.2861538955500883
        ],
        "Head": [
            0.028948513177153107,
            0.4721459225554765,
            -0.04953378527610358
        ],
        "L_Collar": [
            0.2551374118906184,
            0.8217358873336277,
            -0.5247925657073813
        ],
        "L_Shoulder": [
            0.5343070661818172,
            0.7278209964495439,
            -0.5199021425483993
        ],
        "L_Elbow": [
            1.0214747049668913,
            0.4153782033666685,
            -1.0232653863627754
        ],
        "L_Wrist": [
            1.3549119304073824,
            -0.23375224428980154,
            -1.2362984065544913
        ],
        "L_Hand": [
            1.440655936717261,
            -0.4639380104390431,
            -1.357254763988369
        ],
        "R_Collar": [
            -0.2025702412050585,
            0.8005570273100697,
            -0.573260724353147
        ],
        "R_Shoulder": [
            -0.45610589631866183,
            0.6131260805599656,
            -0.5968907129995208
        ],
        "R_Elbow": [
            -0.6734313238239975,
            0.09177319732918593,
            -1.075191675511331
        ],
        "R_Wrist": [
            -0.7994363130063777,
            -0.6817255458790624,
            -1.0357891109864246
        ],
        "R_Hand": [
            -0.8207178929020545,
            -0.9513944009383686,
            -1.042822450555925
        ]
    },
    "joints2D": {
        "Pelvis": [
            0.2566468346003136,
            0.7849409727040854
        ],
        "L_Hip": [
            0.27175123789639666,
            0.790858371351931
        ],
        "L_Knee": [
            0.2850741514599155,
            0.8660838415144035
        ],
        "L_Ankle": [
            0.2705069409092161,
            0.8402564560967728
        ],
        "L_Foot": [
            0.2795776640962306,
            0.859190695847297
        ],
        "R_Hip": [
            0.24367042151796803,
            0.7985218195927707
        ],
        "R_Knee": [
            0.24949330998806998,
            0.8781994296720795
        ],
        "R_Ankle": [
            0.2580237879085765,
            0.8433437167697014
        ],
        "R_Foot": [
            0.25311664984753107,
            0.8674445619726672
        ],
        "Spine1": [
            0.25316547007295653,
            0.7534659155574341
        ],
        "Spine2": [
            0.25621756125539397,
            0.749062200437726
        ],
        "Spine3": [
            0.2574201684633513,
            0.7479957128135494
        ],
        "Neck": [
            0.251014888803815,
            0.6242611220032136
        ],
        "Head": [
            0.2581217209698455,
            0.5297264802277991
        ],
        "L_Collar": [
            0.29062869662151114,
            0.6700104823178561
        ],
        "L_Shoulder": [
            0.33739107353400466,
            0.6699967578095587
        ],
        "L_Elbow": [
            0.387014067116475,
            0.7745132789571063
        ],
        "L_Wrist": [
            0.5913877915475293,
            0.789215640505608
        ],
        "L_Hand": [
            0.6038718303234498,
            0.7751799823728871
        ],
        "R_Collar": [
            0.21498780448748522,
            0.6877570791034584
        ],
        "R_Shoulder": [
            0.16524369739060715,
            0.7155619928515173
        ],
        "R_Elbow": [
            0.12984420595963284,
            0.8766224069592339
        ],
        "R_Wrist": [
            0.8537505195659716,
            0.76261040163794
        ],
        "R_Hand": [
            0.8421186831612828,
            0.7279259354836287
        ]
    }
}