{
    "joints3D": {
        "Pelvis": [
            -0.4185662236940107,
            0.2923075151391126,
            -1.4418386247973989
        ],
        "L_Hip": [
            -0.31654048906759014,
            0.3267814199802801,
            -1.7491102575715327
        ],
        "L_Knee": [
            -0.318340229430763,
            0.2993899494529053,
            -2.866889440053309
        ],
        "L_Ankle": [
            -0.5780522251077509,
            0.32145849813692723,
            -4.0267571633359
        ],
        "L_Foot": [
            -0.33808233014532674,
            0.0587628480117084,
            -4.191353485780862
        ],
        "R_Hip": [
            -0.6638148001062449,
            0.2195027456400131,
            -1.6360234162899943
        ],
        "R_Knee": [
            -1.1969017476788322,
            -0.15270511168002754,
            -2.5720785359474942
        ],
        "R_Ankle": [
            -1.6032205019783268,
            -0.20569540112303464,
            -3.688395768903492
        ],
        "R_Foot": [
            -1.6186018373898468,
            -0.6006786965966647,
            -3.7226235942719255
        ],
        "Spine1": [
            -0.36563792224428143,
            0.4156125704056799,
            -1.1383471381706831
        ],
        "Spine2": [
            -0.2429963494192918,
            0.43676593967425686,
            -0.7678818687984362
        ],
        "Spine3": [
            -0.19382230834252623,
            0.39781682066079693,
            -0.6119578981034847
        ],
        "Neck": [
            -0.08639028445208378,
            0.5565522992307801,
            -0.050065382122015514
        ],
        "Head": [
            -0.004894448487659684,
            0.41587550238181437,
            0.11917561577943403
        ],
        "L_Collar": [
            0.07066470733648321,
            0.5700314623353804,
            -0.34516248042019704
        ],
        "L_Shoulder": [
            0.3185829548643584,
            0.6480066169162829,
            -0.4061553734972949
        ],
        "L_Elbow": [
            0.32411518521148647,
            0.7562789510724469,
            -1.1542112906027084
        ],
        "L_Wrist": [
            0.4184130078938622,
            0.35078261540044814,
            -1.75486060334729
        ],
        "L_Hand": [
            0.39043233763220714,
            0.26098774458826973,
            -1.9862012346453224
        ],
        "R_Collar": [
            -0.35469605888245676,
            0.48164561719214727,
            -0.24087013552870074
        ],
        "R_Shoulder": [
            -0.6188593994961512,
            0.42484617842279265,
            -0.1389452484226304
        ],
        "R_Elbow": [
            -1.083825606399453,
            0.21532661710499681,
            -0.6698089001619593
        ],
        "R_Wrist": [
            -0.8676221035405847,
            -0.5015839189078413,
            -0.5974198051698164
        ],
        "R_Hand": [
            -0.7510491192478789,
            -0.722054253396952,
            -0.5917690517218482
        ]
    },
    "joints2D": {
        "Pelvis": [
            0.1907170260204056,
            0.8963471154726944
        ],
        "L_Hip": [
            0.21139024480183927,
            0.9089595511886607
        ],
        "L_Knee": [
            0.22439882359894606,
            0.9339255814291735
        ],
        "L_Ankle": [
            0.21696490089411796,
            0.9386032332885627
        ],
        "L_Foot": [
            0.23002943559385605,
            0.958761449931251
        ],
        "R_Hip": [
            0.16706670319926842,
            0.8993765590932534
        ],
        "R_Knee": [
            0.8468094679609266,
            0.9075199287949316
        ],
        "R_Ankle": [
            0.8416869662078276,
            0.9129040538040762
        ],
        "R_Foot": [
            0.8366355731591915,
            0.8895393192964325
        ],
        "Spine1": [
            0.1910639386365129,
            0.8557959110280681
        ],
        "Spine2": [
            0.198805492717498,
            0.8122504364777187
        ],
        "Spine3": [
            0.20132183574481663,
            0.7960874551893515
        ],
        "Neck": [
            0.22477189840705947,
            0.5249484726762902
        ],
        "Head": [
            0.24686004975698025,
            0.41053857072724026
        ],
        "L_Collar": [
            0.26590852378856034,
            0.6659664260287951
        ],
        "L_Shoulder": [
            0.3131948860039281,
            0.661878885224541
        ],
        "L_Elbow": [
            0.290692421026196,
            0.796780292649933
        ],
        "L_Wrist": [
            0.2968369114116168,
            0.9015557574506591
        ],
        "L_Hand": [
            0.29037334075986193,
            0.9218797245417839
        ],
        "R_Collar": [
            0.15511072602781603,
            0.6243137527517773
        ],
        "R_Shoulder": [
            0.10083274057115311,
            0.5636540579445853
        ],
        "R_Elbow": [
            0.06905237493833127,
            0.7192560748673003
        ],
        "R_Wrist": [
            0.8936453679387015,
            0.6932316876524737
        ],
        "R_Hand": [
            0.8637136625198433,
            0.6743367866330511
        ]
    }
}