{
    "joints2D": {
        "Pelvis": [
            0.22220365820608143,
            0.9001945076809317
        ],
        "L_Hip": [
            0.24468477903174551,
            0.9084666134708737
        ],
        "L_Knee": [
            0.24761581451962272,
            0.9467067386093142
        ],
        "L_Ankle": [
            0.23089551342496725,
            0.8849702399737606
        ],
        "L_Foot": [
            0.23241682927201898,
            0.8947940608659547
        ],
        "R_Hip": [
            0.19955336790219932,
            0.9079061954917447
        ],
        "R_Knee": [
            0.19971631252022473,
            0.9494306673239512
        ],
        "R_Ankle": [
            0.21365982596828162,
            0.9424998328491259
        ],
        "R_Foot": [
            0.7887065223152505,
            0.9509362717627883
        ],
        "Spine1": [
            0.22087607820007732,
            0.8657693119782632
        ],
        "Spine2": [
            0.2210531522724161,
            0.8229264793463114
        ],
        "Spine3": [
            0.22067662217717182,
            0.8261840721535344
        ],
        "Neck": [
            0.21547150861186298,
            0.5659552197436283
        ],
        "Head": [
            0.2216690142366018,
            0.4441527143946065
        ],
        "L_Collar": [
            0.2692987713279679,
            0.7075615714196629
        ],
        "L_Shoulder": [
            0.3166348200087414,
            0.6931127023784525
        ],
        "L_Elbow": [
            0.2884376185420768,
            0.825980494448162
        ],
        "L_Wrist": [
            0.2999617541381476,
            0.9113287184243327
        ],
        "L_Hand": [
            0.3035503617642856,
            0.9234357456586615
        ],
        "R_Collar": [
            0.16834326005124128,
            0.6939060985306853
        ],
        "R_Shoulder": [
            0.12491050107973525,
            0.6780074411554347
        ],
        "R_Elbow": [
            0.15801273487590395,
            0.8054662300212719
        ],
        "R_Wrist": [
            0.1537634171200215,
            0.868187572355572
        ],
        "R_Hand": [
            0.15159062779624793,
            0.874149544754628
        ]
    },
    "joints3D": {
        "Pelvis": [
            -0.22984825289069108,
            0.40647922442544887,
            -1.7514531277504608
        ],
        "L_Hip": [
            -0.039931480496757384,
            0.4382772636981021,
            -2.0749502095345655
        ],
        "L_Knee": [
            -0.014753061342553166,
            0.21145979609183335,
            -3.2327876762347336
        ],
        "L_Ankle": [
            -0.3635312051880811,
            1.183506883177586,
            -3.9709853578151644
        ],
        "L_Foot": [
            -0.3572021652602875,
            1.138902443867194,
            -4.375856561384923
        ],
        "R_Hip": [
            -0.4811736379302166,
            0.3499979130000313,
            -2.0125234363587965
        ],
        "R_Knee": [
            -0.6839171787082329,
            0.04964139885914295,
            -3.1602644483326787
        ],
        "R_Ankle": [
            -0.6928684865877254,
            0.2707282738210453,
            -4.409147334413234
        ],
        "R_Foot": [
            -0.7458612744602029,
            -0.1202121209838321,
            -4.52988472865157
        ],
        "Spine1": [
            -0.21420055584556122,
            0.5223186014352532,
            -1.4213832843431267
        ],
        "Spine2": [
            -0.1679200368479736,
            0.5454360068893596,
            -0.9910437388032772
        ],
        "Spine3": [
            -0.14124778488967013,
            0.44471908448462305,
            -0.8306299152068954
        ],
        "Neck": [
            -0.12790549088632297,
            0.5803242416911418,
            -0.13240364964041088
        ],
        "Head": [
            -0.0765018192092001,
            0.43204900753951,
            0.07534646764627309
        ],
        "L_Collar": [
            0.09076763745475698,
            0.5714384247729649,
            -0.46197640473644175
        ],
        "L_Shoulder": [
            0.34978566312163956,
            0.6358888029159098,
            -0.5037139094234695
        ],
        "L_Elbow": [
            0.3145430622336922,
            0.678621038885505,
            -1.2989851149239247
        ],
        "L_Wrist": [
            0.4773410197718698,
            0.302296704412825,
            -1.925559821259955
        ],
        "L_Hand": [
            0.5547461592206279,
            0.22440301225327403,
            -2.152712385654486
        ],
        "R_Collar": [
            -0.36228773972746803,
            0.5368515963025575,
            -0.4435617351186885
        ],
        "R_Shoulder": [
            -0.6428741904641658,
            0.5198894373218125,
            -0.4695004287356687
        ],
        "R_Elbow": [
            -0.7311724817727551,
            0.6135286110233134,
            -1.2431807351664093
        ],
        "R_Wrist": [
            -0.9932375627495813,
            0.4154659894565194,
            -1.9414257256423164
        ],
        "R_Hand": [
            -1.1134516866721613,
            0.3953190140658989,
            -2.1618763542716004
        ]
    }
}