{
    "joints3D": {
        "Pelvis": [
            0.12335994097746723,
            0.7528773149031294,
            -1.5812362822205699
        ],
        "L_Hip": [
            0.3651563656733143,
            0.8115507780106673,
            -1.7995553090497995
        ],
        "L_Knee": [
            0.7237732954278213,
            0.798713902838664,
            -2.9161200584158236
        ],
        "L_Ankle": [
            0.8322040807636021,
            0.9061718227477076,
            -4.063954500770302
        ],
        "L_Foot": [
            1.0477881121566388,
            0.6571206133185441,
            -4.312181647083675
        ],
        "R_Hip": [
            0.01837603995240526,
            0.7057042940343866,
            -1.8840513248122905
        ],
        "R_Knee": [
            0.357694221011704,
            0.43686949626253785,
            -2.9661481022790372
        ],
        "R_Ankle": [
            0.6618154780679999,
            0.6838300058420825,
            -4.0450639254265335
        ],
        "R_Foot": [
            0.8230504237165165,
            0.3621999091865206,
            -4.238418315366799
        ],
        "Spine1": [
            0.008473598375825555,
            0.839560361218378,
            -1.2744814881120585
        ],
        "Spine2": [
            -0.07763018802329479,
            0.7648916204586157,
            -0.8332799976402084
        ],
        "Spine3": [
            -0.10105012350536541,
            0.6975969327949836,
            -0.6640326275227724
        ],
        "Neck": [
            -0.24972368236869705,
            0.698768483408401,
            -0.037157368935777445
        ],
        "Head": [
            -0.21456071058251108,
            0.4700432514747372,
            0.13287146534213032
        ],
        "L_Collar": [
            0.00810787151832143,
            0.7950803186729345,
            -0.2649809224632827
        ],
        "L_Shoulder": [
            0.25284686315771887,
            0.8943207068795023,
            -0.17553480292550003
        ],
        "L_Elbow": [
            0.5501291630159136,
            1.3120506614693834,
            -0.6895499587095378
        ],
        "L_Wrist": [
            0.8078654192034576,
            0.7805408543291775,
            -1.1004570610018167
        ],
        "L_Hand": [
            0.8794581986428942,
            0.538694783228315,
            -1.0408812754165586
        ],
        "R_Collar": [
            -0.40600516386855673,
            0.7019523251595802,
            -0.36514762870256445
        ],
        "R_Shoulder": [
            -0.6942101742758492,
            0.623256214258984,
            -0.34760167564635275
        ],
        "R_Elbow": [
            -1.0182335537338347,
            0.9133036800449904,
            -0.896845915451082
        ],
        "R_Wrist": [
            -0.7137383244594623,
            0.5224778702839079,
            -1.4501773400425475
        ],
        "R_Hand": [
            -0.5985285459214102,
            0.29403705039522154,
            -1.4382168004609062
        ]
    },
    "joints2D": {
        "Pelvis": [
            0.2620912682823677,
            0.8420877504513546
        ],
        "L_Hip": [
            0.2837974829211056,
            0.8437943704763479
        ],
        "L_Knee": [
            0.29648055690946507,
            0.8827762566538979
        ],
        "L_Ankle": [
            0.2897049770525276,
            0.898340237140123
        ],
        "L_Foot": [
            0.29913461093905835,
            0.9128939473948844
        ],
        "R_Hip": [
            0.2504450829001054,
            0.8671567904988963
        ],
        "R_Knee": [
            0.2742737508128877,
            0.9223922580719762
        ],
        "R_Ankle": [
            0.28277472496949135,
            0.9145344650927668
        ],
        "R_Foot": [
            0.29101419493794645,
            0.933693381054497
        ],
        "Spine1": [
            0.2496560602241844,
            0.8025337008553239
        ],
        "Spine2": [
            0.23668804815417327,
            0.7538943610683498
        ],
        "Spine3": [
            0.23072583654991233,
            0.7327391275492215
        ],
        "Neck": [
            0.19534094883721045,
            0.5131441477802151
        ],
        "Head": [
            0.18350635904927695,
            0.41661009784031977
        ],
        "L_Collar": [
            0.25017107458534427,
            0.597274308805466
        ],
        "L_Shoulder": [
            0.2909607239032862,
            0.5560417396480147
        ],
        "L_Elbow": [
            0.30604953406207774,
            0.6411973294206277
        ],
        "L_Wrist": [
            0.3444537169430638,
            0.7583098626558685
        ],
        "L_Hand": [
            0.3663632752933331,
            0.7759418910842761
        ],
        "R_Collar": [
            0.17220180846267602,
            0.6347769222936848
        ],
        "R_Shoulder": [
            0.12472770751035246,
            0.621373483454158
        ],
        "R_Elbow": [
            0.13521204937850725,
            0.6970964208389607
        ],
        "R_Wrist": [
            0.1641573668684401,
            0.8405924395722912
        ],
        "R_Hand": [
            0.16851570438303634,
            0.8823535791669643
        ]
    }
}