{
    "joints3D": {
        "Pelvis": [
            -0.15768365293663225,
            1.3987046800731404,
            -2.181716844052393
        ],
        "L_Hip": [
            0.07839414505008276,
            1.5394574481354424,
            -2.4871068789972286
        ],
        "L_Knee": [
            0.27783003769543096,
            1.9799616279850047,
            -3.860160680537008
        ],
        "L_Ankle": [
            0.22333231727837757,
            2.6222672441505184,
            -5.144751150831248
        ],
        "L_Foot": [
            0.4384244231436701,
            2.594397175768375,
            -5.60848360083829
        ],
        "R_Hip": [
            -0.3793480556971818,
            1.4795200431841407,
            -2.507311306796852
        ],
        "R_Knee": [
            -0.31807798750957383,
            1.7931007016416978,
            -3.9181952695334337
        ],
        "R_Ankle": [
            -0.1118810086448751,
            2.306433163200189,
            -5.231127650212526
        ],
        "R_Foot": [
            -0.05350179146489658,
            2.047268938078155,
            -5.66291968395863
        ],
        "Spine1": [
            -0.18968731308046394,
            1.37991763203493,
            -1.7627862741784672
        ],
        "Spine2": [
            -0.1336174553986207,
            1.0662607225255991,
            -1.2954737322446337
        ],
        "Spine3": [
            -0.12714224883164513,
            0.9802202468230442,
            -1.084506227437599
        ],
        "Neck": [
            -0.15617120652760685,
            0.8407639320162226,
            -0.29762395183017754
        ],
        "Head": [
            -0.05303084544294136,
            0.544487813303397,
            -0.12843782927828717
        ],
        "L_Collar": [
            0.1290534066763021,
            0.9246638788010381,
            -0.6266788467269064
        ],
        "L_Shoulder": [
            0.306673759094428,
            0.7771832839429004,
            -0.36884580183855115
        ],
        "L_Elbow": [
            0.5940752811242869,
            0.156862872773983,
            0.21821538663892398
        ],
        "L_Wrist": [
            0.47006369718352353,
            -0.42732019380175035,
            0.882326192909154
        ],
        "L_Hand": [
            0.44693763062380204,
            -0.6766588777017006,
            1.084241635052109
        ],
        "R_Collar": [
            -0.4059735141240381,
            1.0065359430760423,
            -0.6345173189073284
        ],
        "R_Shoulder": [
            -0.6818814568304329,
            0.924875762801469,
            -0.39959505803057516
        ],
        "R_Elbow": [
            -1.4495076539227492,
            0.6602021211257973,
            -0.7107427270938577
        ],
        "R_Wrist": [
            -1.149380795303579,
            -0.0666661277278917,
            -1.1918321162718095
        ],
        "R_Hand": [
            -0.9505632838580887,
            -0.1879330754513492,
            -1.4082407577198324
        ]
    },
    "joints2D": {
        "Pelvis": [
            0.23749400668835727,
            0.8057514526931009
        ],
        "L_Hip": [
            0.2535821683526203,
            0.8107870635669421
        ],
        "L_Knee": [
            0.2607489146568357,
            0.8337280243014247
        ],
        "L_Ankle": [
            0.2559676277831839,
            0.8348254362161013
        ],
        "L_Foot": [
            0.2622417061721976,
            0.8452451152086757
        ],
        "R_Hip": [
            0.22461246133061535,
            0.8149211935333847
        ],
        "R_Knee": [
            0.23447278253538179,
            0.8463481669661982
        ],
        "R_Ankle": [
            0.2448581772489268,
            0.8510516890967155
        ],
        "R_Foot": [
            0.2468788696131146,
            0.8703739044306202
        ],
        "Spine1": [
            0.23357206741396788,
            0.7773629535322127
        ],
        "Spine2": [
            0.23457249706552752,
            0.7700878379803576
        ],
        "Spine3": [
            0.2334783019801949,
            0.7559593372490664
        ],
        "Neck": [
            0.22117555542783676,
            0.6019685481245396
        ],
        "Head": [
            0.23382098230980977,
            0.5690706398261774
        ],
        "L_Collar": [
            0.2676287238186639,
            0.6816871035905502
        ],
        "L_Shoulder": [
            0.3036192215830899,
            0.6295298151467946
        ],
        "L_Elbow": [
            0.4372204863513323,
            0.3587450178533969
        ],
        "L_Wrist": [
            0.6674190199239879,
            0.1821671255684209
        ],
        "L_Hand": [
            0.6898741937288597,
            0.1989677999709808
        ],
        "R_Collar": [
            0.19479482804648807,
            0.6656015782178512
        ],
        "R_Shoulder": [
            0.1537960776176182,
            0.6084446985267742
        ],
        "R_Elbow": [
            0.08635152123832424,
            0.6564349701399821
        ],
        "R_Wrist": [
            0.9096482897582819,
            0.8255543576201856
        ],
        "R_Hand": [
            0.8737529533675028,
            0.8599319665080525
        ]
    }
}