{
    "joints3D": {
        "Pelvis": [
            -0.342420618464292,
            0.4183190054558056,
            -1.6119007363368427
        ],
        "L_Hip": [
            -0.19774839893463594,
            0.4603567424495498,
            -1.8765032113483473
        ],
        "L_Knee": [
            -0.13915740107454327,
            0.368223959865986,
            -2.9014553523780773
        ],
        "L_Ankle": [
            -0.3152913415756874,
            0.5660683544857401,
            -3.9736729069721655
        ],
        "L_Foot": [
            -0.18447636650269114,
            0.27132663468569,
            -4.159373375701203
        ],
        "R_Hip": [
            -0.5358255467846459,
            0.3726173938364455,
            -1.836430948662639
        ],
        "R_Knee": [
            -0.7061229535616326,
            0.270343563394357,
            -2.871462558009232
        ],
        "R_Ankle": [
            -0.8265495798526485,
            0.5219498461551102,
            -3.941783785064376
        ],
        "R_Foot": [
            -0.9024232799931161,
            0.17459606368077124,
            -4.0643148474762425
        ],
        "Spine1": [
            -0.3409297763848053,
            0.5164076087850219,
            -1.309651756926801
        ],
        "Spine2": [
            -0.2691375242381631,
            0.4812516853127876,
            -0.9361950494650655
        ],
        "Spine3": [
            -0.23158133519038707,
            0.4121194217112104,
            -0.793139700748102
        ],
        "Neck": [
            -0.17545133727664186,
            0.4640745900791244,
            -0.20847835398347808
        ],
        "Head": [
            -0.11514285396173536,
            0.34296298229212796,
            -0.024520752860743077
        ],
        "L_Collar": [
            0.008727592963974774,
            0.5288254879638585,
            -0.4848791979364647
        ],
        "L_Shoulder": [
            0.24970718384760762,
            0.6131559676881864,
            -0.5757187118694541
        ],
        "L_Elbow": [
            0.22314523280979146,
            0.7004636895107103,
            -1.2866329979784366
        ],
        "L_Wrist": [
            0.43856882743924225,
            0.44219008972961316,
            -1.8943014875059407
        ],
        "L_Hand": [
            0.5317347232908611,
            0.41766354597437216,
            -2.115018917894398
        ],
        "R_Collar": [
            -0.4263068921108822,
            0.42150777612960394,
            -0.4343143159713248
        ],
        "R_Shoulder": [
            -0.6972187051474282,
            0.3206466389455383,
            -0.44241584862381206
        ],
        "R_Elbow": [
            -0.8887044666605938,
            0.3363872778615334,
            -1.1136937443470818
        ],
        "R_Wrist": [
            -0.9484663013279764,
            -0.12630351200975737,
            -1.6450025015265832
        ],
        "R_Hand": [
            -0.9809283311452299,
            -0.2718436433878498,
            -1.8315979865368535
        ]
    },
    "joints2D": {
        "Pelvis": [
            0.2070554407386911,
            0.8888027483028904
        ],
        "L_Hip": [
            0.22753469018901434,
            0.8978585876980646
        ],
        "L_Knee": [
            0.23826262775078116,
            0.9300769341223855
        ],
        "L_Ankle": [
            0.23166347100891904,
            0.9252319207239911
        ],
        "L_Foot": [
            0.23868315703605672,
            0.9463336561020941
        ],
        "R_Hip": [
            0.19044887668813298,
            0.896167565836462
        ],
        "R_Knee": [
            0.195798099884431,
            0.9270584212408006
        ],
        "R_Ankle": [
            0.20425619898443587,
            0.9206243969788801
        ],
        "R_Foot": [
            0.19926270944566107,
            0.9420631476239361
        ],
        "Spine1": [
            0.2022666084755794,
            0.8535712413288022
        ],
        "Spine2": [
            0.20148503373895968,
            0.8253488433853128
        ],
        "Spine3": [
            0.20095769424788754,
            0.823904477544989
        ],
        "Neck": [
            0.1954814486459877,
            0.6236159771013193
        ],
        "Head": [
            0.19837837463848693,
            0.518690535198311
        ],
        "L_Collar": [
            0.2507170311462601,
            0.7279250663158443
        ],
        "L_Shoulder": [
            0.2978903064521891,
            0.7243771729408175
        ],
        "L_Elbow": [
            0.27698079624396543,
            0.8240879359741065
        ],
        "L_Wrist": [
            0.2945484569169151,
            0.8938542843733306
        ],
        "L_Hand": [
            0.29940085768835795,
            0.9010832667180158
        ],
        "R_Collar": [
            0.14414446756053495,
            0.710201860203484
        ],
        "R_Shoulder": [
            0.09390549706033183,
            0.6936559216552117
        ],
        "R_Elbow": [
            0.1223906377736917,
            0.8137085587341393
        ],
        "R_Wrist": [
            0.8635298694388857,
            0.8863778484948084
        ],
        "R_Hand": [
            0.8533882166654736,
            0.8783034423728714
        ]
    }
}