{
    "joints2D": {
        "Pelvis": [
            0.27752542774847416,
            0.9090061424553137
        ],
        "L_Hip": [
            0.29812543250633033,
            0.897636690247064
        ],
        "L_Knee": [
            0.30323408221028186,
            0.9067312692420731
        ],
        "L_Ankle": [
            0.2854093904669,
            0.8881599902469187
        ],
        "L_Foot": [
            0.28815375820193295,
            0.8910934900641161
        ],
        "R_Hip": [
            0.2599686847050811,
            0.9324207110667568
        ],
        "R_Knee": [
            0.7197483656904586,
            0.9254865834289371
        ],
        "R_Ankle": [
            0.7048128194710943,
            0.9083939148451988
        ],
        "R_Foot": [
            0.7034218581690559,
            0.8864104864159997
        ],
        "Spine1": [
            0.2678295739184441,
            0.8828683408944397
        ],
        "Spine2": [
            0.25954547408372103,
            0.8469230852198316
        ],
        "Spine3": [
            0.25633205306736306,
            0.8475071750223763
        ],
        "Neck": [
            0.21421180671618795,
            0.6294585183072272
        ],
        "Head": [
            0.20074096235298408,
            0.5415882580634934
        ],
        "L_Collar": [
            0.287674460488364,
            0.7313575801095581
        ],
        "L_Shoulder": [
            0.3394450900675274,
            0.6642311995508321
        ],
        "L_Elbow": [
            0.3651830597638228,
            0.7644342793118605
        ],
        "L_Wrist": [
            0.6668560373390129,
            0.9312779784237598
        ],
        "L_Hand": [
            0.6880324668714395,
            0.8885431363615975
        ],
        "R_Collar": [
            0.1918061501751544,
            0.7547849019602231
        ],
        "R_Shoulder": [
            0.14958530347177873,
            0.7015791677841776
        ],
        "R_Elbow": [
            0.18700158660093108,
            0.7417422498463557
        ],
        "R_Wrist": [
            0.19541512400380165,
            0.8781766983511301
        ],
        "R_Hand": [
            0.19096343055083795,
            0.9163259336251123
        ]
    },
    "joints3D": {
        "Pelvis": [
            0.2691125414814404,
            0.3754697283203025,
            -1.9180081219860754
        ],
        "L_Hip": [
            0.5403906674384845,
            0.465603698580498,
            -2.1860303231805833
        ],
        "L_Knee": [
            0.8953513840540008,
            0.5670063716288708,
            -3.357590868914282
        ],
        "L_Ankle": [
            0.8486131795925159,
            1.210357347206368,
            -4.510755557343815
        ],
        "L_Foot": [
            0.9854131667395045,
            1.2440433710272185,
            -4.910684984772698
        ],
        "R_Hip": [
            0.11715516291997398,
            0.264733603856696,
            -2.250241170868955
        ],
        "R_Knee": [
            0.47767249457655997,
            -0.4201319840624362,
            -3.235354724961368
        ],
        "R_Ankle": [
            0.995630531058355,
            -0.7742338053876027,
            -4.396898303873257
        ],
        "R_Foot": [
            1.1120288897944266,
            -1.1708248996081962,
            -4.513454209425185
        ],
        "Spine1": [
            0.15811913117882936,
            0.48532313730451704,
            -1.588691485332866
        ],
        "Spine2": [
            0.07158027747540505,
            0.5239624774916319,
            -1.14760513328434
        ],
        "Spine3": [
            0.04255613086319003,
            0.4409763173153021,
            -0.9689695385731828
        ],
        "Neck": [
            -0.13634723249458197,
            0.567835331313602,
            -0.2617206279163302
        ],
        "Head": [
            -0.12495225490713253,
            0.3897234386401676,
            -0.05778759151899867
        ],
        "L_Collar": [
            0.1763780972350165,
            0.5475139730908938,
            -0.5288542120406239
        ],
        "L_Shoulder": [
            0.4166611644167087,
            0.5560752997069208,
            -0.3830291529814245
        ],
        "L_Elbow": [
            0.9127475631911077,
            0.6079835115541984,
            -1.0461573857669355
        ],
        "L_Wrist": [
            0.43588863284496077,
            -0.004177321320902912,
            -1.1193354868835235
        ],
        "L_Hand": [
            0.33322748831895554,
            -0.22855045872801538,
            -1.0294215005594742
        ],
        "R_Collar": [
            -0.2832922680902766,
            0.5468169011314882,
            -0.6417542959041005
        ],
        "R_Shoulder": [
            -0.5620057570057289,
            0.6159965034055938,
            -0.5795501601557989
        ],
        "R_Elbow": [
            -0.6146166430471777,
            1.1210612317822874,
            -1.2187674562488702
        ],
        "R_Wrist": [
            -0.46610653122458945,
            0.47185438132912366,
            -1.6677621965897298
        ],
        "R_Hand": [
            -0.4780633252904868,
            0.21914039354497333,
            -1.7366212740579614
        ]
    }
}