{
    "joints3D": {
        "Pelvis": [
            0.209080773886399,
            0.725380650257317,
            -1.7441282310764872
        ],
        "L_Hip": [
            0.40610836032016623,
            0.7033357197015537,
            -2.015543013921158
        ],
        "L_Knee": [
            0.509871860922188,
            0.8262987255102161,
            -3.1585021754692737
        ],
        "L_Ankle": [
            0.4870621091929012,
            1.099538152547679,
            -4.354666347325783
        ],
        "L_Foot": [
            0.4178309451858758,
            0.7801113095121958,
            -4.593302788564696
        ],
        "R_Hip": [
            0.030210598320555906,
            0.8175526684844081,
            -2.007634551421662
        ],
        "R_Knee": [
            0.037352590775685236,
            1.0065804540015777,
            -3.1688377758505535
        ],
        "R_Ankle": [
            0.18436432207937556,
            1.2458162451886143,
            -4.36384199229286
        ],
        "R_Foot": [
            -0.09366763170339465,
            1.0117039869221618,
            -4.5526326377894435
        ],
        "Spine1": [
            0.22726895040080433,
            0.787250405158806,
            -1.4077040308291844
        ],
        "Spine2": [
            0.22204989448912607,
            0.6843598024433802,
            -1.017647441447423
        ],
        "Spine3": [
            0.20180522289293784,
            0.6044176159192964,
            -0.8650012343661821
        ],
        "Neck": [
            0.1758305631488511,
            0.5546974423627197,
            -0.2547148702502164
        ],
        "Head": [
            0.16212490441966346,
            0.37014273278741866,
            -0.09838019485075364
        ],
        "L_Collar": [
            0.4168935156455232,
            0.5428847935694496,
            -0.5017495390777204
        ],
        "L_Shoulder": [
            0.6531929254131983,
            0.416775115567169,
            -0.4369414910225583
        ],
        "L_Elbow": [
            0.7630693451664429,
            0.4964155454509408,
            -1.205333529341851
        ],
        "L_Wrist": [
            0.8254771895521205,
            0.10809970698793848,
            -1.8491278166012906
        ],
        "L_Hand": [
            0.9201364166013581,
            0.0005454071783029264,
            -2.0634398602574686
        ],
        "R_Collar": [
            -0.022283772550923675,
            0.683460607589256,
            -0.5109551345490099
        ],
        "R_Shoulder": [
            -0.3125157960507335,
            0.6763266523837943,
            -0.4432395085381116
        ],
        "R_Elbow": [
            -0.39092264750782074,
            0.7952643104263236,
            -1.189686451315682
        ],
        "R_Wrist": [
            -0.6302889464238507,
            0.3640360161519618,
            -1.7895505285200912
        ],
        "R_Hand": [
            -0.7433397372767369,
            0.21570805577485647,
            -1.9671205680981603
        ]
    },
    "joints2D": {
        "Pelvis": [
            0.2700975225399238,
            0.8552533124133208
        ],
        "L_Hip": [
            0.28596541220872634,
            0.8677667070312249
        ],
        "L_Knee": [
            0.2804446759277763,
            0.8913071706349913
        ],
        "L_Ankle": [
            0.2709283012612665,
            0.895804413656977
        ],
        "L_Foot": [
            0.26776502241595934,
            0.9177446570056671
        ],
        "R_Hip": [
            0.2513641202473146,
            0.859170130350856
        ],
        "R_Knee": [
            0.25090464608538077,
            0.8813075263081241
        ],
        "R_Ankle": [
            0.2569197045085595,
            0.889176548292695
        ],
        "R_Foot": [
            0.24444074895729964,
            0.9056111896575212
        ],
        "Spine1": [
            0.27479352716867184,
            0.8212563799928091
        ],
        "Spine2": [
            0.28121668082377743,
            0.7958663896175736
        ],
        "Spine3": [
            0.28281253255921557,
            0.7902200674881993
        ],
        "Neck": [
            0.2935989804254077,
            0.6275374224638157
        ],
        "Head": [
            0.3115737846169062,
            0.5736596427296953
        ],
        "L_Collar": [
            0.33549930538686246,
            0.7063573980651503
        ],
        "L_Shoulder": [
            0.38705486307013637,
            0.6824610586539306
        ],
        "L_Elbow": [
            0.3493255948005815,
            0.815361566864857
        ],
        "L_Wrist": [
            0.34088967809995974,
            0.9105684901234694
        ],
        "L_Hand": [
            0.34365504679011316,
            0.9234262541168533
        ],
        "R_Collar": [
            0.24428843907671893,
            0.696900411757466
        ],
        "R_Shoulder": [
            0.18808072894066843,
            0.6690680993458347
        ],
        "R_Elbow": [
            0.20022469014133587,
            0.7919730816434362
        ],
        "R_Wrist": [
            0.17949759005511445,
            0.8899157689578518
        ],
        "R_Hand": [
            0.1709369322791017,
            0.9085450795747897
        ]
    }
}