{
    "joints3D": {
        "Pelvis": [
            -0.14539937869801275,
            0.8499832549081078,
            -1.626418963783981
        ],
        "L_Hip": [
            0.035592175483767634,
            0.9293179634750879,
            -1.8856857571990147
        ],
        "L_Knee": [
            0.019621853321537323,
            0.6503358303631287,
            -2.9697230075295264
        ],
        "L_Ankle": [
            -0.2378304102875142,
            0.6516376658676803,
            -4.1317825415341245
        ],
        "L_Foot": [
            -0.2357884507047696,
            0.3350401299875554,
            -4.363777992825893
        ],
        "R_Hip": [
            -0.3418547516184077,
            0.876921422735129,
            -1.8795697879756692
        ],
        "R_Knee": [
            -0.48216505363630363,
            1.2856519524879235,
            -2.935661271636675
        ],
        "R_Ankle": [
            -0.6619654921973801,
            2.45590742584626,
            -3.060875803117095
        ],
        "R_Foot": [
            -0.8207957691449109,
            2.676054793717779,
            -3.3508945099084544
        ],
        "Spine1": [
            -0.15256722029603612,
            0.8882397895151982,
            -1.2964715879197701
        ],
        "Spine2": [
            -0.09529469886490374,
            0.7597512828640026,
            -0.9313486538060365
        ],
        "Spine3": [
            -0.06974315375590123,
            0.6550457183523288,
            -0.8021202909016448
        ],
        "Neck": [
            -0.047455720647112634,
            0.5327211422008612,
            -0.22086452080574043
        ],
        "Head": [
            -0.004007158332400414,
            0.40987064016301594,
            -0.025345088089695857
        ],
        "L_Collar": [
            0.15255833056632864,
            0.6674186975628142,
            -0.453358208999584
        ],
        "L_Shoulder": [
            0.3968457749098811,
            0.7756576978615689,
            -0.4466604826789521
        ],
        "L_Elbow": [
            0.42357470960849225,
            1.3509708433129426,
            -0.9376090013046771
        ],
        "L_Wrist": [
            0.6066902035744968,
            0.7202239392481647,
            -1.260137459937157
        ],
        "L_Hand": [
            0.6659728958214244,
            0.5067360193246322,
            -1.3760023443845397
        ],
        "R_Collar": [
            -0.2845714347797048,
            0.5725657554285063,
            -0.45850086098005827
        ],
        "R_Shoulder": [
            -0.565361304213588,
            0.503595874244655,
            -0.4584884586225058
        ],
        "R_Elbow": [
            -0.8839381904329328,
            0.8153753208367999,
            -1.0454531451501918
        ],
        "R_Wrist": [
            -0.6498042595498918,
            0.1015135437899739,
            -1.0993328595195806
        ],
        "R_Hand": [
            -0.5469352328482789,
            -0.12521255369582668,
            -1.0795105958430915
        ]
    },
    "joints2D": {
        "Pelvis": [
            0.23371419730250476,
            0.831228051796447
        ],
        "L_Hip": [
            0.2518650820727015,
            0.8388763245923023
        ],
        "L_Knee": [
            0.24999326301742175,
            0.9065143668314003
        ],
        "L_Ankle": [
            0.23642253622054404,
            0.9218312840843513
        ],
        "L_Foot": [
            0.23659693823347624,
            0.9430969785703395
        ],
        "R_Hip": [
            0.21736807338818726,
            0.8411726368777694
        ],
        "R_Knee": [
            0.21979924584083846,
            0.8484922764834364
        ],
        "R_Ankle": [
            0.21898558028842707,
            0.7715340289502474
        ],
        "R_Foot": [
            0.21507253458615913,
            0.7713712688161489
        ],
        "Spine1": [
            0.2310628948774378,
            0.7960349670981645
        ],
        "Spine2": [
            0.23461696006915134,
            0.7714123204222839
        ],
        "Spine3": [
            0.23672273612868822,
            0.7714349775582959
        ],
        "Neck": [
            0.23554504450421798,
            0.6191856844582139
        ],
        "Head": [
            0.24712473153434397,
            0.5164671122084529
        ],
        "L_Collar": [
            0.27948471682818427,
            0.680597596341654
        ],
        "L_Shoulder": [
            0.3164342665612165,
            0.6498881755879555
        ],
        "L_Elbow": [
            0.2903109622034505,
            0.6817593746613615
        ],
        "L_Wrist": [
            0.3216365001607571,
            0.8005147363857688
        ],
        "L_Hand": [
            0.3315399950442351,
            0.8398454771258241
        ],
        "R_Collar": [
            0.18670946734359625,
            0.696851483979976
        ],
        "R_Shoulder": [
            0.1327173250451392,
            0.6853032821720835
        ],
        "R_Elbow": [
            0.145783100118048,
            0.7405879309011673
        ],
        "R_Wrist": [
            0.13524011502098526,
            0.8809847833226728
        ],
        "R_Hand": [
            0.8506556226358117,
            0.8892562040161426
        ]
    }
}