{
    "joints3D": {
        "Pelvis": [
            -0.02512986166871487,
            1.2464111385823942,
            -1.5059448752776428
        ],
        "L_Hip": [
            0.17151964427013933,
            1.3772498926772265,
            -1.73302775389637
        ],
        "L_Knee": [
            0.40155157614631354,
            1.710313946946428,
            -2.8210704343176483
        ],
        "L_Ankle": [
            0.4279493990214192,
            2.224288878931101,
            -3.84520818531329
        ],
        "L_Foot": [
            0.6101133561165232,
            1.9787109448606839,
            -4.115742844303028
        ],
        "R_Hip": [
            -0.19266101621539342,
            1.331460482843359,
            -1.765795762426598
        ],
        "R_Knee": [
            -0.19141982505001817,
            1.661948798421563,
            -2.8710832277415412
        ],
        "R_Ankle": [
            -0.12348814186622475,
            2.213097350987926,
            -3.862307502814266
        ],
        "R_Foot": [
            -0.1566157781172658,
            1.9118523177664348,
            -4.129908766495077
        ],
        "Spine1": [
            -0.062464706146755825,
            1.2051167303156851,
            -1.1752017946519457
        ],
        "Spine2": [
            -0.03869788367985192,
            0.9652877149107835,
            -0.7939302800884362
        ],
        "Spine3": [
            -0.035581412951217146,
            0.854431804722942,
            -0.6499111059649623
        ],
        "Neck": [
            -0.07499328245233416,
            0.639070730000208,
            -0.050950770448906064
        ],
        "Head": [
            -0.032820153441000526,
            0.41157387049869765,
            0.11415921991074802
        ],
        "L_Collar": [
            0.14592654878537856,
            0.8019118177107722,
            -0.27400483489099536
        ],
        "L_Shoulder": [
            0.41231081658868923,
            0.839932371923267,
            -0.21261463852215934
        ],
        "L_Elbow": [
            0.8598753009968982,
            1.1976110662066255,
            -0.6464169318861173
        ],
        "L_Wrist": [
            1.4486667937411453,
            1.2293824851197361,
            -1.0459463289470452
        ],
        "L_Hand": [
            1.6653359416139177,
            1.2917425626616392,
            -1.1683075666568692
        ],
        "R_Collar": [
            -0.2814403030986713,
            0.7609239159422075,
            -0.31904460966006876
        ],
        "R_Shoulder": [
            -0.5706584796144004,
            0.6976081984455599,
            -0.3288694980588249
        ],
        "R_Elbow": [
            -0.9032003394525993,
            0.9608497767720575,
            -0.8774921315595322
        ],
        "R_Wrist": [
            -1.2776363648869145,
            0.7198886091493318,
            -1.4624893498111562
        ],
        "R_Hand": [
            -1.4193417106148314,
            0.6462176041071794,
            -1.659384196461849
        ]
    },
    "joints2D": {
        "Pelvis": [
            0.24636665371741912,
            0.7699063505265095
        ],
        "L_Hip": [
            0.26239840727763564,
            0.7752850648227099
        ],
        "L_Knee": [
            0.2710203704091621,
            0.8117275037657327
        ],
        "L_Ankle": [
            0.2665117569650944,
            0.8184215603394849
        ],
        "L_Foot": [
            0.27398355890475284,
            0.8391935070738769
        ],
        "R_Hip": [
            0.2330687064983239,
            0.7827376305033017
        ],
        "R_Knee": [
            0.23791310094092366,
            0.8191047068749681
        ],
        "R_Ankle": [
            0.2434706876043815,
            0.8207227632008065
        ],
        "R_Foot": [
            0.24203448348085346,
            0.845722181581378
        ],
        "Spine1": [
            0.2422630202968737,
            0.7372828048342016
        ],
        "Spine2": [
            0.24342678813408605,
            0.7112458503214871
        ],
        "Spine3": [
            0.24310716693426748,
            0.6994498116641854
        ],
        "Neck": [
            0.23052687950167577,
            0.5218966506996621
        ],
        "Head": [
            0.2365759938437366,
            0.4133484224887628
        ],
        "L_Collar": [
            0.27562695379853963,
            0.598623981923687
        ],
        "L_Shoulder": [
            0.31837803788186586,
            0.5692043230699181
        ],
        "L_Elbow": [
            0.33956475208503856,
            0.6339872123856438
        ],
        "L_Wrist": [
            0.36996066807601585,
            0.6724692612370444
        ],
        "L_Hand": [
            0.37561485839948966,
            0.6754378508386993
        ],
        "R_Collar": [
            0.19620070532081102,
            0.6161773814961807
        ],
        "R_Shoulder": [
            0.14677077180132353,
            0.6146982332849553
        ],
        "R_Elbow": [
            0.14658432259581758,
            0.6955867823020929
        ],
        "R_Wrist": [
            0.12665221808073754,
            0.776560413182068
        ],
        "R_Hand": [
            0.12204507239568003,
            0.7932955914212999
        ]
    }
}