{
    "joints3D": {
        "Pelvis": [
            0.5658104399274279,
            -0.040808657644270344,
            -1.4180719830031863
        ],
        "L_Hip": [
            0.8653329853942909,
            -0.05612666101096806,
            -1.5837080018709984
        ],
        "L_Knee": [
            1.4836235992066424,
            -0.39961215063338335,
            -2.414180665497183
        ],
        "L_Ankle": [
            1.9356799508681033,
            -0.4689082788861444,
            -3.471281260075413
        ],
        "L_Foot": [
            2.134855745270866,
            -0.7966273189042773,
            -3.5003491070404786
        ],
        "R_Hip": [
            0.4795253852263198,
            -0.12460356191969593,
            -1.7321068415589762
        ],
        "R_Knee": [
            0.7317273939121189,
            -0.5138839545634567,
            -2.7423384943303466
        ],
        "R_Ankle": [
            1.13901190126312,
            -0.5593507553382571,
            -3.8193658283099285
        ],
        "R_Foot": [
            1.111237476374626,
            -0.9371556176682542,
            -3.8808012425872214
        ],
        "Spine1": [
            0.4364789930012316,
            0.10049278796780577,
            -1.1676994764460473
        ],
        "Spine2": [
            0.3027455177906417,
            0.18462130547363972,
            -0.8208690224939722
        ],
        "Spine3": [
            0.2448948053679617,
            0.15187978052720025,
            -0.6660273952324003
        ],
        "Neck": [
            0.018777740952574177,
            0.5401777117632901,
            -0.2117905059436719
        ],
        "Head": [
            -0.060102612149615424,
            0.45538052821537806,
            -0.0026783239145930088
        ],
        "L_Collar": [
            0.329657416732687,
            0.4140502057854332,
            -0.3340588669612847
        ],
        "L_Shoulder": [
            0.5893552750220722,
            0.472019997702099,
            -0.27526536776816635
        ],
        "L_Elbow": [
            1.100205770631193,
            0.2860286777589113,
            -0.7992500025167756
        ],
        "L_Wrist": [
            1.4864997380527925,
            -0.04131972844583651,
            -1.2980620859807315
        ],
        "L_Hand": [
            1.646445731390956,
            -0.15357835301805559,
            -1.4420055383877575
        ],
        "R_Collar": [
            -0.08622201326996595,
            0.38715487036523616,
            -0.5162899561840981
        ],
        "R_Shoulder": [
            -0.3286940867485737,
            0.4020602613954753,
            -0.6655101686924292
        ],
        "R_Elbow": [
            -0.2876394524675131,
            0.12336292078388643,
            -1.3471449814864531
        ],
        "R_Wrist": [
            -0.16137204587055515,
            -0.2507018204975643,
            -1.963726862365688
        ],
        "R_Hand": [
            -0.1319777641275868,
            -0.36739218764538545,
            -2.1747115362967544
        ]
    },
    "joints2D": {
        "Pelvis": [
            0.6661936954968468,
            0.9241750522787772
        ],
        "L_Hip": [
            0.6414436320477093,
            0.8996095017985045
        ],
        "L_Knee": [
            0.6389065752191214,
            0.8632510862647713
        ],
        "L_Ankle": [
            0.6452851056705529,
            0.8777290403766654
        ],
        "L_Foot": [
            0.6431470206828458,
            0.852134350495362
        ],
        "R_Hip": [
            0.69154051002872,
            0.9294244379301075
        ],
        "R_Knee": [
            0.6973366522139002,
            0.9022058915896006
        ],
        "R_Ankle": [
            0.6899539042212288,
            0.9090910574498191
        ],
        "R_Foot": [
            0.6954992379640261,
            0.8874412514974545
        ],
        "Spine1": [
            0.32662033908371113,
            0.9145126678504313
        ],
        "Spine2": [
            0.31980249998633814,
            0.8831778089257204
        ],
        "Spine3": [
            0.3194781421384388,
            0.8825849795588768
        ],
        "Neck": [
            0.2537887124305446,
            0.6133958477578895
        ],
        "Head": [
            0.2282505133474099,
            0.49909993879897385
        ],
        "L_Collar": [
            0.3410341116827577,
            0.6845354048838057
        ],
        "L_Shoulder": [
            0.3808283611085051,
            0.6207616724643001
        ],
        "L_Elbow": [
            0.4150954478332164,
            0.7391255041811051
        ],
        "L_Wrist": [
            0.5776836313691556,
            0.8006005447234968
        ],
        "L_Hand": [
            0.5827849417688282,
            0.7925663002160958
        ],
        "R_Collar": [
            0.2248334872962964,
            0.7824009063602446
        ],
        "R_Shoulder": [
            0.17546339791615417,
            0.7936106706674705
        ],
        "R_Elbow": [
            0.20238216664895906,
            0.9305873216919188
        ],
        "R_Wrist": [
            0.7690969876084692,
            0.9289950557821036
        ],
        "R_Hand": [
            0.7641502721729745,
            0.9188383034915608
        ]
    }
}