{
    "joints3D": {
        "Pelvis": [
            -0.39362489065624223,
            0.0655762690568563,
            -1.6614903186429086
        ],
        "L_Hip": [
            -0.2948759013385726,
            0.04281473137038141,
            -1.9719219595973647
        ],
        "L_Knee": [
            -0.31318482443902396,
            -0.08083367632508802,
            -3.1221526027063633
        ],
        "L_Ankle": [
            -0.49687985501688225,
            -0.24702117290164835,
            -4.23730413544198
        ],
        "L_Foot": [
            -0.15008287848222507,
            -0.40375232722044685,
            -4.381288672479405
        ],
        "R_Hip": [
            -0.6210733349916195,
            -0.0663047448855129,
            -1.8431722381943048
        ],
        "R_Knee": [
            -1.0902321747853179,
            -0.6460186733208646,
            -2.718267230407344
        ],
        "R_Ankle": [
            -1.404112870659666,
            -1.1068615818006888,
            -3.7038433666343415
        ],
        "R_Foot": [
            -1.2552814459130055,
            -1.4812936516814676,
            -3.700511591761563
        ],
        "Spine1": [
            -0.35781803499888604,
            0.24573364622026922,
            -1.382209495830495
        ],
        "Spine2": [
            -0.23513856283503576,
            0.3992078236192852,
            -0.9778786754463327
        ],
        "Spine3": [
            -0.19733168456518554,
            0.40432446034810654,
            -0.8007814824268293
        ],
        "Neck": [
            -0.15191309549886658,
            0.6854681843778963,
            -0.23257534552393347
        ],
        "Head": [
            -0.058644965476769235,
            0.5647331397623303,
            0.006124407770178871
        ],
        "L_Collar": [
            0.021833193427443436,
            0.6451399078757198,
            -0.5365883349551662
        ],
        "L_Shoulder": [
            0.28975717733923106,
            0.6826814572282619,
            -0.5863074625330165
        ],
        "L_Elbow": [
            0.33606730103505394,
            0.5030656408184181,
            -1.2780921204031392
        ],
        "L_Wrist": [
            0.3236979149269976,
            -0.0010630837101438975,
            -1.7777038441891593
        ],
        "L_Hand": [
            0.346092436787643,
            -0.19139969858084904,
            -1.9469265758878813
        ],
        "R_Collar": [
            -0.3960054349626379,
            0.5690704879033891,
            -0.4678347244879055
        ],
        "R_Shoulder": [
            -0.678881888197712,
            0.5159851577672384,
            -0.40205029316987184
        ],
        "R_Elbow": [
            -0.9779980182078428,
            0.367997186759745,
            -1.0072565414523595
        ],
        "R_Wrist": [
            -1.0759182137922345,
            -0.2403640323043948,
            -1.4037082839644721
        ],
        "R_Hand": [
            -1.1163510502694132,
            -0.46380265807752463,
            -1.514546866915991
        ]
    },
    "joints2D": {
        "Pelvis": [
            0.19601797749304775,
            0.9415286418071713
        ],
        "L_Hip": [
            0.2145517727945272,
            0.9532160746532792
        ],
        "L_Knee": [
            0.7743086089263067,
            0.9548598976914648
        ],
        "L_Ankle": [
            0.7776453038655754,
            0.9456177648295416
        ],
        "L_Foot": [
            0.7589315891507478,
            0.9394254145737255
        ],
        "R_Hip": [
            0.8244314473613009,
            0.9310016551607391
        ],
        "R_Knee": [
            0.8274521912236465,
            0.8767292261096186
        ],
        "R_Ankle": [
            0.821141140736739,
            0.8654342747544689
        ],
        "R_Foot": [
            0.8105918974368505,
            0.8465160822485431
        ],
        "Spine1": [
            0.1958344055415396,
            0.9052564380507679
        ],
        "Spine2": [
            0.20604200979882187,
            0.8516008559986549
        ],
        "Spine3": [
            0.20769904084692528,
            0.8295739640591231
        ],
        "Neck": [
            0.21591362022354338,
            0.5974932247509348
        ],
        "Head": [
            0.23256539781764454,
            0.49392493234387347
        ],
        "L_Collar": [
            0.2530293330677537,
            0.7129693365567095
        ],
        "L_Shoulder": [
            0.3012296100418538,
            0.7101016066822218
        ],
        "L_Elbow": [
            0.2954821051517972,
            0.8535615935093755
        ],
        "L_Wrist": [
            0.70957367535496,
            0.9562376268559123
        ],
        "L_Hand": [
            0.7127521646340883,
            0.931641024265827
        ],
        "R_Collar": [
            0.16615774539380118,
            0.6921722221762292
        ],
        "R_Shoulder": [
            0.11689087878209277,
            0.6533341933522511
        ],
        "R_Elbow": [
            0.10996732019764163,
            0.7829279271197013
        ],
        "R_Wrist": [
            0.8824236322854938,
            0.8392731706752948
        ],
        "R_Hand": [
            0.8706599367356305,
            0.8209931849673946
        ]
    }
}