{
    "joints3D": {
        "Pelvis": [
            0.38068635189466477,
            -0.6244833301147349,
            -1.3439119935519381
        ],
        "L_Hip": [
            0.5971643535553081,
            -0.8831429921694433,
            -1.385883021221847
        ],
        "L_Knee": [
            0.5770532726983247,
            -1.9790696196632822,
            -1.0359224546725656
        ],
        "L_Ankle": [
            1.0817350721765435,
            -2.3560881537213065,
            -2.0957246923372623
        ],
        "L_Foot": [
            1.0850477983457105,
            -2.71108784490512,
            -1.8800546865828456
        ],
        "R_Hip": [
            0.2325738084497637,
            -0.8605183169223781,
            -1.5293455839900942
        ],
        "R_Knee": [
            -0.17462715531850184,
            -1.9587670824364045,
            -1.4190801427670283
        ],
        "R_Ankle": [
            0.3159391908844773,
            -2.206582450333382,
            -2.5247122873718104
        ],
        "R_Foot": [
            0.09483984143312013,
            -2.5575404505951784,
            -2.4600947313097055
        ],
        "Spine1": [
            0.3743927338605119,
            -0.27273117866014357,
            -1.298515814496344
        ],
        "Spine2": [
            0.2709680730544122,
            -0.03676534136909083,
            -0.9588371966131135
        ],
        "Spine3": [
            0.20785733084273963,
            0.024501958599402594,
            -0.7992186650839088
        ],
        "Neck": [
            0.02894227469449945,
            0.4842757889255992,
            -0.3635069494443045
        ],
        "Head": [
            -0.02564154471720045,
            0.42520208616328586,
            -0.12161816108918276
        ],
        "L_Collar": [
            0.34340778250078124,
            0.30020321499912384,
            -0.46312365582947373
        ],
        "L_Shoulder": [
            0.49591491444429664,
            0.27448594672054377,
            -0.20314668355334714
        ],
        "L_Elbow": [
            0.7110384160431629,
            -0.29895324142670926,
            0.3116851339065109
        ],
        "L_Wrist": [
            0.16200238932575153,
            -0.7530586791123431,
            0.6173634613382617
        ],
        "L_Hand": [
            -0.03418041434199631,
            -0.8824033202531146,
            0.7479536439878769
        ],
        "R_Collar": [
            -0.10822307173055737,
            0.331781689881891,
            -0.6831305454924494
        ],
        "R_Shoulder": [
            -0.4202168045188659,
            0.3293363755998899,
            -0.600253852918687
        ],
        "R_Elbow": [
            -0.9842258997829186,
            -0.18908049858874212,
            -0.456539584045073
        ],
        "R_Wrist": [
            -0.930456104542129,
            -0.7040945572368128,
            0.1391578442319396
        ],
        "R_Hand": [
            -0.8822901051638806,
            -0.8479223922542011,
            0.35844921891913833
        ]
    },
    "joints2D": {
        "Pelvis": [
            0.7033423756821012,
            0.836300322216747
        ],
        "L_Hip": [
            0.6878727237203075,
            0.7919556917834609
        ],
        "L_Knee": [
            0.710508725435279,
            0.6439498348340955
        ],
        "L_Ankle": [
            0.6953706879214028,
            0.7142219560352139
        ],
        "L_Foot": [
            0.6988823886444404,
            0.6791332646296423
        ],
        "R_Hip": [
            0.7267592945152153,
            0.8208012864726015
        ],
        "R_Knee": [
            0.7633351237354059,
            0.6919317312011851
        ],
        "R_Ankle": [
            0.7348652952936708,
            0.7608845406312272
        ],
        "R_Foot": [
            0.7467719865543616,
            0.7352361673492819
        ],
        "Spine1": [
            0.6940545959206565,
            0.8947811336781066
        ],
        "Spine2": [
            0.6892263306744224,
            0.9370010004801119
        ],
        "Spine3": [
            0.3063873734607559,
            0.9413538962770008
        ],
        "Neck": [
            0.2566074304897847,
            0.6973872821062908
        ],
        "Head": [
            0.23952320481136533,
            0.5837771245668911
        ],
        "L_Collar": [
            0.3484803944605594,
            0.7665708820771219
        ],
        "L_Shoulder": [
            0.40464985482977633,
            0.6250973555938643
        ],
        "L_Elbow": [
            0.5831544595402844,
            0.3498172715963579
        ],
        "L_Wrist": [
            0.723615069380815,
            0.2858301577009843
        ],
        "L_Hand": [
            0.7563525198181478,
            0.2787276815960375
        ],
        "R_Collar": [
            0.22167479578344323,
            0.8377210274364912
        ],
        "R_Shoulder": [
            0.14776542277576435,
            0.7854725902911205
        ],
        "R_Elbow": [
            0.9422507812947586,
            0.6743756792925221
        ],
        "R_Wrist": [
            0.8934664607197204,
            0.4547756916280275
        ],
        "R_Hand": [
            0.8725800035317536,
            0.3987851125286272
        ]
    }
}