{
    "joints2D": {
        "Pelvis": [
            0.2623936268845675,
            0.8896877223968597
        ],
        "L_Hip": [
            0.28214722239907364,
            0.8752801181808054
        ],
        "L_Knee": [
            0.2990708065264513,
            0.9030579969142406
        ],
        "L_Ankle": [
            0.29402824567554975,
            0.9060032981002905
        ],
        "L_Foot": [
            0.3042401899994644,
            0.9215635726282245
        ],
        "R_Hip": [
            0.2477885872522165,
            0.9103292108357436
        ],
        "R_Knee": [
            0.2681251511491338,
            0.9510023666661536
        ],
        "R_Ankle": [
            0.2507266047131657,
            0.935942444694025
        ],
        "R_Foot": [
            0.26071484270228185,
            0.9532910195502159
        ],
        "Spine1": [
            0.2508829098043833,
            0.8681184027871077
        ],
        "Spine2": [
            0.24389078658234603,
            0.8442894458913016
        ],
        "Spine3": [
            0.24626330118660097,
            0.8473477549187958
        ],
        "Neck": [
            0.1970273585869414,
            0.6311578228555306
        ],
        "Head": [
            0.1851730222059114,
            0.5249460150318963
        ],
        "L_Collar": [
            0.26532761543814104,
            0.7185262302317365
        ],
        "L_Shoulder": [
            0.2954798259089973,
            0.6428430318690801
        ],
        "L_Elbow": [
            0.34699195142031525,
            0.5986709524968101
        ],
        "L_Wrist": [
            0.36999319375625,
            0.5380115092786621
        ],
        "L_Hand": [
            0.373714023853543,
            0.534389742395417
        ],
        "R_Collar": [
            0.17300530889848453,
            0.7757987200341007
        ],
        "R_Shoulder": [
            0.11589621689561459,
            0.7431882726260354
        ],
        "R_Elbow": [
            0.06185115838154169,
            0.7538239319047119
        ],
        "R_Wrist": [
            0.953419817173204,
            0.6897405785321282
        ],
        "R_Hand": [
            0.9497456791720962,
            0.6897189325925007
        ]
    },
    "joints3D": {
        "Pelvis": [
            0.1347272145231461,
            0.5410823562201577,
            -1.922135253603825
        ],
        "L_Hip": [
            0.38537039029836295,
            0.702624383182709,
            -2.1737808756545745
        ],
        "L_Knee": [
            0.8235812870916347,
            0.6308487401553394,
            -3.3134276768730504
        ],
        "L_Ankle": [
            1.0203083745798924,
            0.8594575900276088,
            -4.594065275873647
        ],
        "L_Foot": [
            1.2370560701881264,
            0.5197396879072662,
            -4.720052711007819
        ],
        "R_Hip": [
            -0.009352190867682977,
            0.462709697981432,
            -2.265048209043161
        ],
        "R_Knee": [
            0.29484397185571687,
            0.14740899825243606,
            -3.433011378955676
        ],
        "R_Ankle": [
            0.04445070237602518,
            0.4967854832784387,
            -4.675282788602928
        ],
        "R_Foot": [
            0.2582033761580416,
            0.18559386049474075,
            -4.876073102283988
        ],
        "Spine1": [
            0.01911438242174331,
            0.5859948875594404,
            -1.5810760013988745
        ],
        "Spine2": [
            -0.03115036995910811,
            0.5340191047524089,
            -1.137706655423082
        ],
        "Spine3": [
            -0.013096790525804513,
            0.44022296450272597,
            -0.9639873414019514
        ],
        "Neck": [
            -0.19798727524711118,
            0.5365780174709595,
            -0.25676770574208746
        ],
        "Head": [
            -0.16665777650071217,
            0.3841384773476421,
            -0.03631988794123576
        ],
        "L_Collar": [
            0.08186632163607842,
            0.6261973213048004,
            -0.5427323445718525
        ],
        "L_Shoulder": [
            0.26695129945824436,
            0.7928646256493675,
            -0.41480327325330435
        ],
        "L_Elbow": [
            0.9543629203409066,
            1.2447342135676764,
            -0.4919198742397861
        ],
        "L_Wrist": [
            1.6047709719347445,
            1.6049065547496457,
            -0.2693017706319011
        ],
        "L_Hand": [
            1.8270329364495306,
            1.7426603979910826,
            -0.2710261506851137
        ],
        "R_Collar": [
            -0.3378993507746821,
            0.42713011020068165,
            -0.6221271541575917
        ],
        "R_Shoulder": [
            -0.6114094689037778,
            0.3395117174501943,
            -0.5663074026684128
        ],
        "R_Elbow": [
            -1.3072477703870147,
            0.08112185104784984,
            -0.8977001196779161
        ],
        "R_Wrist": [
            -2.0633558267845666,
            -0.1652698411147531,
            -0.9826464153122373
        ],
        "R_Hand": [
            -2.2788817440871636,
            -0.24698085357317798,
            -1.1052631015576024
        ]
    }
}