{
    "joints2D": {
        "Pelvis": [
            0.178875387041907,
            0.8436574287598345
        ],
        "L_Hip": [
            0.18765248097138174,
            0.8378093115743057
        ],
        "L_Knee": [
            0.16137964699802507,
            0.8549175809887156
        ],
        "L_Ankle": [
            0.14117418692050823,
            0.835992980827648
        ],
        "L_Foot": [
            0.1282168389042769,
            0.8435594924074804
        ],
        "R_Hip": [
            0.1546658064862272,
            0.8328785409901244
        ],
        "R_Knee": [
            0.12624722768666186,
            0.7753927212145723
        ],
        "R_Ankle": [
            0.12339037632601095,
            0.7388957635447013
        ],
        "R_Foot": [
            0.1182615130147463,
            0.741585269498086
        ],
        "Spine1": [
            0.18806354954494636,
            0.8371882660270379
        ],
        "Spine2": [
            0.20393068731178038,
            0.8227320084299332
        ],
        "Spine3": [
            0.21947273495595146,
            0.8247646344792261
        ],
        "Neck": [
            0.2204816368499734,
            0.6543377581337194
        ],
        "Head": [
            0.257494437592873,
            0.5681821149459362
        ],
        "L_Collar": [
            0.23302768174549301,
            0.7071670339425612
        ],
        "L_Shoulder": [
            0.2533308182400101,
            0.6383982023277285
        ],
        "L_Elbow": [
            0.3174059371271706,
            0.5666364088127154
        ],
        "L_Wrist": [
            0.3175002073442302,
            0.4100131506374206
        ],
        "L_Hand": [
            0.2972162002247993,
            0.3697874814972267
        ],
        "R_Collar": [
            0.17965005882144486,
            0.7936473065766547
        ],
        "R_Shoulder": [
            0.18139084938798272,
            0.8628392599970034
        ],
        "R_Elbow": [
            0.4604052582631248,
            0.6340893335939102
        ],
        "R_Wrist": [
            0.35601142810713066,
            0.3717696706254639
        ],
        "R_Hand": [
            0.3191434598021732,
            0.3221433405995441
        ]
    },
    "joints3D": {
        "Pelvis": [
            -0.8007223602830076,
            0.7719552865537807,
            -1.9877188903589684
        ],
        "L_Hip": [
            -0.8299049095310728,
            1.0042437011788279,
            -2.3168571461125587
        ],
        "L_Knee": [
            -1.6370872024254057,
            0.9812718529444915,
            -3.354735940515997
        ],
        "L_Ankle": [
            -2.6792804965799966,
            1.2520105260024563,
            -4.222222181851901
        ],
        "L_Foot": [
            -2.9687971591056717,
            0.8873105200901626,
            -4.268342918696797
        ],
        "R_Hip": [
            -1.1774524638717907,
            0.7597118917492618,
            -2.10240044658995
        ],
        "R_Knee": [
            -2.2978480802800076,
            1.2941076765299468,
            -2.6106442631501556
        ],
        "R_Ankle": [
            -3.2671961349729326,
            2.112499912518075,
            -3.1512643385122834
        ],
        "R_Foot": [
            -3.647806516710504,
            2.130818864651074,
            -3.4175880671881678
        ],
        "Spine1": [
            -0.5965461418790197,
            0.7313576615672607,
            -1.6736292814392244
        ],
        "Spine2": [
            -0.34437275201150613,
            0.6638670877807684,
            -1.2533477824364572
        ],
        "Spine3": [
            -0.1990403017980412,
            0.6039846845068562,
            -1.1173349019913532
        ],
        "Neck": [
            -0.1291716342321973,
            0.64353628877536,
            -0.3602150188570956
        ],
        "Head": [
            0.029465271341588776,
            0.5076883094088381,
            -0.11798496260169068
        ],
        "L_Collar": [
            -0.10626751226739092,
            0.8886829590018416,
            -0.7142447432835797
        ],
        "L_Shoulder": [
            0.036620165314466616,
            1.1291171109129055,
            -0.5509820938870306
        ],
        "L_Elbow": [
            0.7891909943702431,
            1.6360931765751638,
            -0.3979763452920016
        ],
        "L_Wrist": [
            0.6791301060167714,
            1.3904930552394343,
            0.43035332922895997
        ],
        "L_Hand": [
            0.5027328439994703,
            1.464225645130474,
            0.6597645423149858
        ],
        "R_Collar": [
            -0.31019190067323615,
            0.409895040741462,
            -0.6662434358646628
        ],
        "R_Shoulder": [
            -0.1806552146640635,
            0.15485156640102218,
            -0.4909982791354756
        ],
        "R_Elbow": [
            0.6560042605862476,
            0.05648992614960121,
            -0.21190054480661155
        ],
        "R_Wrist": [
            0.6418417824802352,
            0.7207480228559524,
            0.375148342363347
        ],
        "R_Hand": [
            0.4651825050032193,
            0.8402302953082256,
            0.5777959761112135
        ]
    }
}