{
    "joints3D": {
        "Pelvis": [
            -0.20177196726049207,
            0.42362570521527443,
            -1.7371015554791485
        ],
        "L_Hip": [
            3.3295124151001375e-05,
            0.364302028452469,
            -1.9914742388554878
        ],
        "L_Knee": [
            0.3336155064851658,
            -0.3194338748091165,
            -2.8317369743050285
        ],
        "L_Ankle": [
            0.4414844286038887,
            -0.46764658934173997,
            -4.022860447827092
        ],
        "L_Foot": [
            0.6188152246058659,
            -0.8210823241817143,
            -4.062615550947444
        ],
        "R_Hip": [
            -0.38562605224939256,
            0.37349339140566035,
            -2.00110320231894
        ],
        "R_Knee": [
            -0.49812559629922,
            0.21680316305044084,
            -3.140265985411867
        ],
        "R_Ankle": [
            -0.3402693371821286,
            0.2182413538779705,
            -4.335387564768547
        ],
        "R_Foot": [
            -0.5440408997192229,
            -0.07012395377625122,
            -4.528008887742835
        ],
        "Spine1": [
            -0.21216722182626185,
            0.5942428441181806,
            -1.4473697162190995
        ],
        "Spine2": [
            -0.16000973841334237,
            0.591529003371499,
            -1.0546409266572037
        ],
        "Spine3": [
            -0.1327793384662983,
            0.5174404709519801,
            -0.9036465138862466
        ],
        "Neck": [
            -0.06343498445503754,
            0.5124057079070521,
            -0.30582459906788134
        ],
        "Head": [
            0.019873486472968528,
            0.37031512422364465,
            -0.1341573482721814
        ],
        "L_Collar": [
            0.12723081515026685,
            0.5725499325615351,
            -0.5797955606879999
        ],
        "L_Shoulder": [
            0.39780835982848656,
            0.5734558394620783,
            -0.5847501379973267
        ],
        "L_Elbow": [
            0.6329796468043213,
            0.7218807207784687,
            -1.2987752850434566
        ],
        "L_Wrist": [
            0.7355055371994704,
            0.2825866727627869,
            -1.8864846605079677
        ],
        "L_Hand": [
            0.8125735412598295,
            0.15161440245375382,
            -2.088966242324568
        ],
        "R_Collar": [
            -0.3212334438061454,
            0.5331197860981018,
            -0.5300436076231704
        ],
        "R_Shoulder": [
            -0.5830535964061601,
            0.4180724049654624,
            -0.46742234463369814
        ],
        "R_Elbow": [
            -0.9213824971946638,
            0.3634195264414534,
            -1.1303443547341894
        ],
        "R_Wrist": [
            -0.8204267369552642,
            -0.0500880645922249,
            -1.7631483188472428
        ],
        "R_Hand": [
            -0.8052110555655088,
            -0.1923482867897694,
            -1.9716731182358016
        ]
    },
    "joints2D": {
        "Pelvis": [
            0.22537863264309663,
            0.8978300559108207
        ],
        "L_Hip": [
            0.24864480360881205,
            0.9158837274052154
        ],
        "L_Knee": [
            0.725783926798901,
            0.9314411964310674
        ],
        "L_Ankle": [
            0.727564457723324,
            0.9309146575217307
        ],
        "L_Foot": [
            0.7201720866148709,
            0.9067722198698508
        ],
        "R_Hip": [
            0.20904476024501364,
            0.9082339473964772
        ],
        "R_Knee": [
            0.21349337424471326,
            0.9404393152790993
        ],
        "R_Ankle": [
            0.23090142484286263,
            0.9493318802710425
        ],
        "R_Foot": [
            0.7789514900609269,
            0.9565878498456312
        ],
        "Spine1": [
            0.22237790497116489,
            0.8556117471511177
        ],
        "Spine2": [
            0.22406892280569776,
            0.8212008838798789
        ],
        "Spine3": [
            0.22502012666232585,
            0.8187964092002038
        ],
        "Neck": [
            0.2313520886422374,
            0.6639877007448984
        ],
        "Head": [
            0.25663677308042054,
            0.6052305407122117
        ],
        "L_Collar": [
            0.2753814431632831,
            0.7409942246131006
        ],
        "L_Shoulder": [
            0.32617509604610634,
            0.7252209829146988
        ],
        "L_Elbow": [
            0.3231328182077744,
            0.8029724918861032
        ],
        "L_Wrist": [
            0.326728151880316,
            0.897849654372471
        ],
        "L_Hand": [
            0.32999890278955635,
            0.9155912738728955
        ],
        "R_Collar": [
            0.1794781941067352,
            0.725524500525257
        ],
        "R_Shoulder": [
            0.12125639565710865,
            0.7015264485696346
        ],
        "R_Elbow": [
            0.12181909440030422,
            0.8084514652900896
        ],
        "R_Wrist": [
            0.8483651589803364,
            0.9142285102129806
        ],
        "R_Hand": [
            0.835078461170862,
            0.9072819746936085
        ]
    }
}