{
    "joints3D": {
        "Pelvis": [
            -0.2212610348831688,
            0.9157320924767328,
            -1.5723708865823123
        ],
        "L_Hip": [
            -0.06573629773155928,
            0.905194332614525,
            -1.863885464477502
        ],
        "L_Knee": [
            0.109348092264263,
            1.1756169282775246,
            -2.9524249188918703
        ],
        "L_Ankle": [
            0.1460225275246296,
            1.7225229965774276,
            -4.027748238638568
        ],
        "L_Foot": [
            0.15243072580785905,
            1.4272462760426345,
            -4.2945668821554515
        ],
        "R_Hip": [
            -0.43956964016774813,
            0.98350890551202,
            -1.8049239483082544
        ],
        "R_Knee": [
            -0.7607369132528702,
            1.0034100718265215,
            -2.91640662320215
        ],
        "R_Ankle": [
            -0.7201530711177463,
            1.2490148938404784,
            -4.0977892732380505
        ],
        "R_Foot": [
            -1.0223914268563914,
            1.0600180343462404,
            -4.285411387984085
        ],
        "Spine1": [
            -0.1628475656256532,
            0.9861504276985561,
            -1.2481266705149265
        ],
        "Spine2": [
            -0.07974456523682692,
            0.8774917760676203,
            -0.8756676132137798
        ],
        "Spine3": [
            -0.07195890630944157,
            0.7638619484850026,
            -0.7486032093628715
        ],
        "Neck": [
            0.04633355577600936,
            0.6214463397005301,
            -0.17497811489804538
        ],
        "Head": [
            0.07220764059568721,
            0.4275569398881925,
            -0.038932741916549156
        ],
        "L_Collar": [
            0.21611762934507606,
            0.6433245111364827,
            -0.46836118742562544
        ],
        "L_Shoulder": [
            0.4301040324616066,
            0.488149832081659,
            -0.5282767769515224
        ],
        "L_Elbow": [
            0.5271584963472761,
            0.1414436522975506,
            -1.2060077204213506
        ],
        "L_Wrist": [
            0.11874632485927211,
            -0.47760267104115356,
            -1.229151081541079
        ],
        "L_Hand": [
            0.01591568301580967,
            -0.7091794308466497,
            -1.2199861444084004
        ],
        "R_Collar": [
            -0.19606261797061217,
            0.7903128530448799,
            -0.34889214176185296
        ],
        "R_Shoulder": [
            -0.4721395418749151,
            0.8220609246367829,
            -0.25540333588936803
        ],
        "R_Elbow": [
            -0.7553220852515737,
            1.4086976259125397,
            -0.6218310359164655
        ],
        "R_Wrist": [
            -0.987632387662366,
            1.3836792937931492,
            -1.3490085838921062
        ],
        "R_Hand": [
            -1.0587697250003854,
            1.3891380775258635,
            -1.5920214383749085
        ]
    },
    "joints2D": {
        "Pelvis": [
            0.22615608166192566,
            0.8168608801097612
        ],
        "L_Hip": [
            0.24259003129619217,
            0.8404379208059668
        ],
        "L_Knee": [
            0.2553806398651334,
            0.861209984218304
        ],
        "L_Ankle": [
            0.2551094648733464,
            0.8541059373358416
        ],
        "L_Foot": [
            0.25538824485562606,
            0.8774577617969289
        ],
        "R_Hip": [
            0.20921288119421663,
            0.821077969843994
        ],
        "R_Knee": [
            0.20065754942370764,
            0.8651894059836429
        ],
        "R_Ankle": [
            0.21502329440167833,
            0.8798666066535266
        ],
        "R_Foot": [
            0.2018039969172019,
            0.8899250455808392
        ],
        "Spine1": [
            0.23048106899418405,
            0.7756567311533733
        ],
        "Spine2": [
            0.23756350261731274,
            0.7405712183257994
        ],
        "Spine3": [
            0.23708325239024844,
            0.7377641622150443
        ],
        "Neck": [
            0.25991664023482935,
            0.5824449488315095
        ],
        "Head": [
            0.27457279328541906,
            0.5252459643181445
        ],
        "L_Collar": [
            0.2926711330416128,
            0.6881218559302384
        ],
        "L_Shoulder": [
            0.3413183877486318,
            0.7249445101014033
        ],
        "L_Elbow": [
            0.33642732747740667,
            0.898947847415876
        ],
        "L_Wrist": [
            0.7337181563201896,
            0.8624793930942134
        ],
        "L_Hand": [
            0.7492602503200194,
            0.8189872100607276
        ],
        "R_Collar": [
            0.21293859069789997,
            0.6243480978844168
        ],
        "R_Shoulder": [
            0.1695147141179107,
            0.5828894825534047
        ],
        "R_Elbow": [
            0.17575759994338802,
            0.6172879687829216
        ],
        "R_Wrist": [
            0.16811064568564935,
            0.7172765075569364
        ],
        "R_Hand": [
            0.16789855303991152,
            0.7401006418152276
        ]
    }
}