{
    "joints3D": {
        "Pelvis": [
            -0.27482400088499487,
            0.35654690801858097,
            -1.58230262836486
        ],
        "L_Hip": [
            -0.08940966802705436,
            0.45915405311035257,
            -1.7984345594447677
        ],
        "L_Knee": [
            0.652956247138523,
            -0.0947945624706347,
            -2.236579363739939
        ],
        "L_Ankle": [
            -0.11284671248458013,
            0.6243928099001324,
            -2.5555839365550788
        ],
        "L_Foot": [
            -0.009422022912319956,
            0.6715240132051818,
            -2.907607632108657
        ],
        "R_Hip": [
            -0.3587287949174557,
            0.2411286315443955,
            -1.8440041626071455
        ],
        "R_Knee": [
            -0.12727340110275634,
            -0.19622167580373603,
            -2.76748792932924
        ],
        "R_Ankle": [
            -0.14423583862756306,
            -0.0667663682630526,
            -3.8592485800924843
        ],
        "R_Foot": [
            0.002301915297518809,
            -0.3300367125583305,
            -4.080551638613634
        ],
        "Spine1": [
            -0.40015103882601727,
            0.43969292249171504,
            -1.3045104500359415
        ],
        "Spine2": [
            -0.3805475075937841,
            0.3941122993038066,
            -0.928106081260664
        ],
        "Spine3": [
            -0.35195710646313744,
            0.3480406597301052,
            -0.7751331990581554
        ],
        "Neck": [
            -0.43420815418199943,
            0.4148024363158533,
            -0.19862515509541923
        ],
        "Head": [
            -0.3693048931785772,
            0.3027503673212057,
            -0.012176306350064682
        ],
        "L_Collar": [
            -0.2539636201097403,
            0.5592900551721202,
            -0.44316266740970567
        ],
        "L_Shoulder": [
            -0.09524835696168285,
            0.7762659170015372,
            -0.4605054912058461
        ],
        "L_Elbow": [
            0.10438988822904753,
            1.0845274498921962,
            -1.0710759065296491
        ],
        "L_Wrist": [
            0.5707481462567471,
            0.6451691141330843,
            -1.328305107999276
        ],
        "L_Hand": [
            0.7443713839606987,
            0.5006040033951599,
            -1.4074921978395485
        ],
        "R_Collar": [
            -0.5902172488087473,
            0.2632162992764517,
            -0.4575883497666854
        ],
        "R_Shoulder": [
            -0.7963438564250578,
            0.06327756299948535,
            -0.47112187899293273
        ],
        "R_Elbow": [
            -0.8610176507975706,
            -0.34349591522940254,
            -1.029816383849137
        ],
        "R_Wrist": [
            -0.34384496086075167,
            -0.814159642522611,
            -1.1009739392003994
        ],
        "R_Hand": [
            -0.17300676106295865,
            -0.9779893600905416,
            -1.0821132827388724
        ]
    },
    "joints2D": {
        "Pelvis": [
            0.213692785477288,
            0.8997156792297811
        ],
        "L_Hip": [
            0.2387113855937824,
            0.896754152519015
        ],
        "L_Knee": [
            0.6874708281187689,
            0.9349544641829328
        ],
        "L_Ankle": [
            0.23975751916905924,
            0.8996560265613237
        ],
        "L_Foot": [
            0.24798325108391764,
            0.9034290828190153
        ],
        "R_Hip": [
            0.20731092523577271,
            0.9221907409926132
        ],
        "R_Knee": [
            0.7616493534370392,
            0.9448116439491285
        ],
        "R_Ankle": [
            0.7599880460145665,
            0.9590653174879722
        ],
        "R_Foot": [
            0.7512330791325097,
            0.9426375665479064
        ],
        "Spine1": [
            0.19249806715388107,
            0.8633415839926863
        ],
        "Spine2": [
            0.17932990284790157,
            0.8353656703324496
        ],
        "Spine3": [
            0.17390715080035,
            0.8264643325727109
        ],
        "Neck": [
            0.12796861978301335,
            0.6076841774207757
        ],
        "Head": [
            0.11164526587508418,
            0.5063163678686331
        ],
        "L_Collar": [
            0.19145099929348358,
            0.696875039508424
        ],
        "L_Shoulder": [
            0.231485644415373,
            0.6631705222757873
        ],
        "L_Elbow": [
            0.26041704979537655,
            0.738928949050443
        ],
        "L_Wrist": [
            0.3182319317364937,
            0.8211998616398577
        ],
        "L_Hand": [
            0.33860444860335803,
            0.8374956431060679
        ],
        "R_Collar": [
            0.10032024585207343,
            0.727265681978256
        ],
        "R_Shoulder": [
            0.05557532360076577,
            0.725720630500692
        ],
        "R_Elbow": [
            0.8795595548259869,
            0.8039507590603603
        ],
        "R_Wrist": [
            0.7954338518437372,
            0.7795353903657601
        ],
        "R_Hand": [
            0.7719877041074379,
            0.7553410096739838
        ]
    }
}