{
    "joints2D": {
        "Pelvis": [
            0.25616049862359186,
            0.9100897763117047
        ],
        "L_Hip": [
            0.27902185229111004,
            0.9029953742102702
        ],
        "L_Knee": [
            0.28914066668144567,
            0.930106502195458
        ],
        "L_Ankle": [
            0.2797099846705155,
            0.9368501015741011
        ],
        "L_Foot": [
            0.29242215972685653,
            0.9526456745984639
        ],
        "R_Hip": [
            0.23824785695103004,
            0.9304038748732245
        ],
        "R_Knee": [
            0.25207225361002333,
            0.95049285636047
        ],
        "R_Ankle": [
            0.26420144678405605,
            0.9429059293170042
        ],
        "R_Foot": [
            0.728882966728827,
            0.9582028533153558
        ],
        "Spine1": [
            0.24546103938285097,
            0.8807028636770499
        ],
        "Spine2": [
            0.2362994565024922,
            0.8217702217443399
        ],
        "Spine3": [
            0.2359066485461976,
            0.8119085699215304
        ],
        "Neck": [
            0.20043583058690242,
            0.5532210712210688
        ],
        "Head": [
            0.19399183494747083,
            0.4265021271554686
        ],
        "L_Collar": [
            0.26269391012071286,
            0.659012368981768
        ],
        "L_Shoulder": [
            0.3036341439304267,
            0.6213024229293713
        ],
        "L_Elbow": [
            0.3114755612366656,
            0.7794060212986954
        ],
        "L_Wrist": [
            0.3323598609123407,
            0.8538873139549616
        ],
        "L_Hand": [
            0.3293038299847501,
            0.8659554087983965
        ],
        "R_Collar": [
            0.16575187290887114,
            0.6949497620695649
        ],
        "R_Shoulder": [
            0.11891386566745638,
            0.688421531071304
        ],
        "R_Elbow": [
            0.16152862269797602,
            0.8494143937224775
        ],
        "R_Wrist": [
            0.18080953459954616,
            0.9355402291590955
        ],
        "R_Hand": [
            0.19194743380187249,
            0.9476853104479793
        ]
    },
    "joints3D": {
        "Pelvis": [
            0.0583806840566698,
            0.3273991212522325,
            -1.6025629838156497
        ],
        "L_Hip": [
            0.2780526865153941,
            0.4038709894004497,
            -1.8566077974552766
        ],
        "L_Knee": [
            0.5500900294419316,
            0.2988909173637927,
            -2.9394550259478196
        ],
        "L_Ankle": [
            0.58193660198473,
            0.3586569255854439,
            -4.116692606377315
        ],
        "L_Foot": [
            0.8111126636315416,
            0.04815735519020395,
            -4.218176484975225
        ],
        "R_Hip": [
            -0.09070359383146667,
            0.23748633471546068,
            -1.8899241948947352
        ],
        "R_Knee": [
            0.04576303800879318,
            0.15373771566087782,
            -3.0225276162459402
        ],
        "R_Ankle": [
            0.2906032037803595,
            0.31593800954439977,
            -4.161258972484805
        ],
        "R_Foot": [
            0.4114835903486476,
            -0.05715974639436511,
            -4.219242850083498
        ],
        "Spine1": [
            -0.02164294457703199,
            0.4174572046156126,
            -1.3046622560801013
        ],
        "Spine2": [
            -0.06807377913419886,
            0.5065807298122602,
            -0.8948861782804692
        ],
        "Spine3": [
            -0.05899168538328537,
            0.4454888651447777,
            -0.728732523562878
        ],
        "Neck": [
            -0.19453034940388972,
            0.6000918344015626,
            -0.11286818499237139
        ],
        "Head": [
            -0.16481973640496206,
            0.44107916142448994,
            0.10673498240765633
        ],
        "L_Collar": [
            0.06434036182946846,
            0.6445890333564108,
            -0.3702427671983379
        ],
        "L_Shoulder": [
            0.3045886875292964,
            0.7781396284279769,
            -0.3434540999500184
        ],
        "L_Elbow": [
            0.4923843778598897,
            0.776245272954707,
            -1.105393521562693
        ],
        "L_Wrist": [
            0.8121741732973109,
            0.5321923187020194,
            -1.7297546898382197
        ],
        "L_Hand": [
            0.8658439444257581,
            0.5300549162672162,
            -1.9786952424492796
        ],
        "R_Collar": [
            -0.35538550248975126,
            0.504604335683109,
            -0.4237454607180039
        ],
        "R_Shoulder": [
            -0.6339257487221752,
            0.4557660504878781,
            -0.4670094688891358
        ],
        "R_Elbow": [
            -0.6035571087488966,
            0.3848207981569232,
            -1.2198662585296762
        ],
        "R_Wrist": [
            -0.5888513933942927,
            0.05960568700691948,
            -1.9022694781018132
        ],
        "R_Hand": [
            -0.5399697298589616,
            0.018490028919253856,
            -2.144886412331118
        ]
    }
}