{
    "joints3D": {
        "Pelvis": [
            -0.2404762351014284,
            -0.5331902226923865,
            -1.279128601233695
        ],
        "L_Hip": [
            -0.0646034608679194,
            -0.7366632744157023,
            -1.4688039502398478
        ],
        "L_Knee": [
            -0.015782901536952488,
            -1.4104745581110298,
            -2.3748131760230677
        ],
        "L_Ankle": [
            -0.2349414344861448,
            -1.7487230362021415,
            -3.506799087820515
        ],
        "L_Foot": [
            -0.05828244984826744,
            -2.1028610914868047,
            -3.486988571889977
        ],
        "R_Hip": [
            -0.44449406270177527,
            -0.6781385840970886,
            -1.4859028371189673
        ],
        "R_Knee": [
            -0.7350353319330933,
            -1.6277136987870264,
            -2.069804741014613
        ],
        "R_Ankle": [
            -0.5217405907350942,
            -1.4773421624736045,
            -3.2430837200377867
        ],
        "R_Foot": [
            -0.6479065491078722,
            -1.7935032680385097,
            -3.455104925691848
        ],
        "Spine1": [
            -0.21084425848002875,
            -0.24441243995889558,
            -1.1111211600155382
        ],
        "Spine2": [
            -0.15428720262324014,
            -0.0030825058254509304,
            -0.803547517601689
        ],
        "Spine3": [
            -0.15297645851044758,
            0.03916026124374551,
            -0.6390089382884208
        ],
        "Neck": [
            -0.02554136348267111,
            0.40621228973711343,
            -0.18170420867279846
        ],
        "Head": [
            -0.0179881136988444,
            0.35185321205375686,
            0.04906563360092555
        ],
        "L_Collar": [
            0.14182944515395707,
            0.1987443813038039,
            -0.38978656805617595
        ],
        "L_Shoulder": [
            0.3934997294858082,
            0.11916679570755259,
            -0.44578918711909
        ],
        "L_Elbow": [
            0.5056860812044736,
            -0.478262887592459,
            -0.9086124529001108
        ],
        "L_Wrist": [
            0.49302543408221305,
            -1.2063032165661798,
            -0.7842657002850603
        ],
        "L_Hand": [
            0.4840302365634515,
            -1.4581670832091624,
            -0.7983645241089182
        ],
        "R_Collar": [
            -0.27902150463334513,
            0.3617460740955841,
            -0.4058575500219742
        ],
        "R_Shoulder": [
            -0.5284449966435799,
            0.506451175902006,
            -0.45114930088707916
        ],
        "R_Elbow": [
            -0.8218324198136007,
            0.28038073011785375,
            -1.09648573413665
        ],
        "R_Wrist": [
            -1.0984049392230824,
            -0.2421748509864789,
            -1.5746528237033157
        ],
        "R_Hand": [
            -1.1446746785312734,
            -0.4069329171790778,
            -1.7598282861118684
        ]
    },
    "joints2D": {
        "Pelvis": [
            0.7847386379564836,
            0.8523882921405392
        ],
        "L_Hip": [
            0.7588228923932929,
            0.8366898637075036
        ],
        "L_Knee": [
            0.7524186208956242,
            0.8162511364852765
        ],
        "L_Ankle": [
            0.7627406850901105,
            0.8370638845343564
        ],
        "L_Foot": [
            0.7540076990180947,
            0.8142577697573969
        ],
        "R_Hip": [
            0.802185939931063,
            0.8371042297894383
        ],
        "R_Knee": [
            0.7996801279272567,
            0.7694217162200421
        ],
        "R_Ankle": [
            0.7792918198230355,
            0.8445412343689253
        ],
        "R_Foot": [
            0.7824734545895644,
            0.8291352717512115
        ],
        "Spine1": [
            0.7895755855169796,
            0.9000784477181425
        ],
        "Spine2": [
            0.7952623123134724,
            0.9545939291694685
        ],
        "Spine3": [
            0.19614557099809143,
            0.9358499955879956
        ],
        "Neck": [
            0.23946075346232695,
            0.62790560656041
        ],
        "Head": [
            0.24075433707072919,
            0.4542565245692898
        ],
        "L_Collar": [
            0.3075925013540338,
            0.8213110181547737
        ],
        "L_Shoulder": [
            0.38564581264607783,
            0.8077027884794402
        ],
        "L_Elbow": [
            0.666421282826066,
            0.8025122516674292
        ],
        "L_Wrist": [
            0.6971587410776172,
            0.6697165741317841
        ],
        "L_Hand": [
            0.7054419725124768,
            0.648753653473078
        ],
        "R_Collar": [
            0.1664768535904271,
            0.7363112292825822
        ],
        "R_Shoulder": [
            0.13792291412091293,
            0.6863298119560695
        ],
        "R_Elbow": [
            0.12480354150549236,
            0.8277303667308348
        ],
        "R_Wrist": [
            0.8753520100767233,
            0.8527916121730952
        ],
        "R_Hand": [
            0.8647063302991043,
            0.8458049921408485
        ]
    }
}