{
    "joints3D": {
        "Pelvis": [
            -0.09720966836605804,
            1.210993766147815,
            -2.1916107127791085
        ],
        "L_Hip": [
            0.12586483825704978,
            1.3429141736503918,
            -2.4937068691977444
        ],
        "L_Knee": [
            0.30788743540606456,
            1.7202307496518126,
            -3.8402932108193264
        ],
        "L_Ankle": [
            0.3243379625289581,
            2.1214769977017998,
            -5.173489883636724
        ],
        "L_Foot": [
            0.4659675500613865,
            2.106728224476353,
            -5.648565839768669
        ],
        "R_Hip": [
            -0.32092215311502914,
            1.3149863257607362,
            -2.4930651497035616
        ],
        "R_Knee": [
            -0.46611789320594255,
            1.7422243683532834,
            -3.8198623466994914
        ],
        "R_Ankle": [
            -0.48132062909781964,
            2.2110311081431777,
            -5.11793613124628
        ],
        "R_Foot": [
            -0.5774076475204163,
            2.130605696954124,
            -5.592818613739681
        ],
        "Spine1": [
            -0.11003135256290289,
            1.179750886341288,
            -1.7855769499654297
        ],
        "Spine2": [
            -0.06196559717557605,
            0.9370590387257657,
            -1.296674692380926
        ],
        "Spine3": [
            -0.04505966695944886,
            0.873121568342802,
            -1.0859997388498959
        ],
        "Neck": [
            -0.04257554056721077,
            0.7810863021556317,
            -0.3167941966896686
        ],
        "Head": [
            0.06415083313549555,
            0.5599081604444848,
            -0.07406102191968762
        ],
        "L_Collar": [
            0.208126692603057,
            0.9044781258843527,
            -0.6431364850548188
        ],
        "L_Shoulder": [
            0.4528360057403099,
            0.8282689075511099,
            -0.42698431795858327
        ],
        "L_Elbow": [
            0.7910263695072244,
            0.2665099670262706,
            0.14934945209578632
        ],
        "L_Wrist": [
            0.7324638386450806,
            -0.030461906583487557,
            0.9599179012303075
        ],
        "L_Hand": [
            0.7610486708116633,
            -0.04165712817894963,
            1.2700299243082773
        ],
        "R_Collar": [
            -0.31451271028835825,
            0.8618868678288312,
            -0.6490508999563828
        ],
        "R_Shoulder": [
            -0.5404324526911782,
            0.7134737904306085,
            -0.4114972081434677
        ],
        "R_Elbow": [
            -0.8587325650949711,
            0.12243472933340319,
            0.09740344879680495
        ],
        "R_Wrist": [
            -0.7824152960446573,
            -0.07976009114351039,
            0.9639463073274194
        ],
        "R_Hand": [
            -0.7676999257555684,
            -0.09500170733496512,
            1.2711974706715743
        ]
    },
    "joints2D": {
        "Pelvis": [
            0.24137003980134605,
            0.8251467305134114
        ],
        "L_Hip": [
            0.25699309896551076,
            0.8282237658393935
        ],
        "L_Knee": [
            0.2627263117825312,
            0.8486484145428385
        ],
        "L_Ankle": [
            0.25994832656941896,
            0.8579974915379188
        ],
        "L_Foot": [
            0.26387518597592785,
            0.8666198441329221
        ],
        "R_Hip": [
            0.22727628973445552,
            0.8292283646273705
        ],
        "R_Knee": [
            0.22738261519213518,
            0.845714914898212
        ],
        "R_Ankle": [
            0.2319558531250188,
            0.8521191501479316
        ],
        "R_Foot": [
            0.2297036473117685,
            0.8641460585537041
        ],
        "Spine1": [
            0.2392583923030236,
            0.8018123828102515
        ],
        "Spine2": [
            0.24165934389679689,
            0.7894876977356872
        ],
        "Spine3": [
            0.24289833217660045,
            0.7741096116020919
        ],
        "Neck": [
            0.24059933198172087,
            0.6169593123419179
        ],
        "Head": [
            0.2662686002260068,
            0.5379834221569947
        ],
        "L_Collar": [
            0.2793717940566119,
            0.6872044191864944
        ],
        "L_Shoulder": [
            0.32155462066448226,
            0.6347842306643777
        ],
        "L_Elbow": [
            0.43567685175554144,
            0.4266562488053258
        ],
        "L_Wrist": [
            0.6118322356012937,
            0.13157459791961781
        ],
        "L_Hand": [
            0.6333286061847001,
            0.10334789376446683
        ],
        "R_Collar": [
            0.20140034329021111,
            0.6922622536272509
        ],
        "R_Shoulder": [
            0.1545855663247098,
            0.6405148421178088
        ],
        "R_Elbow": [
            0.03531740861986162,
            0.4488892345550645
        ],
        "R_Wrist": [
            0.8930724734606933,
            0.14809599768097245
        ],
        "R_Hand": [
            0.8676249357433838,
            0.11224323231958136
        ]
    }
}