{
    "joints3D": {
        "Pelvis": [
            0.12348132255914725,
            -0.3368182270071871,
            -2.0854911351074117
        ],
        "L_Hip": [
            0.4087068329163142,
            -0.42689151916865264,
            -2.413951333605597
        ],
        "L_Knee": [
            0.5923181643540778,
            -0.5013878485898347,
            -3.7923451021097025
        ],
        "L_Ankle": [
            0.6519094487874735,
            -0.4704490395727809,
            -5.288801301826101
        ],
        "L_Foot": [
            0.7124025545726408,
            -0.9431736496507361,
            -5.351659719061668
        ],
        "R_Hip": [
            -0.12704507075995985,
            -0.41616153711876225,
            -2.4293574928072377
        ],
        "R_Knee": [
            -0.15725328618499262,
            -0.5205859627071309,
            -3.8454570030295154
        ],
        "R_Ankle": [
            -0.002699700708548605,
            -0.44096547864425856,
            -5.331989822589977
        ],
        "R_Foot": [
            -0.13786707242845472,
            -0.9075834864770453,
            -5.363954470969545
        ],
        "Spine1": [
            0.10861442110926249,
            -0.12194592092242937,
            -1.732875447348659
        ],
        "Spine2": [
            0.09919884574008159,
            0.04626211783632232,
            -1.2499501861986448
        ],
        "Spine3": [
            0.08634033428131575,
            0.017709470737120914,
            -1.0264182425177732
        ],
        "Neck": [
            0.07981617119964386,
            0.5307148113265274,
            -0.36197279333866217
        ],
        "Head": [
            0.07306273479005801,
            0.4014731600316839,
            -0.08332800685745288
        ],
        "L_Collar": [
            0.3554977732421894,
            0.3034223050919851,
            -0.6624369198010568
        ],
        "L_Shoulder": [
            0.5840872082477959,
            0.35358281491993415,
            -0.44596260936564125
        ],
        "L_Elbow": [
            1.2590018525808682,
            0.12980765921760348,
            0.16995618728108014
        ],
        "L_Wrist": [
            1.6624407805029302,
            -0.005047952410108794,
            0.9444426283110913
        ],
        "L_Hand": [
            1.7967541284693218,
            -0.1338619767075887,
            1.1768366721419714
        ],
        "R_Collar": [
            -0.17584991537430564,
            0.36240009307974264,
            -0.7087411627933933
        ],
        "R_Shoulder": [
            -0.40983147943515963,
            0.45441285142289684,
            -0.49022259144203534
        ],
        "R_Elbow": [
            -1.1540302544869303,
            0.2946039845603115,
            0.03627023809206273
        ],
        "R_Wrist": [
            -1.8171454432364997,
            0.3036713107617178,
            0.6602414422410535
        ],
        "R_Hand": [
            -2.041436330600003,
            0.21366926350517287,
            0.8333105640118852
        ]
    },
    "joints2D": {
        "Pelvis": [
            0.7388203303181953,
            0.9208065750870115
        ],
        "L_Hip": [
            0.7162327596869148,
            0.9122122998018635
        ],
        "L_Knee": [
            0.7180047635796972,
            0.9243828684659855
        ],
        "L_Ankle": [
            0.7242363358888901,
            0.9373583642824219
        ],
        "L_Foot": [
            0.7235990530934453,
            0.9143506271735398
        ],
        "R_Hip": [
            0.7623700365369004,
            0.9184006154651972
        ],
        "R_Knee": [
            0.7601651047187865,
            0.9279847992611304
        ],
        "R_Ankle": [
            0.751471320644578,
            0.9421580805333101
        ],
        "R_Foot": [
            0.7567826574988218,
            0.919339650819226
        ],
        "Spine1": [
            0.7373412076867151,
            0.9445631904227044
        ],
        "Spine2": [
            0.26671639056927343,
            0.9527910819948716
        ],
        "Spine3": [
            0.2680096552264206,
            0.9577864701817814
        ],
        "Neck": [
            0.2690579996912912,
            0.6824653387901144
        ],
        "Head": [
            0.276237283673969,
            0.5602290056826938
        ],
        "L_Collar": [
            0.33441783371400374,
            0.8169557216174871
        ],
        "L_Shoulder": [
            0.3854864471583067,
            0.7062507768219607
        ],
        "L_Elbow": [
            0.4665405761282631,
            0.43845294237353977
        ],
        "L_Wrist": [
            0.5487854550411075,
            0.2671164505599838
        ],
        "L_Hand": [
            0.5630371260065603,
            0.25058916767030653
        ],
        "R_Collar": [
            0.20760224656977017,
            0.8280882217396323
        ],
        "R_Shoulder": [
            0.15414927878559173,
            0.7233371114174436
        ],
        "R_Elbow": [
            0.04877856942655592,
            0.484719560277917
        ],
        "R_Wrist": [
            0.04875075015112598,
            0.3520261810559014
        ],
        "R_Hand": [
            0.04443037821172617,
            0.3305655580729198
        ]
    }
}