{
    "joints3D": {
        "Pelvis": [
            0.776922850539149,
            0.6562876429817949,
            -1.800612160071001
        ],
        "L_Hip": [
            0.8550761982317365,
            0.37902816652523086,
            -2.019703539243489
        ],
        "L_Knee": [
            0.27204342197889436,
            -0.5961666686177123,
            -1.425288437286441
        ],
        "L_Ankle": [
            -0.126030854769544,
            -1.3839489603015378,
            -2.3329039062372265
        ],
        "L_Foot": [
            -0.33090689340446505,
            -1.6787406773873679,
            -2.0599839116888274
        ],
        "R_Hip": [
            0.5889154656800606,
            0.6763068851050235,
            -2.100116016030261
        ],
        "R_Knee": [
            -0.460742969592499,
            0.0833149718824802,
            -2.5128421642242382
        ],
        "R_Ankle": [
            -0.3647391545931573,
            -0.13436688055773507,
            -3.7450698543040866
        ],
        "R_Foot": [
            -0.7260686326691003,
            -0.3730673152047646,
            -3.636026392983161
        ],
        "Spine1": [
            0.9182515826247132,
            0.8735151113796478,
            -1.5358781542225357
        ],
        "Spine2": [
            0.7119669425724112,
            0.7220862406638962,
            -1.1083983499448766
        ],
        "Spine3": [
            0.6292424304517359,
            0.6407862236046327,
            -0.944514087616539
        ],
        "Neck": [
            0.5018342988954266,
            0.5604148961154203,
            -0.2564060357428652
        ],
        "Head": [
            0.4180140234363687,
            0.35780617833299394,
            -0.031687190762544684
        ],
        "L_Collar": [
            0.7657358479226305,
            0.47629517242815717,
            -0.5318705645994072
        ],
        "L_Shoulder": [
            0.8743180125546463,
            0.1941857940397993,
            -0.5713984927465162
        ],
        "L_Elbow": [
            0.8185719814312153,
            -0.3917238678583522,
            -1.1040171472211304
        ],
        "L_Wrist": [
            0.32734777853215885,
            -0.8459860135912514,
            -0.6901401250223963
        ],
        "L_Hand": [
            0.22905930663366553,
            -1.0085052731627173,
            -0.47986574487604045
        ],
        "R_Collar": [
            0.419286331413156,
            0.802684215871412,
            -0.5602121977237388
        ],
        "R_Shoulder": [
            0.09244753050199984,
            0.8175881539796461,
            -0.5644669044586911
        ],
        "R_Elbow": [
            -0.49463485916145095,
            0.5213408077077959,
            -0.9572276965143389
        ],
        "R_Wrist": [
            -0.9832827132491588,
            -0.07094802948753191,
            -0.6929435025640628
        ],
        "R_Hand": [
            -1.1665305504541632,
            -0.21311833546756012,
            -0.5360106411483012
        ]
    },
    "joints2D": {
        "Pelvis": [
            0.32387086930167497,
            0.8459897405781781
        ],
        "L_Hip": [
            0.3307546979580634,
            0.8851888842693383
        ],
        "L_Knee": [
            0.7175143150710321,
            0.8519172031183428
        ],
        "L_Ankle": [
            0.759971255469659,
            0.8161295208689129
        ],
        "L_Foot": [
            0.7733110249204278,
            0.7706008502798487
        ],
        "R_Hip": [
            0.3007461294394721,
            0.8689019125326105
        ],
        "R_Knee": [
            0.2073352072847964,
            0.9478405517992501
        ],
        "R_Ankle": [
            0.7735201949432997,
            0.9523824348382743
        ],
        "R_Foot": [
            0.7944552293680036,
            0.9289226134726118
        ],
        "Spine1": [
            0.33657409090334106,
            0.7914373882049727
        ],
        "Spine2": [
            0.33755969669116626,
            0.7741409667452904
        ],
        "Spine3": [
            0.33884551229492976,
            0.7680817190072894
        ],
        "Neck": [
            0.3576538123597845,
            0.6086797973184975
        ],
        "Head": [
            0.38228281124671165,
            0.5175437659079701
        ],
        "L_Collar": [
            0.38723137433253074,
            0.6898084750779299
        ],
        "L_Shoulder": [
            0.4235188697218452,
            0.7258602562679065
        ],
        "L_Elbow": [
            0.6345335288296382,
            0.812409415683454
        ],
        "L_Wrist": [
            0.7024405807422924,
            0.7035485811800133
        ],
        "L_Hand": [
            0.7188605152289806,
            0.6334461532822274
        ],
        "R_Collar": [
            0.31542593501237465,
            0.6757456871015562
        ],
        "R_Shoulder": [
            0.2639856642569152,
            0.6846620506721195
        ],
        "R_Elbow": [
            0.16974666673548378,
            0.8026397052699793
        ],
        "R_Wrist": [
            0.9357355590096311,
            0.7571524259214892
        ],
        "R_Hand": [
            0.9435485708630014,
            0.6739017605796053
        ]
    }
}