{
    "joints2D": {
        "Pelvis": [
            0.2198866512122749,
            0.9466476172669722
        ],
        "L_Hip": [
            0.24383540534155362,
            0.9431421893844323
        ],
        "L_Knee": [
            0.7355223197122269,
            0.95483951636862
        ],
        "L_Ankle": [
            0.742573423119189,
            0.9471691216557925
        ],
        "L_Foot": [
            0.7287388723211652,
            0.9314601014926133
        ],
        "R_Hip": [
            0.7958691818918047,
            0.9486858653924363
        ],
        "R_Knee": [
            0.7770236344812467,
            0.9158975571199659
        ],
        "R_Ankle": [
            0.7699273157517192,
            0.9273027934638622
        ],
        "R_Foot": [
            0.7627900525131183,
            0.906331049022554
        ],
        "Spine1": [
            0.20799537023941256,
            0.9188437626852873
        ],
        "Spine2": [
            0.19705552512468036,
            0.8795236522253526
        ],
        "Spine3": [
            0.19474300795482885,
            0.8783072012830474
        ],
        "Neck": [
            0.15293329655598634,
            0.6344887488364708
        ],
        "Head": [
            0.1297842721794126,
            0.48625655738942636
        ],
        "L_Collar": [
            0.22434694928675392,
            0.7539302095991333
        ],
        "L_Shoulder": [
            0.2775462569673282,
            0.7208467463517844
        ],
        "L_Elbow": [
            0.27995264686294147,
            0.8452169049085593
        ],
        "L_Wrist": [
            0.2975649978799396,
            0.9139232498719652
        ],
        "L_Hand": [
            0.2933225631410424,
            0.9258978554984453
        ],
        "R_Collar": [
            0.12055817571739619,
            0.75783413883353
        ],
        "R_Shoulder": [
            0.07477978590618703,
            0.7377910528805025
        ],
        "R_Elbow": [
            0.8775014018833711,
            0.88210903025048
        ],
        "R_Wrist": [
            0.8289064263113259,
            0.8686627903095167
        ],
        "R_Hand": [
            0.8201343466412961,
            0.8697137038251913
        ]
    },
    "joints3D": {
        "Pelvis": [
            -0.21938441710364487,
            0.08941596635809113,
            -1.714221347193165
        ],
        "L_Hip": [
            -0.043112654987904564,
            0.15716596022312748,
            -1.999853747467346
        ],
        "L_Knee": [
            0.21153626451357557,
            -0.0931216576829464,
            -3.0559352537019557
        ],
        "L_Ankle": [
            0.16461234867382857,
            -0.26308142421208414,
            -4.214830857949766
        ],
        "L_Foot": [
            0.45309113608454993,
            -0.5003300016772086,
            -4.348441864354389
        ],
        "R_Hip": [
            -0.3878564427826859,
            -0.049937693317024086,
            -1.9667237565139082
        ],
        "R_Knee": [
            -0.3682625746442628,
            -0.5169730003241346,
            -3.003323322101262
        ],
        "R_Ankle": [
            -0.3602710519541368,
            -0.5574546420775928,
            -4.171656900120127
        ],
        "R_Foot": [
            -0.23739201586918324,
            -0.9242066964871143,
            -4.247301305460542
        ],
        "Spine1": [
            -0.27414746940520607,
            0.20542405813262615,
            -1.4216664729311077
        ],
        "Spine2": [
            -0.2724779146859648,
            0.28315799673216563,
            -1.0095053716047035
        ],
        "Spine3": [
            -0.23846033599541216,
            0.23700584781025633,
            -0.8428768481698259
        ],
        "Neck": [
            -0.31435252548683795,
            0.4086964491323693,
            -0.22532647821577992
        ],
        "Head": [
            -0.27403381154599005,
            0.285281226632244,
            0.012710694565658535
        ],
        "L_Collar": [
            -0.09724041176748961,
            0.46692488220398604,
            -0.5136279256694833
        ],
        "L_Shoulder": [
            0.13903441246208187,
            0.6046627253333805,
            -0.5376779013579952
        ],
        "L_Elbow": [
            0.2360644820556197,
            0.5892618121936002,
            -1.3115842826802506
        ],
        "L_Wrist": [
            0.45822541130182803,
            0.2947050614748984,
            -1.9511540869533528
        ],
        "L_Hand": [
            0.45859516363229047,
            0.24598602539235712,
            -2.1995897670710245
        ],
        "R_Collar": [
            -0.4986286400610674,
            0.279472153411872,
            -0.5071645911825985
        ],
        "R_Shoulder": [
            -0.752859778134726,
            0.15273634324178817,
            -0.5207280355983862
        ],
        "R_Elbow": [
            -0.8168441894492124,
            -0.03680955030555354,
            -1.2459825692080013
        ],
        "R_Wrist": [
            -0.7699835458832558,
            -0.49003986717804165,
            -1.8437459528421598
        ],
        "R_Hand": [
            -0.7655203802529672,
            -0.5888307228694023,
            -2.0727073423607925
        ]
    }
}