{
    "joints3D": {
        "Pelvis": [
            -0.4135055770177584,
            0.17551040096414583,
            -1.8398778551902149
        ],
        "L_Hip": [
            -0.35780127955908725,
            0.11526551817386162,
            -2.2155047012758584
        ],
        "L_Knee": [
            -0.8649422516447147,
            -0.28558595344217963,
            -3.232713808422535
        ],
        "L_Ankle": [
            -1.6117822050106891,
            0.0910836944534579,
            -4.2232399116504284
        ],
        "L_Foot": [
            -1.8305456769450081,
            -0.06332887305384552,
            -4.541657841441784
        ],
        "R_Hip": [
            -0.7494641616871163,
            0.07344794664120857,
            -1.9703185482309495
        ],
        "R_Knee": [
            -1.5133012978144411,
            -0.7555447385376648,
            -2.460503374903133
        ],
        "R_Ankle": [
            -2.357641122390922,
            -1.0450828655224045,
            -3.399193852862836
        ],
        "R_Foot": [
            -2.529459882423092,
            -1.4158960894432777,
            -3.2966280091702687
        ],
        "Spine1": [
            -0.2761116340762842,
            0.3693011361200949,
            -1.5725708092835717
        ],
        "Spine2": [
            -0.1403961941930498,
            0.39387570991862286,
            -1.1519415179214434
        ],
        "Spine3": [
            -0.0958405755612687,
            0.3264070999836259,
            -0.9741074715431648
        ],
        "Neck": [
            -0.05560052919550865,
            0.5642459103143613,
            -0.28877908291014276
        ],
        "Head": [
            0.020204109359127996,
            0.41628440970192243,
            -0.08125652942442717
        ],
        "L_Collar": [
            0.15071805228255547,
            0.5208583560108134,
            -0.6334520407205128
        ],
        "L_Shoulder": [
            0.397733010819448,
            0.6357406491351549,
            -0.5897232638063553
        ],
        "L_Elbow": [
            1.077111886156304,
            0.7710205182720252,
            -1.0175218805529092
        ],
        "L_Wrist": [
            1.8399740286067812,
            0.7359729447406793,
            -0.9768125796667236
        ],
        "L_Hand": [
            2.0892253128021894,
            0.763400914993545,
            -1.0361226249580198
        ],
        "R_Collar": [
            -0.30717180824342627,
            0.4619367808288415,
            -0.5828873983440294
        ],
        "R_Shoulder": [
            -0.5788218475887458,
            0.4462310576726734,
            -0.48761193601616426
        ],
        "R_Elbow": [
            -1.3381742058207722,
            0.2670682907843646,
            -0.6689881601022433
        ],
        "R_Wrist": [
            -2.0524088533420612,
            -0.037734240024633894,
            -0.5346865995200168
        ],
        "R_Hand": [
            -2.305041312889526,
            -0.033631543755818345,
            -0.48625078005630623
        ]
    },
    "joints2D": {
        "Pelvis": [
            0.200165118878701,
            0.9286686170391699
        ],
        "L_Hip": [
            0.2125193959051373,
            0.9446161569291891
        ],
        "L_Knee": [
            0.8087618652858841,
            0.9263702588116057
        ],
        "L_Ankle": [
            0.16639129718785126,
            0.9283104633172827
        ],
        "L_Foot": [
            0.8379482268480947,
            0.9269468648742053
        ],
        "R_Hip": [
            0.16731804575910678,
            0.9248753689398143
        ],
        "R_Knee": [
            0.8556854232830576,
            0.8365359560615976
        ],
        "R_Ankle": [
            0.8655055023084942,
            0.8264311969393134
        ],
        "R_Foot": [
            0.8664903793624769,
            0.7973833028396775
        ],
        "Spine1": [
            0.21353053740277578,
            0.8972235048774485
        ],
        "Spine2": [
            0.2257395805250917,
            0.873096877095306
        ],
        "Spine3": [
            0.23003356169732497,
            0.8755345346310939
        ],
        "Neck": [
            0.23451799099265647,
            0.6439904741556057
        ],
        "Head": [
            0.2560848587215546,
            0.5571553191665978
        ],
        "L_Collar": [
            0.28077894250029845,
            0.7674248002024262
        ],
        "L_Shoulder": [
            0.32164251849376985,
            0.7137620715356904
        ],
        "L_Elbow": [
            0.3705177789367674,
            0.727550199672552
        ],
        "L_Wrist": [
            0.4143134256659826,
            0.6731879309312971
        ],
        "L_Hand": [
            0.41957949841900893,
            0.6668315120727258
        ],
        "R_Collar": [
            0.17949138950516663,
            0.7597195438352659
        ],
        "R_Shoulder": [
            0.12630814046911612,
            0.7033947695492028
        ],
        "R_Elbow": [
            0.06091667242064595,
            0.6849794804072197
        ],
        "R_Wrist": [
            0.9748842826394934,
            0.6137468656270626
        ],
        "R_Hand": [
            0.9778237837849642,
            0.5928286842859833
        ]
    }
}