{
    "joints3D": {
        "Pelvis": [
            -0.27161489348691803,
            -0.21711457421143077,
            -1.6742061004910398
        ],
        "L_Hip": [
            -0.09155956804018434,
            -0.32937456043814856,
            -1.984966552963961
        ],
        "L_Knee": [
            -0.10205245162017683,
            -0.9158763683537093,
            -3.0083148269211444
        ],
        "L_Ankle": [
            -0.40898476805198225,
            -0.8654864951888482,
            -4.238425032820025
        ],
        "L_Foot": [
            -0.2839026605068827,
            -1.2341835691681706,
            -4.357625300720667
        ],
        "R_Hip": [
            -0.5372058580369921,
            -0.3344071701629851,
            -1.8980087273492747
        ],
        "R_Knee": [
            -0.8206909977821158,
            -0.6145269085914447,
            -3.0330915856815044
        ],
        "R_Ankle": [
            -0.8334803482174561,
            -0.8446274585364651,
            -4.279694662462117
        ],
        "R_Foot": [
            -1.0066877705634516,
            -1.2129394951731838,
            -4.213341755424299
        ],
        "Spine1": [
            -0.2304112778730079,
            0.008757180484297487,
            -1.4100533998968114
        ],
        "Spine2": [
            -0.13781647024561194,
            0.20260631293464829,
            -1.0338386524947378
        ],
        "Spine3": [
            -0.10523161740476891,
            0.15079609097400026,
            -0.8527119286105193
        ],
        "Neck": [
            0.0229301600539088,
            0.4940476727942537,
            -0.2433224103304782
        ],
        "Head": [
            0.06607125402861973,
            0.39400740677897944,
            -0.006987985279203246
        ],
        "L_Collar": [
            0.1903868391208216,
            0.3452834279016675,
            -0.5691948393077434
        ],
        "L_Shoulder": [
            0.445712057627373,
            0.2927425651410761,
            -0.6396566730042174
        ],
        "L_Elbow": [
            0.4253660208132796,
            0.0665924209212515,
            -1.4034359812335053
        ],
        "L_Wrist": [
            0.4471608345482044,
            -0.40042713242102973,
            -1.9879021341711582
        ],
        "L_Hand": [
            0.4612187631139169,
            -0.4977975159926141,
            -2.2201041272577866
        ],
        "R_Collar": [
            -0.2560406750533561,
            0.3957197059510361,
            -0.5002353740137666
        ],
        "R_Shoulder": [
            -0.5361782978421723,
            0.3789896362968126,
            -0.4709771764643374
        ],
        "R_Elbow": [
            -0.7797578651521071,
            0.13556984757484028,
            -1.1752312145525587
        ],
        "R_Wrist": [
            -1.0901989041810467,
            -0.3675424136804755,
            -1.6705978537898314
        ],
        "R_Hand": [
            -1.1839094207506917,
            -0.5016168843851969,
            -1.8620070787555187
        ]
    },
    "joints2D": {
        "Pelvis": [
            0.7860265015051903,
            0.9246601453590051
        ],
        "L_Hip": [
            0.7611059488529386,
            0.9199139513489314
        ],
        "L_Knee": [
            0.7579261933781728,
            0.8844776338269673
        ],
        "L_Ankle": [
            0.7712078667758613,
            0.9086877775095298
        ],
        "L_Foot": [
            0.7641306993485389,
            0.889357880895003
        ],
        "R_Hip": [
            0.8088351508630317,
            0.9034241724006249
        ],
        "R_Knee": [
            0.8055955781779784,
            0.898177543493727
        ],
        "R_Ankle": [
            0.7911004434898854,
            0.9054087185954726
        ],
        "R_Foot": [
            0.7970896118687281,
            0.8800824885455346
        ],
        "Spine1": [
            0.21114319954442043,
            0.9562387036908896
        ],
        "Spine2": [
            0.22117974682150623,
            0.9092917042387328
        ],
        "Spine3": [
            0.2228879417163414,
            0.9146514577028931
        ],
        "Neck": [
            0.25534209900701527,
            0.6394929991831423
        ],
        "Head": [
            0.2744587071841755,
            0.5027437319517515
        ],
        "L_Collar": [
            0.29987678019683317,
            0.8036374867681247
        ],
        "L_Shoulder": [
            0.35430847905378327,
            0.8005757876056809
        ],
        "L_Elbow": [
            0.314585834311785,
            0.9324322049892244
        ],
        "L_Wrist": [
            0.7058141380541929,
            0.9022291793870868
        ],
        "L_Hand": [
            0.7097527010791599,
            0.8978284999624352
        ],
        "R_Collar": [
            0.181201258238914,
            0.7608024317219515
        ],
        "R_Shoulder": [
            0.1235885634146498,
            0.7169744055134726
        ],
        "R_Elbow": [
            0.12663884616135476,
            0.8650406103027669
        ],
        "R_Wrist": [
            0.8656492201395279,
            0.8475553968718911
        ],
        "R_Hand": [
            0.8605690761228217,
            0.8408063579719938
        ]
    }
}