{
    "joints3D": {
        "Pelvis": [
            -0.28655455844915867,
            -0.5870266063697588,
            -1.4888496569538179
        ],
        "L_Hip": [
            -0.19156933548463825,
            -0.8704153868786854,
            -1.7005572270385498
        ],
        "L_Knee": [
            -0.2677183380058516,
            -1.9504960164471656,
            -2.2001595081110596
        ],
        "L_Ankle": [
            -0.637378671037022,
            -2.9094919109596997,
            -2.9184327556201968
        ],
        "L_Foot": [
            -0.6143393378924531,
            -3.2661402366628076,
            -2.689704166976897
        ],
        "R_Hip": [
            -0.5854291780548445,
            -0.7020536220492792,
            -1.647236359675155
        ],
        "R_Knee": [
            -1.4195945444360012,
            -1.504818874468592,
            -2.020333969165503
        ],
        "R_Ankle": [
            -2.0106030803756023,
            -2.382140864144618,
            -2.687238177199867
        ],
        "R_Foot": [
            -2.2482269229700824,
            -2.614895852782553,
            -2.428235604081271
        ],
        "Spine1": [
            -0.1588639682824934,
            -0.2999657280238587,
            -1.3545053316900462
        ],
        "Spine2": [
            0.011161175524663704,
            -0.03160330556735064,
            -1.037711274045716
        ],
        "Spine3": [
            0.030294021738164943,
            -0.02779383284064426,
            -0.8502316589853203
        ],
        "Neck": [
            0.24139184652829646,
            0.4176971105438679,
            -0.3668638106115921
        ],
        "Head": [
            0.2502611878113605,
            0.3211765619934708,
            -0.09350847486453293
        ],
        "L_Collar": [
            0.3771415687271938,
            0.14268262732853618,
            -0.6094600117110122
        ],
        "L_Shoulder": [
            0.5569503277589046,
            -0.06585680247685904,
            -0.5073662424867279
        ],
        "L_Elbow": [
            0.2537036760289748,
            -0.7605341789732054,
            -0.8563486073174398
        ],
        "L_Wrist": [
            -0.26663363469267365,
            -1.2770685377546964,
            -1.14996164017895
        ],
        "L_Hand": [
            -0.439132634622539,
            -1.3906759094024297,
            -1.3250955249548162
        ],
        "R_Collar": [
            -0.044515908953684624,
            0.3587946447266685,
            -0.6191174000945457
        ],
        "R_Shoulder": [
            -0.3276761849065186,
            0.40036343518711026,
            -0.5160047077418406
        ],
        "R_Elbow": [
            -0.6879017495722466,
            -0.14466906226733942,
            -0.985894315593508
        ],
        "R_Wrist": [
            -0.7840465644349607,
            -0.9040205130315331,
            -1.2319109401762256
        ],
        "R_Hand": [
            -0.7605031032546753,
            -1.1422053746323302,
            -1.349742758639196
        ]
    },
    "joints2D": {
        "Pelvis": [
            0.7860206028902683,
            0.85746790101902
        ],
        "L_Hip": [
            0.7702768603158886,
            0.8331549607064478
        ],
        "L_Knee": [
            0.7672698503898375,
            0.7588043157393567
        ],
        "L_Ankle": [
            0.7778187302791272,
            0.7395932955107736
        ],
        "L_Foot": [
            0.775640675393721,
            0.7099056268385052
        ],
        "R_Hip": [
            0.8121868044286011,
            0.8395896757937653
        ],
        "R_Knee": [
            0.8420901387742603,
            0.7555363718274148
        ],
        "R_Ankle": [
            0.8396987606300081,
            0.7334215040368509
        ],
        "R_Foot": [
            0.8462967835902522,
            0.7023615915681545
        ],
        "Spine1": [
            0.7751797788457343,
            0.90348905740949
        ],
        "Spine2": [
            0.7488923832699301,
            0.9558938291208444
        ],
        "Spine3": [
            0.7432035660926117,
            0.9550461499379473
        ],
        "Neck": [
            0.3178041404208366,
            0.7075079494382627
        ],
        "Head": [
            0.34969442554661134,
            0.5727982995323938
        ],
        "L_Collar": [
            0.35767218030678427,
            0.8496699584278441
        ],
        "L_Shoulder": [
            0.5873804503518869,
            0.7960418409681155
        ],
        "L_Elbow": [
            0.7132381753829578,
            0.7546257812796497
        ],
        "L_Wrist": [
            0.7775483825046625,
            0.7231891060764074
        ],
        "L_Hand": [
            0.78982520285345,
            0.7294302221239575
        ],
        "R_Collar": [
            0.23707921710293522,
            0.8188885047886996
        ],
        "R_Shoulder": [
            0.1666136187717415,
            0.7556271199667555
        ],
        "R_Elbow": [
            0.8758102846002733,
            0.8540083015342191
        ],
        "R_Wrist": [
            0.8355409482118676,
            0.7618205649883423
        ],
        "R_Hand": [
            0.8224208527144286,
            0.7495251873191332
        ]
    }
}