{
    "joints3D": {
        "Pelvis": [
            -0.12759779235955268,
            0.018775934893209882,
            -1.703133510102758
        ],
        "L_Hip": [
            0.06062288482324521,
            -0.013336568087669672,
            -1.9698900404925146
        ],
        "L_Knee": [
            0.20497022327743417,
            -0.18649596735123922,
            -3.0736456196932127
        ],
        "L_Ankle": [
            0.1159923558374725,
            -0.3713983495272926,
            -4.253690279652693
        ],
        "L_Foot": [
            0.3333943513109201,
            -0.6903610586508644,
            -4.337420320555053
        ],
        "R_Hip": [
            -0.31809327164156714,
            -0.07018521997097904,
            -1.9491275325883217
        ],
        "R_Knee": [
            -0.48526179946509157,
            -0.3470353375798382,
            -3.0509346364019216
        ],
        "R_Ankle": [
            -0.4728714083219451,
            -0.3426966295538945,
            -4.248969024939624
        ],
        "R_Foot": [
            -0.5603031875767601,
            -0.7266928352524096,
            -4.317555093195991
        ],
        "Spine1": [
            -0.14549767885731457,
            0.19349214337246906,
            -1.4186473132225363
        ],
        "Spine2": [
            -0.11051756583481065,
            0.2880585054165198,
            -1.0380202425542593
        ],
        "Spine3": [
            -0.09453998058624855,
            0.25377148356555645,
            -0.8729629984385563
        ],
        "Neck": [
            -0.08188974504124437,
            0.45461220533231766,
            -0.3096719993312485
        ],
        "Head": [
            -0.03501497127288676,
            0.38442906892637524,
            -0.08879997659621174
        ],
        "L_Collar": [
            0.12781612095060568,
            0.4381451999860451,
            -0.5730647642762843
        ],
        "L_Shoulder": [
            0.3814182448864677,
            0.48676233946729797,
            -0.6483247504948811
        ],
        "L_Elbow": [
            0.5462339198498634,
            0.2091255568481633,
            -1.3380625640499106
        ],
        "L_Wrist": [
            0.7322553941364903,
            -0.3744401056968983,
            -1.7467509642396786
        ],
        "L_Hand": [
            0.7882716566046655,
            -0.5462943743339114,
            -1.921783032367396
        ],
        "R_Collar": [
            -0.3167144906190639,
            0.37421068549097364,
            -0.5423153663416559
        ],
        "R_Shoulder": [
            -0.5955478200649601,
            0.29283092668193067,
            -0.5592859102711111
        ],
        "R_Elbow": [
            -0.7561212322218194,
            -0.0073100065261263595,
            -1.218253137797309
        ],
        "R_Wrist": [
            -0.737749288668319,
            -0.5707548473683035,
            -1.724907739139169
        ],
        "R_Hand": [
            -0.7076130186182032,
            -0.7295985481009166,
            -1.9173402497495724
        ]
    },
    "joints2D": {
        "Pelvis": [
            0.231317440721581,
            0.9597491156892488
        ],
        "L_Hip": [
            0.744208869240377,
            0.9619378912977269
        ],
        "L_Knee": [
            0.73636385304613,
            0.9469950748002871
        ],
        "L_Ankle": [
            0.7453117961405664,
            0.9407883464462077
        ],
        "L_Foot": [
            0.7350758143509215,
            0.9209592544188614
        ],
        "R_Hip": [
            0.788186509217224,
            0.9486100134799582
        ],
        "R_Knee": [
            0.7856868268731448,
            0.9289377880666985
        ],
        "R_Ankle": [
            0.7759991085943434,
            0.9400936964902402
        ],
        "R_Foot": [
            0.7785633108910126,
            0.9165464204575438
        ],
        "Spine1": [
            0.2266571724321997,
            0.9259867628865665
        ],
        "Spine2": [
            0.2277525561494867,
            0.8896716973931786
        ],
        "Spine3": [
            0.2275769099111055,
            0.8862912971625668
        ],
        "Neck": [
            0.22423733637499946,
            0.6818533519542794
        ],
        "Head": [
            0.23476633262576546,
            0.5676580577908301
        ],
        "L_Collar": [
            0.27996628381814037,
            0.7781742809292717
        ],
        "L_Shoulder": [
            0.32664584021333065,
            0.7624627458835075
        ],
        "L_Elbow": [
            0.3296336391983708,
            0.8940826143353453
        ],
        "L_Wrist": [
            0.6711828811448481,
            0.8797917234684371
        ],
        "L_Hand": [
            0.6758558048275578,
            0.865430247306502
        ],
        "R_Collar": [
            0.16831682291999825,
            0.7723644370426241
        ],
        "R_Shoulder": [
            0.11237486926623041,
            0.7532214086250906
        ],
        "R_Elbow": [
            0.874049293159503,
            0.8926377422959252
        ],
        "R_Wrist": [
            0.8275358415580346,
            0.8534972483755764
        ],
        "R_Hand": [
            0.8161432580793374,
            0.8483616471977262
        ]
    }
}