{
    "joints2D": {
        "Pelvis": [
            0.22154242900355145,
            0.9382776337738213
        ],
        "L_Hip": [
            0.24392934689698703,
            0.94896299821851
        ],
        "L_Knee": [
            0.7535474067213832,
            0.9444970168515401
        ],
        "L_Ankle": [
            0.7660156532075052,
            0.9552019585208861
        ],
        "L_Foot": [
            0.7581347299149466,
            0.9379193297451948
        ],
        "R_Hip": [
            0.19508273831619888,
            0.9367671196633506
        ],
        "R_Knee": [
            0.815920648289014,
            0.9450117562249841
        ],
        "R_Ankle": [
            0.8141924268624645,
            0.9416577560204946
        ],
        "R_Foot": [
            0.8213225946414883,
            0.9173448314987617
        ],
        "Spine1": [
            0.22505840860046183,
            0.9100082621471305
        ],
        "Spine2": [
            0.23500126809087984,
            0.88033802854289
        ],
        "Spine3": [
            0.2385348584528813,
            0.8857282988700114
        ],
        "Neck": [
            0.2550247342641463,
            0.6368506822090911
        ],
        "Head": [
            0.26885476399857455,
            0.5233415758690692
        ],
        "L_Collar": [
            0.30345515519305793,
            0.7642446698085703
        ],
        "L_Shoulder": [
            0.36499001230425815,
            0.7217902856586261
        ],
        "L_Elbow": [
            0.5955399801138951,
            0.749180704185317
        ],
        "L_Wrist": [
            0.6273193421870685,
            0.6178201111074219
        ],
        "L_Hand": [
            0.6318471138558044,
            0.5872705748054841
        ],
        "R_Collar": [
            0.188923209016857,
            0.7458054976708782
        ],
        "R_Shoulder": [
            0.12229376295401143,
            0.6842057916128703
        ],
        "R_Elbow": [
            0.9069733028919811,
            0.6909924941416073
        ],
        "R_Wrist": [
            0.8522420571720888,
            0.5412562658089027
        ],
        "R_Hand": [
            0.8408983084805823,
            0.511376289719603
        ]
    },
    "joints3D": {
        "Pelvis": [
            -0.20940500166897305,
            0.1456432667046124,
            -1.7038818546765526
        ],
        "L_Hip": [
            -0.04211635499769521,
            0.1140544360459188,
            -2.0186018049944945
        ],
        "L_Knee": [
            -0.03039162132104104,
            -0.2289593308752639,
            -3.104925801580968
        ],
        "L_Ankle": [
            -0.2738900573200376,
            -0.12699707339475275,
            -4.278499016529098
        ],
        "L_Foot": [
            -0.13809252225347546,
            -0.44030963481897073,
            -4.489988822926482
        ],
        "R_Hip": [
            -0.47152669886883913,
            0.10816360361349975,
            -1.934598851453687
        ],
        "R_Knee": [
            -0.8705570746802501,
            -0.008112015872916925,
            -3.0186027606281427
        ],
        "R_Ankle": [
            -1.181784076743943,
            -0.08006966003310365,
            -4.178929558167277
        ],
        "R_Foot": [
            -1.4101359403766807,
            -0.40495588649192704,
            -4.233217746052507
        ],
        "Spine1": [
            -0.1606274625568282,
            0.27613514590958876,
            -1.405575361826149
        ],
        "Spine2": [
            -0.07267532179501063,
            0.3250583174101261,
            -1.0204766093837887
        ],
        "Spine3": [
            -0.044783192963938734,
            0.25692759918426744,
            -0.8606308528198845
        ],
        "Neck": [
            0.023858219643042387,
            0.5411505438063648,
            -0.26081948080346734
        ],
        "Head": [
            0.05717062134418257,
            0.43601803037353104,
            -0.0368518643179607
        ],
        "L_Collar": [
            0.22905285881857462,
            0.44745797459742986,
            -0.5577825891731898
        ],
        "L_Shoulder": [
            0.49849892244492333,
            0.3975290990729063,
            -0.48095435270567766
        ],
        "L_Elbow": [
            0.851914178532245,
            -0.2761307109946999,
            -0.688606494898864
        ],
        "L_Wrist": [
            1.0714325276065542,
            -0.9650462103299043,
            -0.5205920430597666
        ],
        "L_Hand": [
            1.1878557770796436,
            -1.1779037351912338,
            -0.4472065543962957
        ],
        "R_Collar": [
            -0.24306465894737,
            0.45484849323605053,
            -0.5057690714564033
        ],
        "R_Shoulder": [
            -0.49468670675757526,
            0.37878255130153005,
            -0.3659288212255205
        ],
        "R_Elbow": [
            -0.7479217865175946,
            -0.34183276766183796,
            -0.4655084961452009
        ],
        "R_Wrist": [
            -0.8004727880555718,
            -1.0469536549759988,
            -0.17445748922380436
        ],
        "R_Hand": [
            -0.8277912136263835,
            -1.2742246996650362,
            -0.06514784323245296
        ]
    }
}