{
    "joints3D": {
        "Pelvis": [
            0.004288414334295499,
            0.5880999313056832,
            -1.5229556140529998
        ],
        "L_Hip": [
            0.2094440425182337,
            0.6298529004315422,
            -1.7482490994386526
        ],
        "L_Knee": [
            0.5006575853970348,
            0.07508797963382731,
            -2.5797528581499973
        ],
        "L_Ankle": [
            0.5008629069084026,
            -0.12411198959458307,
            -3.6774044373668047
        ],
        "L_Foot": [
            0.6909347199009174,
            -0.4152392307319495,
            -3.8202046551303908
        ],
        "R_Hip": [
            -0.1400660785349492,
            0.58216879598165,
            -1.7891425056022041
        ],
        "R_Knee": [
            -0.23922795078043468,
            0.9558340934985426,
            -2.781003516175869
        ],
        "R_Ankle": [
            -0.3765124807105002,
            1.8198909405504218,
            -3.475792769249779
        ],
        "R_Foot": [
            -0.41577252665521036,
            1.7603633465537738,
            -3.848894236663902
        ],
        "Spine1": [
            -0.05089114625064088,
            0.6653913103408627,
            -1.2163544925149081
        ],
        "Spine2": [
            -0.0486571332570889,
            0.6002216432137144,
            -0.8361413010129733
        ],
        "Spine3": [
            -0.03616282693167265,
            0.5414489462532539,
            -0.6825699429692168
        ],
        "Neck": [
            -0.11193739876124457,
            0.5035443161105266,
            -0.09304318399959069
        ],
        "Head": [
            -0.03979323019387496,
            0.37610167886238344,
            0.08515650124464556
        ],
        "L_Collar": [
            0.08861090364981199,
            0.6723882830908576,
            -0.3123679917117616
        ],
        "L_Shoulder": [
            0.23330733763789682,
            0.8806131224245417,
            -0.2092793803044177
        ],
        "L_Elbow": [
            0.20821816866767945,
            1.5058186730871745,
            -0.573450275219979
        ],
        "L_Wrist": [
            0.4875617180142599,
            1.4105526683201037,
            -1.2098739404914363
        ],
        "L_Hand": [
            0.5504394157736482,
            1.3869381930130467,
            -1.443670777953766
        ],
        "R_Collar": [
            -0.2878162481247127,
            0.4243669253815814,
            -0.3774443092211908
        ],
        "R_Shoulder": [
            -0.5160075025878411,
            0.24217062773440573,
            -0.3851158133645559
        ],
        "R_Elbow": [
            -0.5770639497025917,
            0.030783781040443766,
            -1.0551832605746454
        ],
        "R_Wrist": [
            -0.009390014619628321,
            -0.3887773736995588,
            -0.9466319097451927
        ],
        "R_Hand": [
            0.1488602498109372,
            -0.5555316751412573,
            -0.8734277827726074
        ]
    },
    "joints2D": {
        "Pelvis": [
            0.24915807479288898,
            0.8643266436860363
        ],
        "L_Hip": [
            0.2708879303467599,
            0.8686719631080477
        ],
        "L_Knee": [
            0.29237767106652574,
            0.9480058987789751
        ],
        "L_Ankle": [
            0.7204642789236062,
            0.9509447330033377
        ],
        "L_Foot": [
            0.7123380637891744,
            0.9287757590486602
        ],
        "R_Hip": [
            0.233720446855342,
            0.8784675556730224
        ],
        "R_Knee": [
            0.23244974499889554,
            0.8737334651683051
        ],
        "R_Ankle": [
            0.2305877282168373,
            0.8306074921458777
        ],
        "R_Foot": [
            0.2298170797951618,
            0.8458022666599682
        ],
        "Spine1": [
            0.24175632232762503,
            0.8263999278423192
        ],
        "Spine2": [
            0.24011413769584025,
            0.7903502738486183
        ],
        "Spine3": [
            0.24125770254223194,
            0.7760121821813882
        ],
        "Neck": [
            0.21500970917295642,
            0.5531922641402908
        ],
        "Head": [
            0.2325278903812226,
            0.4283180159839117
        ],
        "L_Collar": [
            0.26772783189166366,
            0.6318488986678549
        ],
        "L_Shoulder": [
            0.288200646490035,
            0.5682529835890575
        ],
        "L_Elbow": [
            0.26906171896350156,
            0.6097616729040667
        ],
        "L_Wrist": [
            0.2919930287343512,
            0.7124353562257191
        ],
        "L_Hand": [
            0.2950357950297091,
            0.7406458873276669
        ],
        "R_Collar": [
            0.1694913583715443,
            0.7048782317958974
        ],
        "R_Shoulder": [
            0.1005784233845034,
            0.7182924062095267
        ],
        "R_Elbow": [
            0.13830279947391416,
            0.900798868547928
        ],
        "R_Wrist": [
            0.7531494625244164,
            0.85834638396089
        ],
        "R_Hand": [
            0.7251581797698832,
            0.8047422364153721
        ]
    }
}