{
    "joints2D": {
        "Pelvis": [
            0.7666704779113868,
            0.8655184535258118
        ],
        "L_Hip": [
            0.7443547871901736,
            0.8533749099712382
        ],
        "L_Knee": [
            0.7338277187965259,
            0.76381486076557
        ],
        "L_Ankle": [
            0.7415685966373029,
            0.749232128906901
        ],
        "L_Foot": [
            0.7368353376367163,
            0.7202535606669691
        ],
        "R_Hip": [
            0.78593877596953,
            0.8375727896683121
        ],
        "R_Knee": [
            0.7929609346471905,
            0.7767158899636418
        ],
        "R_Ankle": [
            0.785722127536029,
            0.7498148243781128
        ],
        "R_Foot": [
            0.7911841532432033,
            0.7206518990686035
        ],
        "Spine1": [
            0.7724011526604866,
            0.9084969911446592
        ],
        "Spine2": [
            0.7795194663895313,
            0.9522320353811524
        ],
        "Spine3": [
            0.7725837695600812,
            0.9586422030785166
        ],
        "Neck": [
            0.21149865309130353,
            0.6960427861312336
        ],
        "Head": [
            0.23024976860121338,
            0.5343308237155404
        ],
        "L_Collar": [
            0.26958988020549,
            0.8231001171611514
        ],
        "L_Shoulder": [
            0.31832145797991585,
            0.785498220579439
        ],
        "L_Elbow": [
            0.32385931018803565,
            0.9124573570644713
        ],
        "L_Wrist": [
            0.6721041210394177,
            0.8196744152465654
        ],
        "L_Hand": [
            0.6755387402468612,
            0.7743525590356988
        ],
        "R_Collar": [
            0.143960541508864,
            0.8287035055846077
        ],
        "R_Shoulder": [
            0.05768963578903104,
            0.7604946851918202
        ],
        "R_Elbow": [
            0.855986258295642,
            0.5862753702301914
        ],
        "R_Wrist": [
            0.815708488093711,
            0.45155644189543936
        ],
        "R_Hand": [
            0.8100950385298165,
            0.42764994099637016
        ]
    },
    "joints3D": {
        "Pelvis": [
            -0.1242277599280608,
            -0.5637755800137314,
            -1.4937880304869013
        ],
        "L_Hip": [
            0.06786209514274982,
            -0.7428288204486403,
            -1.7251203210230814
        ],
        "L_Knee": [
            0.2762464357584172,
            -1.7984151097442946,
            -2.099956701079601
        ],
        "L_Ankle": [
            0.22284985151238906,
            -2.7167521498730522,
            -2.8675355112551912
        ],
        "L_Foot": [
            0.3474423778430764,
            -3.0463901203218615,
            -2.6670676871146317
        ],
        "R_Hip": [
            -0.33424970401421655,
            -0.7866514239392323,
            -1.6446157907268892
        ],
        "R_Knee": [
            -0.6726694101899896,
            -1.7132424630564018,
            -2.2590877923722776
        ],
        "R_Ankle": [
            -0.7958872240861156,
            -2.698001683797073,
            -2.924433811080719
        ],
        "R_Foot": [
            -0.9561845067624181,
            -2.9764415348284685,
            -2.6814789792803326
        ],
        "Spine1": [
            -0.13749502523429738,
            -0.2742544675045153,
            -1.3434726721598245
        ],
        "Spine2": [
            -0.12264157117267582,
            -0.031215090551990697,
            -0.9906638034377503
        ],
        "Spine3": [
            -0.07527857180831822,
            -0.010449568176107335,
            -0.8181477130750602
        ],
        "Neck": [
            -0.11815725162516812,
            0.41537723778063423,
            -0.3161453949008944
        ],
        "Head": [
            -0.0480311725059364,
            0.4020364514097363,
            -0.048377395753506115
        ],
        "L_Collar": [
            0.08039488280238487,
            0.3470748539642155,
            -0.6251990728636075
        ],
        "L_Shoulder": [
            0.33324305066487375,
            0.4505552347210466,
            -0.6891908581352814
        ],
        "L_Elbow": [
            0.5084504611021118,
            0.14207055092611276,
            -1.4032264607926699
        ],
        "L_Wrist": [
            0.6239803847172417,
            -0.5915049937245727,
            -1.2691138931994677
        ],
        "L_Hand": [
            0.6635032799489763,
            -0.8408311547056518,
            -1.2123247754709143
        ],
        "R_Collar": [
            -0.3191764546633852,
            0.17101106681494518,
            -0.5052587696227807
        ],
        "R_Shoulder": [
            -0.49127401365433976,
            0.006424899264878023,
            -0.33859157722612554
        ],
        "R_Elbow": [
            -0.6180173947176463,
            -0.7481869341846478,
            -0.2628326286244532
        ],
        "R_Wrist": [
            -0.5983346922458885,
            -1.3512663936805989,
            0.21258461684119742
        ],
        "R_Hand": [
            -0.6260310162419178,
            -1.5489682713644708,
            0.3710837923143002
        ]
    }
}