{
    "joints3D": {
        "Pelvis": [
            -0.03953458986484232,
            0.6763286031466131,
            -1.4570814041895803
        ],
        "L_Hip": [
            0.1771818948011576,
            0.7021410183108382,
            -1.7178104902038238
        ],
        "L_Knee": [
            0.3083553222236381,
            0.4672476475683654,
            -2.766432889385923
        ],
        "L_Ankle": [
            0.2870422107812436,
            0.5215311613805328,
            -3.908008419881396
        ],
        "L_Foot": [
            0.39496563912812055,
            0.190634331040843,
            -4.064670223283051
        ],
        "R_Hip": [
            -0.23859610203759074,
            0.7045433123535716,
            -1.7234572359642881
        ],
        "R_Knee": [
            -0.13571710284532812,
            1.0220757217272494,
            -2.7749570219122934
        ],
        "R_Ankle": [
            0.05303246241746631,
            1.7656069539981747,
            -3.6231476596046064
        ],
        "R_Foot": [
            -0.06059785398925222,
            1.4935307156092612,
            -3.864232460250412
        ],
        "Spine1": [
            -0.05064810129367953,
            0.732797958297895,
            -1.149564201838212
        ],
        "Spine2": [
            -0.03497295945855229,
            0.6288436900327006,
            -0.7862335335371698
        ],
        "Spine3": [
            -0.022487130166197543,
            0.5221226222544583,
            -0.6580897379014894
        ],
        "Neck": [
            0.03548580453400742,
            0.5270250443142213,
            -0.026671548710664808
        ],
        "Head": [
            0.03309782483291244,
            0.34563370707231794,
            0.12619999078304392
        ],
        "L_Collar": [
            0.23735605531016082,
            0.5303536941478555,
            -0.3179046594820115
        ],
        "L_Shoulder": [
            0.49998041531856885,
            0.5343068133411046,
            -0.38234201154348485
        ],
        "L_Elbow": [
            0.49652220276570425,
            0.7250271076575134,
            -1.1070004656054768
        ],
        "L_Wrist": [
            0.48050073108866276,
            0.500424617747647,
            -1.7754803745705905
        ],
        "L_Hand": [
            0.49785948772604427,
            0.43243922857098155,
            -2.0058974327958374
        ],
        "R_Collar": [
            -0.2087578210375241,
            0.5851177285491578,
            -0.27609455816719775
        ],
        "R_Shoulder": [
            -0.4883632376445217,
            0.6254955351847953,
            -0.2604345029310613
        ],
        "R_Elbow": [
            -0.6287780260932541,
            0.7852739927446133,
            -0.9608109131917544
        ],
        "R_Wrist": [
            -0.8291630991099663,
            0.5273398164110437,
            -1.6098610919454117
        ],
        "R_Hand": [
            -0.9466387992931558,
            0.4424061584765203,
            -1.8024497195066356
        ]
    },
    "joints2D": {
        "Pelvis": [
            0.2439170564031147,
            0.845515073104817
        ],
        "L_Hip": [
            0.2672155279514461,
            0.8574435177941531
        ],
        "L_Knee": [
            0.27204474298476805,
            0.9172140170661894
        ],
        "L_Ankle": [
            0.26445032363476434,
            0.9277543523132236
        ],
        "L_Foot": [
            0.2706131256753782,
            0.949515405951347
        ],
        "R_Hip": [
            0.2237879785833262,
            0.8563299171873607
        ],
        "R_Knee": [
            0.23956670033529606,
            0.8683727012146811
        ],
        "R_Ankle": [
            0.25115074817763355,
            0.8401701581103588
        ],
        "R_Foot": [
            0.24576427585604793,
            0.8642100213055556
        ],
        "Spine1": [
            0.24182285651208577,
            0.8068003731867152
        ],
        "Spine2": [
            0.2424678347928175,
            0.7748564175791093
        ],
        "Spine3": [
            0.24387776371490433,
            0.7760942830563794
        ],
        "Neck": [
            0.2590764464198597,
            0.5129689601103553
        ],
        "Head": [
            0.2628727941209109,
            0.3887550007782681
        ],
        "L_Collar": [
            0.30839588332101386,
            0.6573481191890685
        ],
        "L_Shoulder": [
            0.3554278434593405,
            0.6606049266054396
        ],
        "L_Elbow": [
            0.3137488792193733,
            0.7875983903295143
        ],
        "L_Wrist": [
            0.30031297529460976,
            0.8791427464707825
        ],
        "L_Hand": [
            0.2982361678762213,
            0.8969223138094359
        ],
        "R_Collar": [
            0.1985413194097177,
            0.629802991758895
        ],
        "R_Shoulder": [
            0.14928830976334226,
            0.6032486018941688
        ],
        "R_Elbow": [
            0.16647192337483344,
            0.7484021920551167
        ],
        "R_Wrist": [
            0.15918739200371884,
            0.8446409828434017
        ],
        "R_Hand": [
            0.1533978059301291,
            0.8599798003509992
        ]
    }
}