{
    "joints2D": {
        "Pelvis": [
            0.18478066373688543,
            0.9230442859054268
        ],
        "L_Hip": [
            0.2198908263859069,
            0.9531283424422448
        ],
        "L_Knee": [
            0.717347517164795,
            0.8627966242668789
        ],
        "L_Ankle": [
            0.7277655226869737,
            0.8568888642880895
        ],
        "L_Foot": [
            0.7160635333979097,
            0.8308304631280918
        ],
        "R_Hip": [
            0.8295841493424929,
            0.9268468697592758
        ],
        "R_Knee": [
            0.8021536684832538,
            0.8143853410104518
        ],
        "R_Ankle": [
            0.7806855443485692,
            0.8309777658730018
        ],
        "R_Foot": [
            0.7808553939536147,
            0.799963167894718
        ],
        "Spine1": [
            0.17599862646017375,
            0.866552937724064
        ],
        "Spine2": [
            0.1628504005630597,
            0.8184714965505352
        ],
        "Spine3": [
            0.15438751712420243,
            0.8154104293869366
        ],
        "Neck": [
            0.15274765358101683,
            0.5531613674423648
        ],
        "Head": [
            0.1475877376317044,
            0.45313574033126613
        ],
        "L_Collar": [
            0.2001475992257444,
            0.721428829027672
        ],
        "L_Shoulder": [
            0.2619378284537309,
            0.6861238225376229
        ],
        "L_Elbow": [
            0.36786708441026794,
            0.6671750243201963
        ],
        "L_Wrist": [
            0.4638494464231809,
            0.5789987481410185
        ],
        "L_Hand": [
            0.5269667878901322,
            0.5213646867570396
        ],
        "R_Collar": [
            0.11275711632023641,
            0.6601378651440013
        ],
        "R_Shoulder": [
            0.08200304239769615,
            0.5717585882491946
        ],
        "R_Elbow": [
            0.057989846074571784,
            0.5508084736541357
        ],
        "R_Wrist": [
            0.9669313822387842,
            0.4940858905506248
        ],
        "R_Hand": [
            0.9465964581335942,
            0.48033250045037923
        ]
    },
    "joints3D": {
        "Pelvis": [
            -0.5247122906944187,
            0.15358814513752234,
            -1.7491398676978271
        ],
        "L_Hip": [
            -0.2573177278894443,
            0.05621108247722314,
            -2.039917190787804
        ],
        "L_Knee": [
            0.4567625673797068,
            -0.9158346758413386,
            -2.4543859929395415
        ],
        "L_Ankle": [
            0.48459037502503344,
            -1.5049290096799075,
            -3.693054141465458
        ],
        "L_Foot": [
            0.7664304481548311,
            -1.8354815553034283,
            -3.6214769280859764
        ],
        "R_Hip": [
            -0.7282235147552435,
            -0.0766772834267853,
            -1.9994693622576252
        ],
        "R_Knee": [
            -0.760196188031276,
            -1.3222592914346873,
            -2.3728754528687923
        ],
        "R_Ankle": [
            -0.6376241796842751,
            -1.8603024393884064,
            -3.6275991168116235
        ],
        "R_Foot": [
            -0.6762155925745457,
            -2.2754202255147162,
            -3.4694953246613713
        ],
        "Spine1": [
            -0.5901646068081295,
            0.4308158186491852,
            -1.5000154514816182
        ],
        "Spine2": [
            -0.5526327215315185,
            0.4668392690883455,
            -1.034488980709653
        ],
        "Spine3": [
            -0.5071921655073015,
            0.37308537281913506,
            -0.8559440582568444
        ],
        "Neck": [
            -0.40855903401546856,
            0.568851415390316,
            -0.11903693056309299
        ],
        "Head": [
            -0.29695104068142153,
            0.3874755800829067,
            0.0648639079729718
        ],
        "L_Collar": [
            -0.21643051642820457,
            0.5441240869453503,
            -0.5001894792299457
        ],
        "L_Shoulder": [
            0.05756073470020524,
            0.5866861308524637,
            -0.40874738855981285
        ],
        "L_Elbow": [
            0.8718280920023171,
            0.7713767752483881,
            -0.621161717214339
        ],
        "L_Wrist": [
            1.1497505948603195,
            0.12690651618866725,
            -0.21828444553947488
        ],
        "L_Hand": [
            1.2392632281117966,
            -0.08117402616152052,
            -0.06649979960427915
        ],
        "R_Collar": [
            -0.6981575205194491,
            0.49149373336375224,
            -0.4183659029645645
        ],
        "R_Shoulder": [
            -0.91326422686159,
            0.4617397540697559,
            -0.20408352526828688
        ],
        "R_Elbow": [
            -1.7545910489095349,
            0.555801491464836,
            -0.2463028722462985
        ],
        "R_Wrist": [
            -1.7552989991346708,
            -0.2367986271531617,
            0.01301462687442036
        ],
        "R_Hand": [
            -1.7138855094469243,
            -0.49877277953832616,
            0.07439786375316292
        ]
    }
}