{
    "joints2D": {
        "Pelvis": [
            0.2848756661283791,
            0.8760572627377354
        ],
        "L_Hip": [
            0.30971496738858906,
            0.8693074452988484
        ],
        "L_Knee": [
            0.33195464968873606,
            0.8858195130793939
        ],
        "L_Ankle": [
            0.3263160193156219,
            0.8866268387073127
        ],
        "L_Foot": [
            0.3355016692345984,
            0.9015398640795717
        ],
        "R_Hip": [
            0.2678527870388217,
            0.890739321043389
        ],
        "R_Knee": [
            0.26627442413288793,
            0.9208950287684885
        ],
        "R_Ankle": [
            0.27703940533376015,
            0.9103307834577471
        ],
        "R_Foot": [
            0.2717731029032882,
            0.932915936793226
        ],
        "Spine1": [
            0.27655250736509523,
            0.8483769418345679
        ],
        "Spine2": [
            0.2667455027402657,
            0.8142194515566616
        ],
        "Spine3": [
            0.26137207032171256,
            0.8196143665571356
        ],
        "Neck": [
            0.216228832279667,
            0.5767661891156329
        ],
        "Head": [
            0.1941743298869072,
            0.47795291315601235
        ],
        "L_Collar": [
            0.2923245061123341,
            0.6882057626003223
        ],
        "L_Shoulder": [
            0.339454948106374,
            0.60497816680321
        ],
        "L_Elbow": [
            0.39470478962192246,
            0.5619835552150654
        ],
        "L_Wrist": [
            0.462735929392128,
            0.5305150458461175
        ],
        "L_Hand": [
            0.48034520819909643,
            0.5270701835566782
        ],
        "R_Collar": [
            0.19689572388015394,
            0.7145269260165574
        ],
        "R_Shoulder": [
            0.155010322541766,
            0.6751179950283133
        ],
        "R_Elbow": [
            0.13971411558133004,
            0.7031007661137924
        ],
        "R_Wrist": [
            0.08253089933544529,
            0.7238158179608161
        ],
        "R_Hand": [
            0.0690743773872521,
            0.7359580040081886
        ]
    },
    "joints3D": {
        "Pelvis": [
            0.3435078376270426,
            0.5690513360856676,
            -1.7954236802338017
        ],
        "L_Hip": [
            0.6625968506445957,
            0.6115307302164963,
            -2.0180751638420857
        ],
        "L_Knee": [
            1.3114055429301341,
            0.5556147695710087,
            -3.0579101580713783
        ],
        "L_Ankle": [
            1.7097560698283043,
            0.8334936815759817,
            -4.285073081961479
        ],
        "L_Foot": [
            1.9052913688224535,
            0.48846008655736195,
            -4.433713008636759
        ],
        "R_Hip": [
            0.21015361306939706,
            0.5905484585247022,
            -2.152003336136004
        ],
        "R_Knee": [
            0.2830675721117752,
            0.5394816973630749,
            -3.4001623288465272
        ],
        "R_Ankle": [
            0.6357259388248405,
            0.883569740557177,
            -4.6232922196202715
        ],
        "R_Foot": [
            0.512635560573055,
            0.5268013672733015,
            -4.827145948425886
        ],
        "Spine1": [
            0.2315486239419105,
            0.6397926318091823,
            -1.4563222097918853
        ],
        "Spine2": [
            0.11670720930830221,
            0.6105566443922144,
            -1.0215534997876248
        ],
        "Spine3": [
            0.06832273489508252,
            0.4979613104608445,
            -0.8649356718130344
        ],
        "Neck": [
            -0.13179284238193187,
            0.6088447325530746,
            -0.16159469361383222
        ],
        "Head": [
            -0.1521745225015957,
            0.41574413553280787,
            0.02700248377993243
        ],
        "L_Collar": [
            0.18988146634628272,
            0.5699364453807451,
            -0.4149509074255936
        ],
        "L_Shoulder": [
            0.4115917978336053,
            0.5929408720857606,
            -0.24405258144930986
        ],
        "L_Elbow": [
            1.2004182792908584,
            0.8463503842481293,
            -0.26587137347700224
        ],
        "L_Wrist": [
            1.6636847662571126,
            0.23580467504145325,
            -0.12912117579174498
        ],
        "L_Hand": [
            1.8058715665665832,
            0.015758777038872674,
            -0.11608033698264669
        ],
        "R_Collar": [
            -0.26101732577611614,
            0.6202848588267544,
            -0.547916655245433
        ],
        "R_Shoulder": [
            -0.5456485012731674,
            0.6853776613484662,
            -0.5181811092547509
        ],
        "R_Elbow": [
            -1.0859537120815297,
            1.0247113763363667,
            -1.025955937140448
        ],
        "R_Wrist": [
            -1.6826260453699726,
            0.502337819463583,
            -1.1473413661907608
        ],
        "R_Hand": [
            -1.8285496036126208,
            0.29572891513134636,
            -1.215228792066613
        ]
    }
}