{
    "joints3D": {
        "Pelvis": [
            -0.45496767375804475,
            0.8798625645251305,
            -1.5915389658266323
        ],
        "L_Hip": [
            -0.36334635045897423,
            0.9294574388973268,
            -1.9079807495263748
        ],
        "L_Knee": [
            -0.4270539410399328,
            1.0539394061381695,
            -3.08004557346548
        ],
        "L_Ankle": [
            -0.7796233282539906,
            1.8222570691333873,
            -3.882271313647321
        ],
        "L_Foot": [
            -0.8121196628380345,
            1.7147682219463194,
            -4.281911113305397
        ],
        "R_Hip": [
            -0.690586692415761,
            0.7852800189249868,
            -1.7960871211184826
        ],
        "R_Knee": [
            -0.6447391789531863,
            -0.3728981600228052,
            -1.9762105661272933
        ],
        "R_Ankle": [
            -0.9384367551698081,
            -0.9193229147371019,
            -2.9507631001644046
        ],
        "R_Foot": [
            -0.9261078571090096,
            -1.3275250615471783,
            -2.9037885876118312
        ],
        "Spine1": [
            -0.41246560846777686,
            0.9965453753906084,
            -1.2739291475034045
        ],
        "Spine2": [
            -0.28038906126576335,
            0.7753994741533363,
            -0.894474521339092
        ],
        "Spine3": [
            -0.2519250064694491,
            0.7107357907152505,
            -0.7236919963209203
        ],
        "Neck": [
            -0.22993046156511143,
            0.537445789172871,
            -0.09924275297514606
        ],
        "Head": [
            -0.1373182102994431,
            0.35121892233730734,
            0.10143442123614908
        ],
        "L_Collar": [
            -0.0177780561558477,
            0.6246627821910455,
            -0.3761782219054908
        ],
        "L_Shoulder": [
            0.24875053968666896,
            0.5378111507237656,
            -0.3630634608105443
        ],
        "L_Elbow": [
            0.4240163094732105,
            0.5706575149011378,
            -1.071661946578385
        ],
        "L_Wrist": [
            -0.04678785473747989,
            0.10704751478434334,
            -0.7752061211329164
        ],
        "L_Hand": [
            -0.10950260712019944,
            -0.11674061885907978,
            -0.6568023731872713
        ],
        "R_Collar": [
            -0.4482861469430552,
            0.7028669390687263,
            -0.34147556351277014
        ],
        "R_Shoulder": [
            -0.7131922108186737,
            0.7660403161478145,
            -0.21280504074678133
        ],
        "R_Elbow": [
            -0.8023537069126396,
            1.4442224026992387,
            -0.38385843034862516
        ],
        "R_Wrist": [
            -1.2298418529992061,
            1.5457775818903863,
            -0.988604824295465
        ],
        "R_Hand": [
            -1.3824264967881696,
            1.5676754252322957,
            -1.1952182844594872
        ]
    },
    "joints2D": {
        "Pelvis": [
            0.2029078115147329,
            0.8172465977237136
        ],
        "L_Hip": [
            0.21637557745585972,
            0.8361459863053765
        ],
        "L_Knee": [
            0.22263548014832393,
            0.8724067605297087
        ],
        "L_Ankle": [
            0.21425953077199314,
            0.8397027709160625
        ],
        "L_Foot": [
            0.2146095559222252,
            0.8561482499474782
        ],
        "R_Hip": [
            0.18373640351381543,
            0.8348936798781709
        ],
        "R_Knee": [
            0.8164187157172241,
            0.896117682729028
        ],
        "R_Ankle": [
            0.8103493956241022,
            0.86825610215934
        ],
        "R_Foot": [
            0.8053078712437196,
            0.835595255956472
        ],
        "Spine1": [
            0.20425709663989663,
            0.7714501258276599
        ],
        "Spine2": [
            0.20785293989834377,
            0.7575220959456493
        ],
        "Spine3": [
            0.20664416550650896,
            0.7385686459475785
        ],
        "Neck": [
            0.18640396862477931,
            0.5510084568755766
        ],
        "Head": [
            0.1920640126735829,
            0.4136974116038586
        ],
        "L_Collar": [
            0.24465853933581122,
            0.6658307837439519
        ],
        "L_Shoulder": [
            0.30891161878842616,
            0.6732174948873116
        ],
        "L_Elbow": [
            0.31138808307607396,
            0.8144559509992968
        ],
        "L_Wrist": [
            0.23567680610695124,
            0.9268880458388228
        ],
        "L_Hand": [
            0.7859414683983412,
            0.9121411734081057
        ],
        "R_Collar": [
            0.16504721076148698,
            0.6246358200691923
        ],
        "R_Shoulder": [
            0.13386498361067323,
            0.5657774106318596
        ],
        "R_Elbow": [
            0.17120461072158247,
            0.5713764339267574
        ],
        "R_Wrist": [
            0.15233160941707408,
            0.6521191493496762
        ],
        "R_Hand": [
            0.14754178469659768,
            0.6720998517360034
        ]
    }
}