{
    "joints3D": {
        "Pelvis": [
            -0.4711370209792515,
            1.4755629559079197,
            -1.8225287608889598
        ],
        "L_Hip": [
            -0.34423361908888145,
            1.7135713586616406,
            -2.0923359333211553
        ],
        "L_Knee": [
            -0.119736836065644,
            1.8681252471920498,
            -3.4162828263538865
        ],
        "L_Ankle": [
            -0.8619689030015757,
            2.434651548503886,
            -4.369814669928223
        ],
        "L_Foot": [
            -0.49062973690705336,
            2.490188284559194,
            -4.661362739096307
        ],
        "R_Hip": [
            -0.6995922116542298,
            1.4744522487278533,
            -2.1178396246054874
        ],
        "R_Knee": [
            -0.8543816334512043,
            1.1882943052912391,
            -3.4211050328959622
        ],
        "R_Ankle": [
            -1.2830928590109314,
            2.3951914353536914,
            -3.752392297749826
        ],
        "R_Foot": [
            -1.348816796141063,
            2.28564235979024,
            -4.205475909011213
        ],
        "Spine1": [
            -0.47573241558399904,
            1.4148861438107134,
            -1.4367747293719715
        ],
        "Spine2": [
            -0.2888884940795408,
            1.0445545207517302,
            -1.1146379749570476
        ],
        "Spine3": [
            -0.23129901818794554,
            0.9178315987371168,
            -0.9552046748500278
        ],
        "Neck": [
            -0.20529389350535968,
            0.6858332246166868,
            -0.25031695241111596
        ],
        "Head": [
            -0.1340619349118514,
            0.4443504049510049,
            -0.0354929985135082
        ],
        "L_Collar": [
            -0.02691907838817946,
            0.9498762869492089,
            -0.5111530901797227
        ],
        "L_Shoulder": [
            0.24978148000911318,
            0.9857454501632293,
            -0.3517032080717192
        ],
        "L_Elbow": [
            1.058156581240173,
            1.1369171842646584,
            -0.5060725142590002
        ],
        "L_Wrist": [
            0.7930189920884056,
            0.49529289394488585,
            -0.9597288643917283
        ],
        "L_Hand": [
            0.6056914384514555,
            0.2752632245274377,
            -1.035311633075477
        ],
        "R_Collar": [
            -0.4704210687014919,
            0.7214276659597413,
            -0.5724929528076063
        ],
        "R_Shoulder": [
            -0.603460442104595,
            0.4652152958044855,
            -0.38374350693060966
        ],
        "R_Elbow": [
            -0.82111509848844,
            -0.2923075994034462,
            -0.20846905980787583
        ],
        "R_Wrist": [
            -0.21804332930655235,
            -0.6075150569194817,
            0.31087048966710057
        ],
        "R_Hand": [
            -0.018834814997776186,
            -0.6338929467054923,
            0.5271149587527699
        ]
    },
    "joints2D": {
        "Pelvis": [
            0.21351948075654342,
            0.7690104958268142
        ],
        "L_Hip": [
            0.22622375916464282,
            0.7698012281598016
        ],
        "L_Knee": [
            0.24287195213338467,
            0.8265002419155144
        ],
        "L_Ankle": [
            0.2167683369586879,
            0.8204473075292138
        ],
        "L_Foot": [
            0.23122107107647877,
            0.8282940422435838
        ],
        "R_Hip": [
            0.20084305100883712,
            0.7866770108113645
        ],
        "R_Knee": [
            0.20270194056628466,
            0.8651823445694707
        ],
        "R_Ankle": [
            0.19739073572520538,
            0.7970461645509381
        ],
        "R_Foot": [
            0.1973389858736038,
            0.8171936077831797
        ],
        "Spine1": [
            0.2086765875003148,
            0.7386800554621189
        ],
        "Spine2": [
            0.2161689734805783,
            0.747862980443089
        ],
        "Spine3": [
            0.21870031548744429,
            0.7445795730591594
        ],
        "Neck": [
            0.20516414194654886,
            0.6033069098177578
        ],
        "Head": [
            0.20319134138542516,
            0.5213484327332387
        ],
        "L_Collar": [
            0.24459971607801026,
            0.650770057527305
        ],
        "L_Shoulder": [
            0.2857699815741631,
            0.6018401995265311
        ],
        "L_Elbow": [
            0.36084977190591655,
            0.6046119440794927
        ],
        "L_Wrist": [
            0.36463359427276215,
            0.7780354022566038
        ],
        "L_Hand": [
            0.35128225709428135,
            0.8481720737342847
        ],
        "R_Collar": [
            0.1698927430019393,
            0.6889534304923914
        ],
        "R_Shoulder": [
            0.11912982319999567,
            0.6619966031709746
        ],
        "R_Elbow": [
            0.934155501088214,
            0.5901014552502586
        ],
        "R_Wrist": [
            0.8012433425980794,
            0.3550387283415647
        ],
        "R_Hand": [
            0.7552117454106865,
            0.2816181421457521
        ]
    }
}