{
    "joints3D": {
        "Pelvis": [
            0.19852271158115353,
            0.19661131140554985,
            -1.6451389010288984
        ],
        "L_Hip": [
            0.4015830280285942,
            0.020389518826789667,
            -1.8692927652559914
        ],
        "L_Knee": [
            0.8874021382571609,
            -0.9748787826829268,
            -1.9940589085750111
        ],
        "L_Ankle": [
            0.8439710629576809,
            -1.522818557625592,
            -3.0345800425361618
        ],
        "L_Foot": [
            0.8768108196980174,
            -1.9004637664702122,
            -3.1380665090493256
        ],
        "R_Hip": [
            -0.02440833219157233,
            0.06270429982939664,
            -1.869672746504506
        ],
        "R_Knee": [
            -0.6200396267784987,
            -0.9017696454074714,
            -1.9398829594055342
        ],
        "R_Ankle": [
            -0.6098066645187673,
            -1.3901701203587296,
            -3.011117517926788
        ],
        "R_Foot": [
            -0.6678718335259805,
            -1.7705979513305032,
            -3.086255311666993
        ],
        "Spine1": [
            0.21561759729116256,
            0.44617103810505515,
            -1.4422449967423028
        ],
        "Spine2": [
            0.20862299387480568,
            0.49306169638583885,
            -1.0557515492695535
        ],
        "Spine3": [
            0.18534424725987894,
            0.41463691038206163,
            -0.9042662366952361
        ],
        "Neck": [
            0.15465872842453657,
            0.6120122730355212,
            -0.28278121376512194
        ],
        "Head": [
            0.15312334568062133,
            0.440038411520201,
            -0.10937535811496198
        ],
        "L_Collar": [
            0.39773851186715364,
            0.4884742541893724,
            -0.5251594357024563
        ],
        "L_Shoulder": [
            0.6453523111613959,
            0.42831605360632113,
            -0.41297256162078383
        ],
        "L_Elbow": [
            0.9077971910946911,
            0.2235194718126675,
            -1.1088958611612605
        ],
        "L_Wrist": [
            0.6787474565630296,
            -0.26281136830390334,
            -0.6206627069821543
        ],
        "L_Hand": [
            0.5525530671308109,
            -0.4279702361429433,
            -0.4854378114936573
        ],
        "R_Collar": [
            -0.04058415472531691,
            0.6286151002923187,
            -0.5899345629188805
        ],
        "R_Shoulder": [
            -0.29935623751593066,
            0.7397632953585935,
            -0.5155706788592643
        ],
        "R_Elbow": [
            -0.4693582080578952,
            0.864419996445706,
            -1.2390376215548524
        ],
        "R_Wrist": [
            -0.729243711662124,
            0.19051705093312649,
            -1.0444399745274895
        ],
        "R_Hand": [
            -0.8208787974558388,
            -0.04007591447261301,
            -1.0480197213541211
        ]
    },
    "joints2D": {
        "Pelvis": [
            0.2747237899519865,
            0.929568782516018
        ],
        "L_Hip": [
            0.2973545860725897,
            0.9507847676240107
        ],
        "L_Knee": [
            0.6797075706636024,
            0.8192934714900314
        ],
        "L_Ankle": [
            0.7052977912935992,
            0.8285155318194789
        ],
        "L_Foot": [
            0.7081284977638772,
            0.8067204785877256
        ],
        "R_Hip": [
            0.24565313008324305,
            0.9550695595161666
        ],
        "R_Knee": [
            0.8051522391342107,
            0.8338842509778569
        ],
        "R_Ankle": [
            0.7862009159726429,
            0.8413720589256598
        ],
        "R_Foot": [
            0.7858606988313055,
            0.816152143925435
        ],
        "Spine1": [
            0.2772512721903562,
            0.8800211559778363
        ],
        "Spine2": [
            0.2825406185638295,
            0.8403824064504297
        ],
        "Spine3": [
            0.2839662501382939,
            0.841972624853755
        ],
        "Neck": [
            0.2848054017634932,
            0.6295289741752745
        ],
        "Head": [
            0.2997543564414032,
            0.57030228250482
        ],
        "L_Collar": [
            0.33579561355156984,
            0.7274333558567055
        ],
        "L_Shoulder": [
            0.3862003838562297,
            0.6733356713601334
        ],
        "L_Elbow": [
            0.3834528401002378,
            0.8266336036075748
        ],
        "L_Wrist": [
            0.6066733173494727,
            0.7618900637653642
        ],
        "L_Hand": [
            0.6305578182124651,
            0.7095384699302911
        ],
        "R_Collar": [
            0.2405911160150284,
            0.731318989035054
        ],
        "R_Shoulder": [
            0.19567991935286055,
            0.679709655760126
        ],
        "R_Elbow": [
            0.19434167218537132,
            0.783968921753897
        ],
        "R_Wrist": [
            0.12632642913272146,
            0.8476470838662982
        ],
        "R_Hand": [
            0.89279177739484,
            0.8584191354949757
        ]
    }
}