{
    "joints3D": {
        "Pelvis": [
            0.08162563055105587,
            1.1435334711288838,
            -1.7441041384947742
        ],
        "L_Hip": [
            0.2791322834348213,
            1.2713573759272965,
            -1.9754629815112774
        ],
        "L_Knee": [
            0.4841789808401756,
            1.7302893830693262,
            -3.0309630174224904
        ],
        "L_Ankle": [
            0.5354687118231763,
            2.2492014193799723,
            -4.060722660066921
        ],
        "L_Foot": [
            0.6741294363239864,
            2.287311294863215,
            -4.445897001978996
        ],
        "R_Hip": [
            -0.09188350231042854,
            1.2763225375002953,
            -1.981882051011653
        ],
        "R_Knee": [
            -0.1709594717268099,
            1.7620306078676145,
            -3.03428053577736
        ],
        "R_Ankle": [
            -0.10569730245812364,
            2.3765168682897957,
            -3.99725013543401
        ],
        "R_Foot": [
            -0.16925778708152125,
            2.3704471575104495,
            -4.399358450352364
        ],
        "Spine1": [
            0.062271293874256645,
            1.0734392092375453,
            -1.4142658360025362
        ],
        "Spine2": [
            0.08568848266170206,
            0.8716037586386111,
            -1.0080120622603272
        ],
        "Spine3": [
            0.08379199579206649,
            0.7729248570180159,
            -0.8538483956393659
        ],
        "Neck": [
            0.06201475837590957,
            0.6308930193585418,
            -0.2279158483084911
        ],
        "Head": [
            0.1050979587147661,
            0.4181710746140639,
            -0.041286518283532185
        ],
        "L_Collar": [
            0.28637291661502756,
            0.7366513479370045,
            -0.4835004606991755
        ],
        "L_Shoulder": [
            0.5609569613880333,
            0.7048605479452064,
            -0.454428803002847
        ],
        "L_Elbow": [
            1.05211909703852,
            0.6420683795715735,
            -0.982210233468455
        ],
        "L_Wrist": [
            1.3276610000548945,
            0.08906504834727991,
            -1.3465555503836792
        ],
        "L_Hand": [
            1.4787430647073179,
            -0.08874971984541861,
            -1.4574313887274082
        ],
        "R_Collar": [
            -0.14788514701229555,
            0.7512466025051167,
            -0.4974140191379147
        ],
        "R_Shoulder": [
            -0.4385325345726272,
            0.6862261309140973,
            -0.48038079649497994
        ],
        "R_Elbow": [
            -0.8506754840051043,
            0.5021577051467154,
            -1.0132269359191532
        ],
        "R_Wrist": [
            -0.9006622657580827,
            -0.22971278779256052,
            -1.113216379366975
        ],
        "R_Hand": [
            -0.917149714649045,
            -0.4830292730491503,
            -1.140481842550616
        ]
    },
    "joints2D": {
        "Pelvis": [
            0.255795001802883,
            0.8029903441869004
        ],
        "L_Hip": [
            0.2703086586033483,
            0.803969142495098
        ],
        "L_Knee": [
            0.2743209995139383,
            0.8187926676912197
        ],
        "L_Ankle": [
            0.2701357915630528,
            0.8232891497845088
        ],
        "L_Foot": [
            0.27397619959269415,
            0.8314508818653109
        ],
        "R_Hip": [
            0.24149852246310327,
            0.8054152082519209
        ],
        "R_Knee": [
            0.23958303511562917,
            0.8188246647334367
        ],
        "R_Ankle": [
            0.2444267027671197,
            0.816057380567498
        ],
        "R_Foot": [
            0.24227423067065654,
            0.8282693227329886
        ],
        "Spine1": [
            0.2549203032561251,
            0.782491830724541
        ],
        "Spine2": [
            0.25993384361380206,
            0.7629662907977688
        ],
        "Spine3": [
            0.2613333329284314,
            0.7559485621323385
        ],
        "Neck": [
            0.2632598193907784,
            0.6047341684301554
        ],
        "Head": [
            0.28679121533017066,
            0.52725611182643
        ],
        "L_Collar": [
            0.3002848403090339,
            0.6716683273210294
        ],
        "L_Shoulder": [
            0.3448560576204681,
            0.6531689178795628
        ],
        "L_Elbow": [
            0.3775099003444801,
            0.7378942545005974
        ],
        "L_Wrist": [
            0.4081050834464433,
            0.8207489706984853
        ],
        "L_Hand": [
            0.5891862831376543,
            0.816952969321947
        ],
        "R_Collar": [
            0.22185005938894878,
            0.6775081567230761
        ],
        "R_Shoulder": [
            0.16916715853457556,
            0.6713990103611923
        ],
        "R_Elbow": [
            0.1301172993780347,
            0.7796269730189284
        ],
        "R_Wrist": [
            0.8848523394600846,
            0.8272782496327461
        ],
        "R_Hand": [
            0.8707205118445238,
            0.7941370521674694
        ]
    }
}