{
    "joints3D": {
        "Pelvis": [
            -0.3258684061348961,
            -0.49902439499123336,
            -1.5648131971163441
        ],
        "L_Hip": [
            -0.15654735963149968,
            -0.5338963971048182,
            -1.8224931526111914
        ],
        "L_Knee": [
            0.4289909928986669,
            -1.1360215458259573,
            -2.453354059172064
        ],
        "L_Ankle": [
            0.7744105804051425,
            -1.7325814341845827,
            -3.3430888877256093
        ],
        "L_Foot": [
            1.0455418480339558,
            -1.991513043459394,
            -3.4000848839335562
        ],
        "R_Hip": [
            -0.44432847885551224,
            -0.7266032869084468,
            -1.7307891223770167
        ],
        "R_Knee": [
            -0.6657548218295478,
            -1.1806228686177829,
            -2.678626421258423
        ],
        "R_Ankle": [
            -0.994199686202973,
            -1.203430096459978,
            -3.756656384532186
        ],
        "R_Foot": [
            -0.9439991717097644,
            -1.5747307626131757,
            -3.837225647616398
        ],
        "Spine1": [
            -0.42003572337701495,
            -0.27347895973911024,
            -1.3523716082748316
        ],
        "Spine2": [
            -0.40279904389819626,
            -0.10696592181505057,
            -1.0010063848892388
        ],
        "Spine3": [
            -0.3589607555944955,
            -0.07083917624675526,
            -0.8446255371939962
        ],
        "Neck": [
            -0.3873657730166327,
            0.26988846724423304,
            -0.35048376972663275
        ],
        "Head": [
            -0.2936183310551374,
            0.2364512159404844,
            -0.14013027021063895
        ],
        "L_Collar": [
            -0.2184378212743391,
            0.269188287857272,
            -0.6511300141707935
        ],
        "L_Shoulder": [
            -0.09796388152819227,
            0.4809302982210125,
            -0.7811918005417968
        ],
        "L_Elbow": [
            -0.18572889193790051,
            0.38418560134627483,
            -1.499845940213952
        ],
        "L_Wrist": [
            0.4248705185294447,
            0.026306922958622473,
            -1.507291926156032
        ],
        "L_Hand": [
            0.6410222008247413,
            -0.08984700050695921,
            -1.5028689140404814
        ],
        "R_Collar": [
            -0.577477055608911,
            0.023458513251482207,
            -0.503235165981248
        ],
        "R_Shoulder": [
            -0.8297079265177744,
            -0.07500889011643505,
            -0.386879397119099
        ],
        "R_Elbow": [
            -1.2802042574704764,
            -0.37808661344213834,
            -0.846786967486026
        ],
        "R_Wrist": [
            -1.3577221036932157,
            -1.0943256590233028,
            -0.8610398924780472
        ],
        "R_Hand": [
            -1.3849445718921176,
            -1.3361661290248585,
            -0.8659764015258594
        ]
    },
    "joints2D": {
        "Pelvis": [
            0.7906468309091821,
            0.8746041985328009
        ],
        "L_Hip": [
            0.7680710577558548,
            0.8864065845916802
        ],
        "L_Knee": [
            0.7211971807233151,
            0.8422636283739549
        ],
        "L_Ankle": [
            0.7131241766397514,
            0.827395339260599
        ],
        "L_Foot": [
            0.703384183738482,
            0.8093072552051374
        ],
        "R_Hip": [
            0.7963733162856508,
            0.8479727825104397
        ],
        "R_Knee": [
            0.7944103310704373,
            0.843714190799222
        ],
        "R_Ankle": [
            0.800742883137554,
            0.8704861527853103
        ],
        "R_Foot": [
            0.7948404142614247,
            0.8507769143053917
        ],
        "Spine1": [
            0.8130469261639844,
            0.8945126863574271
        ],
        "Spine2": [
            0.8335886885620204,
            0.9059863987322391
        ],
        "Spine3": [
            0.8386459520965401,
            0.9080520018144772
        ],
        "Neck": [
            0.12400414543844125,
            0.7228229343800429
        ],
        "Head": [
            0.11707178798547747,
            0.6228665380987303
        ],
        "L_Collar": [
            0.19049614508733506,
            0.8439264101433658
        ],
        "L_Shoulder": [
            0.22902337282015772,
            0.8101605186750471
        ],
        "L_Elbow": [
            0.22405243721045243,
            0.8944153559559005
        ],
        "L_Wrist": [
            0.31134440675581443,
            0.94217994038917
        ],
        "L_Hand": [
            0.6626571238029773,
            0.9132021658878147
        ],
        "R_Collar": [
            0.07577351419948843,
            0.798569561045237
        ],
        "R_Shoulder": [
            0.9530491435167724,
            0.6853726012838219
        ],
        "R_Elbow": [
            0.9190830259558315,
            0.7191640408228753
        ],
        "R_Wrist": [
            0.8783562250727723,
            0.6583611368861277
        ],
        "R_Hand": [
            0.8676802174368476,
            0.6427493586284434
        ]
    }
}