{
    "joints2D": {
        "Pelvis": [
            0.2356550283309691,
            0.9044514096285622
        ],
        "L_Hip": [
            0.25956217676418325,
            0.9216279049820575
        ],
        "L_Knee": [
            0.7405894034174735,
            0.9562462373096139
        ],
        "L_Ankle": [
            0.7530335448111782,
            0.949505079435822
        ],
        "L_Foot": [
            0.7513392593043731,
            0.9280324528527473
        ],
        "R_Hip": [
            0.21437242962481062,
            0.9126729965120923
        ],
        "R_Knee": [
            0.7994262632872289,
            0.9436432784356551
        ],
        "R_Ankle": [
            0.7898985354800678,
            0.9416000082150452
        ],
        "R_Foot": [
            0.7949495331914825,
            0.9196063945485544
        ],
        "Spine1": [
            0.23596069047223409,
            0.865282461017119
        ],
        "Spine2": [
            0.23605071684779394,
            0.8252115583016135
        ],
        "Spine3": [
            0.23210837062190978,
            0.8301650438139683
        ],
        "Neck": [
            0.23361999659290203,
            0.6028627897467469
        ],
        "Head": [
            0.22831441034526506,
            0.49828834650872755
        ],
        "L_Collar": [
            0.28528486183065777,
            0.7417996676163198
        ],
        "L_Shoulder": [
            0.3462321854568439,
            0.7304707504200999
        ],
        "L_Elbow": [
            0.39415194612446963,
            0.8318794957298679
        ],
        "L_Wrist": [
            0.6717756073796465,
            0.8077628225180594
        ],
        "L_Hand": [
            0.6944843396379833,
            0.7583487944708943
        ],
        "R_Collar": [
            0.19096577557519206,
            0.7065030636074919
        ],
        "R_Shoulder": [
            0.14544860098629211,
            0.664760254466709
        ],
        "R_Elbow": [
            0.13616868116044503,
            0.670950728734607
        ],
        "R_Wrist": [
            0.12252991080434604,
            0.7581244401193155
        ],
        "R_Hand": [
            0.11999053850267385,
            0.7773838619076393
        ]
    },
    "joints3D": {
        "Pelvis": [
            -0.11602390660648572,
            0.40788989889174,
            -1.8188938411286142
        ],
        "L_Hip": [
            0.10889538757203349,
            0.33634430508066554,
            -2.1156389225033805
        ],
        "L_Knee": [
            0.15134518715650347,
            -0.0881339525702404,
            -3.2250000629934696
        ],
        "L_Ankle": [
            -0.033186602132676844,
            -0.2453389418717386,
            -4.480322043100293
        ],
        "L_Foot": [
            0.0004167883070046131,
            -0.6302101550229778,
            -4.618447357719021
        ],
        "R_Hip": [
            -0.34723848458930284,
            0.37050617364459426,
            -2.104526774575855
        ],
        "R_Knee": [
            -0.680610039751195,
            -0.12349722333441418,
            -3.160109488810064
        ],
        "R_Ankle": [
            -0.7678749945462362,
            -0.26784493113193086,
            -4.426331586435607
        ],
        "R_Foot": [
            -0.9393163112961067,
            -0.6255099821083435,
            -4.550217925294847
        ],
        "Spine1": [
            -0.10385764809466817,
            0.5720549808476278,
            -1.507009027175686
        ],
        "Spine2": [
            -0.0822683675896425,
            0.5897425542397974,
            -1.0713630070637974
        ],
        "Spine3": [
            -0.09067612434326315,
            0.4805672112167932,
            -0.9128594349580182
        ],
        "Neck": [
            -0.05779484351647461,
            0.57292751660096,
            -0.20311114524262416
        ],
        "Head": [
            -0.053353217147120914,
            0.40553000540731765,
            -0.0013199101625492023
        ],
        "L_Collar": [
            0.15951565109605398,
            0.5160839185063087,
            -0.5322122159686168
        ],
        "L_Shoulder": [
            0.4148043909390836,
            0.42936728825207204,
            -0.4955763489529977
        ],
        "L_Elbow": [
            0.9108365390632353,
            0.12229612113816282,
            -1.0472191822072492
        ],
        "L_Wrist": [
            0.4707961845908656,
            -0.47647974990699565,
            -0.9183665979258387
        ],
        "L_Hand": [
            0.3566160301150486,
            -0.6803322981227987,
            -0.8184742060658696
        ],
        "R_Collar": [
            -0.28746239918082905,
            0.6153691436628423,
            -0.5213910926049338
        ],
        "R_Shoulder": [
            -0.5642185454926755,
            0.6295945882077181,
            -0.45785210882801025
        ],
        "R_Elbow": [
            -1.0982668686626036,
            1.0615952080670437,
            -0.8479127496828207
        ],
        "R_Wrist": [
            -1.4539911627687216,
            0.8437956190125404,
            -1.5036774517904885
        ],
        "R_Hand": [
            -1.5755810848506242,
            0.7742013132464366,
            -1.7151947503171117
        ]
    }
}