{
    "joints3D": {
        "Pelvis": [
            0.18794842062223296,
            0.2745329014023234,
            -1.6248952386726072
        ],
        "L_Hip": [
            0.3815333699855957,
            0.20640253909528744,
            -1.8517351507642699
        ],
        "L_Knee": [
            0.70558484138289,
            -0.26030116393657415,
            -2.717472538942855
        ],
        "L_Ankle": [
            0.8515884862487972,
            0.36134827513163764,
            -3.6248792623792863
        ],
        "L_Foot": [
            0.9504136699471997,
            0.02100970829841713,
            -3.743874612763545
        ],
        "R_Hip": [
            0.03506887337643514,
            0.26680167027971685,
            -1.884340007568744
        ],
        "R_Knee": [
            -0.2662316156700238,
            -0.15735519370822526,
            -2.806501921920935
        ],
        "R_Ankle": [
            0.018711076477693902,
            0.47243758080571807,
            -3.676521561749265
        ],
        "R_Foot": [
            -0.17824317622322583,
            0.20796427033227613,
            -3.8609190332424497
        ],
        "Spine1": [
            0.17771302879307443,
            0.4194366206759436,
            -1.3406163168565544
        ],
        "Spine2": [
            0.15963910469651488,
            0.4033293642492584,
            -0.9576938768798446
        ],
        "Spine3": [
            0.12909885698226492,
            0.3480798981648006,
            -0.8063098516810289
        ],
        "Neck": [
            0.0814557417729042,
            0.4862643818385816,
            -0.23224965510442194
        ],
        "Head": [
            0.05710479450057364,
            0.41297070976998895,
            -0.016228059072722463
        ],
        "L_Collar": [
            0.32787268750624743,
            0.4079357704063544,
            -0.4529745274792822
        ],
        "L_Shoulder": [
            0.5761887835301241,
            0.3090438641153387,
            -0.40123926274498756
        ],
        "L_Elbow": [
            0.8818497786313372,
            -0.32486102832299996,
            -0.5536773824803178
        ],
        "L_Wrist": [
            0.7231474757219664,
            -0.780630006190399,
            -0.04974807083328039
        ],
        "L_Hand": [
            0.6916120760396987,
            -1.0017369488358938,
            0.04327829953464866
        ],
        "R_Collar": [
            -0.10838758369523013,
            0.5129220618323811,
            -0.515210455220352
        ],
        "R_Shoulder": [
            -0.39871142627976636,
            0.5027686564502573,
            -0.5109674986162717
        ],
        "R_Elbow": [
            -0.8898994575938592,
            0.021728861936276773,
            -0.6502318259419172
        ],
        "R_Wrist": [
            -1.0645138449543634,
            -0.5138557042188686,
            -0.21751010322191155
        ],
        "R_Hand": [
            -1.1338399416785931,
            -0.7342129605810974,
            -0.15254642793908396
        ]
    },
    "joints2D": {
        "Pelvis": [
            0.2729165388585658,
            0.9170223739309651
        ],
        "L_Hip": [
            0.2928271203832235,
            0.926185740922529
        ],
        "L_Knee": [
            0.6957880198141535,
            0.9253297454916884
        ],
        "L_Ankle": [
            0.299081773575156,
            0.9266933248790802
        ],
        "L_Foot": [
            0.305876451356426,
            0.9482046032313388
        ],
        "R_Hip": [
            0.252636427295825,
            0.9266188993293254
        ],
        "R_Knee": [
            0.7726996976099106,
            0.9472183750348429
        ],
        "R_Ankle": [
            0.24974271653846547,
            0.9301134692916808
        ],
        "R_Foot": [
            0.23820769646772802,
            0.9492866192077806
        ],
        "Spine1": [
            0.27399926119229406,
            0.8798689721009102
        ],
        "Spine2": [
            0.2782321548748773,
            0.8523206354410169
        ],
        "Spine3": [
            0.2768873935429917,
            0.8501145472875149
        ],
        "Neck": [
            0.2727505821436351,
            0.6347651564208746
        ],
        "Head": [
            0.26998308868852683,
            0.5094124391250293
        ],
        "L_Collar": [
            0.3339639735646322,
            0.733038725289032
        ],
        "L_Shoulder": [
            0.393895035888621,
            0.6995826250108425
        ],
        "L_Elbow": [
            0.5881294170208372,
            0.7022525750702344
        ],
        "L_Wrist": [
            0.6353353589075749,
            0.5132459837151704
        ],
        "L_Hand": [
            0.6574259422043671,
            0.48552674155375125
        ],
        "R_Collar": [
            0.22311537521031727,
            0.7399529427412503
        ],
        "R_Shoulder": [
            0.16184500293428714,
            0.7197497169811345
        ],
        "R_Elbow": [
            0.06234160992966359,
            0.7695335679253164
        ],
        "R_Wrist": [
            0.9209847634906456,
            0.5666013567787355
        ],
        "R_Hand": [
            0.9043729651645454,
            0.538455580964144
        ]
    }
}