{
    "joints3D": {
        "Pelvis": [
            -0.2919912396831441,
            0.4096997862337654,
            -1.5114767085498588
        ],
        "L_Hip": [
            -0.17136979300910596,
            0.3967331258762965,
            -1.8351920836832778
        ],
        "L_Knee": [
            -0.34017642607706644,
            0.5126288160867923,
            -2.9419186973203364
        ],
        "L_Ankle": [
            -0.7747074894136347,
            0.6725189019366395,
            -4.031070539240088
        ],
        "L_Foot": [
            -0.6296565013690024,
            0.3713812036779666,
            -4.251684301589919
        ],
        "R_Hip": [
            -0.5600142778220619,
            0.3806877634936873,
            -1.7140443831983347
        ],
        "R_Knee": [
            -1.0878087844521376,
            0.282187389094945,
            -2.728794316976875
        ],
        "R_Ankle": [
            -1.4196347298065632,
            0.41504337487733334,
            -3.8536545510536446
        ],
        "R_Foot": [
            -1.5338589768613786,
            0.05497228942469497,
            -3.978658657118561
        ],
        "Spine1": [
            -0.21771879172639236,
            0.5252090727331878,
            -1.2196637984318845
        ],
        "Spine2": [
            -0.09068639373651341,
            0.5820918365801024,
            -0.8197352678748191
        ],
        "Spine3": [
            -0.043037003440263455,
            0.4883420211198726,
            -0.6762369745283179
        ],
        "Neck": [
            0.13256299936351018,
            0.5663403570913702,
            -0.05356282959418
        ],
        "Head": [
            0.1786140005965399,
            0.3821277092208002,
            0.14362191495019852
        ],
        "L_Collar": [
            0.27276679306205387,
            0.5649453040738187,
            -0.3949789771553311
        ],
        "L_Shoulder": [
            0.5107667225813414,
            0.5497254112729082,
            -0.5362384736045271
        ],
        "L_Elbow": [
            0.4750990625704286,
            0.7186475976695758,
            -1.304688521552617
        ],
        "L_Wrist": [
            0.3944186113213902,
            0.46124498391018176,
            -1.9996125863930565
        ],
        "L_Hand": [
            0.41357094917141335,
            0.3976601269982576,
            -2.246433209265188
        ],
        "R_Collar": [
            -0.15691939756880766,
            0.5898722281630449,
            -0.2732102723480585
        ],
        "R_Shoulder": [
            -0.43942059888645185,
            0.5714621716121282,
            -0.22531795744032213
        ],
        "R_Elbow": [
            -0.9259244325008448,
            0.5357222419243792,
            -0.8075297837510493
        ],
        "R_Wrist": [
            -0.48635391541072726,
            -0.08097470767416495,
            -0.8554331781703108
        ],
        "R_Hand": [
            -0.3841297447722365,
            -0.31032249838030945,
            -0.8366577735775262
        ]
    },
    "joints2D": {
        "Pelvis": [
            0.2109801150424075,
            0.8871847887281672
        ],
        "L_Hip": [
            0.22957168120675162,
            0.9057142326454314
        ],
        "L_Knee": [
            0.2244526497839456,
            0.91565995450492
        ],
        "L_Ankle": [
            0.20866983011526882,
            0.9132533702815799
        ],
        "L_Foot": [
            0.21612605687914688,
            0.9363936698038043
        ],
        "R_Hip": [
            0.1847770373646692,
            0.8882233130479813
        ],
        "R_Knee": [
            0.16692299991922324,
            0.9072672455269593
        ],
        "R_Ankle": [
            0.17258467382842427,
            0.9102000644116519
        ],
        "R_Foot": [
            0.16531988748318777,
            0.9295354840026336
        ],
        "Spine1": [
            0.21719542729539043,
            0.8496031185301408
        ],
        "Spine2": [
            0.23238330847248573,
            0.7912021715950605
        ],
        "Spine3": [
            0.23934405801501962,
            0.7894563768005011
        ],
        "Neck": [
            0.28427439940935306,
            0.5260781158561391
        ],
        "Head": [
            0.3141143787692323,
            0.3919899855566641
        ],
        "L_Collar": [
            0.3108615053490648,
            0.677478086847404
        ],
        "L_Shoulder": [
            0.34814784570618296,
            0.7062204015964941
        ],
        "L_Elbow": [
            0.30611717578390524,
            0.8129561834788908
        ],
        "L_Wrist": [
            0.2880560546415413,
            0.8969302344139577
        ],
        "L_Hand": [
            0.28674550447370434,
            0.9112311258570037
        ],
        "R_Collar": [
            0.21065179686441463,
            0.6295686593269683
        ],
        "R_Shoulder": [
            0.15006078456493674,
            0.5983791955064383
        ],
        "R_Elbow": [
            0.11487476740510051,
            0.730607184349697
        ],
        "R_Wrist": [
            0.8613252544886608,
            0.8841163112207234
        ],
        "R_Hand": [
            0.8304643556959961,
            0.8418764148789663
        ]
    }
}