{
    "joints3D": {
        "Pelvis": [
            0.05607708637310087,
            -0.23100432183123074,
            -1.5179999136958535
        ],
        "L_Hip": [
            0.25719568960305494,
            -0.24221194698218668,
            -1.7996904341696334
        ],
        "L_Knee": [
            0.5543695788775674,
            -0.6083838709057066,
            -2.823785484143434
        ],
        "L_Ankle": [
            0.5233176437064873,
            -0.9136746707956275,
            -3.968916530469394
        ],
        "L_Foot": [
            0.8137904217616255,
            -1.1755883024611293,
            -4.058231583491666
        ],
        "R_Hip": [
            -0.07704964247862466,
            -0.4636589896650077,
            -1.7235604649154435
        ],
        "R_Knee": [
            -0.1815279171640246,
            -1.0064542714730937,
            -2.7320331358918186
        ],
        "R_Ankle": [
            -0.1640401488930714,
            -1.2709627908453562,
            -3.8842612779248995
        ],
        "R_Foot": [
            -0.018273796442943933,
            -1.6409438750799767,
            -3.8570595821092963
        ],
        "Spine1": [
            -0.03720781648447597,
            -0.03029193255396972,
            -1.2826557658266737
        ],
        "Spine2": [
            -0.11081954130500321,
            0.18606921242774221,
            -0.9252948824472199
        ],
        "Spine3": [
            -0.08037227861448538,
            0.166706165057275,
            -0.7507696413594502
        ],
        "Neck": [
            -0.21049547076811229,
            0.43611360224830503,
            -0.1705952498992223
        ],
        "Head": [
            -0.18206300395394492,
            0.3161389373498434,
            0.07434228246678776
        ],
        "L_Collar": [
            0.025860208272687618,
            0.45985678331769714,
            -0.45391234164835176
        ],
        "L_Shoulder": [
            0.26999356193042356,
            0.5698165429870675,
            -0.5274248573530183
        ],
        "L_Elbow": [
            0.39559285524299337,
            0.4789648481781298,
            -1.3010168091861771
        ],
        "L_Wrist": [
            0.7366605093566018,
            0.10503718225525713,
            -1.8500732373588735
        ],
        "L_Hand": [
            0.873902326873455,
            0.009389693226340725,
            -2.0439112477378525
        ],
        "R_Collar": [
            -0.36890814749036,
            0.24832956998155148,
            -0.4402267566983389
        ],
        "R_Shoulder": [
            -0.5970584428449808,
            0.07526547872585804,
            -0.46709189908759396
        ],
        "R_Elbow": [
            -0.6627826572628795,
            -0.37790927072014746,
            -1.0747495643310014
        ],
        "R_Wrist": [
            -0.5177010975483074,
            -1.1238671145323536,
            -1.05664521894611
        ],
        "R_Hand": [
            -0.5397800707403133,
            -1.3736895992236255,
            -1.0297398264618045
        ]
    },
    "joints2D": {
        "Pelvis": [
            0.7434833747368196,
            0.9236505690527892
        ],
        "L_Hip": [
            0.7208290248221385,
            0.9245367095397256
        ],
        "L_Knee": [
            0.7117510275726385,
            0.9007807891340994
        ],
        "L_Ankle": [
            0.7247664037193962,
            0.9006421678633724
        ],
        "L_Foot": [
            0.7127682264337807,
            0.8821705523626023
        ],
        "R_Hip": [
            0.7602111523044018,
            0.893332319306332
        ],
        "R_Knee": [
            0.7636771454722083,
            0.868073103259034
        ],
        "R_Ankle": [
            0.7594119067311755,
            0.8786621205798074
        ],
        "R_Foot": [
            0.7522056196696125,
            0.8548039816604112
        ],
        "Spine1": [
            0.7580342218582624,
            0.9575301043657608
        ],
        "Spine2": [
            0.22401073986729547,
            0.9085915709461988
        ],
        "Spine3": [
            0.2268852967959351,
            0.9037349394922777
        ],
        "Neck": [
            0.18147807146707204,
            0.6061469795585678
        ],
        "Head": [
            0.16852400702073825,
            0.43185358007353136
        ],
        "L_Collar": [
            0.25553036090814685,
            0.7391234911873666
        ],
        "L_Shoulder": [
            0.30559253716931145,
            0.7197878835043234
        ],
        "L_Elbow": [
            0.3032467974316259,
            0.85645322279729
        ],
        "L_Wrist": [
            0.3323873239236518,
            0.9179275803879411
        ],
        "L_Hand": [
            0.34015256818925366,
            0.9253416622271218
        ],
        "R_Collar": [
            0.13435637195456365,
            0.7700403966124373
        ],
        "R_Shoulder": [
            0.0751647026898808,
            0.7687117000575177
        ],
        "R_Elbow": [
            0.8533672126538966,
            0.8281108462914016
        ],
        "R_Wrist": [
            0.8065780693775264,
            0.7226917782585878
        ],
        "R_Hand": [
            0.8020560013580318,
            0.6907133691460388
        ]
    }
}