{
    "joints3D": {
        "Pelvis": [
            -0.06232875040843896,
            0.24128319199214743,
            -1.6173358887945144
        ],
        "L_Hip": [
            0.12429234481070682,
            0.17637287954296552,
            -1.885903427153879
        ],
        "L_Knee": [
            0.3440004313000619,
            -0.10408371652884968,
            -2.9740474649046296
        ],
        "L_Ankle": [
            0.2949696693328096,
            -0.3309951502867136,
            -4.169065571990785
        ],
        "L_Foot": [
            0.42890093585360173,
            -0.7021514137740315,
            -4.2430003971130965
        ],
        "R_Hip": [
            -0.2639358443280035,
            0.20967862832880235,
            -1.875265259757268
        ],
        "R_Knee": [
            -0.5443900277299375,
            -0.0620328928133758,
            -2.9750872097309955
        ],
        "R_Ankle": [
            -0.5527531211782929,
            -0.2598093149056586,
            -4.176608104823294
        ],
        "R_Foot": [
            -0.7521292066158822,
            -0.6129101894982114,
            -4.201998916225131
        ],
        "Spine1": [
            -0.047421858833798104,
            0.4055477242553797,
            -1.3202454088863786
        ],
        "Spine2": [
            -0.017893858539082097,
            0.4410216414816785,
            -0.9227148707538514
        ],
        "Spine3": [
            -0.019256295328141965,
            0.38715668978386414,
            -0.7592585723651513
        ],
        "Neck": [
            -0.0034346647268761617,
            0.5079467439952053,
            -0.1636389870163872
        ],
        "Head": [
            0.03201448839219202,
            0.38798626893865545,
            0.041556948083653
        ],
        "L_Collar": [
            0.2202502102509622,
            0.4701460858638934,
            -0.42036851301515477
        ],
        "L_Shoulder": [
            0.47808227370706535,
            0.3804641753182409,
            -0.4348305830670008
        ],
        "L_Elbow": [
            0.5569097826349622,
            0.08100500144191715,
            -1.144223335758413
        ],
        "L_Wrist": [
            0.34967151194479335,
            -0.5950536509586348,
            -1.389317134382258
        ],
        "L_Hand": [
            0.37032556755083473,
            -0.8414275764001552,
            -1.454668248993712
        ],
        "R_Collar": [
            -0.23444720268616417,
            0.5209309115131739,
            -0.4205717672830521
        ],
        "R_Shoulder": [
            -0.5196133198304433,
            0.4434039686150468,
            -0.4094911857656893
        ],
        "R_Elbow": [
            -0.6702763992991104,
            0.04287219557839853,
            -1.0300857182999084
        ],
        "R_Wrist": [
            -0.3814912773330021,
            -0.6636065576089648,
            -0.925398433945053
        ],
        "R_Hand": [
            -0.32164349432763845,
            -0.8590095130716789,
            -0.7721318202826417
        ]
    },
    "joints2D": {
        "Pelvis": [
            0.24041102290867067,
            0.9244090779156467
        ],
        "L_Hip": [
            0.26317767215703475,
            0.938406893727153
        ],
        "L_Knee": [
            0.7250749116482593,
            0.9517542550800627
        ],
        "L_Ankle": [
            0.7356274486771168,
            0.9419696866351567
        ],
        "L_Foot": [
            0.7300690780967806,
            0.9185074099992023
        ],
        "R_Hip": [
            0.21815327710777374,
            0.9305177266264479
        ],
        "R_Knee": [
            0.7928704849254657,
            0.9510058109189146
        ],
        "R_Ankle": [
            0.78090610447988,
            0.9438036411712657
        ],
        "R_Foot": [
            0.7891417467603794,
            0.9194556566555891
        ],
        "Spine1": [
            0.24170022344825312,
            0.8837680993841311
        ],
        "Spine2": [
            0.24529564265535203,
            0.842327450691557
        ],
        "Spine3": [
            0.24435981987567254,
            0.8349128467591574
        ],
        "Neck": [
            0.24762466676538372,
            0.5941546805761362
        ],
        "Head": [
            0.2613861070813418,
            0.46419539524124115
        ],
        "L_Collar": [
            0.3055908699747942,
            0.7146699536810626
        ],
        "L_Shoulder": [
            0.36704375846900045,
            0.712663981290196
        ],
        "L_Elbow": [
            0.34708450417818887,
            0.9018041667824225
        ],
        "L_Wrist": [
            0.7074312729656531,
            0.8463480539657297
        ],
        "L_Hand": [
            0.7111096494869354,
            0.8134855103536237
        ],
        "R_Collar": [
            0.19218643995769233,
            0.6998298928282497
        ],
        "R_Shoulder": [
            0.12969188957661815,
            0.6847633180688878
        ],
        "R_Elbow": [
            0.1238890378027214,
            0.8807230169452354
        ],
        "R_Wrist": [
            0.809363261987553,
            0.7786905361517082
        ],
        "R_Hand": [
            0.7974827672790871,
            0.7187319090061238
        ]
    }
}