{
    "joints3D": {
        "Pelvis": [
            0.027478506404535755,
            0.17211633237436053,
            -1.4471795287174931
        ],
        "L_Hip": [
            0.20853882383320976,
            0.01841349572775759,
            -1.6378165227173944
        ],
        "L_Knee": [
            0.3764067279202403,
            -0.9345011174880353,
            -1.993712548798856
        ],
        "L_Ankle": [
            0.22236294573256982,
            -1.5363021586684855,
            -2.9071806199306844
        ],
        "L_Foot": [
            0.410578164180609,
            -1.8488514141585959,
            -2.8335958226027538
        ],
        "R_Hip": [
            -0.1430860282850971,
            0.019468489861098857,
            -1.6409613630547673
        ],
        "R_Knee": [
            -0.18648695992821787,
            -0.980286806439649,
            -1.972344116764541
        ],
        "R_Ankle": [
            -0.11818844835605316,
            -1.4874707903033193,
            -2.9531601484359995
        ],
        "R_Foot": [
            -0.2188856489354969,
            -1.8325797435172213,
            -2.8425103975178847
        ],
        "Spine1": [
            0.018185278404830783,
            0.4382349007467935,
            -1.2736454742929122
        ],
        "Spine2": [
            0.021787934445729334,
            0.46456004214762237,
            -0.8925758631694057
        ],
        "Spine3": [
            0.008366046207736027,
            0.40800811906343093,
            -0.739974121442496
        ],
        "Neck": [
            -0.027155609223029058,
            0.465057498138176,
            -0.15405121335920183
        ],
        "Head": [
            -0.019666875601087562,
            0.32425307542341053,
            0.025628955634567487
        ],
        "L_Collar": [
            0.21406708465456725,
            0.4247050964902796,
            -0.3880221208441542
        ],
        "L_Shoulder": [
            0.4597989023429971,
            0.3121536144132098,
            -0.40834204996192697
        ],
        "L_Elbow": [
            0.6696304158165346,
            -0.02785789425110947,
            -1.0035744466474468
        ],
        "L_Wrist": [
            0.43687837773619514,
            -0.6822595542197754,
            -1.0161286442414879
        ],
        "L_Hand": [
            0.32200333739025433,
            -0.8813160262463278,
            -1.088253000112485
        ],
        "R_Collar": [
            -0.22423762585441626,
            0.5243633976645383,
            -0.4250336800907425
        ],
        "R_Shoulder": [
            -0.511900340047268,
            0.5451897080423759,
            -0.44700419429256844
        ],
        "R_Elbow": [
            -0.7134832138026397,
            0.6900512751846829,
            -1.0997746973657152
        ],
        "R_Wrist": [
            -0.7511308656049643,
            0.10321104008972201,
            -1.4926494911749442
        ],
        "R_Hand": [
            -0.6994361764165231,
            -0.057858231624197294,
            -1.661354385018449
        ]
    },
    "joints2D": {
        "Pelvis": [
            0.2527737260802022,
            0.9325578050312775
        ],
        "L_Hip": [
            0.27792702629160854,
            0.9572894160381216
        ],
        "L_Knee": [
            0.7189704157720719,
            0.8403844463687117
        ],
        "L_Ankle": [
            0.7386289959912873,
            0.8301396504095694
        ],
        "L_Foot": [
            0.7292783590144031,
            0.8020564866894534
        ],
        "R_Hip": [
            0.22850794781780415,
            0.9590755673840362
        ],
        "R_Knee": [
            0.7674163340467641,
            0.8369437692281998
        ],
        "R_Ankle": [
            0.7581412770834464,
            0.8362336561958879
        ],
        "R_Foot": [
            0.7632041898313893,
            0.8049404248376283
        ],
        "Spine1": [
            0.25133560379873365,
            0.8746848376465972
        ],
        "Spine2": [
            0.2527327796372098,
            0.832509621348411
        ],
        "Spine3": [
            0.2504972456489489,
            0.8255974421655542
        ],
        "Neck": [
            0.23988692242578882,
            0.5966081768479599
        ],
        "Head": [
            0.239249138807932,
            0.4728037439469325
        ],
        "L_Collar": [
            0.3091422624951633,
            0.7166130128193421
        ],
        "L_Shoulder": [
            0.37508927161689376,
            0.7218765427179312
        ],
        "L_Elbow": [
            0.6235408649007067,
            0.8804035235712554
        ],
        "L_Wrist": [
            0.6893361696024806,
            0.7857970718461402
        ],
        "L_Hand": [
            0.7113491552836019,
            0.7677177084812847
        ],
        "R_Collar": [
            0.19484442634495322,
            0.7012223797115915
        ],
        "R_Shoulder": [
            0.14421950269297779,
            0.6796500722960623
        ],
        "R_Elbow": [
            0.15776460861946764,
            0.7774402595241342
        ],
        "R_Wrist": [
            0.14741352097145155,
            0.899602913368043
        ],
        "R_Hand": [
            0.840254651584152,
            0.9195875771193865
        ]
    }
}