{
    "joints3D": {
        "Pelvis": [
            -0.038669956770176435,
            0.4632326953922724,
            -1.7355824246539848
        ],
        "L_Hip": [
            0.18634089708756824,
            0.31687008364243907,
            -1.962968109986585
        ],
        "L_Knee": [
            0.5989386151600908,
            -0.6794500136806024,
            -2.507510608193773
        ],
        "L_Ankle": [
            0.7553679196391855,
            -1.7067902476900738,
            -3.262397333175237
        ],
        "L_Foot": [
            0.8958687560864224,
            -2.05689488830575,
            -3.0697988824032234
        ],
        "R_Hip": [
            -0.2242492494828192,
            0.3102845821481593,
            -1.9857554471670995
        ],
        "R_Knee": [
            -0.4117881754246018,
            -0.7174192601881939,
            -2.637647484596632
        ],
        "R_Ankle": [
            -0.36542267796387784,
            -1.770556054336098,
            -3.372141729564913
        ],
        "R_Foot": [
            -0.5488292747509166,
            -2.0998025828506535,
            -3.1678750864716516
        ],
        "Spine1": [
            -0.06339681811644561,
            0.7399494592513918,
            -1.508960105601532
        ],
        "Spine2": [
            -0.06613407405126712,
            0.6550282954213729,
            -1.095347374495455
        ],
        "Spine3": [
            -0.06337891004507275,
            0.5582852700096115,
            -0.9416979451601474
        ],
        "Neck": [
            -0.050694065062383276,
            0.5272396774054633,
            -0.3011309009236398
        ],
        "Head": [
            -0.009059228931567043,
            0.372676791920563,
            -0.1044888165285294
        ],
        "L_Collar": [
            0.18744688445763155,
            0.5434290185713858,
            -0.5725899839746923
        ],
        "L_Shoulder": [
            0.4140057526898507,
            0.36508912762892176,
            -0.5650786429717203
        ],
        "L_Elbow": [
            0.4751273898006041,
            -0.1783012401887934,
            -1.171669596017026
        ],
        "L_Wrist": [
            0.3797077608587883,
            -0.9621148806401343,
            -1.1759163989886525
        ],
        "L_Hand": [
            0.4431675184538889,
            -1.216186638135535,
            -1.2408980425151723
        ],
        "R_Collar": [
            -0.2892707109557435,
            0.6185834693208512,
            -0.5615594123697382
        ],
        "R_Shoulder": [
            -0.5717188802471546,
            0.5119598572822025,
            -0.48276256439457166
        ],
        "R_Elbow": [
            -0.9050615215933422,
            0.5039159651412222,
            -1.204857176261758
        ],
        "R_Wrist": [
            -0.6507999452110619,
            -0.23226272791599312,
            -1.4373529870086301
        ],
        "R_Hand": [
            -0.6096014210088067,
            -0.4894946652962166,
            -1.5064724065893182
        ]
    },
    "joints2D": {
        "Pelvis": [
            0.24422043850342995,
            0.894116621564503
        ],
        "L_Hip": [
            0.26869499842258177,
            0.9197852645423015
        ],
        "L_Knee": [
            0.7051529534417835,
            0.8841716347807443
        ],
        "L_Ankle": [
            0.7132651460943851,
            0.8263309869955194
        ],
        "L_Foot": [
            0.7081483872328581,
            0.7934129416104393
        ],
        "R_Hip": [
            0.22474931118574928,
            0.9204158470426368
        ],
        "R_Knee": [
            0.7819348743887662,
            0.8889848757653213
        ],
        "R_Ankle": [
            0.769401222186242,
            0.8302775775428096
        ],
        "R_Foot": [
            0.7775125640609339,
            0.7992059643131925
        ],
        "Spine1": [
            0.24145694863814263,
            0.8392841940260272
        ],
        "Spine2": [
            0.23904897076570097,
            0.8150291729348477
        ],
        "Spine3": [
            0.23791403941742822,
            0.8160587862903786
        ],
        "Neck": [
            0.23508941948421,
            0.6582833606839678
        ],
        "Head": [
            0.24495867416540368,
            0.5822332534757475
        ],
        "L_Collar": [
            0.28904458248657877,
            0.7441206657690683
        ],
        "L_Shoulder": [
            0.34767360552886134,
            0.767622032716501
        ],
        "L_Elbow": [
            0.6706477568738116,
            0.895350811298265
        ],
        "L_Wrist": [
            0.7080868159973049,
            0.7652998479858831
        ],
        "L_Hand": [
            0.7082697955002141,
            0.7385860870698783
        ],
        "R_Collar": [
            0.19204188977302017,
            0.7170347839786999
        ],
        "R_Shoulder": [
            0.13401481419798741,
            0.6908650851335926
        ],
        "R_Elbow": [
            0.134572972638927,
            0.8009880359283122
        ],
        "R_Wrist": [
            0.8396128886002883,
            0.8871180067575513
        ],
        "R_Hand": [
            0.8241659591390877,
            0.8571312890376529
        ]
    }
}