{
    "joints3D": {
        "Pelvis": [
            -0.4245388968330831,
            1.3037067864437992,
            -1.7020955114022152
        ],
        "L_Hip": [
            -0.2653599529184477,
            1.400139867143569,
            -2.0813046284551504
        ],
        "L_Knee": [
            -0.29454917801431735,
            1.0264958052485946,
            -3.351303544437549
        ],
        "L_Ankle": [
            -0.709260692514358,
            0.755118275705019,
            -4.686661939370304
        ],
        "L_Foot": [
            -0.5290735224671992,
            0.37554729360965033,
            -4.866630501349277
        ],
        "R_Hip": [
            -0.750609196171236,
            1.3111547660928944,
            -1.9530393179228678
        ],
        "R_Knee": [
            -1.3666210082974277,
            0.7617635091939896,
            -3.021922683607933
        ],
        "R_Ankle": [
            -1.863574864975738,
            0.564117428446119,
            -4.340738228768468
        ],
        "R_Foot": [
            -1.973020150675472,
            0.11537492582337246,
            -4.371685238836052
        ],
        "Spine1": [
            -0.34294403468806145,
            1.3580174761731891,
            -1.3216255485743187
        ],
        "Spine2": [
            -0.2358790736801542,
            1.1215876410863268,
            -0.9103312027267871
        ],
        "Spine3": [
            -0.19318242162724233,
            0.9345222000587009,
            -0.814167348327777
        ],
        "Neck": [
            -0.03898631370752747,
            0.717881143483182,
            -0.061538551522397095
        ],
        "Head": [
            0.05615656102887398,
            0.4686768892284304,
            0.05758176623342142
        ],
        "L_Collar": [
            0.1432747113749236,
            0.8651235889906481,
            -0.4385691368329916
        ],
        "L_Shoulder": [
            0.42286909446325227,
            0.7581650968426047,
            -0.3908611760293362
        ],
        "L_Elbow": [
            0.7139799898446244,
            0.4124940163997005,
            -1.1627980740632777
        ],
        "L_Wrist": [
            0.3476023411971113,
            0.11966744875650168,
            -0.46568884609315103
        ],
        "L_Hand": [
            0.32955514336900343,
            0.056825051316671794,
            -0.1902452157014086
        ],
        "R_Collar": [
            -0.35668040772663573,
            0.8417865553565546,
            -0.3393069902065332
        ],
        "R_Shoulder": [
            -0.5447009567164426,
            0.6642993009823897,
            -0.15634591335406559
        ],
        "R_Elbow": [
            -1.1421725734014574,
            0.1897216304769434,
            -0.594829418705266
        ],
        "R_Wrist": [
            -0.4083734248858663,
            0.10618679460325502,
            -0.14290897389939688
        ],
        "R_Hand": [
            -0.22103884975826874,
            0.10473492032079844,
            0.06873716837798248
        ]
    },
    "joints2D": {
        "Pelvis": [
            0.2137459732443422,
            0.7770929482579497
        ],
        "L_Hip": [
            0.22944966411263984,
            0.7983351918743583
        ],
        "L_Knee": [
            0.23169080827496016,
            0.8829992347064647
        ],
        "L_Ankle": [
            0.2168619148488921,
            0.9172671272034588
        ],
        "L_Foot": [
            0.22451556907696793,
            0.9411189911671087
        ],
        "R_Hip": [
            0.19268312242035887,
            0.7884821570659399
        ],
        "R_Knee": [
            0.16489546009359027,
            0.8676463962757331
        ],
        "R_Ankle": [
            0.16279366864422448,
            0.8972044161330623
        ],
        "R_Foot": [
            0.15396127775396237,
            0.9168538680477623
        ],
        "Spine1": [
            0.2178967760352246,
            0.734246952652005
        ],
        "Spine2": [
            0.22143091070822954,
            0.7073094667983029
        ],
        "Spine3": [
            0.22243642576187592,
            0.7181635390811499
        ],
        "Neck": [
            0.2402326585743873,
            0.5238281233623768
        ],
        "Head": [
            0.26708254422280203,
            0.4594640833415327
        ],
        "L_Collar": [
            0.27229707920734897,
            0.6421049944704577
        ],
        "L_Shoulder": [
            0.3228204832357299,
            0.6344113867342478
        ],
        "L_Elbow": [
            0.3501302912767926,
            0.8278554544845571
        ],
        "L_Wrist": [
            0.37204967926649085,
            0.8279472613915044
        ],
        "L_Hand": [
            0.4337062483902275,
            0.7109507665534928
        ],
        "R_Collar": [
            0.18902068395834,
            0.6107157708227241
        ],
        "R_Shoulder": [
            0.14310262230283594,
            0.5578682986418443
        ],
        "R_Elbow": [
            0.058881669497696604,
            0.694931573344626
        ],
        "R_Wrist": [
            0.058724275449841996,
            0.6302043223621007
        ],
        "R_Hand": [
            0.08101771190557347,
            0.39302970373866364
        ]
    }
}