{
    "joints3D": {
        "Pelvis": [
            -0.035307434966171704,
            -0.09879718806674882,
            -1.6923220852890148
        ],
        "L_Hip": [
            0.1099917592744203,
            -0.2862488503252979,
            -1.9834420995235407
        ],
        "L_Knee": [
            -0.13692572038153164,
            -0.9696594000073586,
            -2.909447832243095
        ],
        "L_Ankle": [
            -0.37973076263401984,
            -1.0109963789252987,
            -4.1514245820716456
        ],
        "L_Foot": [
            -0.3839725333088218,
            -1.407573168972236,
            -4.239774451001767
        ],
        "R_Hip": [
            -0.27939377714313296,
            -0.05556699913531057,
            -1.9613452888227385
        ],
        "R_Knee": [
            -0.6510980292604384,
            -0.2843021100248271,
            -3.07968943040222
        ],
        "R_Ankle": [
            -0.7465689323774732,
            -0.5068607785855883,
            -4.321360632426241
        ],
        "R_Foot": [
            -1.1308918457464794,
            -0.6539595073987342,
            -4.319860432046916
        ],
        "Spine1": [
            0.07105979626110698,
            0.06817166567466587,
            -1.4045957170830252
        ],
        "Spine2": [
            0.15174888691365154,
            0.18226168322964656,
            -0.9954808941783538
        ],
        "Spine3": [
            0.11114665088390556,
            0.12897013621442707,
            -0.8168437799759729
        ],
        "Neck": [
            0.27782552926790927,
            0.4583796936709243,
            -0.21088080850574842
        ],
        "Head": [
            0.2625145558297772,
            0.3544411494923968,
            0.02660964696704762
        ],
        "L_Collar": [
            0.41027906822745924,
            0.20960726919225747,
            -0.48706627223112714
        ],
        "L_Shoulder": [
            0.6262829249745901,
            0.05240705250890513,
            -0.4518350859081695
        ],
        "L_Elbow": [
            0.6192714716392482,
            -0.3006633630609081,
            -1.1642586823082646
        ],
        "L_Wrist": [
            0.38728671887692534,
            -0.8866559619745332,
            -1.565046835777997
        ],
        "L_Hand": [
            0.35266359563385247,
            -1.1007113777460475,
            -1.6927630314232351
        ],
        "R_Collar": [
            0.032636995920924346,
            0.459235153759386,
            -0.5154064458031735
        ],
        "R_Shoulder": [
            -0.21746848637882527,
            0.5872421443645152,
            -0.4969458424848525
        ],
        "R_Elbow": [
            -0.5498862205725008,
            0.5521473398942235,
            -1.2042288101703698
        ],
        "R_Wrist": [
            -1.0897662423081218,
            0.36598758628974754,
            -1.7202369261540844
        ],
        "R_Hand": [
            -1.2919275049301608,
            0.324929600055987,
            -1.8636750644109703
        ]
    },
    "joints2D": {
        "Pelvis": [
            0.7560653106353319,
            0.948468512774029
        ],
        "L_Hip": [
            0.7394888558179757,
            0.9253717709575603
        ],
        "L_Knee": [
            0.7602958172261156,
            0.8770810704798235
        ],
        "L_Ankle": [
            0.7697209807652295,
            0.8987757154040837
        ],
        "L_Foot": [
            0.7685312921562246,
            0.8765177341241602
        ],
        "R_Hip": [
            0.7837433845013944,
            0.951963865765089
        ],
        "R_Knee": [
            0.7971614199941924,
            0.9305757833039807
        ],
        "R_Ankle": [
            0.7884905999603253,
            0.9271433824979392
        ],
        "R_Foot": [
            0.8055717661307995,
            0.9114564290149585
        ],
        "Spine1": [
            0.2601080125916121,
            0.9505934858921231
        ],
        "Spine2": [
            0.28022019609061355,
            0.9116010795409686
        ],
        "Spine3": [
            0.2773265218888023,
            0.9189118946752812
        ],
        "Neck": [
            0.32921190726193894,
            0.6195952984552702
        ],
        "Head": [
            0.34765160911795273,
            0.4772103559574746
        ],
        "L_Collar": [
            0.3714223651172889,
            0.7888037619825224
        ],
        "L_Shoulder": [
            0.4306170935723005,
            0.7598573750786998
        ],
        "L_Elbow": [
            0.655815125052792,
            0.8565351714355793
        ],
        "L_Wrist": [
            0.7118857123751414,
            0.8163075820052557
        ],
        "L_Hand": [
            0.7197583290277448,
            0.8006421448854403
        ],
        "R_Collar": [
            0.25691623227824023,
            0.7586394568703829
        ],
        "R_Shoulder": [
            0.20217798943815346,
            0.7096329271891966
        ],
        "R_Elbow": [
            0.17397071403885309,
            0.8243338158667473
        ],
        "R_Wrist": [
            0.1364103709783767,
            0.8516040922276744
        ],
        "R_Hand": [
            0.12644928430085786,
            0.849819759522626
        ]
    }
}