{
    "joints3D": {
        "Pelvis": [
            -0.49099444512119783,
            0.4644741305596799,
            -1.8275157900369905
        ],
        "L_Hip": [
            -0.3595947720707101,
            0.5081948902248566,
            -2.1367197377569354
        ],
        "L_Knee": [
            -0.5258952436936556,
            0.587432378777221,
            -3.322888610162702
        ],
        "L_Ankle": [
            -0.9261122709260085,
            0.6980459832753788,
            -4.432939746281157
        ],
        "L_Foot": [
            -0.7402001154209755,
            0.3779957921309924,
            -4.635963585257795
        ],
        "R_Hip": [
            -0.7208119151888224,
            0.4134188678151296,
            -2.060998422535855
        ],
        "R_Knee": [
            -1.0475904622398469,
            0.39774061846115955,
            -3.208142952972395
        ],
        "R_Ankle": [
            -1.1866629210764827,
            0.6307289984738496,
            -4.351209339905484
        ],
        "R_Foot": [
            -1.2425150825378841,
            0.23981064389170134,
            -4.488429320042392
        ],
        "Spine1": [
            -0.462099272840543,
            0.565859684463905,
            -1.497122779649957
        ],
        "Spine2": [
            -0.34875423547909884,
            0.5389747950015026,
            -1.0455059396409392
        ],
        "Spine3": [
            -0.3095085753991817,
            0.48832680649633314,
            -0.8688114910953344
        ],
        "Neck": [
            -0.22562350843004214,
            0.5396805569794413,
            -0.2167742743421369
        ],
        "Head": [
            -0.13506266994248425,
            0.39552725901572683,
            0.022816084846939245
        ],
        "L_Collar": [
            -0.0549032667495097,
            0.6005520307764721,
            -0.5343895586380094
        ],
        "L_Shoulder": [
            0.18284308959674495,
            0.6806111503947712,
            -0.670450949802686
        ],
        "L_Elbow": [
            0.09515337399214852,
            0.8502348330639342,
            -1.3885754562671968
        ],
        "L_Wrist": [
            0.1942248453991836,
            0.6922384656089621,
            -2.101058350848279
        ],
        "L_Hand": [
            0.23902019659087378,
            0.6702834134960322,
            -2.361579549665041
        ],
        "R_Collar": [
            -0.4929528569053342,
            0.5383941247610442,
            -0.4752808337852273
        ],
        "R_Shoulder": [
            -0.790583347645922,
            0.49647967959430994,
            -0.5343018670371118
        ],
        "R_Elbow": [
            -0.9925799567131501,
            0.5866091171876207,
            -1.2163670878646629
        ],
        "R_Wrist": [
            -1.2897808044678178,
            0.33154930643535924,
            -1.867903249790768
        ],
        "R_Hand": [
            -1.4121241924017849,
            0.2538457839753957,
            -2.086345524366015
        ]
    },
    "joints2D": {
        "Pelvis": [
            0.19643476786854838,
            0.8859153955104659
        ],
        "L_Hip": [
            0.2150160422744056,
            0.8968866449044949
        ],
        "L_Knee": [
            0.21575415224123037,
            0.9128799903648925
        ],
        "L_Ankle": [
            0.20507055535086857,
            0.9143951145276459
        ],
        "L_Foot": [
            0.2135246772233328,
            0.9371620445253478
        ],
        "R_Hip": [
            0.17982035047258557,
            0.8908384708712309
        ],
        "R_Knee": [
            0.18102900210639153,
            0.9113946854824609
        ],
        "R_Ankle": [
            0.19209075964890995,
            0.9119972743354107
        ],
        "R_Foot": [
            0.18820012474327039,
            0.9339549139057012
        ],
        "Spine1": [
            0.19360827802859698,
            0.8538778347782707
        ],
        "Spine2": [
            0.19444968137606305,
            0.8221971641729643
        ],
        "Spine3": [
            0.19272438821726998,
            0.8112077347971479
        ],
        "Neck": [
            0.18972662272007706,
            0.6104905580518091
        ],
        "Head": [
            0.197550622122698,
            0.48002115012930024
        ],
        "L_Collar": [
            0.23704842862266357,
            0.7229563111505332
        ],
        "L_Shoulder": [
            0.2811580355502376,
            0.735747987586554
        ],
        "L_Elbow": [
            0.2594199448834014,
            0.8118685255515605
        ],
        "L_Wrist": [
            0.2661964194044239,
            0.8770931423476166
        ],
        "L_Hand": [
            0.26842672620003666,
            0.8882524789753121
        ],
        "R_Collar": [
            0.14777944973421167,
            0.6917746607706802
        ],
        "R_Shoulder": [
            0.10972665775175366,
            0.6850486557698539
        ],
        "R_Elbow": [
            0.1316420334296767,
            0.784038474530904
        ],
        "R_Wrist": [
            0.12697996741823792,
            0.8496705583960427
        ],
        "R_Hand": [
            0.12529219298844035,
            0.8617673584136959
        ]
    }
}