{
    "joints2D": {
        "Pelvis": [
            0.8017662320328337,
            0.8474102934755143
        ],
        "L_Hip": [
            0.7853926241330779,
            0.871147197048554
        ],
        "L_Knee": [
            0.7486673765317307,
            0.8496635465240707
        ],
        "L_Ankle": [
            0.7608345814214339,
            0.8366071138758763
        ],
        "L_Foot": [
            0.7447291921617802,
            0.833144260656114
        ],
        "R_Hip": [
            0.8082986765017359,
            0.814913655510373
        ],
        "R_Knee": [
            0.7924868667981724,
            0.8048744583990791
        ],
        "R_Ankle": [
            0.7963093475734839,
            0.8333074732666456
        ],
        "R_Foot": [
            0.7875645550489223,
            0.8135711756811301
        ],
        "Spine1": [
            0.820061521868777,
            0.8584231156556751
        ],
        "Spine2": [
            0.8368204507208191,
            0.8848280825638838
        ],
        "Spine3": [
            0.8394876833216621,
            0.8953731651565768
        ],
        "Neck": [
            0.11867803549091452,
            0.6426497983795268
        ],
        "Head": [
            0.14887177570461188,
            0.4951753267661392
        ],
        "L_Collar": [
            0.1747252392098151,
            0.8074007794844865
        ],
        "L_Shoulder": [
            0.21632558415427883,
            0.7632254355191065
        ],
        "L_Elbow": [
            0.2916449449690432,
            0.772302575414659
        ],
        "L_Wrist": [
            0.35052495691378477,
            0.8724696172327014
        ],
        "L_Hand": [
            0.6494400712485809,
            0.8994434172283493
        ],
        "R_Collar": [
            0.057015108781545865,
            0.756885093682573
        ],
        "R_Shoulder": [
            0.9450637210961594,
            0.6030110861900063
        ],
        "R_Elbow": [
            0.8466053137480394,
            0.5050664293978696
        ],
        "R_Wrist": [
            0.7427815258382338,
            0.6171002542098837
        ],
        "R_Hand": [
            0.7030467081478737,
            0.6760883884727571
        ]
    },
    "joints3D": {
        "Pelvis": [
            -0.4220800008085867,
            -0.6058854315177593,
            -1.4658710193550872
        ],
        "L_Hip": [
            -0.3277491541162067,
            -0.6106734145488023,
            -1.8001713004630024
        ],
        "L_Knee": [
            0.04110033839795443,
            -1.2023636095998713,
            -2.6906834792879013
        ],
        "L_Ankle": [
            -0.2047258887822302,
            -1.837620514221446,
            -3.665541807920965
        ],
        "L_Foot": [
            0.15016971363398998,
            -1.9674743541586663,
            -3.803923489038387
        ],
        "R_Hip": [
            -0.5761890526358102,
            -0.8725890031185853,
            -1.6070916184133406
        ],
        "R_Knee": [
            -0.6759157236468478,
            -1.5608514235184539,
            -2.5275396630466562
        ],
        "R_Ankle": [
            -0.9781918351222667,
            -1.7644561494499056,
            -3.6561959045312955
        ],
        "R_Foot": [
            -0.8393918834353551,
            -2.139293843016204,
            -3.6663962736215705
        ],
        "Spine1": [
            -0.46327674147193576,
            -0.40166632737737834,
            -1.2176209225402275
        ],
        "Spine2": [
            -0.38711617997076025,
            -0.15723922079581598,
            -0.8777325207534271
        ],
        "Spine3": [
            -0.32065832688945695,
            -0.09414703909039665,
            -0.7242285152757296
        ],
        "Neck": [
            -0.40587397962711685,
            0.32332936375567767,
            -0.22699013460935458
        ],
        "Head": [
            -0.25570329584932755,
            0.3423175263670553,
            0.0027004183641437854
        ],
        "L_Collar": [
            -0.2731196407164682,
            0.3075560036100546,
            -0.5729428590885481
        ],
        "L_Shoulder": [
            -0.1578329603503472,
            0.5492948648222887,
            -0.649444657121813
        ],
        "L_Elbow": [
            0.3574882655226508,
            0.8915226066905807,
            -1.1431172973523507
        ],
        "L_Wrist": [
            0.5665004113010286,
            0.1791861141072445,
            -1.043070155506262
        ],
        "L_Hand": [
            0.5075383973840404,
            -0.06729296210324583,
            -1.0013481512715523
        ],
        "R_Collar": [
            -0.5355216871056381,
            0.009231276280044352,
            -0.36274466631814517
        ],
        "R_Shoulder": [
            -0.6688237876843274,
            -0.17242426957245183,
            -0.1825293913304269
        ],
        "R_Elbow": [
            -0.6459607321463872,
            -0.919200532102003,
            -0.02639486115212964
        ],
        "R_Wrist": [
            0.043790997577450023,
            -0.7530635912531538,
            -0.3058662902955351
        ],
        "R_Hand": [
            0.23179026753655133,
            -0.6367326781296764,
            -0.42893536027603785
        ]
    }
}