{
    "joints3D": {
        "Pelvis": [
            0.01542802639130747,
            -0.12295849558655277,
            -1.500417436444529
        ],
        "L_Hip": [
            0.16888559284386598,
            -0.24770517281540655,
            -1.7419540294491294
        ],
        "L_Knee": [
            0.1557728418280399,
            -0.955388506179276,
            -2.5266662825384607
        ],
        "L_Ankle": [
            -0.023802006885753575,
            -1.3053917022649564,
            -3.588467253956071
        ],
        "L_Foot": [
            0.03496313450653127,
            -1.6792987949953309,
            -3.6363043874657843
        ],
        "R_Hip": [
            -0.1732098294779994,
            -0.13417856057642058,
            -1.7428917880295134
        ],
        "R_Knee": [
            -0.28362451437190117,
            -0.26767064866273965,
            -2.8094373310096614
        ],
        "R_Ankle": [
            -0.12902860631314375,
            -0.34715614684915413,
            -3.930025141678234
        ],
        "R_Foot": [
            -0.3459590819808987,
            -0.6648545109796142,
            -3.9557887569035217
        ],
        "Spine1": [
            0.06452704378452545,
            0.05500143193435827,
            -1.2319786019720331
        ],
        "Spine2": [
            0.1036166807823756,
            0.16537029792306515,
            -0.8583384730046146
        ],
        "Spine3": [
            0.10106709422601834,
            0.12774018575200172,
            -0.6952599666938022
        ],
        "Neck": [
            0.14939628096368052,
            0.33802853730433163,
            -0.13055230279626606
        ],
        "Head": [
            0.16649689386929026,
            0.26084378796089397,
            0.0898135781607801
        ],
        "L_Collar": [
            0.3605705520051955,
            0.2549870285960405,
            -0.392993268774221
        ],
        "L_Shoulder": [
            0.6094567895961803,
            0.27092559950628264,
            -0.5154275497374691
        ],
        "L_Elbow": [
            0.6884957562289002,
            0.2375401769090968,
            -1.2452401397438817
        ],
        "L_Wrist": [
            0.7771096700101461,
            -0.10434087641289481,
            -1.8635418369955041
        ],
        "L_Hand": [
            0.7318216696536598,
            -0.15292961125343105,
            -2.1013456124087697
        ],
        "R_Collar": [
            -0.0982888514333791,
            0.3081064899317467,
            -0.374305563552287
        ],
        "R_Shoulder": [
            -0.3873298002015079,
            0.29510095364273287,
            -0.43905971192682725
        ],
        "R_Elbow": [
            -0.6905787506619657,
            -0.05472313309315159,
            -0.9850579173278134
        ],
        "R_Wrist": [
            -0.8845339698246845,
            -0.6868643916158357,
            -1.2821756080928781
        ],
        "R_Hand": [
            -0.9091634726874137,
            -0.881398354684963,
            -1.42887227644229
        ]
    },
    "joints2D": {
        "Pelvis": [
            0.7490705785838753,
            0.942333797853051
        ],
        "L_Hip": [
            0.730639414826445,
            0.9246966244670695
        ],
        "L_Knee": [
            0.7399996981544039,
            0.8657729776745665
        ],
        "L_Ankle": [
            0.75259421288184,
            0.8698237260590819
        ],
        "L_Foot": [
            0.7496815341451479,
            0.8461454799778568
        ],
        "R_Hip": [
            0.7734356760354308,
            0.9415736507274716
        ],
        "R_Knee": [
            0.7735413432639527,
            0.9367422121024722
        ],
        "R_Ankle": [
            0.7586336093879897,
            0.9404493560122731
        ],
        "R_Foot": [
            0.7697698631350944,
            0.9183190440647692
        ],
        "Spine1": [
            0.2605384876994578,
            0.9515750868042869
        ],
        "Spine2": [
            0.27359533062505526,
            0.9107102662578533
        ],
        "Spine3": [
            0.27877084712829137,
            0.9118164403144704
        ],
        "Neck": [
            0.3107896035484761,
            0.6059011569376755
        ],
        "Head": [
            0.3345245809424184,
            0.4046264131850279
        ],
        "L_Collar": [
            0.3652808761681982,
            0.751538350564739
        ],
        "L_Shoulder": [
            0.3931783154513068,
            0.7417572252761196
        ],
        "L_Elbow": [
            0.35092407243232776,
            0.8672677749675879
        ],
        "L_Wrist": [
            0.6641738022151165,
            0.9154287282049615
        ],
        "L_Hand": [
            0.6775963133952208,
            0.9208837802483392
        ],
        "R_Collar": [
            0.21329005933487327,
            0.7665332407638707
        ],
        "R_Shoulder": [
            0.136491449049292,
            0.7515387136191175
        ],
        "R_Elbow": [
            0.8818603581583399,
            0.869583945083184
        ],
        "R_Wrist": [
            0.8518159947643418,
            0.7885182264798758
        ],
        "R_Hand": [
            0.8413576794985957,
            0.7801735447910216
        ]
    }
}