{
    "joints2D": {
        "Pelvis": [
            0.7409047541971818,
            0.943590775738174
        ],
        "L_Hip": [
            0.7138929375145766,
            0.9276481759242958
        ],
        "L_Knee": [
            0.7026716083098994,
            0.8438958859238602
        ],
        "L_Ankle": [
            0.71404711641845,
            0.8476370504036703
        ],
        "L_Foot": [
            0.7110602206176763,
            0.8229452177642222
        ],
        "R_Hip": [
            0.7620493923961624,
            0.9229881910931219
        ],
        "R_Knee": [
            0.7614893026012401,
            0.9063425350823416
        ],
        "R_Ankle": [
            0.7523517505498721,
            0.9524816654193462
        ],
        "R_Foot": [
            0.7551710212959153,
            0.9285164670124897
        ],
        "Spine1": [
            0.2518625590768379,
            0.943760076935884
        ],
        "Spine2": [
            0.24617338362266689,
            0.9058275881243355
        ],
        "Spine3": [
            0.2515010077134936,
            0.9121437486613805
        ],
        "Neck": [
            0.2346874689237816,
            0.6531995770731897
        ],
        "Head": [
            0.24192698311710698,
            0.5259397808743435
        ],
        "L_Collar": [
            0.29412667608210563,
            0.7755405560455214
        ],
        "L_Shoulder": [
            0.3338221550847785,
            0.7414473428374905
        ],
        "L_Elbow": [
            0.3175217459076814,
            0.8273219058049948
        ],
        "L_Wrist": [
            0.326043767560024,
            0.8588507290508269
        ],
        "L_Hand": [
            0.3222144791102679,
            0.8615891128534814
        ],
        "R_Collar": [
            0.17996705073112146,
            0.8059662897249937
        ],
        "R_Shoulder": [
            0.10831922627294395,
            0.7836721429561765
        ],
        "R_Elbow": [
            0.8646989975008852,
            0.8195948286633434
        ],
        "R_Wrist": [
            0.8413588664072749,
            0.738729598714459
        ],
        "R_Hand": [
            0.8363590665161609,
            0.7311256030417065
        ]
    },
    "joints3D": {
        "Pelvis": [
            0.08144499480744703,
            -0.13123325048407652,
            -1.7385579641801558
        ],
        "L_Hip": [
            0.3460711079215039,
            -0.22849181385354647,
            -1.9876427979262399
        ],
        "L_Knee": [
            0.7393726487444976,
            -1.1345719204371212,
            -2.631872133493889
        ],
        "L_Ankle": [
            0.8080410930799523,
            -1.6390819189996715,
            -3.7937389927907934
        ],
        "L_Foot": [
            0.936371827796029,
            -2.025272244869972,
            -3.783533895976393
        ],
        "R_Hip": [
            -0.10059734948969783,
            -0.3081642396743645,
            -2.0029028171730063
        ],
        "R_Knee": [
            -0.15570802340260415,
            -0.6853484526467074,
            -3.143637538753629
        ],
        "R_Ankle": [
            -0.018765701563287097,
            -0.18704828587780697,
            -4.300935260561473
        ],
        "R_Foot": [
            -0.07738124691943565,
            -0.5880858246466266,
            -4.376516697257812
        ],
        "Spine1": [
            0.02159641142321704,
            0.11441834580117169,
            -1.4966700721414659
        ],
        "Spine2": [
            -0.01309188523327514,
            0.24010520253240894,
            -1.08362961759358
        ],
        "Spine3": [
            0.01247041373370482,
            0.1783529119372027,
            -0.9045501221420369
        ],
        "Neck": [
            -0.04686133672863671,
            0.4762368386024294,
            -0.2618089340604469
        ],
        "Head": [
            -0.015458305989941913,
            0.35645693709902365,
            -0.03298854203742166
        ],
        "L_Collar": [
            0.1886342308397745,
            0.4375291970680834,
            -0.5769874123490927
        ],
        "L_Shoulder": [
            0.4369606414650668,
            0.5312812159266608,
            -0.6262580024190905
        ],
        "L_Elbow": [
            0.5846887377641021,
            0.6450596698047522,
            -1.4007623620685334
        ],
        "L_Wrist": [
            0.8918526266825813,
            0.6367794424542622,
            -2.083044030390939
        ],
        "L_Hand": [
            0.9373690171725504,
            0.7074358196134071,
            -2.3207482268817237
        ],
        "R_Collar": [
            -0.24661795194875213,
            0.3089163400364283,
            -0.5542611182958719
        ],
        "R_Shoulder": [
            -0.48881925164166146,
            0.17534192390583134,
            -0.49882641326237714
        ],
        "R_Elbow": [
            -0.7245414274987353,
            -0.350341761930356,
            -1.0302096965799319
        ],
        "R_Wrist": [
            -0.9327280301524902,
            -1.0591879673088431,
            -1.2511330450655054
        ],
        "R_Hand": [
            -1.0040655819223838,
            -1.262601379805499,
            -1.3811333986545078
        ]
    }
}