{
    "joints2D": {
        "Pelvis": [
            0.7166234891243597,
            0.8149585633228327
        ],
        "L_Hip": [
            0.7019268946828423,
            0.7760126791857004
        ],
        "L_Knee": [
            0.7156925173973127,
            0.7550026065197109
        ],
        "L_Ankle": [
            0.7296147655226632,
            0.7633253028498165
        ],
        "L_Foot": [
            0.7317162226945608,
            0.7360473382894456
        ],
        "R_Hip": [
            0.7422996333463112,
            0.8235330807025787
        ],
        "R_Knee": [
            0.765514094433414,
            0.797189122214794
        ],
        "R_Ankle": [
            0.7413263714206613,
            0.8018142952927387
        ],
        "R_Foot": [
            0.7569772579091948,
            0.8018196798558498
        ],
        "Spine1": [
            0.6992256338096552,
            0.8547602203288124
        ],
        "Spine2": [
            0.6808776136582559,
            0.9030667143239168
        ],
        "Spine3": [
            0.6825788035256367,
            0.9095966046337555
        ],
        "Neck": [
            0.30586125035389417,
            0.5710396982689597
        ],
        "Head": [
            0.2880352771955276,
            0.41694934866063904
        ],
        "L_Collar": [
            0.4068870746306431,
            0.6921385879258075
        ],
        "L_Shoulder": [
            0.461527722851054,
            0.5925607206675251
        ],
        "L_Elbow": [
            0.6061998667856384,
            0.680925300420346
        ],
        "L_Wrist": [
            0.650001399698237,
            0.6399415789820451
        ],
        "L_Hand": [
            0.65688029266771,
            0.6448781756690322
        ],
        "R_Collar": [
            0.2557827501344742,
            0.7834737172774126
        ],
        "R_Shoulder": [
            0.19018992611980667,
            0.7678004494352536
        ],
        "R_Elbow": [
            0.16064678133445207,
            0.9171502619507015
        ],
        "R_Wrist": [
            0.8528087206964583,
            0.8732452983629093
        ],
        "R_Hand": [
            0.8483282914277144,
            0.8694093612414054
        ]
    },
    "joints3D": {
        "Pelvis": [
            0.26567724569155343,
            -0.7033178932607537,
            -1.2148952184896518
        ],
        "L_Hip": [
            0.47129230793204724,
            -0.9948317800890338,
            -1.3287330790639935
        ],
        "L_Knee": [
            0.5820216923517372,
            -1.870240536439902,
            -2.1028133181889173
        ],
        "L_Ankle": [
            0.5057489681967203,
            -2.6487101980820302,
            -3.093985706892367
        ],
        "L_Foot": [
            0.4848305358416181,
            -3.0255981689727065,
            -2.946686805649169
        ],
        "R_Hip": [
            0.0833116511020006,
            -0.8390800631647668,
            -1.500180955710707
        ],
        "R_Knee": [
            -0.22308064023079174,
            -1.6101394020819186,
            -2.363173870237425
        ],
        "R_Ankle": [
            0.22205271602181215,
            -2.2259562967999633,
            -3.3702104598642406
        ],
        "R_Foot": [
            -0.13073916013509349,
            -2.3444032757806488,
            -3.5431591830929006
        ],
        "Spine1": [
            0.3064501014699155,
            -0.39890402450440987,
            -1.0506677191637623
        ],
        "Spine2": [
            0.2553493321352459,
            -0.10968363239604569,
            -0.7350674637218036
        ],
        "Spine3": [
            0.18731399827446749,
            -0.07195263089300688,
            -0.5614444915208753
        ],
        "Neck": [
            0.19010956307808835,
            0.4830499202758456,
            -0.12252657553369511
        ],
        "Head": [
            0.1063807462211912,
            0.40122260076300875,
            0.10846725439376853
        ],
        "L_Collar": [
            0.3968938643312531,
            0.1712136733095374,
            -0.24435769261475282
        ],
        "L_Shoulder": [
            0.6244138449603103,
            0.07377299890970215,
            -0.13972937460078988
        ],
        "L_Elbow": [
            0.9113054136478357,
            -0.5226378853440775,
            -0.5764533251347951
        ],
        "L_Wrist": [
            1.0398755672702846,
            -1.2396240831541214,
            -0.7318051268858626
        ],
        "L_Hand": [
            1.106018169554901,
            -1.442475803472056,
            -0.8639190209701112
        ],
        "R_Collar": [
            0.02195973764159305,
            0.33161901176947756,
            -0.44001465862571915
        ],
        "R_Shoulder": [
            -0.23029511240727438,
            0.4127120092153593,
            -0.5329124687040816
        ],
        "R_Elbow": [
            -0.4924170729776752,
            0.05512773041423926,
            -1.1747890310311333
        ],
        "R_Wrist": [
            -0.9219829771348498,
            -0.29106092752113283,
            -1.7083840036497464
        ],
        "R_Hand": [
            -1.0030134903890473,
            -0.38842253632916884,
            -1.9245627969927308
        ]
    }
}