{
    "joints3D": {
        "Pelvis": [
            -0.59527552130918,
            0.2622271054840101,
            -1.544450073534206
        ],
        "L_Hip": [
            -0.5573337137102545,
            0.3399904527044221,
            -1.8608736277851128
        ],
        "L_Knee": [
            -0.06547952618683044,
            -0.08258568154524466,
            -2.782029100261203
        ],
        "L_Ankle": [
            -0.1697397435894751,
            -0.5587716814457914,
            -3.8760574759937803
        ],
        "L_Foot": [
            0.2009061217845189,
            -0.6718317443501117,
            -3.9524835061714847
        ],
        "R_Hip": [
            -0.7651614519965926,
            0.05006604908398919,
            -1.7200507245887815
        ],
        "R_Knee": [
            -0.8361950928003598,
            -0.806719677341871,
            -2.4812081241007053
        ],
        "R_Ankle": [
            -0.7993909800976424,
            -1.4734039109964596,
            -3.4759686708173874
        ],
        "R_Foot": [
            -0.6273450917615155,
            -1.8315803994097517,
            -3.519573826504005
        ],
        "Spine1": [
            -0.6024201241862974,
            0.40471322250807,
            -1.242095723976297
        ],
        "Spine2": [
            -0.4151036910236861,
            0.4233430749073811,
            -0.8962640896840611
        ],
        "Spine3": [
            -0.32336171436814887,
            0.3978588584980198,
            -0.7562391775213837
        ],
        "Neck": [
            -0.2744726357184864,
            0.4433822857824754,
            -0.16184101721032643
        ],
        "Head": [
            -0.18751893696643365,
            0.3387068505834696,
            0.03151307888742941
        ],
        "L_Collar": [
            -0.20697818839108467,
            0.6325025535039096,
            -0.43257063920804945
        ],
        "L_Shoulder": [
            -0.12110557759048825,
            0.8872850113162977,
            -0.43957621766784166
        ],
        "L_Elbow": [
            -0.2001539884918618,
            1.2614810266838887,
            -1.098118338921898
        ],
        "L_Wrist": [
            0.534546438316377,
            1.3082822098492604,
            -1.0850628971288707
        ],
        "L_Hand": [
            0.7595546175625879,
            1.3588036748126995,
            -0.9844496036506425
        ],
        "R_Collar": [
            -0.44863540196291574,
            0.25562332127297716,
            -0.3857531197407317
        ],
        "R_Shoulder": [
            -0.5728750099370173,
            0.005474319659840843,
            -0.30424593991132426
        ],
        "R_Elbow": [
            -0.807975416531585,
            -0.6680167617559895,
            -0.5072483119132362
        ],
        "R_Wrist": [
            -0.41514220986761546,
            -1.0885856506465514,
            -0.01401978375162435
        ],
        "R_Hand": [
            -0.28966545872263977,
            -1.191928765057633,
            0.17766145066749123
        ]
    },
    "joints2D": {
        "Pelvis": [
            0.1722183417239757,
            0.8938433474423855
        ],
        "L_Hip": [
            0.1882953175516694,
            0.900259326626687
        ],
        "L_Knee": [
            0.7567569939924398,
            0.9559976895488734
        ],
        "L_Ankle": [
            0.7607379536554985,
            0.9256388950228652
        ],
        "L_Foot": [
            0.7406463989484263,
            0.9187747529737571
        ],
        "R_Hip": [
            0.15522890787839322,
            0.9172568763840303
        ],
        "R_Knee": [
            0.8130676125935133,
            0.863495391723458
        ],
        "R_Ankle": [
            0.7917569023047005,
            0.8486073150720913
        ],
        "R_Foot": [
            0.7809400369303345,
            0.8292010882781
        ],
        "Spine1": [
            0.1634962297944817,
            0.8483941628231054
        ],
        "Spine2": [
            0.17367383165299746,
            0.821012101464298
        ],
        "Spine3": [
            0.1810685234929795,
            0.813344665184646
        ],
        "Neck": [
            0.16516492822915732,
            0.5957252209342989
        ],
        "Head": [
            0.17019843462988005,
            0.47091752385069624
        ],
        "L_Collar": [
            0.20509978354767266,
            0.6792803702088092
        ],
        "L_Shoulder": [
            0.22903881719034325,
            0.6395846782288314
        ],
        "L_Elbow": [
            0.22845084365932983,
            0.7188271836539563
        ],
        "L_Wrist": [
            0.2998898185449942,
            0.7053388496593874
        ],
        "L_Hand": [
            0.31899749682569156,
            0.6796582383020267
        ],
        "R_Collar": [
            0.11369472600880838,
            0.7293466115133169
        ],
        "R_Shoulder": [
            0.043552460603758496,
            0.7151222663797974
        ],
        "R_Elbow": [
            0.8770531209417505,
            0.6551049476938825
        ],
        "R_Wrist": [
            0.8079830381778774,
            0.5011071344529411
        ],
        "R_Hand": [
            0.7881516459616484,
            0.45214993077717663
        ]
    }
}