{
    "joints2D": {
        "Pelvis": [
            0.2430478817262761,
            0.9158915017684816
        ],
        "L_Hip": [
            0.26727112928510366,
            0.9525450176876191
        ],
        "L_Knee": [
            0.7198427928443456,
            0.7852037846347166
        ],
        "L_Ankle": [
            0.7453983606519208,
            0.79614218346881
        ],
        "L_Foot": [
            0.7457600986063422,
            0.7575662956695671
        ],
        "R_Hip": [
            0.21308016978991864,
            0.9439124383955406
        ],
        "R_Knee": [
            0.8188207771405773,
            0.7724356741895635
        ],
        "R_Ankle": [
            0.7833147247259196,
            0.7615432868270241
        ],
        "R_Foot": [
            0.7875077167446674,
            0.7218714722789471
        ],
        "Spine1": [
            0.24659353437406326,
            0.8595270217313709
        ],
        "Spine2": [
            0.24985295104524588,
            0.8382719539720362
        ],
        "Spine3": [
            0.25039991847999915,
            0.8542647523252844
        ],
        "Neck": [
            0.25299698997980763,
            0.6522809706245137
        ],
        "Head": [
            0.2687787416241642,
            0.5758958046251644
        ],
        "L_Collar": [
            0.3033359117187424,
            0.7648081310160247
        ],
        "L_Shoulder": [
            0.3553240421498999,
            0.7667103288538282
        ],
        "L_Elbow": [
            0.3393362951415688,
            0.8614776879851965
        ],
        "L_Wrist": [
            0.7042473439281969,
            0.9166350778987007
        ],
        "L_Hand": [
            0.7311546710084497,
            0.9094530686388814
        ],
        "R_Collar": [
            0.20367167151024407,
            0.7538983923140927
        ],
        "R_Shoulder": [
            0.14697057497345997,
            0.748959105997219
        ],
        "R_Elbow": [
            0.15023423060473926,
            0.8241009318877973
        ],
        "R_Wrist": [
            0.8200382712790932,
            0.938052386252156
        ],
        "R_Hand": [
            0.7980526374086513,
            0.9347852143324036
        ]
    },
    "joints3D": {
        "Pelvis": [
            -0.046214309298045535,
            0.3154162066566662,
            -1.7293276557403559
        ],
        "L_Hip": [
            0.1595185170807756,
            0.07331182290763531,
            -1.949100021324
        ],
        "L_Knee": [
            0.2668985431158878,
            -0.8869602362287214,
            -1.2191581954501651
        ],
        "L_Ankle": [
            0.09186419498902965,
            -1.5878785253972179,
            -2.30309993063593
        ],
        "L_Foot": [
            0.09573692090260116,
            -1.9986087515860627,
            -2.225446709958518
        ],
        "R_Hip": [
            -0.3035798589020849,
            0.10554200769953438,
            -1.9064045954574969
        ],
        "R_Knee": [
            -0.5529227725143033,
            -0.8200186478201333,
            -1.1275845073417672
        ],
        "R_Ankle": [
            -0.4934063215833046,
            -1.7461196743853067,
            -2.0401140710413515
        ],
        "R_Foot": [
            -0.620548161967368,
            -2.133980868392556,
            -1.927689910860332
        ],
        "Spine1": [
            -0.017903735523548254,
            0.642611886562149,
            -1.583558761230681
        ],
        "Spine2": [
            0.008143376398940732,
            0.5678899163575325,
            -1.1458804751117295
        ],
        "Spine3": [
            0.009911737035365535,
            0.43021065086388915,
            -1.0059947401894729
        ],
        "Neck": [
            0.01579954349967962,
            0.5163568499988832,
            -0.2811157150200535
        ],
        "Head": [
            0.044611177612017015,
            0.33497570333731597,
            -0.0870772978243012
        ],
        "L_Collar": [
            0.25005158934787447,
            0.48880336538176256,
            -0.6115336160443924
        ],
        "L_Shoulder": [
            0.5098025375150457,
            0.3974513993088108,
            -0.6437542672946932
        ],
        "L_Elbow": [
            0.7147520746247955,
            0.3658091478691748,
            -1.435080296123163
        ],
        "L_Wrist": [
            0.3955900135196969,
            -0.2527247121990654,
            -1.7606335086021585
        ],
        "L_Hand": [
            0.18079517904231474,
            -0.37070406548837515,
            -1.8441482183733173
        ],
        "R_Collar": [
            -0.21398128451408355,
            0.5380522605222327,
            -0.610533948582429
        ],
        "R_Shoulder": [
            -0.48828217736081064,
            0.4451389648925821,
            -0.6043487090589065
        ],
        "R_Elbow": [
            -0.8071028649498401,
            0.5127975346540506,
            -1.3402288826061837
        ],
        "R_Wrist": [
            -0.5806514761425126,
            -0.036913873068479146,
            -1.8632440550264298
        ],
        "R_Hand": [
            -0.43617206032728933,
            -0.15309188765157755,
            -2.0433744263266007
        ]
    }
}