{
    "joints2D": {
        "Pelvis": [
            0.7181101379022116,
            0.9501995577496175
        ],
        "L_Hip": [
            0.6971159845859836,
            0.9160911822681674
        ],
        "L_Knee": [
            0.7143152945841946,
            0.7656263868201516
        ],
        "L_Ankle": [
            0.723904500108568,
            0.8076553693540084
        ],
        "L_Foot": [
            0.7238854684936167,
            0.777921575870528
        ],
        "R_Hip": [
            0.7436139000573562,
            0.9320325025345947
        ],
        "R_Knee": [
            0.7692187828830472,
            0.7764382026908507
        ],
        "R_Ankle": [
            0.7460219945938222,
            0.8077688851052721
        ],
        "R_Foot": [
            0.7572774364566304,
            0.7868284009966516
        ],
        "Spine1": [
            0.28067694741784815,
            0.9217202504521051
        ],
        "Spine2": [
            0.2804584554486608,
            0.8937388864457878
        ],
        "Spine3": [
            0.27936533809412695,
            0.9040891412539108
        ],
        "Neck": [
            0.2632481466763292,
            0.7146574154868626
        ],
        "Head": [
            0.25297079163041225,
            0.637383619946017
        ],
        "L_Collar": [
            0.32405859062085207,
            0.8035512576309003
        ],
        "L_Shoulder": [
            0.3746771770278317,
            0.7892431482903127
        ],
        "L_Elbow": [
            0.6334881681491944,
            0.8948323099015482
        ],
        "L_Wrist": [
            0.6503099313854734,
            0.8832139635750577
        ],
        "L_Hand": [
            0.6592080702100551,
            0.8972777410452054
        ],
        "R_Collar": [
            0.22647854442056028,
            0.8183692051814299
        ],
        "R_Shoulder": [
            0.17858858671072872,
            0.8280047832909005
        ],
        "R_Elbow": [
            0.19599858783319313,
            0.9438941893777588
        ],
        "R_Wrist": [
            0.7956840403058122,
            0.9326069470914685
        ],
        "R_Hand": [
            0.7877819524292993,
            0.9350582232970315
        ]
    },
    "joints3D": {
        "Pelvis": [
            0.27583534858741793,
            -0.06406391209922349,
            -1.8787356952887937
        ],
        "L_Hip": [
            0.5355910788867908,
            -0.27613286415998456,
            -2.0676523292965947
        ],
        "L_Knee": [
            0.4798104583833516,
            -1.4353371021859458,
            -1.7378824227013634
        ],
        "L_Ankle": [
            0.5252382678341204,
            -1.8436630491245036,
            -2.968938771710918
        ],
        "L_Foot": [
            0.5734101260388961,
            -2.2553800771310337,
            -2.928691715218612
        ],
        "R_Hip": [
            0.07592920424006726,
            -0.2562369985431287,
            -2.1311223181108048
        ],
        "R_Knee": [
            -0.226899644457593,
            -1.3939174571402349,
            -1.7732361608057376
        ],
        "R_Ankle": [
            0.1009947547152348,
            -1.8601787547589255,
            -2.9379091114128824
        ],
        "R_Foot": [
            -0.12276898403840433,
            -2.211767478109245,
            -3.0029396393421557
        ],
        "Spine1": [
            0.25627234505651497,
            0.24412828695678584,
            -1.6976657772318642
        ],
        "Spine2": [
            0.20290200813136425,
            0.3186574710371141,
            -1.264125984077782
        ],
        "Spine3": [
            0.16503981219033914,
            0.23267397941714657,
            -1.0926181484763795
        ],
        "Neck": [
            0.05745219765550387,
            0.5065266679313607,
            -0.4274935021625389
        ],
        "Head": [
            0.011783054529058194,
            0.3939633753221742,
            -0.1906481931219759
        ],
        "L_Collar": [
            0.33899967301908257,
            0.3789286528950873,
            -0.6883366995543815
        ],
        "L_Shoulder": [
            0.5986451423586944,
            0.2848867862856822,
            -0.6933770325553278
        ],
        "L_Elbow": [
            0.8349162333229095,
            -0.027771813848368774,
            -1.4079885197810977
        ],
        "L_Wrist": [
            1.0916701982516606,
            -0.27721472369507216,
            -2.084685358352128
        ],
        "L_Hand": [
            1.0788719461261036,
            -0.2569433617544892,
            -2.3415116544704824
        ],
        "R_Collar": [
            -0.10882056308792687,
            0.45382986795469304,
            -0.7882778215402275
        ],
        "R_Shoulder": [
            -0.375454151535273,
            0.4028846840858329,
            -0.8862683536405944
        ],
        "R_Elbow": [
            -0.3785391481789486,
            0.048885876677056746,
            -1.6057298949538945
        ],
        "R_Wrist": [
            -0.4778465951785261,
            -0.20364934641558072,
            -2.346493349642923
        ],
        "R_Hand": [
            -0.4324363014687937,
            -0.22869047146290022,
            -2.5987526158058882
        ]
    }
}