{
    "joints2D": {
        "Pelvis": [
            0.7434508350257154,
            0.9631515224531733
        ],
        "L_Hip": [
            0.7202213438064483,
            0.9227947661740754
        ],
        "L_Knee": [
            0.7555168844011346,
            0.751636611942061
        ],
        "L_Ankle": [
            0.7487289651491293,
            0.7284757680532709
        ],
        "L_Foot": [
            0.7626243698910947,
            0.7007213044311428
        ],
        "R_Hip": [
            0.7673809980687554,
            0.9440172877638144
        ],
        "R_Knee": [
            0.7794547092244314,
            0.8877352986329371
        ],
        "R_Ankle": [
            0.7493110810869817,
            0.9345618346646026
        ],
        "R_Foot": [
            0.7590064174178651,
            0.9143537524949292
        ],
        "Spine1": [
            0.2598917596253808,
            0.9124203362316735
        ],
        "Spine2": [
            0.26146303126759873,
            0.8595428981191854
        ],
        "Spine3": [
            0.2666729289882062,
            0.8521986239703258
        ],
        "Neck": [
            0.27985924343091334,
            0.5970420454282553
        ],
        "Head": [
            0.30352501036767554,
            0.4896762162639966
        ],
        "L_Collar": [
            0.31884474653519074,
            0.7161220436595176
        ],
        "L_Shoulder": [
            0.34975247943189974,
            0.6867929268842108
        ],
        "L_Elbow": [
            0.3240674327974856,
            0.7734081109034862
        ],
        "L_Wrist": [
            0.38944907291907876,
            0.7635298646180526
        ],
        "L_Hand": [
            0.405867820922958,
            0.7268795498444346
        ],
        "R_Collar": [
            0.219039060058759,
            0.7227504682595307
        ],
        "R_Shoulder": [
            0.15194433952112146,
            0.6695305853578699
        ],
        "R_Elbow": [
            0.042783800201241055,
            0.7077221031845078
        ],
        "R_Wrist": [
            0.9463448479151538,
            0.3981487829986228
        ],
        "R_Hand": [
            0.9392487507239243,
            0.25185688685935215
        ]
    },
    "joints3D": {
        "Pelvis": [
            0.05301864819422512,
            -0.003081881739770291,
            -1.5617207491299363
        ],
        "L_Hip": [
            0.25155874160136693,
            -0.24171580163257483,
            -1.718856879700401
        ],
        "L_Knee": [
            -0.04469440785897987,
            -1.2768843984634404,
            -1.3669655525498507
        ],
        "L_Ankle": [
            0.046897822938212194,
            -2.2401983536463694,
            -2.061514638007007
        ],
        "L_Foot": [
            -0.21450333231482113,
            -2.5205212862608946,
            -1.9367805792875532
        ],
        "R_Hip": [
            -0.13037696489053452,
            -0.129893377775018,
            -1.817588697738512
        ],
        "R_Knee": [
            -0.3950070410073607,
            -0.7666338491468114,
            -2.7447232204105694
        ],
        "R_Ankle": [
            0.03556272764849184,
            -0.4234493572877925,
            -3.797306945318076
        ],
        "R_Foot": [
            -0.14510819951369103,
            -0.743301597892908,
            -3.9567628504303323
        ],
        "Spine1": [
            0.07514710229131914,
            0.26922381825936187,
            -1.3864504371824735
        ],
        "Spine2": [
            0.06931425347491636,
            0.39468787304842345,
            -0.9791895304788076
        ],
        "Spine3": [
            0.08198746667888232,
            0.3476850700866053,
            -0.8068786245408589
        ],
        "Neck": [
            0.12454582226701169,
            0.5901882884088285,
            -0.19899809919686862
        ],
        "Head": [
            0.15244397290913206,
            0.4135186900864482,
            0.010563687894619983
        ],
        "L_Collar": [
            0.32573179283679116,
            0.5430590536627546,
            -0.5076885069532953
        ],
        "L_Shoulder": [
            0.5835650211600496,
            0.6421059216620727,
            -0.5468811570620029
        ],
        "L_Elbow": [
            0.7029735834211382,
            0.9003476414793117,
            -1.2867486224654465
        ],
        "L_Wrist": [
            1.379590500738281,
            0.5766840783004673,
            -1.3043036930604706
        ],
        "L_Hand": [
            1.5957239355142994,
            0.5860735295528859,
            -1.1651130562855974
        ],
        "R_Collar": [
            -0.12059379372588237,
            0.5096446946842246,
            -0.4592561341388669
        ],
        "R_Shoulder": [
            -0.3758233948491742,
            0.4561868377404754,
            -0.3347303581922683
        ],
        "R_Elbow": [
            -0.9797417123318023,
            0.017879360024453478,
            -0.5007744350333188
        ],
        "R_Wrist": [
            -0.6609042574146271,
            -0.16748369877239072,
            0.1680067191864002
        ],
        "R_Hand": [
            -0.5602477149990335,
            -0.045301699741996576,
            0.36590334652961826
        ]
    }
}