{
    "joints3D": {
        "Pelvis": [
            0.11329337388676201,
            0.12430846528571422,
            -1.5519094786786825
        ],
        "L_Hip": [
            0.32932784383713354,
            0.10136409841532235,
            -1.7968844061831766
        ],
        "L_Knee": [
            0.5473233016323503,
            -0.12682330436739517,
            -2.876098289422584
        ],
        "L_Ankle": [
            0.5399436537052537,
            -0.3681995490330219,
            -4.0469375899712
        ],
        "L_Foot": [
            0.7183929474970342,
            -0.7192360520455625,
            -4.0656577224600605
        ],
        "R_Hip": [
            -0.04303429593786357,
            0.013914626418037928,
            -1.8120905822118747
        ],
        "R_Knee": [
            -0.0817278781229103,
            -0.36831501446058884,
            -2.891897601834038
        ],
        "R_Ankle": [
            0.08121171869186551,
            -0.5322156643789344,
            -4.06518957016019
        ],
        "R_Foot": [
            0.031700319239355734,
            -0.9275005885080236,
            -4.087440709917873
        ],
        "Spine1": [
            0.052591605274689666,
            0.3036295851338121,
            -1.27710995539002
        ],
        "Spine2": [
            0.03121199152875496,
            0.38091742440492327,
            -0.8923680594342405
        ],
        "Spine3": [
            0.017148173121545127,
            0.35107639859396517,
            -0.7266032429498285
        ],
        "Neck": [
            -0.10767750175120833,
            0.5184150626572099,
            -0.16726785354476195
        ],
        "Head": [
            -0.08187364287884909,
            0.3995364522201116,
            0.03496420407010157
        ],
        "L_Collar": [
            0.15555004741687434,
            0.5273431474919831,
            -0.3766123435313663
        ],
        "L_Shoulder": [
            0.4145807283374684,
            0.5976305951722783,
            -0.3710647470549985
        ],
        "L_Elbow": [
            0.7212353007462449,
            0.5257605261960735,
            -1.0628646408632543
        ],
        "L_Wrist": [
            1.09364499241238,
            0.0023469693180363568,
            -1.4199032768363806
        ],
        "L_Hand": [
            1.2357482527335608,
            -0.1427024286344273,
            -1.567672537429008
        ],
        "R_Collar": [
            -0.279266731693579,
            0.4410874933465059,
            -0.44988012357754187
        ],
        "R_Shoulder": [
            -0.5428292961434374,
            0.3705058364459334,
            -0.5493352970540688
        ],
        "R_Elbow": [
            -0.5066033218862327,
            0.3159863930781838,
            -1.2867222246149497
        ],
        "R_Wrist": [
            -0.5429557701028083,
            -0.04245727919096317,
            -1.9519504196307083
        ],
        "R_Hand": [
            -0.5583451181682128,
            -0.13047461916235892,
            -2.186357984312642
        ]
    },
    "joints2D": {
        "Pelvis": [
            0.26486370316067104,
            0.941716270098009
        ],
        "L_Hip": [
            0.28938717681368153,
            0.9419193086913704
        ],
        "L_Knee": [
            0.7088053200184868,
            0.9445052666902675
        ],
        "L_Ankle": [
            0.722071854076963,
            0.9362988625173961
        ],
        "L_Foot": [
            0.7147420396105054,
            0.9117376529027446
        ],
        "R_Hip": [
            0.24312567523095402,
            0.9617874581342889
        ],
        "R_Knee": [
            0.7574768558536042,
            0.9302583134495268
        ],
        "R_Ankle": [
            0.747042369259673,
            0.9294046057384001
        ],
        "R_Foot": [
            0.749779743203618,
            0.90446302025693
        ],
        "Spine1": [
            0.25696189129194763,
            0.9013890954828072
        ],
        "Spine2": [
            0.2548851012007599,
            0.8543098029405962
        ],
        "Spine3": [
            0.252698334688734,
            0.8410919907861358
        ],
        "Neck": [
            0.21781607706229308,
            0.5930513536836955
        ],
        "Head": [
            0.21730554027111507,
            0.4705186829352724
        ],
        "L_Collar": [
            0.28769414807166516,
            0.6863893719611415
        ],
        "L_Shoulder": [
            0.33544802096831844,
            0.6526729109638187
        ],
        "L_Elbow": [
            0.3501077098734538,
            0.7963391151009734
        ],
        "L_Wrist": [
            0.39091429187685317,
            0.866714888090379
        ],
        "L_Hand": [
            0.6127421550902371,
            0.8489810123011893
        ],
        "R_Collar": [
            0.1769979117149645,
            0.7281080860858556
        ],
        "R_Shoulder": [
            0.12750954303379294,
            0.7424497452407067
        ],
        "R_Elbow": [
            0.17413026247776162,
            0.8757839307811696
        ],
        "R_Wrist": [
            0.8131482001387463,
            0.9415547054393746
        ],
        "R_Hand": [
            0.8072083834439966,
            0.9346730571896693
        ]
    }
}