{
    "joints3D": {
        "Pelvis": [
            0.6017405865979771,
            1.001482828711533,
            -1.314983682917705
        ],
        "L_Hip": [
            0.8927282914867292,
            1.086589925143245,
            -1.4440845786935952
        ],
        "L_Knee": [
            1.6287216079573765,
            1.2330312279250144,
            -2.2910605317054347
        ],
        "L_Ankle": [
            2.1393778476919545,
            1.8218255479028909,
            -3.20760369630266
        ],
        "L_Foot": [
            2.3942704769346705,
            1.5855717174727144,
            -3.3989853324697368
        ],
        "R_Hip": [
            0.5549338826715702,
            1.0723087814652286,
            -1.6287499298419128
        ],
        "R_Knee": [
            0.6636548501332324,
            0.9815566336475059,
            -2.7734596940396865
        ],
        "R_Ankle": [
            1.021300401018398,
            1.5722124511363487,
            -3.759143076163086
        ],
        "R_Foot": [
            0.8615030805870182,
            1.4069290983706626,
            -4.088358994401406
        ],
        "Spine1": [
            0.4341393791318213,
            1.00965310930258,
            -1.0240786112920701
        ],
        "Spine2": [
            0.27351451822419437,
            0.8209463085306188,
            -0.7158157230315322
        ],
        "Spine3": [
            0.19857497834094848,
            0.7103802535910888,
            -0.6104991293907714
        ],
        "Neck": [
            -0.1345670194913607,
            0.5325535963124886,
            -0.14316364856925184
        ],
        "Head": [
            -0.13966088743695979,
            0.34432362362157404,
            0.001588035138329734
        ],
        "L_Collar": [
            0.1878473981756108,
            0.6169139529385417,
            -0.2029680774809721
        ],
        "L_Shoulder": [
            0.40236030879010837,
            0.5209666135508005,
            -0.06966391728488205
        ],
        "L_Elbow": [
            0.9230831875345774,
            0.688051321472644,
            -0.6045709424590601
        ],
        "L_Wrist": [
            0.33820611738668777,
            0.24601128192557645,
            -0.7023942318488473
        ],
        "L_Hand": [
            0.27605888552620783,
            0.0010469530832989344,
            -0.7050380797702939
        ],
        "R_Collar": [
            -0.186013514502067,
            0.670227026739499,
            -0.45165858885875015
        ],
        "R_Shoulder": [
            -0.4302807722627565,
            0.6431402262681374,
            -0.6098328154072291
        ],
        "R_Elbow": [
            -0.3243121297052971,
            0.8341977851064265,
            -1.3220943085287993
        ],
        "R_Wrist": [
            -0.12344886804332092,
            0.25754105864548454,
            -0.8673536322352364
        ],
        "R_Hand": [
            -0.25705109004300974,
            0.09558120614290902,
            -0.7271510575191508
        ]
    },
    "joints2D": {
        "Pelvis": [
            0.31071743362918486,
            0.7685925350051871
        ],
        "L_Hip": [
            0.3299219516589401,
            0.7602430871470236
        ],
        "L_Knee": [
            0.3513026519295005,
            0.7861022085916004
        ],
        "L_Ankle": [
            0.34473512290253333,
            0.7854326313019421
        ],
        "L_Foot": [
            0.35466565716775966,
            0.7983139446213497
        ],
        "R_Hip": [
            0.2990652245354763,
            0.7932744701859183
        ],
        "R_Knee": [
            0.29255557531794385,
            0.8643241831053254
        ],
        "R_Ankle": [
            0.29620004088375296,
            0.8473854677209143
        ],
        "R_Foot": [
            0.2877419828457807,
            0.8683958739329284
        ],
        "Spine1": [
            0.2991403310999544,
            0.7355239462648847
        ],
        "Spine2": [
            0.29029517808122546,
            0.7153075818277724
        ],
        "Spine3": [
            0.2839700383267944,
            0.714512005035873
        ],
        "Neck": [
            0.21101770500520475,
            0.577336871241657
        ],
        "Head": [
            0.18874816930016786,
            0.4959205608847596
        ],
        "L_Collar": [
            0.29313869428150857,
            0.5934409774085099
        ],
        "L_Shoulder": [
            0.3505026741386277,
            0.5325547858195288
        ],
        "L_Elbow": [
            0.3794033135902551,
            0.6685670871329205
        ],
        "L_Wrist": [
            0.3320606380112357,
            0.8437769846259415
        ],
        "L_Hand": [
            0.33364621040834236,
            0.9314776220220462
        ],
        "R_Collar": [
            0.21134317224473523,
            0.6784094666859847
        ],
        "R_Shoulder": [
            0.17178727203637956,
            0.715131575794126
        ],
        "R_Elbow": [
            0.21112918706097816,
            0.8031272085314526
        ],
        "R_Wrist": [
            0.22116234758652417,
            0.8834177484457605
        ],
        "R_Hand": [
            0.17631094492585686,
            0.906501626873128
        ]
    }
}