{
    "joints3D": {
        "Pelvis": [
            -0.0762143973302793,
            0.7717413355427282,
            -1.7812275821574255
        ],
        "L_Hip": [
            0.10639893369035255,
            0.8912112610200044,
            -2.0581238856949637
        ],
        "L_Knee": [
            0.4136349729556382,
            1.1483653895284673,
            -3.2005851599682567
        ],
        "L_Ankle": [
            0.4880320120369695,
            1.7421433872359693,
            -4.34023019764477
        ],
        "L_Foot": [
            0.605861880742972,
            1.8284665644547864,
            -4.7387897045914436
        ],
        "R_Hip": [
            -0.29502656188095466,
            0.7980704740802854,
            -2.0502423445660756
        ],
        "R_Knee": [
            -0.7001383418267658,
            0.8052483125456237,
            -3.2158801765739353
        ],
        "R_Ankle": [
            -0.9350209405323174,
            1.0300265930032904,
            -4.461746528968098
        ],
        "R_Foot": [
            -1.0260577491942897,
            0.672486686106363,
            -4.6818368449490615
        ],
        "Spine1": [
            -0.08154249862393001,
            0.7909209762237377,
            -1.4224770945702332
        ],
        "Spine2": [
            -0.04271275647188481,
            0.6357602872420088,
            -1.0307058764001467
        ],
        "Spine3": [
            -0.04360648269457072,
            0.5491830248796026,
            -0.8706390982875805
        ],
        "Neck": [
            -0.17643169726078725,
            0.4608219529095111,
            -0.24791682791031783
        ],
        "Head": [
            -0.10580243294440872,
            0.37147263588997187,
            -0.02076480005545031
        ],
        "L_Collar": [
            0.09899435921451487,
            0.5846978627181678,
            -0.447978131599967
        ],
        "L_Shoulder": [
            0.29483417103433124,
            0.5572429870738943,
            -0.23716074250131258
        ],
        "L_Elbow": [
            0.8313026897721724,
            0.1117475440487765,
            0.1913100489883297
        ],
        "L_Wrist": [
            0.5730321373444731,
            -0.3413913745353197,
            0.7864145520618326
        ],
        "L_Hand": [
            0.4430203074898756,
            -0.3774657611546724,
            1.0207497670592378
        ],
        "R_Collar": [
            -0.3616475127433073,
            0.4903276013489906,
            -0.5617427271299525
        ],
        "R_Shoulder": [
            -0.6084437725887638,
            0.29918093418790925,
            -0.5799331647063429
        ],
        "R_Elbow": [
            -0.5764401401122224,
            -0.08205663447557679,
            -1.2792023054087924
        ],
        "R_Wrist": [
            -0.6819421113586416,
            -0.8413789347755007,
            -1.5545638491224965
        ],
        "R_Hand": [
            -0.7252834132939173,
            -1.1017181734020753,
            -1.6120339694360089
        ]
    },
    "joints2D": {
        "Pelvis": [
            0.24103754529573437,
            0.8527016850408005
        ],
        "L_Hip": [
            0.25782712361471705,
            0.852653727317672
        ],
        "L_Knee": [
            0.27264206924555695,
            0.8687042581305167
        ],
        "L_Ankle": [
            0.26897466659093955,
            0.8589452482379363
        ],
        "L_Foot": [
            0.27196861890433066,
            0.862194947859721
        ],
        "R_Hip": [
            0.22248680893975364,
            0.8607960065708334
        ],
        "R_Knee": [
            0.20581706809451886,
            0.8906837530597894
        ],
        "R_Ankle": [
            0.2068565907700113,
            0.8960604171661303
        ],
        "R_Foot": [
            0.20264271386000007,
            0.917059947604182
        ],
        "Spine1": [
            0.2392698805846937,
            0.8242442758392421
        ],
        "Spine2": [
            0.2421373111594187,
            0.811179652721395
        ],
        "Spine3": [
            0.24085624534775177,
            0.8081527513491986
        ],
        "Neck": [
            0.19601753468589164,
            0.6451734724103052
        ],
        "Head": [
            0.20556027353913536,
            0.5141927867705777
        ],
        "L_Collar": [
            0.27096460180557486,
            0.6993213746540725
        ],
        "L_Shoulder": [
            0.3209263423226196,
            0.6135728827686762
        ],
        "L_Elbow": [
            0.45922698832491926,
            0.40035724561535285
        ],
        "L_Wrist": [
            0.6407182198426001,
            0.193602327771411
        ],
        "L_Hand": [
            0.6759834996794409,
            0.14994316429345672
        ],
        "R_Collar": [
            0.17010303233342652,
            0.7412677132566086
        ],
        "R_Shoulder": [
            0.1131026725747877,
            0.7556576671818943
        ],
        "R_Elbow": [
            0.8440547930653763,
            0.9086941439516173
        ],
        "R_Wrist": [
            0.8198485583199271,
            0.8095433204517524
        ],
        "R_Hand": [
            0.8155064406809088,
            0.7824355355478062
        ]
    }
}