{
    "joints3D": {
        "Pelvis": [
            -0.26030844861618574,
            -0.08767410156012514,
            -1.6573047803074743
        ],
        "L_Hip": [
            -0.14831768992747688,
            -0.19701524367795376,
            -1.9628771201197053
        ],
        "L_Knee": [
            -0.33963680357998915,
            -0.7256825547685714,
            -2.9289638566476723
        ],
        "L_Ankle": [
            -0.8098999369554153,
            -1.2141056039264202,
            -3.889036826934879
        ],
        "L_Foot": [
            -0.5316009831040173,
            -1.4324618967034919,
            -4.070879062983965
        ],
        "R_Hip": [
            -0.5301884447642814,
            -0.18575558316398907,
            -1.8296373798075418
        ],
        "R_Knee": [
            -1.2657990831011905,
            -0.7611627985278245,
            -2.483635417288665
        ],
        "R_Ankle": [
            -1.7511967123694452,
            -1.034906729430031,
            -3.5148658396815398
        ],
        "R_Foot": [
            -2.07569573274778,
            -1.2589617546853649,
            -3.4892701226486786
        ],
        "Spine1": [
            -0.183742745706959,
            0.11407776605112714,
            -1.4206142530660641
        ],
        "Spine2": [
            -0.09547942257542753,
            0.2674632762761292,
            -1.0391153065546084
        ],
        "Spine3": [
            -0.06417752525524532,
            0.23207060277143723,
            -0.8688649432534546
        ],
        "Neck": [
            0.025875617682280833,
            0.4736134489539969,
            -0.2752562984190007
        ],
        "Head": [
            0.048281286856108885,
            0.3381438403166821,
            -0.040615973236850206
        ],
        "L_Collar": [
            0.20727000356088215,
            0.3989841878143943,
            -0.5849076177710478
        ],
        "L_Shoulder": [
            0.4706397128642794,
            0.4101706258071116,
            -0.6642079164671622
        ],
        "L_Elbow": [
            0.47376827206829136,
            0.3406075641391547,
            -1.4432935792853958
        ],
        "L_Wrist": [
            0.4563329339396153,
            -0.1940654318913594,
            -1.955048028893881
        ],
        "L_Hand": [
            0.37236661996436254,
            -0.34532626767364444,
            -2.1408034408438685
        ],
        "R_Collar": [
            -0.23211370304271237,
            0.41992114904177436,
            -0.5229265512821555
        ],
        "R_Shoulder": [
            -0.5066886610504429,
            0.46297567193576417,
            -0.45916919660050914
        ],
        "R_Elbow": [
            -1.1271447798959517,
            0.540799010170565,
            -0.8810784826260509
        ],
        "R_Wrist": [
            -1.7669655675515714,
            0.2062207356749606,
            -1.0970180555311564
        ],
        "R_Hand": [
            -1.883831039972807,
            0.051654973145864896,
            -1.25508720466317
        ]
    },
    "joints2D": {
        "Pelvis": [
            0.7864952446915886,
            0.9446900670097742
        ],
        "L_Hip": [
            0.7679462999267472,
            0.9363324472426323
        ],
        "L_Knee": [
            0.7745252261066176,
            0.8968502036663338
        ],
        "L_Ankle": [
            0.7908167501272737,
            0.8762277597466104
        ],
        "L_Foot": [
            0.7757170143813211,
            0.8703435054042393
        ],
        "R_Hip": [
            0.8127268385544368,
            0.9208355898749039
        ],
        "R_Knee": [
            0.8411183566311882,
            0.8495190355148708
        ],
        "R_Ankle": [
            0.8400513053291063,
            0.8533164246384161
        ],
        "R_Foot": [
            0.8500183136527492,
            0.828978677604196
        ],
        "Spine1": [
            0.22005706992812374,
            0.9392828702392874
        ],
        "Spine2": [
            0.2303584552207333,
            0.8952319859110942
        ],
        "Spine3": [
            0.23401730060009218,
            0.893255626847349
        ],
        "Neck": [
            0.25633128530419386,
            0.6608895779245949
        ],
        "Head": [
            0.2705791562034657,
            0.5341924452747036
        ],
        "L_Collar": [
            0.3001687360464263,
            0.7880992903853001
        ],
        "L_Shoulder": [
            0.3466630083207367,
            0.7739562084145228
        ],
        "L_Elbow": [
            0.31224749806850427,
            0.8848240141133834
        ],
        "L_Wrist": [
            0.7012155748624151,
            0.9269347427911405
        ],
        "L_Hand": [
            0.7149550130133906,
            0.9158653971311687
        ],
        "R_Collar": [
            0.18978033622974386,
            0.7624971364002373
        ],
        "R_Shoulder": [
            0.13693711342106835,
            0.6997387816773601
        ],
        "R_Elbow": [
            0.10326547125496022,
            0.724560453949541
        ],
        "R_Wrist": [
            0.06150163177916413,
            0.7296534069545934
        ],
        "R_Hand": [
            0.056962402988730634,
            0.7526916463375494
        ]
    }
}