{
    "joints3D": {
        "Pelvis": [
            -0.024982303020187575,
            0.13888092471677452,
            -1.8120732638836605
        ],
        "L_Hip": [
            0.16540246302018252,
            0.053366300691893104,
            -2.0668570838224487
        ],
        "L_Knee": [
            0.3671640846851025,
            -0.8562956754460612,
            -2.769366673780031
        ],
        "L_Ankle": [
            0.3206636535031781,
            -1.0927129026673563,
            -3.8960191765405074
        ],
        "L_Foot": [
            0.49178578908285925,
            -1.4611042766892333,
            -3.954509813910738
        ],
        "R_Hip": [
            -0.20328664395487764,
            0.020372171138728707,
            -2.053021609455474
        ],
        "R_Knee": [
            -0.43882545803995665,
            -0.49490956414579473,
            -3.0648245573728707
        ],
        "R_Ankle": [
            -0.3572051941690643,
            0.5084854339030896,
            -3.6041584092909127
        ],
        "R_Foot": [
            -0.488214380580184,
            0.5112056107291102,
            -3.9888491486346758
        ],
        "Spine1": [
            -0.04700161643117379,
            0.3517725181958058,
            -1.551586166944581
        ],
        "Spine2": [
            0.021966391604554103,
            0.3330605289999124,
            -1.1038566323865122
        ],
        "Spine3": [
            0.031172508934730805,
            0.34063500491979337,
            -0.9215324662623378
        ],
        "Neck": [
            0.005416329560483215,
            0.5419202389995968,
            -0.31346882641575097
        ],
        "Head": [
            0.032870913644135115,
            0.4492402540754553,
            -0.04459645352727388
        ],
        "L_Collar": [
            0.22193427686587763,
            0.5302568542603779,
            -0.5951814855173716
        ],
        "L_Shoulder": [
            0.4771041849806147,
            0.6389537154606121,
            -0.6016004707804495
        ],
        "L_Elbow": [
            0.7059007463758036,
            0.721833366318932,
            -1.2817411188378003
        ],
        "L_Wrist": [
            0.9943841274955749,
            0.44372089463206904,
            -1.8750544022069784
        ],
        "L_Hand": [
            1.106521728058943,
            0.34373121463922823,
            -2.0846229353252506
        ],
        "R_Collar": [
            -0.20835620287177095,
            0.4742412528626465,
            -0.5970357687769331
        ],
        "R_Shoulder": [
            -0.5052075108635612,
            0.4517071665684684,
            -0.6031695901899965
        ],
        "R_Elbow": [
            -0.6183457358726728,
            0.5156624784957876,
            -1.2879922353692994
        ],
        "R_Wrist": [
            -0.7261217709530926,
            0.42070058837059143,
            -2.012891818927002
        ],
        "R_Hand": [
            -0.7819474612511269,
            0.39945645117873735,
            -2.260634959754956
        ]
    },
    "joints2D": {
        "Pelvis": [
            0.24556392874152203,
            0.94371303223228
        ],
        "L_Hip": [
            0.2669838514232583,
            0.9556968628241155
        ],
        "L_Knee": [
            0.725936747770176,
            0.8807770635378709
        ],
        "L_Ankle": [
            0.7352116402791445,
            0.8896516015061222
        ],
        "L_Foot": [
            0.7284145043027169,
            0.8662767190496063
        ],
        "R_Hip": [
            0.22577804651035957,
            0.9590813918295772
        ],
        "R_Knee": [
            0.7814509422184073,
            0.9176203743059308
        ],
        "R_Ankle": [
            0.22745067167348784,
            0.9249045929116105
        ],
        "R_Foot": [
            0.22232847642497602,
            0.9272490555401771
        ],
        "Spine1": [
            0.2424755162118308,
            0.9043644201959108
        ],
        "Spine2": [
            0.2525018444675924,
            0.8852828676835476
        ],
        "Spine3": [
            0.2549151669207346,
            0.8682227894753829
        ],
        "Neck": [
            0.25005028563225656,
            0.660371543643244
        ],
        "Head": [
            0.25995361155872226,
            0.5279777568913269
        ],
        "L_Collar": [
            0.29604736013926675,
            0.7515489357084952
        ],
        "L_Shoulder": [
            0.3330964362213191,
            0.7102685714869146
        ],
        "L_Elbow": [
            0.3310193307751541,
            0.7964388407940421
        ],
        "L_Wrist": [
            0.3451110128520632,
            0.8610976508083366
        ],
        "L_Hand": [
            0.34905466548348707,
            0.8756285377967312
        ],
        "R_Collar": [
            0.2013463482285608,
            0.768325947907537
        ],
        "R_Shoulder": [
            0.1448456297082117,
            0.7451268833338343
        ],
        "R_Elbow": [
            0.16787081708110327,
            0.8337667288609303
        ],
        "R_Wrist": [
            0.17822245021992206,
            0.887700692941273
        ],
        "R_Hand": [
            0.1795427437605242,
            0.8968148777370218
        ]
    }
}