{
    "joints3D": {
        "Pelvis": [
            -0.1290644673419824,
            0.5882375117875538,
            -1.543454147705143
        ],
        "L_Hip": [
            -0.00015987075445544536,
            0.5981034861226632,
            -1.8172710965138104
        ],
        "L_Knee": [
            -0.017095830632698306,
            0.9389957844330074,
            -2.783833532549406
        ],
        "L_Ankle": [
            -0.26404952788399483,
            1.7968576789619026,
            -3.423719677213086
        ],
        "L_Foot": [
            -0.14885669739216692,
            1.6684262833885108,
            -3.751101831488155
        ],
        "R_Hip": [
            -0.33581349431576457,
            0.5274699714836769,
            -1.749558140457501
        ],
        "R_Knee": [
            -0.5383695642923898,
            -0.15042762937221701,
            -2.5228184411079067
        ],
        "R_Ankle": [
            -0.6287286945383299,
            -0.3616944564863637,
            -3.5985087831416336
        ],
        "R_Foot": [
            -0.6573953444998536,
            -0.7225994692716703,
            -3.6922743977503902
        ],
        "Spine1": [
            -0.1065025776239511,
            0.7154632797616287,
            -1.2550634129765639
        ],
        "Spine2": [
            -0.025967093785650857,
            0.6094720383568432,
            -0.8993503392789765
        ],
        "Spine3": [
            -0.01737879541774223,
            0.5221508629218793,
            -0.76274123893935
        ],
        "Neck": [
            -0.02854802719087923,
            0.5599770770135949,
            -0.17768564187309935
        ],
        "Head": [
            -0.026363704315926263,
            0.4139241283705525,
            -0.003805235844745527
        ],
        "L_Collar": [
            0.2020278846817365,
            0.540520577502416,
            -0.4220332249514175
        ],
        "L_Shoulder": [
            0.4559820015127105,
            0.45314080168576026,
            -0.39973583835715326
        ],
        "L_Elbow": [
            0.9473161004016516,
            0.22388862220107955,
            -0.8624430448484002
        ],
        "L_Wrist": [
            1.3658511288518609,
            -0.3232167187380264,
            -0.8118451531724826
        ],
        "L_Hand": [
            1.511177573496664,
            -0.5119325435299398,
            -0.8368420666228823
        ],
        "R_Collar": [
            -0.23991594387274265,
            0.6152010368466185,
            -0.43602702737381144
        ],
        "R_Shoulder": [
            -0.5269527713170439,
            0.6326459287255652,
            -0.43994953911376755
        ],
        "R_Elbow": [
            -0.7135004992653091,
            0.879365068078162,
            -1.061627579589115
        ],
        "R_Wrist": [
            -1.3382786914877713,
            0.9103234268959486,
            -1.3827593131655993
        ],
        "R_Hand": [
            -1.506821051458147,
            0.915659228161537,
            -1.5500597672483258
        ]
    },
    "joints2D": {
        "Pelvis": [
            0.23328346091982957,
            0.864604887660915
        ],
        "L_Hip": [
            0.24862453814518873,
            0.8784497027642548
        ],
        "L_Knee": [
            0.24747720808540735,
            0.8763984621527502
        ],
        "L_Ankle": [
            0.23577462048006942,
            0.8309466685524233
        ],
        "L_Foot": [
            0.24164294759034444,
            0.8499916142063213
        ],
        "R_Hip": [
            0.21193170143114276,
            0.8797900761022752
        ],
        "R_Knee": [
            0.7984518482875566,
            0.9386429002069612
        ],
        "R_Ankle": [
            0.7892735526380343,
            0.9312915765076337
        ],
        "R_Foot": [
            0.7878245832517962,
            0.9069054157380851
        ],
        "Spine1": [
            0.23491653782474467,
            0.8207574521982426
        ],
        "Spine2": [
            0.2442915034048661,
            0.7985866349482018
        ],
        "Spine3": [
            0.24522438957983878,
            0.7972138456816268
        ],
        "Neck": [
            0.24097513567975315,
            0.5927125374529838
        ],
        "Head": [
            0.23876189894736566,
            0.5001345195731304
        ],
        "L_Collar": [
            0.2965332782823129,
            0.6973738410589625
        ],
        "L_Shoulder": [
            0.35677040979598806,
            0.6868649977975835
        ],
        "L_Elbow": [
            0.40419697604790733,
            0.7805204995909399
        ],
        "L_Wrist": [
            0.5737308730575155,
            0.708442205515366
        ],
        "L_Hand": [
            0.5810223420106826,
            0.685936316509119
        ],
        "R_Collar": [
            0.19765654712372654,
            0.6826036155028639
        ],
        "R_Shoulder": [
            0.15020795603621415,
            0.6616453697639055
        ],
        "R_Elbow": [
            0.16514164002212545,
            0.7457632940655303
        ],
        "R_Wrist": [
            0.12824639586243503,
            0.7460756022997287
        ],
        "R_Hand": [
            0.12388149935163213,
            0.7539622643285604
        ]
    }
}