{
    "joints3D": {
        "Pelvis": [
            -0.6051180026567512,
            0.7123710423998024,
            -1.352904267874833
        ],
        "L_Hip": [
            -0.5242834965326741,
            0.7857605860391038,
            -1.6363824545594092
        ],
        "L_Knee": [
            -0.7547336601744938,
            0.9514718687332621,
            -2.624783975850666
        ],
        "L_Ankle": [
            -1.2019344281873994,
            1.234483039249496,
            -3.591248914709907
        ],
        "L_Foot": [
            -1.1463490719829803,
            0.9629238048424505,
            -3.83821308852007
        ],
        "R_Hip": [
            -0.8478392239808189,
            0.7051025640229827,
            -1.5276127103925847
        ],
        "R_Knee": [
            -1.338517126519503,
            0.7972151890192569,
            -2.4529946589158866
        ],
        "R_Ankle": [
            -1.6700793104465579,
            1.1891721171859835,
            -3.4297952915108403
        ],
        "R_Foot": [
            -1.8231926868905337,
            0.8896181107637735,
            -3.595899937672287
        ],
        "Spine1": [
            -0.5264082867550822,
            0.7671004114619445,
            -1.0507164126254889
        ],
        "Spine2": [
            -0.37055297477252164,
            0.6911780463426409,
            -0.7114141063477747
        ],
        "Spine3": [
            -0.30851539879992435,
            0.5859635157025528,
            -0.603655812212991
        ],
        "Neck": [
            -0.11524068105511863,
            0.4714396052425518,
            -0.059973942395932296
        ],
        "Head": [
            -0.018367306553510886,
            0.31474695460512164,
            0.07406234517985645
        ],
        "L_Collar": [
            0.008710137836021096,
            0.59453162305036,
            -0.348874686637172
        ],
        "L_Shoulder": [
            0.2572408434164368,
            0.6281367072013715,
            -0.4498502258789213
        ],
        "L_Elbow": [
            0.4146139187274184,
            0.689869318635421,
            -1.1446588248530503
        ],
        "L_Wrist": [
            0.6777141914027548,
            0.3289372377426997,
            -1.6744087401455514
        ],
        "L_Hand": [
            0.7288120665848331,
            0.2517971322785001,
            -1.8961433733813848
        ],
        "R_Collar": [
            -0.4134084538326981,
            0.5120632270548269,
            -0.21697501371902445
        ],
        "R_Shoulder": [
            -0.6875403559094532,
            0.4255543254543693,
            -0.19226749352668318
        ],
        "R_Elbow": [
            -1.0643596538564395,
            0.5246735264112568,
            -0.7697120625101671
        ],
        "R_Wrist": [
            -1.518168692807647,
            0.447957022024842,
            -1.3043039957885472
        ],
        "R_Hand": [
            -1.6691234725178685,
            0.48654550754155057,
            -1.4846136517059136
        ]
    },
    "joints2D": {
        "Pelvis": [
            0.17832105301076367,
            0.8117223303177113
        ],
        "L_Hip": [
            0.19525515341996216,
            0.830538037380971
        ],
        "L_Knee": [
            0.19663858469796894,
            0.8589887639664847
        ],
        "L_Ankle": [
            0.18802868646890208,
            0.8594903848780535
        ],
        "L_Foot": [
            0.19087408539060902,
            0.8841157318829097
        ],
        "R_Hip": [
            0.16061181740422567,
            0.8145006833985144
        ],
        "R_Knee": [
            0.15470326553582128,
            0.8415882629296902
        ],
        "R_Ankle": [
            0.16424913194742508,
            0.8439103092230862
        ],
        "R_Foot": [
            0.15620662768855895,
            0.8619021581572099
        ],
        "Spine1": [
            0.17999648322698567,
            0.771314161800611
        ],
        "Spine2": [
            0.18705675591557835,
            0.7337514510502686
        ],
        "Spine3": [
            0.18807865619905825,
            0.734282088787879
        ],
        "Neck": [
            0.21157137662998868,
            0.5358667213408664
        ],
        "Head": [
            0.23974366528408533,
            0.42552684922110057
        ],
        "L_Collar": [
            0.2507013941495921,
            0.662311727078437
        ],
        "L_Shoulder": [
            0.3018808413244307,
            0.6834880138446578
        ],
        "L_Elbow": [
            0.30397230252866536,
            0.8027963046662134
        ],
        "L_Wrist": [
            0.3272077344622032,
            0.8855061959670252
        ],
        "L_Hand": [
            0.3265009820881414,
            0.9024161644357713
        ],
        "R_Collar": [
            0.1469047033560596,
            0.604074330980309
        ],
        "R_Shoulder": [
            0.09527192290834544,
            0.5830606908101229
        ],
        "R_Elbow": [
            0.10124296025476066,
            0.7104704780993517
        ],
        "R_Wrist": [
            0.09390761187294785,
            0.76315526742485
        ],
        "R_Hand": [
            0.09563549255020405,
            0.7694668068394042
        ]
    }
}