{
    "joints3D": {
        "Pelvis": [
            -0.8735845351088544,
            0.8036271825441222,
            -1.5271155116371178
        ],
        "L_Hip": [
            -0.8082561598091161,
            0.9507572374720693,
            -1.8278740938896278
        ],
        "L_Knee": [
            -1.1441244680666656,
            1.4862820119001035,
            -2.71109928413752
        ],
        "L_Ankle": [
            -1.6605317443699659,
            2.1087487142339856,
            -3.524137076429122
        ],
        "L_Foot": [
            -1.7804209893096345,
            2.056974156501731,
            -3.8841164970750266
        ],
        "R_Hip": [
            -1.1492903950061801,
            0.742986668337471,
            -1.7071645485237126
        ],
        "R_Knee": [
            -1.3539941349888942,
            0.10135472991822246,
            -2.5854891875205035
        ],
        "R_Ankle": [
            -1.6928783578101272,
            0.5364332677757555,
            -3.591639726012808
        ],
        "R_Foot": [
            -1.773839282629699,
            0.30962028846563094,
            -3.8883086714468127
        ],
        "Spine1": [
            -0.7910400337755739,
            0.8288362790954154,
            -1.2253335018882174
        ],
        "Spine2": [
            -0.6437948676047381,
            0.7736113061311273,
            -0.8799798501224202
        ],
        "Spine3": [
            -0.5745815321310617,
            0.6582921546283594,
            -0.7796770488015917
        ],
        "Neck": [
            -0.358885044777695,
            0.6016413075531202,
            -0.1838766628068635
        ],
        "Head": [
            -0.2505852883191696,
            0.46150766969439266,
            -0.02487598509089241
        ],
        "L_Collar": [
            -0.2397832714232725,
            0.6737915735684368,
            -0.5110044858447649
        ],
        "L_Shoulder": [
            0.020743178789206597,
            0.6491162832692624,
            -0.5826734540441418
        ],
        "L_Elbow": [
            0.052481794567529494,
            0.7104205908853869,
            -1.331295880286333
        ],
        "L_Wrist": [
            -0.12068933448807738,
            0.05523969392131139,
            -1.1273752509437018
        ],
        "L_Hand": [
            -0.10211807241601681,
            -0.17143271685182415,
            -1.0457001051355608
        ],
        "R_Collar": [
            -0.6651537587227344,
            0.643654431888414,
            -0.3585128370011699
        ],
        "R_Shoulder": [
            -0.9088235398943687,
            0.6163226397446985,
            -0.21548100796138997
        ],
        "R_Elbow": [
            -1.3004340247852162,
            1.2332365085422954,
            -0.2886078157783972
        ],
        "R_Wrist": [
            -1.4425968524882964,
            0.9335363298945917,
            -0.9377493128372079
        ],
        "R_Hand": [
            -1.483489058959184,
            0.8302742841604248,
            -1.1525767324435423
        ]
    },
    "joints2D": {
        "Pelvis": [
            0.16173083452843962,
            0.8011394679939149
        ],
        "L_Hip": [
            0.17875622349361317,
            0.8133733116058933
        ],
        "L_Knee": [
            0.18277524094672118,
            0.809432977505503
        ],
        "L_Ankle": [
            0.17818674027001327,
            0.7963332499280213
        ],
        "L_Foot": [
            0.1769111255161845,
            0.8102517015236945
        ],
        "R_Hip": [
            0.14442613687845163,
            0.8068865871074287
        ],
        "R_Knee": [
            0.14251603105780536,
            0.9025808880951528
        ],
        "R_Ankle": [
            0.15673996544089067,
            0.8872415188194676
        ],
        "R_Foot": [
            0.1557584137294001,
            0.9044867478274223
        ],
        "Spine1": [
            0.16062033614841,
            0.7699743476676939
        ],
        "Spine2": [
            0.1615573840005987,
            0.7353463120002105
        ],
        "Spine3": [
            0.15936712149987545,
            0.7395633905331964
        ],
        "Neck": [
            0.1669138067705279,
            0.5810296454292575
        ],
        "Head": [
            0.17135656992939682,
            0.5126269564348355
        ],
        "L_Collar": [
            0.2025859117761336,
            0.6935808079969096
        ],
        "L_Shoulder": [
            0.2526881343885603,
            0.7246325690586377
        ],
        "L_Elbow": [
            0.25518815618032237,
            0.8294281439338754
        ],
        "L_Wrist": [
            0.2244875416997657,
            0.9485296777443546
        ],
        "L_Hand": [
            0.7719518428919974,
            0.9190347182738171
        ],
        "R_Collar": [
            0.1305313559105742,
            0.6246033435994502
        ],
        "R_Shoulder": [
            0.1002430383234527,
            0.5676527224503446
        ],
        "R_Elbow": [
            0.1237950848264235,
            0.5526973303001771
        ],
        "R_Wrist": [
            0.11017497981083677,
            0.6773006095136721
        ],
        "R_Hand": [
            0.10903703859292778,
            0.7142098957386066
        ]
    }
}