{
    "joints3D": {
        "Pelvis": [
            -0.2480532903708832,
            -0.19735633218836096,
            -1.5436731858578172
        ],
        "L_Hip": [
            -0.0843722923472303,
            -0.3472679906662919,
            -1.7961601387317379
        ],
        "L_Knee": [
            -0.2124632945836465,
            -1.0685202478804343,
            -2.6884236113758098
        ],
        "L_Ankle": [
            -0.5116324196837936,
            -1.484511568889061,
            -3.8037753449522667
        ],
        "L_Foot": [
            -0.48844621336504784,
            -1.8884987497861032,
            -3.7941407594669343
        ],
        "R_Hip": [
            -0.47404625917236276,
            -0.31745286541208156,
            -1.7545556442632348
        ],
        "R_Knee": [
            -0.7322522918605159,
            -1.2191569732475518,
            -2.4651607973034357
        ],
        "R_Ankle": [
            -0.7524199780936475,
            -0.8450523721104972,
            -3.6343874142368
        ],
        "R_Foot": [
            -0.8757128775975844,
            -1.0554351360353222,
            -3.9635586038655934
        ],
        "Spine1": [
            -0.21191605264354843,
            0.059373121368327376,
            -1.3196898939272008
        ],
        "Spine2": [
            -0.13641951445992634,
            0.18836542202949627,
            -0.9448822362530812
        ],
        "Spine3": [
            -0.12704455977391738,
            0.18067267649000465,
            -0.771776000724034
        ],
        "Neck": [
            -0.059245074657675506,
            0.447792625595625,
            -0.22424629014385006
        ],
        "Head": [
            -0.004822159293132134,
            0.4133482516398934,
            0.009340752728675152
        ],
        "L_Collar": [
            0.14239269061718113,
            0.348130324819046,
            -0.4864138675311407
        ],
        "L_Shoulder": [
            0.39498405456783975,
            0.36889711329104796,
            -0.5947478433787704
        ],
        "L_Elbow": [
            0.44624977639576785,
            0.10973369402215725,
            -1.329103781016938
        ],
        "L_Wrist": [
            0.5126540739432639,
            -0.48545331536887215,
            -1.7881390225335712
        ],
        "L_Hand": [
            0.5114204744398143,
            -0.6369542657394568,
            -1.9967752352738484
        ],
        "R_Collar": [
            -0.3154594626046594,
            0.39463681789306054,
            -0.4546002405462369
        ],
        "R_Shoulder": [
            -0.6011896105846626,
            0.4299141009651678,
            -0.5321782335685233
        ],
        "R_Elbow": [
            -0.835950539124967,
            0.1455809517339474,
            -1.1968119617954975
        ],
        "R_Wrist": [
            -1.1403666262354464,
            -0.37327466639258705,
            -1.6881765014038774
        ],
        "R_Hand": [
            -1.190400235745879,
            -0.537484130633667,
            -1.8801919239206315
        ]
    },
    "joints2D": {
        "Pelvis": [
            0.7857417937770091,
            0.9252250604379217
        ],
        "L_Hip": [
            0.7611172352214277,
            0.9127720851317015
        ],
        "L_Knee": [
            0.765720497273681,
            0.8607393333672541
        ],
        "L_Ankle": [
            0.7758130339554115,
            0.860898382584513
        ],
        "L_Foot": [
            0.7731567915967391,
            0.83592806049378
        ],
        "R_Hip": [
            0.8062310549961509,
            0.9034733799047932
        ],
        "R_Knee": [
            0.8006186864399506,
            0.8289546280675956
        ],
        "R_Ankle": [
            0.7926131794672839,
            0.8958227355496752
        ],
        "R_Foot": [
            0.7943637429956301,
            0.8865723628338362
        ],
        "Spine1": [
            0.21257472926250023,
            0.9464859045755606
        ],
        "Spine2": [
            0.2190004091899195,
            0.9078859657333007
        ],
        "Spine3": [
            0.2156572995508819,
            0.8980280377852367
        ],
        "Neck": [
            0.22966145626045562,
            0.6409624182217347
        ],
        "Head": [
            0.24682851429203248,
            0.49025968695837757
        ],
        "L_Collar": [
            0.29071424439874266,
            0.784725193000648
        ],
        "L_Shoulder": [
            0.3416262099123218,
            0.777306935813212
        ],
        "L_Elbow": [
            0.31962698288149605,
            0.9201280137921886
        ],
        "L_Wrist": [
            0.696455760857615,
            0.8802858272310117
        ],
        "L_Hand": [
            0.7034452833173762,
            0.8714260775991352
        ],
        "R_Collar": [
            0.16476628433809554,
            0.7390227293274354
        ],
        "R_Shoulder": [
            0.12438230326424175,
            0.7172728897563682
        ],
        "R_Elbow": [
            0.12254992156281187,
            0.8583271158369545
        ],
        "R_Wrist": [
            0.8684950362367061,
            0.8440953145147377
        ],
        "R_Hand": [
            0.8592599633906687,
            0.8381345105866133
        ]
    }
}