{
    "joints3D": {
        "Pelvis": [
            0.08240432805707905,
            1.0649973681550975,
            -1.453641241536017
        ],
        "L_Hip": [
            0.3182705824907484,
            1.1759188997783547,
            -1.679493522161772
        ],
        "L_Knee": [
            0.6326025352522182,
            0.7050580499144656,
            -2.620382045912134
        ],
        "L_Ankle": [
            0.657942919699123,
            0.6027729642627642,
            -3.775010689917729
        ],
        "L_Foot": [
            0.8350179704227726,
            0.29961722528925605,
            -3.9381831963705305
        ],
        "R_Hip": [
            -0.08893109515205944,
            1.0874501492574722,
            -1.7447243886124122
        ],
        "R_Knee": [
            -0.15106267363953899,
            1.379462707851815,
            -2.8231611619044625
        ],
        "R_Ankle": [
            -0.3549520792052969,
            2.44645389736385,
            -3.2300593506990447
        ],
        "R_Foot": [
            -0.40620390532054607,
            2.5484039490523536,
            -3.5991415376580083
        ],
        "Spine1": [
            0.023075176068125088,
            1.0731798061789293,
            -1.1420089866311007
        ],
        "Spine2": [
            0.03168396830950221,
            0.9125843532193999,
            -0.7936965778331315
        ],
        "Spine3": [
            0.06357936386351531,
            0.7879744573538716,
            -0.6831182713841961
        ],
        "Neck": [
            -0.04230269856331082,
            0.6717534806975101,
            -0.05946009107251663
        ],
        "Head": [
            -0.02042003330855615,
            0.505975452935726,
            0.11357135485142165
        ],
        "L_Collar": [
            0.19895502893664035,
            0.8314195668998087,
            -0.2727722541170439
        ],
        "L_Shoulder": [
            0.3915090963671864,
            1.0037781361623896,
            -0.1807732370739293
        ],
        "L_Elbow": [
            0.3854082554653994,
            1.5900150593974942,
            -0.6645055569133095
        ],
        "L_Wrist": [
            0.5765257276990412,
            1.0913737841467146,
            -1.1406853227219917
        ],
        "L_Hand": [
            0.6145327235120762,
            0.8945500814881797,
            -1.2803428762692546
        ],
        "R_Collar": [
            -0.2189296777292658,
            0.6727533008225529,
            -0.3719580629957637
        ],
        "R_Shoulder": [
            -0.4935845675833963,
            0.5986423558203052,
            -0.40984572673854025
        ],
        "R_Elbow": [
            -0.547395453383874,
            0.7240460382327069,
            -1.1396406075982732
        ],
        "R_Wrist": [
            -0.10386998429263575,
            0.13559349310009916,
            -1.153184752811897
        ],
        "R_Hand": [
            0.03881548066019765,
            -0.06059432762928728,
            -1.1226651953771936
        ]
    },
    "joints2D": {
        "Pelvis": [
            0.2568664317393981,
            0.7874708712586289
        ],
        "L_Hip": [
            0.2765043048164991,
            0.7913451540236486
        ],
        "L_Knee": [
            0.2953748420825634,
            0.884444266760264
        ],
        "L_Ankle": [
            0.2851526432005573,
            0.9162572350516851
        ],
        "L_Foot": [
            0.2950053358688893,
            0.9346146334418949
        ],
        "R_Hip": [
            0.2406783902489907,
            0.8097287875919885
        ],
        "R_Knee": [
            0.2394838762301557,
            0.8395629984420729
        ],
        "R_Ankle": [
            0.23299273023988687,
            0.7820862545039716
        ],
        "R_Foot": [
            0.2320347384486146,
            0.7915652600578614
        ],
        "Spine1": [
            0.25120210496005674,
            0.7507547645313366
        ],
        "Spine2": [
            0.2530823533524052,
            0.7197828562966779
        ],
        "Spine3": [
            0.25896137246796663,
            0.7190472400603606
        ],
        "Neck": [
            0.23889525399065886,
            0.5246804372747064
        ],
        "Head": [
            0.2424746091812924,
            0.42868723331734765
        ],
        "L_Collar": [
            0.28397252565618386,
            0.594162561200477
        ],
        "L_Shoulder": [
            0.30590450275035624,
            0.5501633914743158
        ],
        "L_Elbow": [
            0.28374497803048143,
            0.618331319507661
        ],
        "L_Wrist": [
            0.3090820217691842,
            0.7364526437693365
        ],
        "L_Hand": [
            0.31598936314615833,
            0.7779140674085684
        ],
        "R_Collar": [
            0.20364465356227027,
            0.650179806015692
        ],
        "R_Shoulder": [
            0.15071403146022816,
            0.6599095502981555
        ],
        "R_Elbow": [
            0.17858525518197813,
            0.7889865968956151
        ],
        "R_Wrist": [
            0.22909246626461024,
            0.931352608152682
        ],
        "R_Hand": [
            0.7435417730410139,
            0.9494623473588075
        ]
    }
}