{
    "joints3D": {
        "Pelvis": [
            -0.7930434514236917,
            -0.30461699123435604,
            -1.6788692114147592
        ],
        "L_Hip": [
            -0.7407614521395716,
            -0.2558414874199865,
            -2.048531672040372
        ],
        "L_Knee": [
            -1.3478096558876116,
            -0.7073972826251186,
            -2.954391120863004
        ],
        "L_Ankle": [
            -2.2639871439604535,
            -1.1559704887914615,
            -3.7101911119225
        ],
        "L_Foot": [
            -2.187825201918202,
            -1.5543558421323138,
            -3.7486296542190947
        ],
        "R_Hip": [
            -1.0579789477630095,
            -0.502962747477445,
            -1.8370202499139698
        ],
        "R_Knee": [
            -1.084352685132518,
            -1.2595806078390477,
            -2.772861939239772
        ],
        "R_Ankle": [
            -1.297850924807928,
            -1.2876147382330498,
            -4.0229321044556
        ],
        "R_Foot": [
            -1.245509179645328,
            -1.6882337820513194,
            -4.106743655659696
        ],
        "Spine1": [
            -0.7340189612812483,
            -0.13643827064711472,
            -1.377422162267974
        ],
        "Spine2": [
            -0.5497150890182428,
            -0.03999653729552313,
            -0.9971020888434879
        ],
        "Spine3": [
            -0.4424850436222654,
            -0.059986217986886976,
            -0.8399443769373803
        ],
        "Neck": [
            -0.2899800317301012,
            0.35185387431506754,
            -0.28018111184424865
        ],
        "Head": [
            -0.17374265824742874,
            0.31633932571839524,
            -0.0498957493085419
        ],
        "L_Collar": [
            -0.18863285973866528,
            0.266253809282419,
            -0.6529453656307067
        ],
        "L_Shoulder": [
            -0.004565895909205619,
            0.3634296588158891,
            -0.8252223185924571
        ],
        "L_Elbow": [
            -0.3103506026694492,
            0.11226638873483635,
            -1.5173817724003835
        ],
        "L_Wrist": [
            -0.34950282879711486,
            -0.37154367507441904,
            -2.087683877622687
        ],
        "L_Hand": [
            -0.41998274877871034,
            -0.517573614386903,
            -2.2810230196487056
        ],
        "R_Collar": [
            -0.563545068256015,
            0.12116784663177661,
            -0.4402637214456888
        ],
        "R_Shoulder": [
            -0.80869309124097,
            0.03633985531556352,
            -0.32884371895908354
        ],
        "R_Elbow": [
            -1.1885961762371113,
            -0.3181727927732584,
            -0.9164518917705642
        ],
        "R_Wrist": [
            -1.5424520305696594,
            -0.9296325557595478,
            -1.227087889900111
        ],
        "R_Hand": [
            -1.6267134427624754,
            -1.1022560676890416,
            -1.3900960957387916
        ]
    },
    "joints2D": {
        "Pelvis": [
            0.8418052887056386,
            0.8802326225498
        ],
        "L_Hip": [
            0.8254464007425009,
            0.9070528794027873
        ],
        "L_Knee": [
            0.8363486103080002,
            0.8698774304128449
        ],
        "L_Ankle": [
            0.8547958111918643,
            0.8363052641396386
        ],
        "L_Foot": [
            0.8456052673887604,
            0.8202476182498885
        ],
        "R_Hip": [
            0.8523015738372227,
            0.84782665629247
        ],
        "R_Knee": [
            0.8165683603999276,
            0.8307855361634516
        ],
        "R_Ankle": [
            0.8108202618870898,
            0.8659071390099599
        ],
        "R_Foot": [
            0.8043659232303759,
            0.8468377932232832
        ],
        "Spine1": [
            0.8556762528157972,
            0.8887965142765589
        ],
        "Spine2": [
            0.8617768204930664,
            0.8978469924081801
        ],
        "Spine3": [
            0.8562310090205958,
            0.8954289920812911
        ],
        "Neck": [
            0.15345100317576743,
            0.6812299257578137
        ],
        "Head": [
            0.17105164470172546,
            0.5418473027746806
        ],
        "L_Collar": [
            0.1978951931123602,
            0.8485940207251652
        ],
        "L_Shoulder": [
            0.24766213629623762,
            0.8512246809160804
        ],
        "L_Elbow": [
            0.2037992928353425,
            0.9357702437867429
        ],
        "L_Wrist": [
            0.7860764691160393,
            0.9120416890551577
        ],
        "L_Hand": [
            0.788313058412479,
            0.8986979162425786
        ],
        "R_Collar": [
            0.08231969756331278,
            0.7571566584726632
        ],
        "R_Shoulder": [
            0.03757698585291435,
            0.6689353065737145
        ],
        "R_Elbow": [
            0.9141209900426892,
            0.7482741827647054
        ],
        "R_Wrist": [
            0.8869634044133197,
            0.7130415336234878
        ],
        "R_Hand": [
            0.879271044062512,
            0.7158957355657839
        ]
    }
}