{
    "joints3D": {
        "Pelvis": [
            0.5649264580585074,
            0.9497183016997339,
            -1.5679690220096094
        ],
        "L_Hip": [
            0.8155165037334914,
            0.912625088615444,
            -1.7987440358890119
        ],
        "L_Knee": [
            1.1200145771084502,
            0.33854536149286096,
            -2.7056213361748793
        ],
        "L_Ankle": [
            1.3677208852668192,
            0.03223807093795393,
            -3.810638564211855
        ],
        "L_Foot": [
            1.4018016681235759,
            -0.3528114771226224,
            -3.901062510639918
        ],
        "R_Hip": [
            0.4403070263822641,
            1.047824346233451,
            -1.8622084999382944
        ],
        "R_Knee": [
            0.5814219105927062,
            1.1242576997407512,
            -2.9888326143718835
        ],
        "R_Ankle": [
            1.0546488878822844,
            1.486078897046644,
            -3.995785449836112
        ],
        "R_Foot": [
            0.7940902610713261,
            1.269607275934939,
            -4.197817329528892
        ],
        "Spine1": [
            0.518849409160565,
            1.0019793908116799,
            -1.2559622940338668
        ],
        "Spine2": [
            0.40584431236041973,
            0.8507001977055627,
            -0.8810785131433104
        ],
        "Spine3": [
            0.355071073219712,
            0.7277166764176165,
            -0.7653318150040839
        ],
        "Neck": [
            0.1737183781921912,
            0.6340253296070671,
            -0.15248508345425696
        ],
        "Head": [
            0.10047942020799717,
            0.4356000813662067,
            0.017501486668218658
        ],
        "L_Collar": [
            0.4727803807715183,
            0.6582819004879732,
            -0.3618305621614503
        ],
        "L_Shoulder": [
            0.7352480709839626,
            0.6135103716971101,
            -0.29401975699890703
        ],
        "L_Elbow": [
            1.0717138876902292,
            0.8785165074039918,
            -0.9467706735383926
        ],
        "L_Wrist": [
            1.594453106952022,
            0.6537414721736495,
            -1.4181823726952774
        ],
        "L_Hand": [
            1.7900673035381356,
            0.6453927604081807,
            -1.5789866492522917
        ],
        "R_Collar": [
            0.05789173130129412,
            0.7778914762241241,
            -0.46260887164626635
        ],
        "R_Shoulder": [
            -0.2110420783723196,
            0.811843019517083,
            -0.549360928845485
        ],
        "R_Elbow": [
            -0.17923385658299826,
            0.9810219833513308,
            -1.2823375552533074
        ],
        "R_Wrist": [
            -0.4082316897469624,
            0.7002236479129749,
            -1.941517297026874
        ],
        "R_Hand": [
            -0.47694721742716295,
            0.6461043527173138,
            -2.175285965851622
        ]
    },
    "joints2D": {
        "Pelvis": [
            0.30359318739961216,
            0.8023235537503868
        ],
        "L_Hip": [
            0.32065695524232846,
            0.8149652599825814
        ],
        "L_Knee": [
            0.332064495782925,
            0.9003337319432199
        ],
        "L_Ankle": [
            0.3271104186268632,
            0.9345318109156103
        ],
        "L_Foot": [
            0.6762445614920356,
            0.9153516400780021
        ],
        "R_Hip": [
            0.28651294670874,
            0.8176267780384734
        ],
        "R_Knee": [
            0.28408207178905637,
            0.8616531963081348
        ],
        "R_Ankle": [
            0.29631026200406246,
            0.858492731989127
        ],
        "R_Foot": [
            0.28481304820492476,
            0.8797136260405946
        ],
        "Spine1": [
            0.3039109011161005,
            0.7648613254555542
        ],
        "Spine2": [
            0.3038618581322357,
            0.7370476710189096
        ],
        "Spine3": [
            0.30471453924640374,
            0.7390067809800215
        ],
        "Neck": [
            0.28947670965608274,
            0.5689709384062713
        ],
        "Head": [
            0.28385613806208965,
            0.4850151823610271
        ],
        "L_Collar": [
            0.3393886574184114,
            0.6361850129054488
        ],
        "L_Shoulder": [
            0.3797291394860304,
            0.6021245387976036
        ],
        "L_Elbow": [
            0.3665220527196954,
            0.7055584121823069
        ],
        "L_Wrist": [
            0.3931840595208403,
            0.7544090009280779
        ],
        "L_Hand": [
            0.3971390615251821,
            0.7592570892791511
        ],
        "R_Collar": [
            0.25906718849242577,
            0.6639076652152575
        ],
        "R_Shoulder": [
            0.21366041046574294,
            0.6793992415787283
        ],
        "R_Elbow": [
            0.22887397015787608,
            0.7801353629940843
        ],
        "R_Wrist": [
            0.21003678057866026,
            0.8644826694639783
        ],
        "R_Hand": [
            0.20677116022452016,
            0.8792097216828304
        ]
    }
}