{
    "joints3D": {
        "Pelvis": [
            -0.26519512691392,
            0.5962507908999353,
            -1.6612702738547982
        ],
        "L_Hip": [
            -0.1989518148217182,
            0.5685323004172212,
            -1.9813029939614326
        ],
        "L_Knee": [
            -0.5072143047996277,
            0.5259916522565395,
            -3.10095560444216
        ],
        "L_Ankle": [
            -0.8339701224049418,
            1.1723740703460084,
            -3.990815048021219
        ],
        "L_Foot": [
            -0.9428583256181321,
            1.078429273691152,
            -4.3733612836252505
        ],
        "R_Hip": [
            -0.536223864015387,
            0.5762769369978797,
            -1.8320879458837185
        ],
        "R_Knee": [
            -1.0542052469732972,
            0.10316120990880089,
            -2.749410606163598
        ],
        "R_Ankle": [
            -1.3490355635137516,
            -0.11718117281018363,
            -3.825555093182332
        ],
        "R_Foot": [
            -1.5105817904408192,
            -0.4881791184909363,
            -3.833046281126977
        ],
        "Spine1": [
            -0.1485788244215939,
            0.722900277925699,
            -1.3730297205072342
        ],
        "Spine2": [
            0.01539074303093609,
            0.6590383742489652,
            -0.9572109768504831
        ],
        "Spine3": [
            0.05980927823833346,
            0.603558970973889,
            -0.789707917724821
        ],
        "Neck": [
            0.22117213966477392,
            0.6143315245698121,
            -0.17215578759664804
        ],
        "Head": [
            0.23529538979128964,
            0.4175334435470728,
            0.032861622086438336
        ],
        "L_Collar": [
            0.3623499852100589,
            0.6084296933889589,
            -0.49675947457166186
        ],
        "L_Shoulder": [
            0.6152540124915895,
            0.5762799460221688,
            -0.6032380412685747
        ],
        "L_Elbow": [
            0.7749601964018056,
            0.6809156086627421,
            -1.296809063479876
        ],
        "L_Wrist": [
            0.7062597816683741,
            0.7277908796323831,
            -2.004930641930863
        ],
        "L_Hand": [
            0.6758166936843792,
            0.7332773668048215,
            -2.25985241731123
        ],
        "R_Collar": [
            -0.04426358278858109,
            0.7129978256319647,
            -0.39445772955747077
        ],
        "R_Shoulder": [
            -0.32588344720284185,
            0.7880534476485462,
            -0.33977596436031243
        ],
        "R_Elbow": [
            -0.7136019982465804,
            1.0627788944097063,
            -0.8457967717390854
        ],
        "R_Wrist": [
            -1.0611585594942181,
            1.235337755608345,
            -1.4711184862189686
        ],
        "R_Hand": [
            -1.1826436236029996,
            1.2848258462261706,
            -1.6883741834585526
        ]
    },
    "joints2D": {
        "Pelvis": [
            0.21909511599095574,
            0.8674568648682836
        ],
        "L_Hip": [
            0.22904992120205225,
            0.8874923297514856
        ],
        "L_Knee": [
            0.21452860072546504,
            0.9143922149486674
        ],
        "L_Ankle": [
            0.2085842864374024,
            0.8806540162822486
        ],
        "L_Foot": [
            0.2061177984102487,
            0.8917653203787428
        ],
        "R_Hip": [
            0.19414355472142414,
            0.8696818130900873
        ],
        "R_Knee": [
            0.16675788458750976,
            0.9243932560849117
        ],
        "R_Ankle": [
            0.8276908640519104,
            0.9302036131422287
        ],
        "R_Foot": [
            0.8311899581594109,
            0.9024204513565778
        ],
        "Spine1": [
            0.230641595215376,
            0.8299563351913314
        ],
        "Spine2": [
            0.2510463498725812,
            0.79644113164588
        ],
        "Spine3": [
            0.2593936966697174,
            0.7812268260876245
        ],
        "Neck": [
            0.3011469092245616,
            0.579021147505226
        ],
        "Head": [
            0.32830921763422416,
            0.4750295857090567
        ],
        "L_Collar": [
            0.3210074724755723,
            0.6957017124528326
        ],
        "L_Shoulder": [
            0.35688463258860315,
            0.7095412595378532
        ],
        "L_Elbow": [
            0.33879493634219116,
            0.7990066136671403
        ],
        "L_Wrist": [
            0.3114125351909437,
            0.8536726153636977
        ],
        "L_Hand": [
            0.303903235160644,
            0.8668615465931403
        ],
        "R_Collar": [
            0.23983315973643551,
            0.6542712890570309
        ],
        "R_Shoulder": [
            0.19067504427960955,
            0.6181573698048269
        ],
        "R_Elbow": [
            0.16797937986334627,
            0.6884917014360588
        ],
        "R_Wrist": [
            0.16068757474606207,
            0.7411488177393434
        ],
        "R_Hand": [
            0.1589467985481024,
            0.7533832377743626
        ]
    }
}