{
    "joints2D": {
        "Pelvis": [
            0.21985168862449397,
            0.8678328501306393
        ],
        "L_Hip": [
            0.2432749730496079,
            0.8718446461310074
        ],
        "L_Knee": [
            0.23571370747705392,
            0.8629240799991489
        ],
        "L_Ankle": [
            0.22640589361660912,
            0.8538539392855232
        ],
        "L_Foot": [
            0.23060640695963586,
            0.8760777710959017
        ],
        "R_Hip": [
            0.20104736462171985,
            0.8773161329001404
        ],
        "R_Knee": [
            0.20980977482131652,
            0.9299757361631046
        ],
        "R_Ankle": [
            0.22184299694077145,
            0.9581048120715375
        ],
        "R_Foot": [
            0.7792106716500528,
            0.9391890617969113
        ],
        "Spine1": [
            0.21428725533514736,
            0.8348629486467484
        ],
        "Spine2": [
            0.21318797437441273,
            0.7965873799183918
        ],
        "Spine3": [
            0.21239015429928168,
            0.8065032146731526
        ],
        "Neck": [
            0.21003314889938088,
            0.5377754679509346
        ],
        "Head": [
            0.20957703495287996,
            0.4090089119472737
        ],
        "L_Collar": [
            0.2630070936743871,
            0.688351264732976
        ],
        "L_Shoulder": [
            0.3159761642764789,
            0.6811986064621225
        ],
        "L_Elbow": [
            0.2975669072805676,
            0.8328995262088843
        ],
        "L_Wrist": [
            0.30603949532615166,
            0.9364674783583523
        ],
        "L_Hand": [
            0.6918579416862949,
            0.943163684302825
        ],
        "R_Collar": [
            0.15924460328037346,
            0.6706192454302926
        ],
        "R_Shoulder": [
            0.10915004743100919,
            0.646036753101782
        ],
        "R_Elbow": [
            0.1412322770165375,
            0.7713005295109638
        ],
        "R_Wrist": [
            0.14097544421486524,
            0.8708058771681294
        ],
        "R_Hand": [
            0.14439904461224212,
            0.8888146812707712
        ]
    },
    "joints3D": {
        "Pelvis": [
            -0.26110072867199763,
            0.6017585182913272,
            -1.6803096466801657
        ],
        "L_Hip": [
            -0.05665942515941153,
            0.7022779525905033,
            -1.977372300390007
        ],
        "L_Knee": [
            -0.21473418071930966,
            1.1816988977347924,
            -3.0367485373431795
        ],
        "L_Ankle": [
            -0.5149504932966007,
            1.738908787557381,
            -4.128922663094647
        ],
        "L_Foot": [
            -0.4208346329869129,
            1.4728092705740707,
            -4.419490716102256
        ],
        "R_Hip": [
            -0.4914886849333046,
            0.5807287737324299,
            -1.962247484834496
        ],
        "R_Knee": [
            -0.5617423500821705,
            0.32663125956290884,
            -3.12969972148582
        ],
        "R_Ankle": [
            -0.5068595340903156,
            0.0454666990531468,
            -4.357964175753989
        ],
        "R_Foot": [
            -0.555803469912586,
            -0.35862714909228227,
            -4.4092587906356915
        ],
        "Spine1": [
            -0.2720044051309007,
            0.6552901922647155,
            -1.3364267414067668
        ],
        "Spine2": [
            -0.21601760425646,
            0.6067492171550978,
            -0.9118339471997315
        ],
        "Spine3": [
            -0.18189410831198985,
            0.47828711510296945,
            -0.7757740971065966
        ],
        "Neck": [
            -0.1385788141749151,
            0.5431285721441798,
            -0.07267185330366181
        ],
        "Head": [
            -0.09587062694748653,
            0.36299291770554754,
            0.10831963302165606
        ],
        "L_Collar": [
            0.06157676233508964,
            0.5785654184961255,
            -0.4094933092448369
        ],
        "L_Shoulder": [
            0.3257642382951852,
            0.6120752603896941,
            -0.4448903211960084
        ],
        "L_Elbow": [
            0.3605319688536129,
            0.5909303841986103,
            -1.2365777915702634
        ],
        "L_Wrist": [
            0.4643231352697132,
            0.08865517680047462,
            -1.7763947971967449
        ],
        "L_Hand": [
            0.5289007455825132,
            -0.040264995325685206,
            -1.9817129835447334
        ],
        "R_Collar": [
            -0.3852659858381491,
            0.5192278091122494,
            -0.37350768784550703
        ],
        "R_Shoulder": [
            -0.6567440048976905,
            0.4517411435806512,
            -0.35017747600005067
        ],
        "R_Elbow": [
            -0.8486311752668843,
            0.6392511874253846,
            -1.082498165952324
        ],
        "R_Wrist": [
            -1.001849642423778,
            0.2706862337395365,
            -1.7378496419105385
        ],
        "R_Hand": [
            -1.050040605931926,
            0.19576164803957677,
            -1.9719669152002275
        ]
    }
}