{
    "joints3D": {
        "Pelvis": [
            -0.1888997706624743,
            1.4089502905339846,
            -1.6953411705505106
        ],
        "L_Hip": [
            0.011236204090318506,
            1.4983867145542238,
            -1.9601702671788617
        ],
        "L_Knee": [
            0.3010061691291208,
            0.8309110923986482,
            -2.9369828673584544
        ],
        "L_Ankle": [
            0.18446535191143668,
            1.546232069195459,
            -3.8966722391961794
        ],
        "L_Foot": [
            0.4439380237213357,
            1.2684358937120226,
            -4.0941580023198325
        ],
        "R_Hip": [
            -0.37397171027518156,
            1.4666000092598717,
            -1.970334592359341
        ],
        "R_Knee": [
            -0.3612771357228195,
            0.7989230529320537,
            -2.979891967225081
        ],
        "R_Ankle": [
            -0.21805369816595113,
            1.633573046032175,
            -3.8189347059014
        ],
        "R_Foot": [
            -0.315885353879909,
            1.2981830952163713,
            -4.059538865432316
        ],
        "Spine1": [
            -0.21229605270635848,
            1.4192119220606785,
            -1.344360902419712
        ],
        "Spine2": [
            -0.1769695576240684,
            1.1252866768033962,
            -0.9751225099324795
        ],
        "Spine3": [
            -0.1577156977370413,
            0.9798947605996526,
            -0.8532041210867779
        ],
        "Neck": [
            -0.1521530915253278,
            0.7389522004120019,
            -0.22899712041228407
        ],
        "Head": [
            -0.08467484370226909,
            0.5708284462957267,
            0.007914550558414887
        ],
        "L_Collar": [
            0.05828294029091636,
            0.9239091768680628,
            -0.4723133194921766
        ],
        "L_Shoulder": [
            0.335238252186795,
            0.9477192435499685,
            -0.5534866664525573
        ],
        "L_Elbow": [
            0.5457479682254882,
            1.133485537879196,
            -1.2532813351036682
        ],
        "L_Wrist": [
            0.7479903675016718,
            0.7813859365447826,
            -1.880669431210699
        ],
        "L_Hand": [
            0.8253286448955639,
            0.7141094042086864,
            -2.1295445267624853
        ],
        "R_Collar": [
            -0.39018239432506374,
            0.8641273013381358,
            -0.49369646662840044
        ],
        "R_Shoulder": [
            -0.6351481479584286,
            0.7131551608900153,
            -0.6111921734608916
        ],
        "R_Elbow": [
            -0.7524399871378248,
            0.6576134016408416,
            -1.3271113102573613
        ],
        "R_Wrist": [
            -0.6568110120622516,
            0.2954713924290174,
            -2.001444496340223
        ],
        "R_Hand": [
            -0.6470976981772193,
            0.15105243628003945,
            -2.224624305233652
        ]
    },
    "joints2D": {
        "Pelvis": [
            0.23352858408887905,
            0.7685504536925166
        ],
        "L_Hip": [
            0.24945618807289746,
            0.7815976382649634
        ],
        "L_Knee": [
            0.2686859137198409,
            0.8884418628652692
        ],
        "L_Ankle": [
            0.25726050053302624,
            0.8614288524323087
        ],
        "L_Foot": [
            0.26947229715235405,
            0.881504600639552
        ],
        "R_Hip": [
            0.22153856158472343,
            0.782873577994711
        ],
        "R_Knee": [
            0.22474401862932356,
            0.8915025728712063
        ],
        "R_Ankle": [
            0.23846202561813554,
            0.8538369909311129
        ],
        "R_Foot": [
            0.23375586006302235,
            0.8798773625275197
        ],
        "Spine1": [
            0.2301142594418526,
            0.7319269602174931
        ],
        "Spine2": [
            0.2285991025294591,
            0.7181522588669575
        ],
        "Spine3": [
            0.2281645564378603,
            0.7188312047316275
        ],
        "Neck": [
            0.21800392069939334,
            0.5895038388017736
        ],
        "Head": [
            0.2257581450621716,
            0.4930048347268124
        ],
        "L_Collar": [
            0.2576981359203544,
            0.6440721207810297
        ],
        "L_Shoulder": [
            0.29690896979250725,
            0.6566648335471168
        ],
        "L_Elbow": [
            0.3030111356913464,
            0.746997490959454
        ],
        "L_Wrist": [
            0.31646939562530907,
            0.8383624497877132
        ],
        "L_Hand": [
            0.31825910215337383,
            0.8565436162929869
        ],
        "R_Collar": [
            0.18794801786410262,
            0.650872629777517
        ],
        "R_Shoulder": [
            0.14920027894425522,
            0.6886633964471303
        ],
        "R_Elbow": [
            0.16080514016099415,
            0.8071235765723775
        ],
        "R_Wrist": [
            0.18164160759334913,
            0.9056075967456465
        ],
        "R_Hand": [
            0.18587000129934345,
            0.9288791568712821
        ]
    }
}