{
    "joints3D": {
        "Pelvis": [
            -0.36597023208926033,
            0.49714279528355537,
            -1.7312876977636251
        ],
        "L_Hip": [
            -0.25025398452692077,
            0.40272335392794106,
            -2.0245200167909636
        ],
        "L_Knee": [
            -0.07044254112370851,
            -0.7429786498735641,
            -2.1447083152670916
        ],
        "L_Ankle": [
            -0.45106067631012,
            -0.4749637290545342,
            -3.197539961307511
        ],
        "L_Foot": [
            -0.5051557147523132,
            -0.7106681315129294,
            -3.5286722684398564
        ],
        "R_Hip": [
            -0.6076361070664134,
            0.44310115815760803,
            -1.9371861481356574
        ],
        "R_Knee": [
            -0.9449703906065775,
            0.44434626502889063,
            -3.0456396945343975
        ],
        "R_Ankle": [
            -1.0219518276334787,
            0.8982626002337163,
            -4.089752524003543
        ],
        "R_Foot": [
            -1.1396667394731805,
            0.5571429106931977,
            -4.275922479206716
        ],
        "Spine1": [
            -0.29177981807289693,
            0.681136362273649,
            -1.4590533305888407
        ],
        "Spine2": [
            -0.12053910652050256,
            0.5802870609507589,
            -1.0519573294020506
        ],
        "Spine3": [
            -0.05917583466629178,
            0.5365052568779652,
            -0.8856884956801236
        ],
        "Neck": [
            0.09320380666581862,
            0.6765253392597506,
            -0.27955257461745925
        ],
        "Head": [
            0.1941208370909169,
            0.5020652187439961,
            -0.0773718815672426
        ],
        "L_Collar": [
            0.21708803053083478,
            0.7010363454506564,
            -0.6115408865373752
        ],
        "L_Shoulder": [
            0.44723384593377113,
            0.8241177183869045,
            -0.7049300883196508
        ],
        "L_Elbow": [
            0.3620189058732298,
            1.224141880761485,
            -1.2996106599294992
        ],
        "L_Wrist": [
            0.6470976506210867,
            1.106807360503494,
            -1.9451229991863708
        ],
        "L_Hand": [
            0.6952736060045448,
            1.0823730166284964,
            -2.197038041800875
        ],
        "R_Collar": [
            -0.19368904859825037,
            0.6280766362823804,
            -0.4935935626670055
        ],
        "R_Shoulder": [
            -0.4632283072674871,
            0.5540340533425939,
            -0.39169937229013824
        ],
        "R_Elbow": [
            -0.7614082904144741,
            0.3172954767375129,
            -0.9748755236361812
        ],
        "R_Wrist": [
            -0.46560884787121926,
            -0.35910623278360726,
            -0.9880197701389423
        ],
        "R_Hand": [
            -0.34603619876806657,
            -0.5835619622457601,
            -1.0005412157486187
        ]
    },
    "joints2D": {
        "Pelvis": [
            0.20796740648852532,
            0.8821129189746947
        ],
        "L_Hip": [
            0.22319599545280297,
            0.9089806465014142
        ],
        "L_Knee": [
            0.7575448792713166,
            0.8739742849497614
        ],
        "L_Ankle": [
            0.7812481758511036,
            0.9210517926582896
        ],
        "L_Foot": [
            0.7807163268659951,
            0.9074272674850264
        ],
        "R_Hip": [
            0.18737176864543367,
            0.8879456864327527
        ],
        "R_Knee": [
            0.18493056724766535,
            0.907962036980681
        ],
        "R_Ankle": [
            0.19885072811012697,
            0.8957967643212983
        ],
        "R_Foot": [
            0.192817092544784,
            0.9161769992487457
        ],
        "Spine1": [
            0.2143413962569138,
            0.840317952740137
        ],
        "Spine2": [
            0.22991030314533548,
            0.8242174030670892
        ],
        "Spine3": [
            0.2380845274486512,
            0.8132905164434048
        ],
        "Neck": [
            0.2688381054349806,
            0.6184379122165625
        ],
        "Head": [
            0.305590892283008,
            0.5426800718331151
        ],
        "L_Collar": [
            0.2874667529453673,
            0.7160265827184776
        ],
        "L_Shoulder": [
            0.31452431618307175,
            0.7049722447732485
        ],
        "L_Elbow": [
            0.2833676954653747,
            0.7466109578236447
        ],
        "L_Wrist": [
            0.30086738832794674,
            0.8112573449960199
        ],
        "L_Hand": [
            0.3009918018670787,
            0.8281337543847593
        ],
        "R_Collar": [
            0.208823259865668,
            0.7002257340465117
        ],
        "R_Shoulder": [
            0.15019927511315542,
            0.6637650125264785
        ],
        "R_Elbow": [
            0.12566425001927636,
            0.8121920252151889
        ],
        "R_Wrist": [
            0.8326208095094645,
            0.8421582502190772
        ],
        "R_Hand": [
            0.8050224315946037,
            0.807613029574189
        ]
    }
}