{
    "joints3D": {
        "Pelvis": [
            -0.07777510336491995,
            -0.18083133455889355,
            -1.4968991503244533
        ],
        "L_Hip": [
            0.10106266908227957,
            -0.27481569211914736,
            -1.7515357451340956
        ],
        "L_Knee": [
            0.20374508908493116,
            -0.7907723828252762,
            -2.736020559958022
        ],
        "L_Ankle": [
            0.09893686154905573,
            -1.0206935300971745,
            -3.895595087765095
        ],
        "L_Foot": [
            0.1885124871764767,
            -1.4010128539123987,
            -3.8732050972113683
        ],
        "R_Hip": [
            -0.2778171306318484,
            -0.28585727839317815,
            -1.724406920080448
        ],
        "R_Knee": [
            -0.4224966517570555,
            -0.8102305112311374,
            -2.723725161164323
        ],
        "R_Ankle": [
            -0.34714394906075646,
            -0.9925418687996818,
            -3.8943572981460974
        ],
        "R_Foot": [
            -0.4510859847490242,
            -1.3734605312687143,
            -3.86296194440307
        ],
        "Spine1": [
            -0.0733154062826459,
            0.03618537165305606,
            -1.2466496257184674
        ],
        "Spine2": [
            -0.02376271405210661,
            0.1958212511487269,
            -0.8941182022711485
        ],
        "Spine3": [
            -0.0154756582702081,
            0.19133769432397965,
            -0.7265969680463812
        ],
        "Neck": [
            -0.009418626921865837,
            0.4712617336831325,
            -0.20421965453531082
        ],
        "Head": [
            0.030238775066260024,
            0.385457621554176,
            0.010147041081998997
        ],
        "L_Collar": [
            0.20738851181784107,
            0.3977363811817938,
            -0.4474092220574109
        ],
        "L_Shoulder": [
            0.47300806551880364,
            0.416795251770428,
            -0.4577162610465887
        ],
        "L_Elbow": [
            0.5335662077603706,
            0.15142255345069702,
            -1.1615082043275098
        ],
        "L_Wrist": [
            0.6795852844660147,
            -0.37445933819631694,
            -1.6456807394431807
        ],
        "L_Hand": [
            0.6918129762332894,
            -0.4966858453584925,
            -1.8626260487395614
        ],
        "R_Collar": [
            -0.23797191534046744,
            0.37750763342238985,
            -0.43355389117251086
        ],
        "R_Shoulder": [
            -0.5231107309760044,
            0.33692316668685635,
            -0.42073257147756443
        ],
        "R_Elbow": [
            -0.6168466308649595,
            0.14510776395890393,
            -1.123939185871674
        ],
        "R_Wrist": [
            -0.8441350512192074,
            -0.334370615899101,
            -1.6554228273884515
        ],
        "R_Hand": [
            -0.8681382602799557,
            -0.47382552104353776,
            -1.8603483317826703
        ]
    },
    "joints2D": {
        "Pelvis": [
            0.7626416099329895,
            0.9315960089849868
        ],
        "L_Hip": [
            0.7391045504061009,
            0.9220403084371384
        ],
        "L_Knee": [
            0.7368225292343997,
            0.8876846582431897
        ],
        "L_Ankle": [
            0.7463039108154919,
            0.8953424353604547
        ],
        "L_Foot": [
            0.7422883892105858,
            0.870002290760429
        ],
        "R_Hip": [
            0.7850494079683743,
            0.9155181388687907
        ],
        "R_Knee": [
            0.781251295682869,
            0.8827021214781736
        ],
        "R_Ankle": [
            0.7691276705721253,
            0.8959572066387469
        ],
        "R_Foot": [
            0.773116029684429,
            0.8699288722457383
        ],
        "Spine1": [
            0.23516691274884424,
            0.9555176808412157
        ],
        "Spine2": [
            0.24320491523009924,
            0.9063919767694931
        ],
        "Spine3": [
            0.24440546533727256,
            0.8950360003075211
        ],
        "Neck": [
            0.24571008381499676,
            0.6243951590805719
        ],
        "Head": [
            0.26080018478411754,
            0.4891224461872293
        ],
        "L_Collar": [
            0.30677567224659935,
            0.748114750634499
        ],
        "L_Shoulder": [
            0.3602363058002495,
            0.7132571365729631
        ],
        "L_Elbow": [
            0.3395318052762153,
            0.8929975583619311
        ],
        "L_Wrist": [
            0.6728293414999227,
            0.8776152867665682
        ],
        "L_Hand": [
            0.6815050170740589,
            0.8734284336216142
        ],
        "R_Collar": [
            0.18018816498133478,
            0.7467080494486575
        ],
        "R_Shoulder": [
            0.1163489580822867,
            0.7100853509649707
        ],
        "R_Elbow": [
            0.14354877634826,
            0.8802549861094695
        ],
        "R_Wrist": [
            0.8466146624754554,
            0.8708932097397925
        ],
        "R_Hand": [
            0.8372420462197684,
            0.8653644114831651
        ]
    }
}