{
    "joints3D": {
        "Pelvis": [
            0.6472469054707127,
            1.058662056693738,
            -1.6081934489822955
        ],
        "L_Hip": [
            0.9683488758014618,
            1.1341876400865778,
            -1.7352295359833447
        ],
        "L_Knee": [
            1.6403163748404583,
            1.2771333734226449,
            -2.735982721077169
        ],
        "L_Ankle": [
            2.1705419505229178,
            1.5573424852686015,
            -3.8787829817751627
        ],
        "L_Foot": [
            2.3121468904546765,
            1.2112750847199314,
            -4.082061737611876
        ],
        "R_Hip": [
            0.6075370815928077,
            1.1893934793319203,
            -1.9289927243675533
        ],
        "R_Knee": [
            1.19559204632049,
            1.8336436825031597,
            -2.806520159837638
        ],
        "R_Ankle": [
            1.9931152641946457,
            2.492728037879843,
            -3.5786593572437906
        ],
        "R_Foot": [
            1.9397857315073619,
            2.26725725237744,
            -3.941778915588158
        ],
        "Spine1": [
            0.46806771593404317,
            1.0405872144253774,
            -1.2961868474380223
        ],
        "Spine2": [
            0.24463955166639148,
            0.8486808528949864,
            -0.9907941416222872
        ],
        "Spine3": [
            0.19818593013315633,
            0.7333043071249343,
            -0.8572912395953652
        ],
        "Neck": [
            0.006157497930351866,
            0.5881625498832164,
            -0.2593996943991851
        ],
        "Head": [
            -0.028313638419040516,
            0.39556309511453674,
            -0.09621814495327455
        ],
        "L_Collar": [
            0.3024458867497143,
            0.7223433098751557,
            -0.42105054566354555
        ],
        "L_Shoulder": [
            0.5375966332178226,
            0.8032622246842276,
            -0.27222716899846044
        ],
        "L_Elbow": [
            1.076452388052447,
            1.32902507161018,
            -0.5987191645571069
        ],
        "L_Wrist": [
            1.659127156760794,
            1.2370945391272348,
            -1.1293167311054202
        ],
        "L_Hand": [
            1.8613733095598404,
            1.1862033650148778,
            -1.3025508131997594
        ],
        "R_Collar": [
            -0.14910565366369963,
            0.6546369959281098,
            -0.5847342112932056
        ],
        "R_Shoulder": [
            -0.40413210978251335,
            0.5231167793028206,
            -0.4584139140665793
        ],
        "R_Elbow": [
            -1.0217784877031957,
            0.12269827854972196,
            -0.14716277655674306
        ],
        "R_Wrist": [
            -1.350035451693825,
            -0.37554443749658417,
            0.4105375816113147
        ],
        "R_Hand": [
            -1.445721814124781,
            -0.49521782178954793,
            0.6338436626408034
        ]
    },
    "joints2D": {
        "Pelvis": [
            0.30751397677228653,
            0.789840658233927
        ],
        "L_Hip": [
            0.327593181023828,
            0.7802377124874013
        ],
        "L_Knee": [
            0.342119149442469,
            0.8091172924253035
        ],
        "L_Ankle": [
            0.34041535884420887,
            0.8252851526347978
        ],
        "L_Foot": [
            0.34700022504404343,
            0.8445850991943198
        ],
        "R_Hip": [
            0.2967414179974496,
            0.8027282253751088
        ],
        "R_Knee": [
            0.3108449574244391,
            0.7893150070581688
        ],
        "R_Ankle": [
            0.3254766064948118,
            0.7731997901398171
        ],
        "R_Foot": [
            0.3228845592593844,
            0.7990174777397767
        ],
        "Spine1": [
            0.2972265686983464,
            0.766370086796013
        ],
        "Spine2": [
            0.2812346934081772,
            0.7612901145682054
        ],
        "Spine3": [
            0.2792300003085146,
            0.7619171471830765
        ],
        "Neck": [
            0.2501739366475514,
            0.6264143939343839
        ],
        "Head": [
            0.2377466832227586,
            0.5713289194599946
        ],
        "L_Collar": [
            0.3051201024047761,
            0.6545367145184185
        ],
        "L_Shoulder": [
            0.3379353996208662,
            0.5877157597329256
        ],
        "L_Elbow": [
            0.3501497738181391,
            0.6101999410575464
        ],
        "L_Wrist": [
            0.3784885499290868,
            0.674048646579286
        ],
        "L_Hand": [
            0.3858419348094237,
            0.6893029754446881
        ],
        "R_Collar": [
            0.220043781241733,
            0.7215792695868091
        ],
        "R_Shoulder": [
            0.16015456995396732,
            0.6980266192534283
        ],
        "R_Elbow": [
            0.03318059637392547,
            0.5593465421331141
        ],
        "R_Wrist": [
            0.9413247917130394,
            0.38174753653569915
        ],
        "R_Hand": [
            0.9276756300090253,
            0.34267835445189776
        ]
    }
}