{
    "joints3D": {
        "Pelvis": [
            -0.315131503719776,
            0.10108661257043836,
            -1.8572169300327535
        ],
        "L_Hip": [
            -0.15335158173600474,
            0.07310342015171153,
            -2.142197062255942
        ],
        "L_Knee": [
            0.20286425961058469,
            -0.3393831260778252,
            -3.1721753202829044
        ],
        "L_Ankle": [
            0.1871475473270788,
            -0.55581073949482,
            -4.302036488520308
        ],
        "L_Foot": [
            0.5411904672508819,
            -0.7431881947146157,
            -4.38856099831364
        ],
        "R_Hip": [
            -0.5140454085562636,
            0.007878747606635164,
            -2.092476017987629
        ],
        "R_Knee": [
            -0.9104491050323337,
            -0.37073256105752345,
            -3.11251600282081
        ],
        "R_Ankle": [
            -1.0634706146151327,
            -0.5726772138291564,
            -4.224489070730724
        ],
        "R_Foot": [
            -1.1985626721066056,
            -0.9534960933306555,
            -4.262190403740381
        ],
        "Spine1": [
            -0.3178216189735109,
            0.26730574038332433,
            -1.5644603908720416
        ],
        "Spine2": [
            -0.2346259509009218,
            0.3114555990194182,
            -1.12160515998151
        ],
        "Spine3": [
            -0.19820613922549057,
            0.31122982135670163,
            -0.942820413324347
        ],
        "Neck": [
            -0.18537855992514016,
            0.5531073432021018,
            -0.35028517731283854
        ],
        "Head": [
            -0.08953045779953805,
            0.44843034889742167,
            -0.10277264912554258
        ],
        "L_Collar": [
            -0.011083255801812353,
            0.5622585973595194,
            -0.6594140718547249
        ],
        "L_Shoulder": [
            0.23742535649221228,
            0.6773794841521622,
            -0.7011568967495665
        ],
        "L_Elbow": [
            0.4414441266815321,
            0.818881065038271,
            -1.3784285992110594
        ],
        "L_Wrist": [
            0.8859428428653975,
            0.4506361885006304,
            -1.8002905882351166
        ],
        "L_Hand": [
            1.0413456402647157,
            0.31030427885786904,
            -1.9501640216724594
        ],
        "R_Collar": [
            -0.4151427231113073,
            0.41973860562935944,
            -0.5947108779450735
        ],
        "R_Shoulder": [
            -0.6528937989394794,
            0.270757672850846,
            -0.4962410504969258
        ],
        "R_Elbow": [
            -0.9173896721309733,
            -0.14061483039778894,
            -0.9915422881793888
        ],
        "R_Wrist": [
            -0.46444075268544716,
            -0.7179378481177867,
            -1.0697434199771805
        ],
        "R_Hand": [
            -0.2864217803486581,
            -0.8990799420966162,
            -1.0858383574546753
        ]
    },
    "joints2D": {
        "Pelvis": [
            0.21079035809050495,
            0.9434291689543003
        ],
        "L_Hip": [
            0.23230087563163693,
            0.9538076473755048
        ],
        "L_Knee": [
            0.7373645886629865,
            0.9349325023310572
        ],
        "L_Ankle": [
            0.7419562286732604,
            0.9295592439293346
        ],
        "L_Foot": [
            0.7255049940651158,
            0.9165824793062898
        ],
        "R_Hip": [
            0.19309094286895442,
            0.9495298119594481
        ],
        "R_Knee": [
            0.8126402883705433,
            0.9162844770263326
        ],
        "R_Ankle": [
            0.8040965473788502,
            0.9162701673011872
        ],
        "R_Foot": [
            0.8068781426844757,
            0.8921463231581389
        ],
        "Spine1": [
            0.20657067742028143,
            0.9114635549753572
        ],
        "Spine2": [
            0.20813410504772742,
            0.8845635857311005
        ],
        "Spine3": [
            0.209275838782165,
            0.8717873002289281
        ],
        "Neck": [
            0.20341402414826665,
            0.6682025453968288
        ],
        "Head": [
            0.2185182086055627,
            0.5664396402887764
        ],
        "L_Collar": [
            0.2463875291680182,
            0.7654657301425468
        ],
        "L_Shoulder": [
            0.2899423395090032,
            0.7412203756974304
        ],
        "L_Elbow": [
            0.2982233486240734,
            0.806926813734693
        ],
        "L_Wrist": [
            0.33866975257172677,
            0.8631693457828788
        ],
        "L_Hand": [
            0.3498485659722408,
            0.8763512919846177
        ],
        "R_Collar": [
            0.1564048123686272,
            0.7615485686643916
        ],
        "R_Shoulder": [
            0.09701418928001991,
            0.7277752216972995
        ],
        "R_Elbow": [
            0.9005109844575653,
            0.8196991481924624
        ],
        "R_Wrist": [
            0.8139452991215815,
            0.7855932569451795
        ],
        "R_Hand": [
            0.7867546613172461,
            0.7656581293805557
        ]
    }
}