{
    "joints2D": {
        "Pelvis": [
            0.29382195811935957,
            0.9154309813708857
        ],
        "L_Hip": [
            0.317120048384039,
            0.9204196559020761
        ],
        "L_Knee": [
            0.6777706173081621,
            0.9119593386223382
        ],
        "L_Ankle": [
            0.6738808023296732,
            0.9141038891053811
        ],
        "L_Foot": [
            0.6834108166548174,
            0.8974328329055763
        ],
        "R_Hip": [
            0.27125870461166834,
            0.9210542025781584
        ],
        "R_Knee": [
            0.25519965726878147,
            0.9537739493681908
        ],
        "R_Ankle": [
            0.2672365490159857,
            0.9395562378977322
        ],
        "R_Foot": [
            0.25852049836237073,
            0.9585850607280817
        ],
        "Spine1": [
            0.2956776030979969,
            0.8859802935207647
        ],
        "Spine2": [
            0.30126975721531013,
            0.8628809721839366
        ],
        "Spine3": [
            0.303862196720764,
            0.86755521349094
        ],
        "Neck": [
            0.32103817937698725,
            0.6057838779626614
        ],
        "Head": [
            0.33216497413306206,
            0.48005994794902584
        ],
        "L_Collar": [
            0.3755204649810352,
            0.7300557323553398
        ],
        "L_Shoulder": [
            0.42053280747890853,
            0.6983782194480134
        ],
        "L_Elbow": [
            0.3883194913142329,
            0.8646002829266114
        ],
        "L_Wrist": [
            0.6504883990020293,
            0.8519981359547159
        ],
        "L_Hand": [
            0.6611691286403754,
            0.8534958771288631
        ],
        "R_Collar": [
            0.2594191352064001,
            0.737315228053374
        ],
        "R_Shoulder": [
            0.20925412903908783,
            0.7026577015636647
        ],
        "R_Elbow": [
            0.23392336647692255,
            0.8106621568883948
        ],
        "R_Wrist": [
            0.22152198184149638,
            0.8615568110203593
        ],
        "R_Hand": [
            0.22658942036937824,
            0.8753569718329007
        ]
    },
    "joints3D": {
        "Pelvis": [
            0.345682102225925,
            0.24174105441771213,
            -1.5996493680642265
        ],
        "L_Hip": [
            0.5899274351215905,
            0.15934785527134013,
            -1.8226104791831825
        ],
        "L_Knee": [
            0.969878444801721,
            -0.29331985354082457,
            -2.7326846343004485
        ],
        "L_Ankle": [
            1.4089724653185356,
            -0.3372164502261897,
            -3.790046953209859
        ],
        "L_Foot": [
            1.3272698049502223,
            -0.6918064429749279,
            -3.9081963843091856
        ],
        "R_Hip": [
            0.20254537626776897,
            0.29369660555325866,
            -1.8974987384324387
        ],
        "R_Knee": [
            0.08568866790861161,
            0.11302795912143686,
            -2.982161479070562
        ],
        "R_Ankle": [
            0.34249604304428477,
            0.3541986660620339,
            -4.073002820014508
        ],
        "R_Foot": [
            0.1835903046561007,
            0.08035696897127406,
            -4.28631412555288
        ],
        "Spine1": [
            0.3156359578325993,
            0.342393555881055,
            -1.3041732589199813
        ],
        "Spine2": [
            0.2673897829387584,
            0.3208618742706429,
            -0.9287492005707051
        ],
        "Spine3": [
            0.2327505593298011,
            0.25107736074521336,
            -0.7803310682538013
        ],
        "Neck": [
            0.23129441888373947,
            0.4394980419880881,
            -0.1733205888593436
        ],
        "Head": [
            0.18359546882369115,
            0.3079378537396162,
            0.018928780801290755
        ],
        "L_Collar": [
            0.4496607699445077,
            0.29358095916212174,
            -0.4124749150484505
        ],
        "L_Shoulder": [
            0.7090496759666715,
            0.21486825230510792,
            -0.4147580742648649
        ],
        "L_Elbow": [
            0.8571039058701565,
            0.02784794513322274,
            -1.1269813136757523
        ],
        "L_Wrist": [
            0.9447165855968898,
            -0.4271036859094115,
            -1.6610719552687183
        ],
        "L_Hand": [
            0.9488580047245889,
            -0.5411866723055856,
            -1.8738077049296866
        ],
        "R_Collar": [
            0.04225243409467721,
            0.4816633929569092,
            -0.47050109447193245
        ],
        "R_Shoulder": [
            -0.19419150029802143,
            0.63412784409899,
            -0.5062827823430739
        ],
        "R_Elbow": [
            -0.11511863974881613,
            0.7552176880869069,
            -1.2255734339104263
        ],
        "R_Wrist": [
            -0.2878192520429376,
            0.7447486929236669,
            -1.9330336963094086
        ],
        "R_Hand": [
            -0.2532871379142397,
            0.7240788854502994,
            -2.1712741970566745
        ]
    }
}