{
    "joints2D": {
        "Pelvis": [
            0.7000044365223356,
            0.864649550114754
        ],
        "L_Hip": [
            0.6779620385841313,
            0.8563420940761697
        ],
        "L_Knee": [
            0.6725105831438087,
            0.8297710928726802
        ],
        "L_Ankle": [
            0.6782680953813924,
            0.8479186813385298
        ],
        "L_Foot": [
            0.6741054956614636,
            0.8252076521682374
        ],
        "R_Hip": [
            0.721066508707104,
            0.8667553444434367
        ],
        "R_Knee": [
            0.7273834801691086,
            0.8480182594001541
        ],
        "R_Ankle": [
            0.7217891398004501,
            0.8660509338519031
        ],
        "R_Foot": [
            0.7254950822330499,
            0.843517274357076
        ],
        "Spine1": [
            0.701366063089423,
            0.8868061446741266
        ],
        "Spine2": [
            0.7006053982654146,
            0.9095386693594655
        ],
        "Spine3": [
            0.7016642767238725,
            0.8967955403749454
        ],
        "Neck": [
            0.25817049467682557,
            0.734397336896837
        ],
        "Head": [
            0.22957779295532016,
            0.5863139177423947
        ],
        "L_Collar": [
            0.3544264279186872,
            0.8309317022117078
        ],
        "L_Shoulder": [
            0.40237628888475696,
            0.7391791949460277
        ],
        "L_Elbow": [
            0.5855009062213457,
            0.8013500632392605
        ],
        "L_Wrist": [
            0.6262058965377061,
            0.704877638901147
        ],
        "L_Hand": [
            0.6382270852717914,
            0.6770966418903075
        ],
        "R_Collar": [
            0.21109272465796683,
            0.9085019317701506
        ],
        "R_Shoulder": [
            0.12969343400443198,
            0.8628066556789903
        ],
        "R_Elbow": [
            0.8705116401192406,
            0.664267671126492
        ],
        "R_Wrist": [
            0.8431682124879187,
            0.40537035771439694
        ],
        "R_Hand": [
            0.8191934333568738,
            0.2717520371201083
        ]
    },
    "joints3D": {
        "Pelvis": [
            0.45198163213151576,
            -0.5505504151625407,
            -1.616643999808895
        ],
        "L_Hip": [
            0.751821321101572,
            -0.6006575740353797,
            -1.8389705160725127
        ],
        "L_Knee": [
            1.2944010760184532,
            -1.154741686113691,
            -2.7291297026091197
        ],
        "L_Ankle": [
            1.6355672174521725,
            -1.4206434084259196,
            -3.9231369255844397
        ],
        "L_Foot": [
            1.8561600343461366,
            -1.7629210410486897,
            -3.939521987621391
        ],
        "R_Hip": [
            0.3156762394354563,
            -0.6950069487569894,
            -1.9251459791643253
        ],
        "R_Knee": [
            0.40397275094527707,
            -1.3127842080828485,
            -2.9548774185107756
        ],
        "R_Ankle": [
            0.6699530610525454,
            -1.5231408002632707,
            -4.1775647476160565
        ],
        "R_Foot": [
            0.6255039768081497,
            -1.9333796125860643,
            -4.1867924015583196
        ],
        "Spine1": [
            0.347408979953392,
            -0.344405175220494,
            -1.3534391705843962
        ],
        "Spine2": [
            0.24019638206726016,
            -0.1608099981588912,
            -0.9755269051994856
        ],
        "Spine3": [
            0.19640744352167908,
            -0.17046156173721197,
            -0.7894982500770679
        ],
        "Neck": [
            0.027245586015861804,
            0.3538542478091373,
            -0.3389757943638087
        ],
        "Head": [
            -0.0390821148181658,
            0.3082391500377617,
            -0.09126156695204206
        ],
        "L_Collar": [
            0.32781538211288747,
            0.1677976841549038,
            -0.5169692173650401
        ],
        "L_Shoulder": [
            0.5880608383024163,
            0.21644032329706198,
            -0.4626465138086926
        ],
        "L_Elbow": [
            1.0900759326977196,
            -0.09356718571190499,
            -0.9992193168982303
        ],
        "L_Wrist": [
            1.1420396460235667,
            -0.83906034998023,
            -0.9471692063207235
        ],
        "L_Hand": [
            1.1525627655118877,
            -1.0893069067326602,
            -0.9159551370295697
        ],
        "R_Collar": [
            -0.11281119733705287,
            0.11627220465265206,
            -0.6177350060553042
        ],
        "R_Shoulder": [
            -0.39296922656761246,
            0.08355775378396996,
            -0.6037926598443012
        ],
        "R_Elbow": [
            -0.7047723043387452,
            -0.6280112234072216,
            -0.493846156156301
        ],
        "R_Wrist": [
            -0.3342210272518868,
            -0.4813410787826152,
            0.16729750900959056
        ],
        "R_Hand": [
            -0.20871629802218508,
            -0.35693606490342933,
            0.3469601828121581
        ]
    }
}