{
    "joints2D": {
        "Pelvis": [
            0.8115975599332745,
            0.9105244824099643
        ],
        "L_Hip": [
            0.7902506077495555,
            0.9318619156700217
        ],
        "L_Knee": [
            0.7658172838688555,
            0.9343829310356639
        ],
        "L_Ankle": [
            0.20503072496453337,
            0.9357346495028919
        ],
        "L_Foot": [
            0.2108225047188349,
            0.9390271734111671
        ],
        "R_Hip": [
            0.8241367500017973,
            0.883576251996995
        ],
        "R_Knee": [
            0.8032848713922685,
            0.8728410438387207
        ],
        "R_Ankle": [
            0.7880595141408582,
            0.9038091801266973
        ],
        "R_Foot": [
            0.7836239912615905,
            0.8819669158988522
        ],
        "Spine1": [
            0.8267542886090196,
            0.9225349048019242
        ],
        "Spine2": [
            0.8398457728626874,
            0.923854797506012
        ],
        "Spine3": [
            0.8312668553103554,
            0.9207650292708215
        ],
        "Neck": [
            0.16490081103187,
            0.6943139095971788
        ],
        "Head": [
            0.16213709815643945,
            0.5649648372075525
        ],
        "L_Collar": [
            0.21591464104105373,
            0.8465493298434879
        ],
        "L_Shoulder": [
            0.2701517507669851,
            0.8292408418281475
        ],
        "L_Elbow": [
            0.2874095744388024,
            0.9312809222998055
        ],
        "L_Wrist": [
            0.6662619237332819,
            0.8782072493031897
        ],
        "L_Hand": [
            0.6566858752154993,
            0.8548279501148466
        ],
        "R_Collar": [
            0.09640526745381876,
            0.795050400978912
        ],
        "R_Shoulder": [
            0.03361242438406557,
            0.6705874245695034
        ],
        "R_Elbow": [
            0.855348872417683,
            0.5052346102084553
        ],
        "R_Wrist": [
            0.7773194573663611,
            0.3907396176772892
        ],
        "R_Hand": [
            0.7653383716102888,
            0.36178943240503936
        ]
    },
    "joints3D": {
        "Pelvis": [
            -0.5365754308628877,
            -0.263818723642681,
            -1.8404682681609894
        ],
        "L_Hip": [
            -0.3941343565816062,
            -0.21382320358329832,
            -2.2020341287045553
        ],
        "L_Knee": [
            -0.22548975996142934,
            -0.371052462123329,
            -3.408411847907707
        ],
        "L_Ankle": [
            -0.8615545854174981,
            0.3288377607102526,
            -4.330948723738512
        ],
        "L_Foot": [
            -0.813677722891775,
            0.3383430700356103,
            -4.752103650085183
        ],
        "R_Hip": [
            -0.7787359301771816,
            -0.45323569542184916,
            -2.0666995176366663
        ],
        "R_Knee": [
            -0.8843741865923985,
            -0.9803143476913704,
            -3.198138326804512
        ],
        "R_Ankle": [
            -0.8153336683909678,
            -0.936489818044527,
            -4.515632272417473
        ],
        "R_Foot": [
            -0.7657952159719525,
            -1.3601364878227156,
            -4.565112399430794
        ],
        "Spine1": [
            -0.5381821589559561,
            -0.09453154268668011,
            -1.5177491803164533
        ],
        "Spine2": [
            -0.4487587929292348,
            -0.02148487034010229,
            -1.0816721863934182
        ],
        "Spine3": [
            -0.34511014267349566,
            -0.05203647096291245,
            -0.9144753127188958
        ],
        "Neck": [
            -0.2680975378347992,
            0.3761710723602594,
            -0.3154006177679251
        ],
        "Head": [
            -0.18438044043976656,
            0.29109448843793667,
            -0.07213105380887071
        ],
        "L_Collar": [
            -0.13073059211649435,
            0.3084025311972972,
            -0.6975939593083169
        ],
        "L_Shoulder": [
            0.103930420974815,
            0.42286423702643966,
            -0.8019489285165858
        ],
        "L_Elbow": [
            0.2800491361149501,
            0.15592803327759236,
            -1.567529999597252
        ],
        "L_Wrist": [
            0.8045207197189679,
            -0.37126925816941964,
            -1.8006662245211973
        ],
        "L_Hand": [
            1.00540863968833,
            -0.5091760025241815,
            -1.898534202768483
        ],
        "R_Collar": [
            -0.5151068068635668,
            0.11172824763440192,
            -0.5037644824419413
        ],
        "R_Shoulder": [
            -0.6186520193213784,
            0.007582580683845511,
            -0.24930459182168235
        ],
        "R_Elbow": [
            -0.6140403355393601,
            -0.7768247896477977,
            -0.023477456376199846
        ],
        "R_Wrist": [
            -0.2255500095923843,
            -1.2843327881944833,
            0.46282872803883507
        ],
        "R_Hand": [
            -0.13734637788829115,
            -1.4251926624378277,
            0.6655911427364962
        ]
    }
}