{
    "joints2D": {
        "Pelvis": [
            0.1860559617638243,
            0.883905254103861
        ],
        "L_Hip": [
            0.2070266283891511,
            0.8942131221224443
        ],
        "L_Knee": [
            0.2619850185027183,
            0.9571370070783827
        ],
        "L_Ankle": [
            0.2559088192562609,
            0.9605409091102591
        ],
        "L_Foot": [
            0.7267219135494483,
            0.9523238854660678
        ],
        "R_Hip": [
            0.1633318719071164,
            0.8937886440941137
        ],
        "R_Knee": [
            0.8601027092862117,
            0.9047017789046456
        ],
        "R_Ankle": [
            0.1355243764178598,
            0.8980842611677279
        ],
        "R_Foot": [
            0.8618413127064495,
            0.8872876792400829
        ],
        "Spine1": [
            0.18314610573285053,
            0.8447553509657407
        ],
        "Spine2": [
            0.19388413054425244,
            0.7992111349469484
        ],
        "Spine3": [
            0.19999852531720178,
            0.7926500874245603
        ],
        "Neck": [
            0.2139395363334424,
            0.4921383544273296
        ],
        "Head": [
            0.22935596201909042,
            0.34978175893476005
        ],
        "L_Collar": [
            0.2563469013540925,
            0.6480226038519384
        ],
        "L_Shoulder": [
            0.31751353746704086,
            0.6223053573909865
        ],
        "L_Elbow": [
            0.6374141188561394,
            0.8685513982309773
        ],
        "L_Wrist": [
            0.45362235686115243,
            0.37303033270512775
        ],
        "L_Hand": [
            0.41894426870148865,
            0.23731124771881837
        ],
        "R_Collar": [
            0.14704425669331125,
            0.6206991084828896
        ],
        "R_Shoulder": [
            0.08904584972103842,
            0.5359222449732723
        ],
        "R_Elbow": [
            0.9220475494727483,
            0.6921975702632608
        ],
        "R_Wrist": [
            0.886641802574022,
            0.38020169947331595
        ],
        "R_Hand": [
            0.8627741003012775,
            0.27171112415788407
        ]
    },
    "joints3D": {
        "Pelvis": [
            -0.4971704435553453,
            0.3713370209027134,
            -1.53564192644745
        ],
        "L_Hip": [
            -0.39306186303325313,
            0.44670196229044873,
            -1.8745579955640264
        ],
        "L_Knee": [
            0.16492713621841767,
            0.0651785392674557,
            -2.841880008906695
        ],
        "L_Ankle": [
            0.12807887372211413,
            0.049185168392622165,
            -4.082110742604749
        ],
        "L_Foot": [
            0.4602003607532393,
            -0.14537746560216785,
            -4.24994950343356
        ],
        "R_Hip": [
            -0.7528093369995111,
            0.2532987481454823,
            -1.74947504094623
        ],
        "R_Knee": [
            -1.4363914804314233,
            -0.055862605835407926,
            -2.6907845567577136
        ],
        "R_Ankle": [
            -2.1010770035994497,
            0.10411650986833984,
            -3.7223214527851787
        ],
        "R_Foot": [
            -2.1483052503104445,
            -0.30453999119986236,
            -3.791772692561649
        ],
        "Spine1": [
            -0.4590139473842746,
            0.4797122404426915,
            -1.2176070796841842
        ],
        "Spine2": [
            -0.2925471803685238,
            0.5008752558547505,
            -0.8065458175808543
        ],
        "Spine3": [
            -0.21452822171802036,
            0.43293541213661885,
            -0.6513264787478017
        ],
        "Neck": [
            -0.13275858588692827,
            0.5845991260662337,
            0.00984018914860796
        ],
        "Head": [
            -0.05180375666151761,
            0.3836417755896265,
            0.19810636487885622
        ],
        "L_Collar": [
            0.034289520907959226,
            0.636238836845578,
            -0.3353927159293261
        ],
        "L_Shoulder": [
            0.3216445551104111,
            0.6375655683113638,
            -0.29193830780239705
        ],
        "L_Elbow": [
            0.4099699526866248,
            -0.09236349548226425,
            -0.6679082601371988
        ],
        "L_Wrist": [
            0.3132532822664066,
            0.04762801892187326,
            0.09494153924439616
        ],
        "L_Hand": [
            0.4346479581152715,
            0.07934224964766652,
            0.3317500128253019
        ],
        "R_Collar": [
            -0.4016515141415885,
            0.48943361894237447,
            -0.2439560260558226
        ],
        "R_Shoulder": [
            -0.6141490760781494,
            0.36017816520469703,
            -0.07434577938134178
        ],
        "R_Elbow": [
            -0.8538000937567355,
            -0.27710558594656226,
            -0.4874905675913418
        ],
        "R_Wrist": [
            -0.45512104809971116,
            -0.35225351872148813,
            0.19694249832878125
        ],
        "R_Hand": [
            -0.4528862739311034,
            -0.3884104699621808,
            0.4584564830112978
        ]
    }
}