{
    "joints3D": {
        "Pelvis": [
            -0.1737810826777892,
            -0.4746408051924982,
            -1.3193067814095303
        ],
        "L_Hip": [
            -0.08970291186869865,
            -0.6869346101712049,
            -1.5180935705577039
        ],
        "L_Knee": [
            -0.28201532149716946,
            -1.1672361931635913,
            -2.402771936849845
        ],
        "L_Ankle": [
            -0.529780926361103,
            -1.2370265390742807,
            -3.470311823576909
        ],
        "L_Foot": [
            -0.5482689857722076,
            -1.5947866329042881,
            -3.5628100842830124
        ],
        "R_Hip": [
            -0.4173800664743996,
            -0.5857183897224546,
            -1.4504692594331734
        ],
        "R_Knee": [
            -0.9036473715699982,
            -1.399963259820492,
            -1.8961472739259697
        ],
        "R_Ankle": [
            -1.1644703538043981,
            -2.2232412743397205,
            -2.577047176260129
        ],
        "R_Foot": [
            -1.3279052570794698,
            -2.502092319893733,
            -2.389049990395885
        ],
        "Spine1": [
            -0.07260954661442413,
            -0.20605538402849477,
            -1.1871999219123015
        ],
        "Spine2": [
            0.03135032245675776,
            -0.01958511823471082,
            -0.8731661521033345
        ],
        "Spine3": [
            0.05872275259351849,
            0.017563987689327987,
            -0.7175344929171421
        ],
        "Neck": [
            0.20199659958420046,
            0.3910270471252811,
            -0.28891995311774266
        ],
        "Head": [
            0.23319966779041051,
            0.32331448116392597,
            -0.074462331449418
        ],
        "L_Collar": [
            0.3590374438398681,
            0.1796917334501396,
            -0.4983983975334225
        ],
        "L_Shoulder": [
            0.605893805006259,
            0.09049558335595367,
            -0.5592492476451669
        ],
        "L_Elbow": [
            0.6983719367305359,
            -0.25741952317612,
            -1.1742854798555054
        ],
        "L_Wrist": [
            0.6223054915424869,
            -0.6647789721004728,
            -1.7266831347700775
        ],
        "L_Hand": [
            0.5620273207350625,
            -0.8054228650163175,
            -1.9108618332390968
        ],
        "R_Collar": [
            -0.062459375615081594,
            0.3323423099704989,
            -0.49150556970413406
        ],
        "R_Shoulder": [
            -0.33680277508709017,
            0.41827328515728407,
            -0.4969199922177044
        ],
        "R_Elbow": [
            -0.7597457104303569,
            0.1614521399370395,
            -0.9838793043487237
        ],
        "R_Wrist": [
            -1.116619269181154,
            -0.31147744774507896,
            -1.362321672950552
        ],
        "R_Hand": [
            -1.2397297636201021,
            -0.48165253081346976,
            -1.4731681845862183
        ]
    },
    "joints2D": {
        "Pelvis": [
            0.7757993384223155,
            0.8683783027930486
        ],
        "L_Hip": [
            0.7617184614217773,
            0.8479310654668005
        ],
        "L_Knee": [
            0.7714109771645036,
            0.8389736844276645
        ],
        "L_Ankle": [
            0.7796826437487052,
            0.8683527136347419
        ],
        "L_Foot": [
            0.7782392214003739,
            0.8466374352198223
        ],
        "R_Hip": [
            0.8020443725704783,
            0.8495659215264117
        ],
        "R_Knee": [
            0.8166774327654234,
            0.7714026896258742
        ],
        "R_Ankle": [
            0.8090542847402893,
            0.752650646974053
        ],
        "R_Foot": [
            0.8139047913452736,
            0.7223374437725757
        ],
        "Spine1": [
            0.7642128250876458,
            0.9176246208302171
        ],
        "Spine2": [
            0.743092508132438,
            0.9577407209927766
        ],
        "Spine3": [
            0.26741119979950745,
            0.9559820674303736
        ],
        "Neck": [
            0.3139804464342536,
            0.6841944864918439
        ],
        "Head": [
            0.3446461829121439,
            0.558592705370767
        ],
        "L_Collar": [
            0.362734204315825,
            0.8140390890551388
        ],
        "L_Shoulder": [
            0.4094799272082157,
            0.7941956257416953
        ],
        "L_Elbow": [
            0.6447382903185832,
            0.8558388084928185
        ],
        "L_Wrist": [
            0.6881353097147478,
            0.8481287950297159
        ],
        "L_Hand": [
            0.7001999414538838,
            0.8451564832458025
        ],
        "R_Collar": [
            0.22955643157025987,
            0.7976481238771264
        ],
        "R_Shoulder": [
            0.16518030347899285,
            0.7435599138128578
        ],
        "R_Elbow": [
            0.11648091195014502,
            0.8395810202550397
        ],
        "R_Wrist": [
            0.8845415740550573,
            0.8222598443961237
        ],
        "R_Hand": [
            0.8805233557134592,
            0.8042547785329631
        ]
    }
}