{
    "joints3D": {
        "Pelvis": [
            -0.30900170489885126,
            -0.48951431378022997,
            -1.280709065828055
        ],
        "L_Hip": [
            -0.20277625594027973,
            -0.6624805081887128,
            -1.510853818777067
        ],
        "L_Knee": [
            -0.2786531188885379,
            -1.5074348043949601,
            -2.1103801696573865
        ],
        "L_Ankle": [
            -0.6030213917815372,
            -1.3237257340085486,
            -3.1591940105612384
        ],
        "L_Foot": [
            -0.6043845207252817,
            -1.5920567969743922,
            -3.42118860585299
        ],
        "R_Hip": [
            -0.5407809091554067,
            -0.6358014992077791,
            -1.407982450659788
        ],
        "R_Knee": [
            -0.7871472808274407,
            -1.4512496616786643,
            -2.0424464536272433
        ],
        "R_Ankle": [
            -0.874960881733901,
            -2.0707414718393027,
            -2.965013644076265
        ],
        "R_Foot": [
            -0.9406623735885467,
            -2.4021790620939987,
            -2.79331906154058
        ],
        "Spine1": [
            -0.24885262505052178,
            -0.21665378968701782,
            -1.1242063170694585
        ],
        "Spine2": [
            -0.13209892943516946,
            0.013563387039269743,
            -0.8386903290688786
        ],
        "Spine3": [
            -0.09526883505953664,
            0.05565371972477794,
            -0.6839479567303809
        ],
        "Neck": [
            0.027175853079167922,
            0.4363361209201049,
            -0.24437151742319227
        ],
        "Head": [
            0.07434462055993865,
            0.36652531449107156,
            -0.030208041937074416
        ],
        "L_Collar": [
            0.19577345683058298,
            0.27370981043514986,
            -0.49223831345428004
        ],
        "L_Shoulder": [
            0.4513145733361034,
            0.3038640118097065,
            -0.5837671904989236
        ],
        "L_Elbow": [
            0.4295393342644864,
            -0.02516504524569132,
            -1.2264658281981249
        ],
        "L_Wrist": [
            0.4689312529332521,
            -0.5749189159784818,
            -1.6579387874330342
        ],
        "L_Hand": [
            0.4523563228514858,
            -0.7004865573082262,
            -1.864981462252826
        ],
        "R_Collar": [
            -0.24898625582121525,
            0.3277173222762789,
            -0.41611694937903265
        ],
        "R_Shoulder": [
            -0.5256821375426706,
            0.4184702454890807,
            -0.4039260435556114
        ],
        "R_Elbow": [
            -0.7709562074125137,
            0.13196616035118294,
            -0.9980154484483477
        ],
        "R_Wrist": [
            -1.1032345661865264,
            -0.35728561630788097,
            -1.3955315333486522
        ],
        "R_Hand": [
            -1.168075559867599,
            -0.5121494567587256,
            -1.568049531816176
        ]
    },
    "joints2D": {
        "Pelvis": [
            0.7948228679491603,
            0.8575716208076372
        ],
        "L_Hip": [
            0.7749920110519359,
            0.8494588006913212
        ],
        "L_Knee": [
            0.7706828644413961,
            0.7899859006634662
        ],
        "L_Ankle": [
            0.7851884272502929,
            0.8517466025116144
        ],
        "L_Foot": [
            0.781777673269908,
            0.8416629032227271
        ],
        "R_Hip": [
            0.8156207654326586,
            0.8319093122725549
        ],
        "R_Knee": [
            0.8060872531745699,
            0.7812959082302706
        ],
        "R_Ankle": [
            0.7942339029092786,
            0.7878683415297647
        ],
        "R_Foot": [
            0.7952293939815752,
            0.7578327515043095
        ],
        "Spine1": [
            0.7964469470018753,
            0.9046602442151425
        ],
        "Spine2": [
            0.2126653769814535,
            0.9541017894486504
        ],
        "Spine3": [
            0.2179153722814309,
            0.9384539202229639
        ],
        "Neck": [
            0.2574604366150316,
            0.6558899376515849
        ],
        "Head": [
            0.27967520009396557,
            0.522502274008608
        ],
        "L_Collar": [
            0.31075652856372565,
            0.8096384684006586
        ],
        "L_Shoulder": [
            0.35898286894901654,
            0.7827322217508997
        ],
        "L_Elbow": [
            0.6750770106795929,
            0.9328975685988956
        ],
        "L_Wrist": [
            0.6996440100095136,
            0.8629642845087041
        ],
        "L_Hand": [
            0.7074867892642964,
            0.8590341218007113
        ],
        "R_Collar": [
            0.1711728489685071,
            0.7562200927686282
        ],
        "R_Shoulder": [
            0.12533825650526298,
            0.6867709276490501
        ],
        "R_Elbow": [
            0.11442296162334885,
            0.84477829837622
        ],
        "R_Wrist": [
            0.8797147634567155,
            0.8220094539340934
        ],
        "R_Hand": [
            0.8702955560505783,
            0.8166093623254317
        ]
    }
}