{
    "joints3D": {
        "Pelvis": [
            -0.10377996465282767,
            0.01485763427789178,
            -1.6816165684048439
        ],
        "L_Hip": [
            0.034624590193278466,
            -0.11844601149217845,
            -1.9471100277758175
        ],
        "L_Knee": [
            -0.02884745128707593,
            -0.5381928405216724,
            -3.027929978142233
        ],
        "L_Ankle": [
            -0.27283995757307045,
            -0.7151261605172285,
            -4.134082864494183
        ],
        "L_Foot": [
            -0.23249331673588014,
            -1.1190095169805907,
            -4.1790129029734775
        ],
        "R_Hip": [
            -0.32547387481210777,
            -0.053080032966519836,
            -1.9032300734838317
        ],
        "R_Knee": [
            -0.7764394642211826,
            -0.7643691151807863,
            -2.692076737822019
        ],
        "R_Ankle": [
            -0.6054836488951323,
            -0.5288663441124689,
            -3.7906635369250052
        ],
        "R_Foot": [
            -0.8426961092293622,
            -0.7717665797295634,
            -4.0103716695694915
        ],
        "Spine1": [
            -0.04734454450803961,
            0.22615002748347823,
            -1.427216028040736
        ],
        "Spine2": [
            0.025208785612516486,
            0.2719654706875493,
            -0.9842778600409293
        ],
        "Spine3": [
            0.03733591111382419,
            0.27196027054289285,
            -0.8028653671035157
        ],
        "Neck": [
            0.11099132070694501,
            0.48294152535396495,
            -0.20540242379102197
        ],
        "Head": [
            0.08464478780501995,
            0.35844185541508433,
            0.048846757860253734
        ],
        "L_Collar": [
            0.2956607307848312,
            0.3729683239640947,
            -0.4863730786320472
        ],
        "L_Shoulder": [
            0.5536783291134155,
            0.2805840820021209,
            -0.519642371882274
        ],
        "L_Elbow": [
            0.7237024559627238,
            -0.014685356381238607,
            -1.152579777844773
        ],
        "L_Wrist": [
            0.626046548871343,
            -0.4929752907269169,
            -1.6714980234223271
        ],
        "L_Hand": [
            0.6064848369355293,
            -0.682251486775244,
            -1.8436402603775797
        ],
        "R_Collar": [
            -0.11612346915909985,
            0.5028722750437394,
            -0.48366910199163243
        ],
        "R_Shoulder": [
            -0.4088066858364926,
            0.5480393513965214,
            -0.473922847934141
        ],
        "R_Elbow": [
            -0.7303496209668511,
            0.3848580727199294,
            -1.0664601575440003
        ],
        "R_Wrist": [
            -1.0037310343603116,
            -0.026404091849058457,
            -1.6113409755795207
        ],
        "R_Hand": [
            -1.1060715570753326,
            -0.17693852014021255,
            -1.7879049620782919
        ]
    },
    "joints2D": {
        "Pelvis": [
            0.2343404271086815,
            0.9607360736976566
        ],
        "L_Hip": [
            0.7473525873023927,
            0.9478487350626562
        ],
        "L_Knee": [
            0.7533590868979761,
            0.9172188145601637
        ],
        "L_Ankle": [
            0.7652306882731609,
            0.9176606757568401
        ],
        "L_Foot": [
            0.7623793504723217,
            0.8934699859434446
        ],
        "R_Hip": [
            0.7900794351222412,
            0.950126793928691
        ],
        "R_Knee": [
            0.8061463606698579,
            0.877203015398927
        ],
        "R_Ankle": [
            0.785302725904774,
            0.9222995286722834
        ],
        "R_Foot": [
            0.7942543702817007,
            0.905561693877717
        ],
        "Spine1": [
            0.24159579093377678,
            0.9220609976227914
        ],
        "Spine2": [
            0.2536919902760437,
            0.8916910037352445
        ],
        "Spine3": [
            0.2574407985586716,
            0.8757283966330399
        ],
        "Neck": [
            0.28192195259896774,
            0.6204620748481474
        ],
        "Head": [
            0.28447083057033945,
            0.4559296503618155
        ],
        "L_Collar": [
            0.3281097138020238,
            0.7587396838887656
        ],
        "L_Shoulder": [
            0.3839489879992235,
            0.7512625893790065
        ],
        "L_Elbow": [
            0.6280386763999835,
            0.890085366852449
        ],
        "L_Wrist": [
            0.6821659729539828,
            0.8667615218331595
        ],
        "L_Hand": [
            0.6926766810570091,
            0.8540550062196194
        ],
        "R_Collar": [
            0.22035756795334063,
            0.7328933682079437
        ],
        "R_Shoulder": [
            0.16235514941749468,
            0.697342841067805
        ],
        "R_Elbow": [
            0.13872257087265652,
            0.8182903738911292
        ],
        "R_Wrist": [
            0.8737576176474355,
            0.8902691591283005
        ],
        "R_Hand": [
            0.8682832011143747,
            0.8752869107991935
        ]
    }
}