{
    "joints3D": {
        "Pelvis": [
            -0.28897568661074907,
            -0.3475598788867973,
            -1.4262297150145606
        ],
        "L_Hip": [
            -0.19601634681938654,
            -0.4539183676700623,
            -1.7457547015743795
        ],
        "L_Knee": [
            -0.2786207491142101,
            -1.3189571851660529,
            -2.627241056619958
        ],
        "L_Ankle": [
            -1.0423253219463136,
            -1.799545911867035,
            -3.4514491161880443
        ],
        "L_Foot": [
            -0.8809909396916757,
            -2.125577237816451,
            -3.690548787172744
        ],
        "R_Hip": [
            -0.43643825506027945,
            -0.6465944307150269,
            -1.5019160877081523
        ],
        "R_Knee": [
            -0.31585408436197626,
            -1.7633949349065103,
            -2.003167139195904
        ],
        "R_Ankle": [
            -0.35833662086537393,
            -2.6585182687880304,
            -2.818357788147993
        ],
        "R_Foot": [
            -0.06555124981790043,
            -2.9550247521614166,
            -2.7079568225160418
        ],
        "Spine1": [
            -0.34163827568063315,
            -0.05594405245097755,
            -1.226047234539254
        ],
        "Spine2": [
            -0.19448804115530216,
            0.17735383659328896,
            -0.8320740721497816
        ],
        "Spine3": [
            -0.14261415501016483,
            0.2026494167035865,
            -0.6470561668620307
        ],
        "Neck": [
            -0.1372168913441719,
            0.47545871621110825,
            -0.024244142592572588
        ],
        "Head": [
            -0.05271690073163372,
            0.299051128723357,
            0.20725675585113473
        ],
        "L_Collar": [
            0.0509395410104469,
            0.4785745419950887,
            -0.35101930088531247
        ],
        "L_Shoulder": [
            0.34070965430351147,
            0.43476052090255846,
            -0.3242941934400575
        ],
        "L_Elbow": [
            0.572680183279303,
            -0.2153212577056277,
            -0.6570054564383441
        ],
        "L_Wrist": [
            0.39301435582613603,
            -0.9522649159481678,
            -0.6941000291503527
        ],
        "L_Hand": [
            0.33445987586132253,
            -1.2176201820647832,
            -0.6629323663526155
        ],
        "R_Collar": [
            -0.3775506346721526,
            0.3251050164055289,
            -0.2824671930129108
        ],
        "R_Shoulder": [
            -0.599401612808048,
            0.1333528065816391,
            -0.16509559043821828
        ],
        "R_Elbow": [
            -0.8615204700208181,
            -0.441501511365496,
            -0.5491755646135715
        ],
        "R_Wrist": [
            -0.6982032178922867,
            -1.200323150884704,
            -0.6586171719947097
        ],
        "R_Hand": [
            -0.6427835312523126,
            -1.464892183534801,
            -0.6565179748757699
        ]
    },
    "joints2D": {
        "Pelvis": [
            0.7914833874462185,
            0.8933507237239742
        ],
        "L_Hip": [
            0.7736242840510557,
            0.8938847927623056
        ],
        "L_Knee": [
            0.7692949748966922,
            0.8355411869531006
        ],
        "L_Ankle": [
            0.8005318666825143,
            0.8229365942976125
        ],
        "L_Foot": [
            0.7892481984777193,
            0.8147275502936505
        ],
        "R_Hip": [
            0.8016453989599958,
            0.8433861311075129
        ],
        "R_Knee": [
            0.772015775043404,
            0.7592996898542489
        ],
        "R_Ankle": [
            0.7673857842785469,
            0.7493923146050941
        ],
        "R_Foot": [
            0.7541491140702212,
            0.7278299320134256
        ],
        "Spine1": [
            0.8124359907073765,
            0.9356623455467484
        ],
        "Spine2": [
            0.2017319334052598,
            0.8986653474008868
        ],
        "Spine3": [
            0.2069904215099297,
            0.8752319166530269
        ],
        "Neck": [
            0.2050107578072086,
            0.5127003197567407
        ],
        "Head": [
            0.22484230871310776,
            0.3101508707022917
        ],
        "L_Collar": [
            0.26288624091936696,
            0.6936034854570827
        ],
        "L_Shoulder": [
            0.34136278077431575,
            0.67379088213315
        ],
        "L_Elbow": [
            0.6192857551599056,
            0.8003231017484979
        ],
        "L_Wrist": [
            0.6979445914110016,
            0.6859511942637527
        ],
        "L_Hand": [
            0.7130006558418434,
            0.6493414231326571
        ],
        "R_Collar": [
            0.1289431247457958,
            0.6763886977652706
        ],
        "R_Shoulder": [
            0.05080641473697936,
            0.6062635230331049
        ],
        "R_Elbow": [
            0.9014224880035755,
            0.6885987079884369
        ],
        "R_Wrist": [
            0.8276541622806248,
            0.6412220898642973
        ],
        "R_Hand": [
            0.8123046675089897,
            0.6217790342413351
        ]
    }
}