{
    "joints2D": {
        "Pelvis": [
            0.23475674992257103,
            0.8755963410829802
        ],
        "L_Hip": [
            0.2585191859370078,
            0.8806742793956417
        ],
        "L_Knee": [
            0.26484496645794875,
            0.8904711332459179
        ],
        "L_Ankle": [
            0.25700777187561796,
            0.9026094947709885
        ],
        "L_Foot": [
            0.26685734569227504,
            0.9220022831627909
        ],
        "R_Hip": [
            0.2114313520937372,
            0.8835191033570233
        ],
        "R_Knee": [
            0.20448245469374274,
            0.8957645843357007
        ],
        "R_Ankle": [
            0.21330827576877465,
            0.9048248487468389
        ],
        "R_Foot": [
            0.20822696264646715,
            0.927640086077232
        ],
        "Spine1": [
            0.23269224833804183,
            0.84155781303653
        ],
        "Spine2": [
            0.23403280265370507,
            0.7918065897167904
        ],
        "Spine3": [
            0.23553446538377285,
            0.7895191376387712
        ],
        "Neck": [
            0.23285048761714378,
            0.48380935625670496
        ],
        "Head": [
            0.24510727183655537,
            0.3567711034159711
        ],
        "L_Collar": [
            0.2927718146704725,
            0.6288404145641917
        ],
        "L_Shoulder": [
            0.3447378083287748,
            0.627581809490891
        ],
        "L_Elbow": [
            0.3215605527602952,
            0.7883528103302944
        ],
        "L_Wrist": [
            0.3195802665435437,
            0.8881599736629708
        ],
        "L_Hand": [
            0.3206024192680547,
            0.9111004377109372
        ],
        "R_Collar": [
            0.17513854431976827,
            0.6256455578315215
        ],
        "R_Shoulder": [
            0.12338848881911722,
            0.6236302944506881
        ],
        "R_Elbow": [
            0.15284361167717592,
            0.7816270192835321
        ],
        "R_Wrist": [
            0.15683660131803143,
            0.8862374197775835
        ],
        "R_Hand": [
            0.15617425549684608,
            0.9094449947191453
        ]
    },
    "joints3D": {
        "Pelvis": [
            -0.10471864965097584,
            0.4813008491357391,
            -1.4266393427779724
        ],
        "L_Hip": [
            0.08764511670065435,
            0.5419915005248824,
            -1.7008914015207914
        ],
        "L_Knee": [
            0.2268953562063239,
            0.7631419842449658,
            -2.752854562375098
        ],
        "L_Ankle": [
            0.1604450527195953,
            0.9055507194817924,
            -3.8865084570638673
        ],
        "L_Foot": [
            0.3489181471379972,
            0.6267688534604425,
            -4.067634648657806
        ],
        "R_Hip": [
            -0.3235419742089696,
            0.4803860154948072,
            -1.6791706307626375
        ],
        "R_Knee": [
            -0.6066022615634227,
            0.6256950892903421,
            -2.7369380034695103
        ],
        "R_Ankle": [
            -0.6706704407564839,
            0.7932477653568611,
            -3.8678616687286507
        ],
        "R_Foot": [
            -0.7513073374902526,
            0.4448124851324078,
            -4.000197911051269
        ],
        "Spine1": [
            -0.10356268079655025,
            0.5333511497407645,
            -1.1177483818305243
        ],
        "Spine2": [
            -0.07344356158248842,
            0.5241398508615911,
            -0.7403527956036254
        ],
        "Spine3": [
            -0.05392935476455893,
            0.43305339334151943,
            -0.6012177111415047
        ],
        "Neck": [
            -0.055612048863502975,
            0.5449642127857808,
            0.023725029102806463
        ],
        "Head": [
            -0.009119585619219897,
            0.37341485586968454,
            0.18129526239456725
        ],
        "L_Collar": [
            0.1685756063267477,
            0.5416806647526556,
            -0.25127102235122867
        ],
        "L_Shoulder": [
            0.4346535237595996,
            0.5669955100268359,
            -0.2946777688184066
        ],
        "L_Elbow": [
            0.5187142975119365,
            0.6528911206111933,
            -1.0352703741098446
        ],
        "L_Wrist": [
            0.6039900922877938,
            0.34268026746675206,
            -1.664008384337996
        ],
        "L_Hand": [
            0.6479307825914287,
            0.21369482151348224,
            -1.862987462752528
        ],
        "R_Collar": [
            -0.28272572467253393,
            0.5175435932303557,
            -0.24687173516810046
        ],
        "R_Shoulder": [
            -0.5626389931390191,
            0.4942710737414831,
            -0.2837785897210617
        ],
        "R_Elbow": [
            -0.6750178115171008,
            0.5888801599433678,
            -1.0017858280367289
        ],
        "R_Wrist": [
            -0.7736322828538691,
            0.25168770134909435,
            -1.6388484930159408
        ],
        "R_Hand": [
            -0.8215098286146726,
            0.11357565760767581,
            -1.8308978999062417
        ]
    }
}