{
    "joints3D": {
        "Pelvis": [
            0.43256617822810006,
            -0.13861377133989145,
            -1.739447201434148
        ],
        "L_Hip": [
            0.6981511871702571,
            -0.2727394969758544,
            -1.9645409169621064
        ],
        "L_Knee": [
            1.090402700283546,
            -0.7957099429786354,
            -2.9882823109279775
        ],
        "L_Ankle": [
            1.4181988258485596,
            -1.1994652175392728,
            -4.154835027922805
        ],
        "L_Foot": [
            1.504903177283292,
            -1.6209762503545917,
            -4.195100723337759
        ],
        "R_Hip": [
            0.2728470120109029,
            -0.21207459738565476,
            -2.058089813456864
        ],
        "R_Knee": [
            0.30208946425928457,
            -0.7288743402520427,
            -3.183753872978562
        ],
        "R_Ankle": [
            0.598794047663032,
            -0.9792835548631542,
            -4.396917408970381
        ],
        "R_Foot": [
            0.4421404739634047,
            -1.3717616582695054,
            -4.473210117532516
        ],
        "Spine1": [
            0.3894891159714369,
            0.07129412148763556,
            -1.4651711374830048
        ],
        "Spine2": [
            0.3289922861464549,
            0.2736628015650257,
            -1.0599110989639067
        ],
        "Spine3": [
            0.28178494972150453,
            0.2487821752470777,
            -0.8754752333672942
        ],
        "Neck": [
            0.17123602594292736,
            0.6120067375216446,
            -0.2835070012184954
        ],
        "Head": [
            0.10743532904762045,
            0.5380335157562399,
            -0.004695096723940041
        ],
        "L_Collar": [
            0.46429680722206546,
            0.45157545164683305,
            -0.5003868310266134
        ],
        "L_Shoulder": [
            0.6637067338167716,
            0.34025343175560013,
            -0.30718548838475607
        ],
        "L_Elbow": [
            0.8459181743643014,
            -0.48178018082404017,
            -0.4235809081024378
        ],
        "L_Wrist": [
            0.3185753096945926,
            -1.0255825951429123,
            -0.1526684969240808
        ],
        "L_Hand": [
            0.12387905161040605,
            -1.2209636599974063,
            -0.15576777781673043
        ],
        "R_Collar": [
            0.007560460241488704,
            0.5351771980046296,
            -0.6324269535184616
        ],
        "R_Shoulder": [
            -0.2911736368983799,
            0.49631480450537124,
            -0.5598677504419728
        ],
        "R_Elbow": [
            -0.5905539405790832,
            -0.2518968615012329,
            -0.7098822831310309
        ],
        "R_Wrist": [
            -0.49387356325732135,
            -0.8200922889564857,
            -0.12809417930370104
        ],
        "R_Hand": [
            -0.39896701036244114,
            -1.0450875193231284,
            -0.008868269381908935
        ]
    },
    "joints2D": {
        "Pelvis": [
            0.6975072276311227,
            0.9303806642396211
        ],
        "L_Hip": [
            0.6789907195434668,
            0.9045578601194405
        ],
        "L_Knee": [
            0.6825944031443925,
            0.8741839477533159
        ],
        "L_Ankle": [
            0.687509823004899,
            0.8713931039706037
        ],
        "L_Foot": [
            0.6884585982051029,
            0.8479659593342962
        ],
        "R_Hip": [
            0.7224615069496854,
            0.9332266145897379
        ],
        "R_Knee": [
            0.7321391450807053,
            0.902396495860551
        ],
        "R_Ankle": [
            0.7237770062709956,
            0.9023447855233107
        ],
        "R_Foot": [
            0.7323161912533711,
            0.8825950980785291
        ],
        "Spine1": [
            0.30699462686869117,
            0.9363069635640353
        ],
        "Spine2": [
            0.30824467931065214,
            0.8813297813438519
        ],
        "Spine3": [
            0.30930512798191057,
            0.8742344310374215
        ],
        "Neck": [
            0.28851727480185557,
            0.629323944528419
        ],
        "Head": [
            0.27927076136066736,
            0.4999597217933988
        ],
        "L_Collar": [
            0.3522588996960734,
            0.7206262947533897
        ],
        "L_Shoulder": [
            0.4065790849810613,
            0.6434802945296447
        ],
        "L_Elbow": [
            0.6003113210963102,
            0.6485520482698585
        ],
        "L_Wrist": [
            0.7048652337977093,
            0.5418440465856312
        ],
        "L_Hand": [
            0.7357287250933432,
            0.5365894285274156
        ],
        "R_Collar": [
            0.25025115170019846,
            0.7666077090655018
        ],
        "R_Shoulder": [
            0.18400499983299962,
            0.7458475735123524
        ],
        "R_Elbow": [
            0.8777988453529423,
            0.8012603353060158
        ],
        "R_Wrist": [
            0.8351355308295302,
            0.5407403911933705
        ],
        "R_Hand": [
            0.8080382814055784,
            0.49980236507580783
        ]
    }
}