{
    "joints2D": {
        "Pelvis": [
            0.22512673017219192,
            0.9078237633023345
        ],
        "L_Hip": [
            0.24561569387559376,
            0.9212160089422943
        ],
        "L_Knee": [
            0.26497234102088363,
            0.955384299505237
        ],
        "L_Ankle": [
            0.27244968940377207,
            0.8646743678989207
        ],
        "L_Foot": [
            0.2732964129318917,
            0.8739088864339787
        ],
        "R_Hip": [
            0.20025394776991282,
            0.9176052683489414
        ],
        "R_Knee": [
            0.8078471990668097,
            0.8281799756103634
        ],
        "R_Ankle": [
            0.7968507525677978,
            0.8861160008351756
        ],
        "R_Foot": [
            0.7986907582285215,
            0.8549771095576965
        ],
        "Spine1": [
            0.22699446674096627,
            0.8696750012953168
        ],
        "Spine2": [
            0.22634926808224115,
            0.8419274106009138
        ],
        "Spine3": [
            0.23145253420002151,
            0.8511292617977534
        ],
        "Neck": [
            0.2550976952737247,
            0.6186156585861368
        ],
        "Head": [
            0.27228260869069215,
            0.5172665631841791
        ],
        "L_Collar": [
            0.28727390274603265,
            0.7441528367533997
        ],
        "L_Shoulder": [
            0.33224824071178677,
            0.7128799760805965
        ],
        "L_Elbow": [
            0.3032335423263106,
            0.7739930717900484
        ],
        "L_Wrist": [
            0.2917248006911735,
            0.8929817743808025
        ],
        "L_Hand": [
            0.2813096078376244,
            0.9257129562054025
        ],
        "R_Collar": [
            0.18797885779830914,
            0.7359155443434776
        ],
        "R_Shoulder": [
            0.13234035317719578,
            0.6754889964647526
        ],
        "R_Elbow": [
            0.9082776104919094,
            0.565554823015969
        ],
        "R_Wrist": [
            0.7480442979009823,
            0.46685869924346257
        ],
        "R_Hand": [
            0.7065945975787132,
            0.44889954687934625
        ]
    },
    "joints3D": {
        "Pelvis": [
            -0.22635784340350049,
            0.40494846726752803,
            -1.9759917762288253
        ],
        "L_Hip": [
            -0.03339492079703524,
            0.37981873772550256,
            -2.339564602645169
        ],
        "L_Knee": [
            0.25442323833128144,
            0.10043148636530598,
            -3.5684114240308342
        ],
        "L_Ankle": [
            0.4979058789926217,
            1.4418987842678321,
            -3.8416405894582972
        ],
        "L_Foot": [
            0.5608083075414195,
            1.4446960619075588,
            -4.283395156705215
        ],
        "R_Hip": [
            -0.515255381946696,
            0.3083751975083935,
            -2.2379142802705108
        ],
        "R_Knee": [
            -0.6910153350953696,
            -0.9805837954329704,
            -2.0239087695630245
        ],
        "R_Ankle": [
            -0.7971739026962652,
            -0.9007623735816462,
            -3.406834662207098
        ],
        "R_Foot": [
            -0.91326281491902,
            -1.3353002561449279,
            -3.450822433645273
        ],
        "Spine1": [
            -0.19054579497997565,
            0.584548669117462,
            -1.63898777690077
        ],
        "Spine2": [
            -0.1509799958219767,
            0.5502733772349588,
            -1.1671089650983255
        ],
        "Spine3": [
            -0.09715588216991541,
            0.4358883669479416,
            -1.0000216257297991
        ],
        "Neck": [
            0.026608349165919885,
            0.6073501542194715,
            -0.25002142790808757
        ],
        "Head": [
            0.0664357321042628,
            0.4327385268358932,
            -0.028079005868899526
        ],
        "L_Collar": [
            0.2022220079028314,
            0.6148976643733692,
            -0.6461200550722614
        ],
        "L_Shoulder": [
            0.493592501714451,
            0.6656906926011327,
            -0.6364139661051864
        ],
        "L_Elbow": [
            0.5576973060065493,
            1.059025570213642,
            -1.413393968867783
        ],
        "L_Wrist": [
            0.43040740213059414,
            0.47641171930016907,
            -1.9765323660191656
        ],
        "L_Hand": [
            0.3248628260806155,
            0.2724030918429984,
            -2.130216120867455
        ],
        "R_Collar": [
            -0.2756927823357896,
            0.5204098416917058,
            -0.5422578689766864
        ],
        "R_Shoulder": [
            -0.40094858886377555,
            0.36335988930404,
            -0.3071840728013555
        ],
        "R_Elbow": [
            -0.7093326071845988,
            -0.4237853572155043,
            -0.15430806359945928
        ],
        "R_Wrist": [
            0.01688641592702811,
            -0.7889030409189791,
            0.07750288705560272
        ],
        "R_Hand": [
            0.26552398325138304,
            -0.8887052230730149,
            0.14349516519109737
        ]
    }
}