{
    "joints2D": {
        "Pelvis": [
            0.23908946052112512,
            0.8977583835603393
        ],
        "L_Hip": [
            0.26007965258359544,
            0.9125371910277105
        ],
        "L_Knee": [
            0.26855581261229994,
            0.9282903236313385
        ],
        "L_Ankle": [
            0.2773037719548752,
            0.8789531466862258
        ],
        "L_Foot": [
            0.27793877344935064,
            0.9014462489391357
        ],
        "R_Hip": [
            0.21223202186205709,
            0.8966016692756577
        ],
        "R_Knee": [
            0.824440732160422,
            0.9231995728390131
        ],
        "R_Ankle": [
            0.8201199130616847,
            0.9105552055258778
        ],
        "R_Foot": [
            0.827964980707889,
            0.8826080480996378
        ],
        "Spine1": [
            0.24645337859619587,
            0.8620956249861276
        ],
        "Spine2": [
            0.2557797323044994,
            0.825716720693231
        ],
        "Spine3": [
            0.2625341245156526,
            0.8330565531598445
        ],
        "Neck": [
            0.3120160571514416,
            0.49614929891899984
        ],
        "Head": [
            0.3202509048719021,
            0.33234378227365335
        ],
        "L_Collar": [
            0.3457453152406996,
            0.6878027035848627
        ],
        "L_Shoulder": [
            0.394125383873939,
            0.6467516897664495
        ],
        "L_Elbow": [
            0.3672069594123422,
            0.7842057454562049
        ],
        "L_Wrist": [
            0.6542493559974099,
            0.8835329905951701
        ],
        "L_Hand": [
            0.6832576964897796,
            0.8636911749067133
        ],
        "R_Collar": [
            0.22592409156321572,
            0.6536962194160656
        ],
        "R_Shoulder": [
            0.16432337996345,
            0.536284557858224
        ],
        "R_Elbow": [
            0.961563213508975,
            0.5752855923541105
        ],
        "R_Wrist": [
            0.8186987527122178,
            0.48380266910661895
        ],
        "R_Hand": [
            0.7770261570739144,
            0.47634685240542735
        ]
    },
    "joints3D": {
        "Pelvis": [
            -0.08207347520708812,
            0.43273395516125845,
            -1.7205284746970406
        ],
        "L_Hip": [
            0.11425908038087795,
            0.40166005120269554,
            -2.074014784443884
        ],
        "L_Knee": [
            0.30773500211753646,
            0.4296475743726347,
            -3.3301389697134027
        ],
        "L_Ankle": [
            0.6441694286738873,
            1.3448283668738141,
            -4.288892634257649
        ],
        "L_Foot": [
            0.6663411809805824,
            1.0322995937780342,
            -4.596145769725209
        ],
        "R_Hip": [
            -0.36379504730024187,
            0.47026148643858473,
            -1.994962364176936
        ],
        "R_Knee": [
            -0.9991224719022677,
            -0.1911686601250296,
            -2.9114077163955105
        ],
        "R_Ankle": [
            -1.3904235961801688,
            -0.5202970145762216,
            -4.178401662562181
        ],
        "R_Foot": [
            -1.645529797732475,
            -0.8820300488135541,
            -4.1384626072290756
        ],
        "Spine1": [
            -0.016369701641980972,
            0.5393731802836665,
            -1.3647355782838186
        ],
        "Spine2": [
            0.039257958122864575,
            0.4967453643670712,
            -0.9031156925011509
        ],
        "Spine3": [
            0.060864615284953044,
            0.37884672470926645,
            -0.7355148812712777
        ],
        "Neck": [
            0.22109110748665795,
            0.5118930389070991,
            0.0019768496330231865
        ],
        "Head": [
            0.18137739534972794,
            0.32675993837401945,
            0.2088838263970265
        ],
        "L_Collar": [
            0.3919093274011141,
            0.4561806237223036,
            -0.3844671376489285
        ],
        "L_Shoulder": [
            0.6790644079229905,
            0.42509977114706593,
            -0.3488324405348985
        ],
        "L_Elbow": [
            0.9533527747810604,
            0.5463043590286757,
            -1.1535337464745403
        ],
        "L_Wrist": [
            0.6473028122071517,
            -0.1879296310630859,
            -1.2873167468160118
        ],
        "L_Hand": [
            0.4874696692455543,
            -0.40643105107725014,
            -1.3113835683506023
        ],
        "R_Collar": [
            -0.08412641523548582,
            0.522207043246385,
            -0.2896155547053132
        ],
        "R_Shoulder": [
            -0.2790222779378892,
            0.4603584684333229,
            -0.06453202435196002
        ],
        "R_Elbow": [
            -0.8735430880726791,
            -0.13196861473267193,
            -0.16207778957041996
        ],
        "R_Wrist": [
            -0.3428839599449077,
            -0.7409009886270154,
            0.034318764104881744
        ],
        "R_Hand": [
            -0.1561866682620246,
            -0.9356207902011883,
            0.0636971060127187
        ]
    }
}