{
    "joints2D": {
        "Pelvis": [
            0.24058843149605091,
            0.9257923668243978
        ],
        "L_Hip": [
            0.26502280121498006,
            0.9297416220803483
        ],
        "L_Knee": [
            0.27198506231043973,
            0.9308906315491609
        ],
        "L_Ankle": [
            0.2631610920628003,
            0.9462046343916088
        ],
        "L_Foot": [
            0.7293268996642164,
            0.9583932919893384
        ],
        "R_Hip": [
            0.21781442193719466,
            0.930150961064703
        ],
        "R_Knee": [
            0.20974238485384591,
            0.9260977583429393
        ],
        "R_Ankle": [
            0.21701443994515834,
            0.9464917601583602
        ],
        "R_Foot": [
            0.7911472134724682,
            0.9488013158699937
        ],
        "Spine1": [
            0.23892796120310392,
            0.8968619817370673
        ],
        "Spine2": [
            0.23944986041519783,
            0.8570799242635322
        ],
        "Spine3": [
            0.23798390669872777,
            0.8683804431287944
        ],
        "Neck": [
            0.23958782564864367,
            0.6026564320833482
        ],
        "Head": [
            0.2365771060126797,
            0.4700295031575789
        ],
        "L_Collar": [
            0.2972698744407293,
            0.7527312625287318
        ],
        "L_Shoulder": [
            0.35423091108883675,
            0.745361231166109
        ],
        "L_Elbow": [
            0.34366914395882775,
            0.8588869258559728
        ],
        "L_Wrist": [
            0.3215875152736489,
            0.9400723085230341
        ],
        "L_Hand": [
            0.6935988125715089,
            0.9407786709471608
        ],
        "R_Collar": [
            0.18646821233203137,
            0.7337427421147585
        ],
        "R_Shoulder": [
            0.13133555783987913,
            0.7042951484997027
        ],
        "R_Elbow": [
            0.09353667669732184,
            0.843039430485248
        ],
        "R_Wrist": [
            0.840040787145108,
            0.7702142773700866
        ],
        "R_Hand": [
            0.8190604173159135,
            0.7464554374570291
        ]
    },
    "joints3D": {
        "Pelvis": [
            -0.06713739915896337,
            0.2571313482198398,
            -1.78625884231232
        ],
        "L_Hip": [
            0.1581922427555892,
            0.26220917197600124,
            -2.0880772307311126
        ],
        "L_Knee": [
            0.34965309230066,
            0.37892333271453926,
            -3.2473860095688187
        ],
        "L_Ankle": [
            0.29193445518618677,
            0.28840564331590657,
            -4.5130069931212144
        ],
        "L_Foot": [
            0.4449421946250025,
            -0.06121542456174115,
            -4.656170552366003
        ],
        "R_Hip": [
            -0.2952300725256108,
            0.23395571727017508,
            -2.0727972644402577
        ],
        "R_Knee": [
            -0.5862945856995079,
            0.38477377136940694,
            -3.2316064787228354
        ],
        "R_Ankle": [
            -0.6321891604162403,
            0.22407186625688366,
            -4.489619215785216
        ],
        "R_Foot": [
            -0.8042195921177886,
            -0.14392096357030537,
            -4.563127887263104
        ],
        "Spine1": [
            -0.07073503373421838,
            0.3709410705626933,
            -1.4549192801316804
        ],
        "Spine2": [
            -0.05236963864284654,
            0.42495254155882645,
            -1.0249997464526888
        ],
        "Spine3": [
            -0.04973931944182908,
            0.3184842023658299,
            -0.8659784657937921
        ],
        "Neck": [
            -0.0315023611971787,
            0.5193031104077266,
            -0.18332866047316618
        ],
        "Head": [
            -0.029181083844678008,
            0.3741132561561683,
            0.03296013276810582
        ],
        "L_Collar": [
            0.19094654717781182,
            0.4420857723090077,
            -0.5015265546309489
        ],
        "L_Shoulder": [
            0.45508896245135533,
            0.39512826629393805,
            -0.5346067969708257
        ],
        "L_Elbow": [
            0.6813103088030141,
            0.32483241730573453,
            -1.296276701635542
        ],
        "L_Wrist": [
            0.6498805369831575,
            0.003559782858324942,
            -1.9724150455672498
        ],
        "L_Hand": [
            0.5732271000531921,
            -0.07221997621924647,
            -2.200696643502582
        ],
        "R_Collar": [
            -0.2621550716670357,
            0.48359933196028165,
            -0.49852131535564165
        ],
        "R_Shoulder": [
            -0.5418209251766076,
            0.4496783971292618,
            -0.4780828270514069
        ],
        "R_Elbow": [
            -0.9102159924453415,
            0.011069864625490826,
            -1.014519661525202
        ],
        "R_Wrist": [
            -0.7050695118924354,
            -0.7299378946446211,
            -1.0849755298543236
        ],
        "R_Hand": [
            -0.5942244741479936,
            -0.9561452637128086,
            -1.093506852588649
        ]
    }
}