{
    "joints2D": {
        "Pelvis": [
            0.23739273978639996,
            0.8142259242206001
        ],
        "L_Hip": [
            0.2596203684019209,
            0.8211828810194259
        ],
        "L_Knee": [
            0.26217299890558105,
            0.8954971234747404
        ],
        "L_Ankle": [
            0.24069282730930613,
            0.8301087105717476
        ],
        "L_Foot": [
            0.24003637225957136,
            0.8336625305328399
        ],
        "R_Hip": [
            0.2167267191722194,
            0.8183014651343096
        ],
        "R_Knee": [
            0.2098546468502506,
            0.8954332150849605
        ],
        "R_Ankle": [
            0.230556940287956,
            0.8300425137690317
        ],
        "R_Foot": [
            0.2316010216512458,
            0.8323955558039079
        ],
        "Spine1": [
            0.2362678978264967,
            0.7819583638735175
        ],
        "Spine2": [
            0.2388258264806361,
            0.7228046222125222
        ],
        "Spine3": [
            0.23835828982362786,
            0.7273576281241797
        ],
        "Neck": [
            0.24728554160972602,
            0.4426611794037964
        ],
        "Head": [
            0.25660557102293285,
            0.36178713494111003
        ],
        "L_Collar": [
            0.2974520787220181,
            0.5848954686124865
        ],
        "L_Shoulder": [
            0.34454178943116137,
            0.4898334571051143
        ],
        "L_Elbow": [
            0.6104879751296057,
            0.21584654513954038
        ],
        "L_Wrist": [
            0.7137334782052,
            0.2021843398538669
        ],
        "L_Hand": [
            0.7264879010151075,
            0.2067751678958703
        ],
        "R_Collar": [
            0.19108276976409833,
            0.5676375197224267
        ],
        "R_Shoulder": [
            0.15328616277020898,
            0.45477727178792604
        ],
        "R_Elbow": [
            0.8838481426433371,
            0.16074399943467593
        ],
        "R_Wrist": [
            0.7766362701376603,
            0.1796625248089761
        ],
        "R_Hand": [
            0.7607208211935453,
            0.18217445529868878
        ]
    },
    "joints3D": {
        "Pelvis": [
            -0.13308454224132088,
            1.1270823685770357,
            -1.8749172764554316
        ],
        "L_Hip": [
            0.15175668071542506,
            1.2743868218076553,
            -2.2385346313898884
        ],
        "L_Knee": [
            0.2547469740028016,
            0.9702072724539927,
            -3.7483828138076634
        ],
        "L_Ankle": [
            -0.2127941710290306,
            2.3624408658741545,
            -4.455158774588037
        ],
        "L_Foot": [
            -0.2539261549753553,
            2.5532567186683957,
            -4.963180376496842
        ],
        "R_Hip": [
            -0.44037620381366777,
            1.2555004964443655,
            -2.2148034287958347
        ],
        "R_Knee": [
            -0.7240546260324139,
            0.8819274781783174,
            -3.716262331083954
        ],
        "R_Ankle": [
            -0.48123043380124164,
            2.329119829141731,
            -4.427421194905785
        ],
        "R_Foot": [
            -0.5009706123038528,
            2.5434189713856687,
            -4.92602562096762
        ],
        "Spine1": [
            -0.12437196040485039,
            1.0869800893589134,
            -1.430716823623702
        ],
        "Spine2": [
            -0.07822767133740904,
            1.0116686064957112,
            -0.898685840437797
        ],
        "Spine3": [
            -0.06733354821377281,
            0.8230065777957196,
            -0.7532697428861879
        ],
        "Neck": [
            -0.007384456183275337,
            0.8377181464834245,
            0.14875373837122285
        ],
        "Head": [
            0.02815310948331652,
            0.5137979152502079,
            0.23948337384460672
        ],
        "L_Collar": [
            0.2891050458901578,
            0.8654265303029914,
            -0.2594644339449044
        ],
        "L_Shoulder": [
            0.48530659151814454,
            0.6844655396075344,
            0.018848300740942327
        ],
        "L_Elbow": [
            0.5851059154426324,
            -0.21649413313379517,
            0.5844717234167502
        ],
        "L_Wrist": [
            0.32963557304241564,
            -0.8834121255491565,
            1.2926820567957953
        ],
        "L_Hand": [
            0.26387613958580997,
            -1.1112348039735382,
            1.541124502008313
        ],
        "R_Collar": [
            -0.3524983245658049,
            0.8915103279616052,
            -0.21543276284978105
        ],
        "R_Shoulder": [
            -0.5096038729454996,
            0.7188030202318219,
            0.11358005426167309
        ],
        "R_Elbow": [
            -0.5629212126612716,
            -0.132549153671004,
            0.7149426853791689
        ],
        "R_Wrist": [
            -0.22354630252845745,
            -0.8273619838716725,
            1.4044621924151062
        ],
        "R_Hand": [
            -0.09886000681858702,
            -1.0154586573427178,
            1.6637030798057937
        ]
    }
}