{
    "joints3D": {
        "Pelvis": [
            -0.05554320413946515,
            -0.2773880807279231,
            -1.3269287366966762
        ],
        "L_Hip": [
            0.05710316963912701,
            -0.4321071626396554,
            -1.5612201585765386
        ],
        "L_Knee": [
            0.0467309769589218,
            -1.0171013333406602,
            -2.4017347721529423
        ],
        "L_Ankle": [
            -0.07052990256134369,
            -1.2603292512032631,
            -3.4653241787837685
        ],
        "L_Foot": [
            -0.09598216857938639,
            -1.6278026934421042,
            -3.4970291955267023
        ],
        "R_Hip": [
            -0.26150645555217006,
            -0.2902573371833657,
            -1.5417905209348226
        ],
        "R_Knee": [
            -0.6990272542531504,
            -0.7011393649737311,
            -2.3998242723562058
        ],
        "R_Ankle": [
            -0.8350538555507977,
            -0.871183142388889,
            -3.4769730876760634
        ],
        "R_Foot": [
            -1.0831252786221852,
            -1.1505876057524758,
            -3.4777810936412874
        ],
        "Spine1": [
            0.03358763002288903,
            -0.0887619139020094,
            -1.0899570846661213
        ],
        "Spine2": [
            0.12451894112795651,
            0.0003647851273416871,
            -0.7325040412303461
        ],
        "Spine3": [
            0.12851563749417538,
            0.009583705323890935,
            -0.5706060950280138
        ],
        "Neck": [
            0.27200834592229295,
            0.3304925621067754,
            -0.10195260737861363
        ],
        "Head": [
            0.24160538345554117,
            0.23902373253223808,
            0.10343520146406879
        ],
        "L_Collar": [
            0.42172263779184,
            0.11383476315916817,
            -0.31096168937892915
        ],
        "L_Shoulder": [
            0.669955521451986,
            0.017123685848737028,
            -0.2720013938214707
        ],
        "L_Elbow": [
            0.7483731877756906,
            -0.6835681254293312,
            -0.3720220299571285
        ],
        "L_Wrist": [
            0.6499609670333462,
            -0.18386353837430652,
            0.0935773080177222
        ],
        "L_Hand": [
            0.6834006501016592,
            0.02762993348710699,
            0.20036874355976395
        ],
        "R_Collar": [
            0.025831519228801957,
            0.32235286280310177,
            -0.33343665963474195
        ],
        "R_Shoulder": [
            -0.23196270244490005,
            0.44725539976378476,
            -0.31111949816191864
        ],
        "R_Elbow": [
            -0.8082170278802422,
            0.09016528137781371,
            -0.4583555613720795
        ],
        "R_Wrist": [
            -0.4176899896907512,
            0.20970641091101724,
            0.11323372865620325
        ],
        "R_Hand": [
            -0.25328600642574406,
            0.3311075105755713,
            0.23387005817356823
        ]
    },
    "joints2D": {
        "Pelvis": [
            0.759971107030004,
            0.9087841173519091
        ],
        "L_Hip": [
            0.7441499430000239,
            0.8914621272706479
        ],
        "L_Knee": [
            0.7478763980153185,
            0.8552274181428726
        ],
        "L_Ankle": [
            0.7551495294990678,
            0.8697903737806222
        ],
        "L_Foot": [
            0.7561333566761363,
            0.8452040871675577
        ],
        "R_Hip": [
            0.7863004249924125,
            0.9093017075595612
        ],
        "R_Knee": [
            0.8063742780285562,
            0.8750296254002147
        ],
        "R_Ankle": [
            0.7984006065913193,
            0.8890261046175456
        ],
        "R_Foot": [
            0.8085239168339463,
            0.8643834960328749
        ],
        "Spine1": [
            0.7445021172277815,
            0.9422902633079299
        ],
        "Spine2": [
            0.28773316916095837,
            0.9572118161794243
        ],
        "Spine3": [
            0.2994348861331407,
            0.9483269783945222
        ],
        "Neck": [
            0.3535969131926174,
            0.5759603267962082
        ],
        "Head": [
            0.36744743927659945,
            0.39555692422814265
        ],
        "L_Collar": [
            0.41351150886553023,
            0.7404202196786349
        ],
        "L_Shoulder": [
            0.4619424019070202,
            0.6704827510394551
        ],
        "L_Elbow": [
            0.6285023327172423,
            0.6194282822146296
        ],
        "L_Wrist": [
            0.5565794265399341,
            0.4411964109524953
        ],
        "L_Hand": [
            0.46764225429965345,
            0.3688632249162692
        ],
        "R_Collar": [
            0.25828146509340827,
            0.7461555432588568
        ],
        "R_Shoulder": [
            0.1822351454688453,
            0.6754168570685924
        ],
        "R_Elbow": [
            0.05679428661665622,
            0.7148829424583785
        ],
        "R_Wrist": [
            0.0828510182492753,
            0.4073927251300117
        ],
        "R_Hand": [
            0.15674299794675123,
            0.32757514978498653
        ]
    }
}