{
    "joints3D": {
        "Pelvis": [
            -0.5032471310398519,
            -0.2104703837930016,
            -1.5660661123287964
        ],
        "L_Hip": [
            -0.38379590754752335,
            -0.3739252239561218,
            -1.8451652149388582
        ],
        "L_Knee": [
            -0.5575570975094938,
            -1.237038832417374,
            -2.5415618857966247
        ],
        "L_Ankle": [
            -0.9275252168643384,
            -1.5723941049570749,
            -3.6111169915785535
        ],
        "L_Foot": [
            -0.9866186391840753,
            -1.9248870642160971,
            -3.7894687365081543
        ],
        "R_Hip": [
            -0.7700717858887185,
            -0.3416361977194769,
            -1.7232773511339439
        ],
        "R_Knee": [
            -1.1454200378665393,
            -1.1838700853591084,
            -2.4021213714059035
        ],
        "R_Ankle": [
            -1.4467271812684042,
            -1.482564469530026,
            -3.5001913268171605
        ],
        "R_Foot": [
            -1.5198741688060764,
            -1.8348889672149635,
            -3.6675557456094463
        ],
        "Spine1": [
            -0.4324247664969947,
            0.03316918523102291,
            -1.3683492646902466
        ],
        "Spine2": [
            -0.2914417328319711,
            0.24261706137511566,
            -1.029778182668547
        ],
        "Spine3": [
            -0.23916529564373193,
            0.2307397179858208,
            -0.8606292816932912
        ],
        "Neck": [
            -0.052447489420716954,
            0.5649970557428704,
            -0.33544074134048857
        ],
        "Head": [
            0.002073647231450652,
            0.4497965753712636,
            -0.09398678241600673
        ],
        "L_Collar": [
            0.08214407475385511,
            0.4109387169805154,
            -0.6414804903241684
        ],
        "L_Shoulder": [
            0.352467465346341,
            0.40507007330410993,
            -0.6990803636910844
        ],
        "L_Elbow": [
            0.26421262925569444,
            0.2366977049875132,
            -1.4612683404925502
        ],
        "L_Wrist": [
            0.1477692289361517,
            -0.36506448446673223,
            -1.8820926889341327
        ],
        "L_Hand": [
            0.09676239776991413,
            -0.5235373051307172,
            -2.075152954205302
        ],
        "R_Collar": [
            -0.34359966459336705,
            0.5005129089047808,
            -0.542745913731786
        ],
        "R_Shoulder": [
            -0.5983063199365578,
            0.6013074028122857,
            -0.45924683866522814
        ],
        "R_Elbow": [
            -0.8942776699484731,
            0.4885790066282695,
            -1.1474335984447537
        ],
        "R_Wrist": [
            -1.2124520628448494,
            -0.10157127875414895,
            -1.4985734545325071
        ],
        "R_Hand": [
            -1.2919568470454097,
            -0.2727953658807193,
            -1.6641976845224882
        ]
    },
    "joints2D": {
        "Pelvis": [
            0.8175910546037737,
            0.9095025558988223
        ],
        "L_Hip": [
            0.7935712572883191,
            0.9031709927703734
        ],
        "L_Knee": [
            0.788395149362799,
            0.8349357012899681
        ],
        "L_Ankle": [
            0.7959411846833881,
            0.8444269897654103
        ],
        "L_Foot": [
            0.7944341907194882,
            0.8281769084469544
        ],
        "R_Hip": [
            0.8368524348758231,
            0.8799207657288626
        ],
        "R_Knee": [
            0.8273013311579409,
            0.8158093005965096
        ],
        "R_Ankle": [
            0.821214670755982,
            0.8352997294776547
        ],
        "R_Foot": [
            0.8181231470627262,
            0.8194965819294796
        ],
        "Spine1": [
            0.17924923627852055,
            0.9364461010514014
        ],
        "Spine2": [
            0.1931909100032536,
            0.8891386806558725
        ],
        "Spine3": [
            0.19521017872640697,
            0.8818232766036391
        ],
        "Neck": [
            0.23564305788237688,
            0.6635495350501633
        ],
        "Head": [
            0.24934762261649854,
            0.561309488897188
        ],
        "L_Collar": [
            0.2683362656576096,
            0.8048868631905277
        ],
        "L_Shoulder": [
            0.3242737254522545,
            0.7972997487205732
        ],
        "L_Elbow": [
            0.28642762085868984,
            0.91524860961471
        ],
        "L_Wrist": [
            0.7350825948123816,
            0.911890313093486
        ],
        "L_Hand": [
            0.7420260339866358,
            0.8975765425415484
        ],
        "R_Collar": [
            0.17334484924500704,
            0.735157365493845
        ],
        "R_Shoulder": [
            0.13830777589034593,
            0.6666618128071871
        ],
        "R_Elbow": [
            0.13200211603541323,
            0.7965984209146882
        ],
        "R_Wrist": [
            0.8937543991306823,
            0.849280725259014
        ],
        "R_Hand": [
            0.8839927287634388,
            0.8389801681728658
        ]
    }
}