{
    "joints2D": {
        "Pelvis": [
            0.23725127178785446,
            0.8685158050093912
        ],
        "L_Hip": [
            0.25827208056431583,
            0.8819679887758332
        ],
        "L_Knee": [
            0.29137839373869134,
            0.8869905799059395
        ],
        "L_Ankle": [
            0.3018764360956555,
            0.8893334671243281
        ],
        "L_Foot": [
            0.29790294664854594,
            0.914427130606715
        ],
        "R_Hip": [
            0.21764056509927324,
            0.8680431093368143
        ],
        "R_Knee": [
            0.1809637975042803,
            0.87604632884237
        ],
        "R_Ankle": [
            0.18103860113615736,
            0.8674132553777751
        ],
        "R_Foot": [
            0.17060560785550966,
            0.88328057216561
        ],
        "Spine1": [
            0.2393002330213437,
            0.8381210316845159
        ],
        "Spine2": [
            0.23826449268110447,
            0.7994771051169506
        ],
        "Spine3": [
            0.23497780996676648,
            0.8047915221331914
        ],
        "Neck": [
            0.262330976937441,
            0.5738506944751207
        ],
        "Head": [
            0.25933913306110656,
            0.47741459175700607
        ],
        "L_Collar": [
            0.29745697829180234,
            0.7215478189223816
        ],
        "L_Shoulder": [
            0.34880759598829475,
            0.7190716626051643
        ],
        "L_Elbow": [
            0.3254708338345813,
            0.8134601705579747
        ],
        "L_Wrist": [
            0.2719147659430201,
            0.9095020859837075
        ],
        "L_Hand": [
            0.2514629299354209,
            0.920847536366822
        ],
        "R_Collar": [
            0.20803590351427143,
            0.6698970878613612
        ],
        "R_Shoulder": [
            0.16968922523599622,
            0.5963742430173535
        ],
        "R_Elbow": [
            0.09169039196246401,
            0.5201781633700019
        ],
        "R_Wrist": [
            0.06634112672094972,
            0.42003003067746253
        ],
        "R_Hand": [
            0.06507236360994895,
            0.39641104084824935
        ]
    },
    "joints3D": {
        "Pelvis": [
            -0.11128838006313553,
            0.6655147240513883,
            -1.8136006559194076
        ],
        "L_Hip": [
            0.10667906445378482,
            0.6681153809622722,
            -2.130559133215949
        ],
        "L_Knee": [
            0.695056342711038,
            0.839860585332596,
            -3.1690154974926434
        ],
        "L_Ankle": [
            1.1824924628477187,
            1.0402594057961978,
            -4.354240986393255
        ],
        "L_Foot": [
            1.0618371292764062,
            0.6678683590683364,
            -4.495785371257807
        ],
        "R_Hip": [
            -0.34985449710292166,
            0.742827916854954,
            -2.092082828371526
        ],
        "R_Knee": [
            -1.0962772878116873,
            0.8020454964687118,
            -3.0677109959430195
        ],
        "R_Ankle": [
            -1.5355985892421105,
            1.2447326601228617,
            -4.20376754092751
        ],
        "R_Foot": [
            -1.7392353108939673,
            0.8887747826728496,
            -4.301501224290424
        ],
        "Spine1": [
            -0.08012950058353088,
            0.7233397198371815,
            -1.4618886666857602
        ],
        "Spine2": [
            -0.07009919001449727,
            0.685661324257909,
            -1.02071763978851
        ],
        "Spine3": [
            -0.0773431469370332,
            0.5610236652591726,
            -0.8703376461813478
        ],
        "Neck": [
            0.05707014952331204,
            0.6330471722003969,
            -0.15960031460003607
        ],
        "Head": [
            0.03086491125105061,
            0.44690773674440265,
            0.028661170223468483
        ],
        "L_Collar": [
            0.22650673404082305,
            0.5651987718791446,
            -0.5202998977923912
        ],
        "L_Shoulder": [
            0.49552121725490406,
            0.5101069280921451,
            -0.5485936444643883
        ],
        "L_Elbow": [
            0.6478794431299365,
            0.6677857805392114,
            -1.333113348981632
        ],
        "L_Wrist": [
            0.2135518756853592,
            0.37568066969948294,
            -1.8912150693363294
        ],
        "L_Hand": [
            0.02752241199196948,
            0.33831858725071,
            -2.065746868749461
        ],
        "R_Collar": [
            -0.21102078289382467,
            0.7042353639438576,
            -0.4485270651762333
        ],
        "R_Shoulder": [
            -0.434912439218093,
            0.7515622650931155,
            -0.2729262159639635
        ],
        "R_Elbow": [
            -1.2148354542025668,
            0.7474326669253915,
            -0.08860837805689423
        ],
        "R_Wrist": [
            -1.8384331573386121,
            0.6825003760151986,
            0.38953253575324376
        ],
        "R_Hand": [
            -2.03218614845928,
            0.6971915455535898,
            0.5583455516191399
        ]
    }
}