{
    "joints2D": {
        "Pelvis": [
            0.8335966397029992,
            0.7267397122541088
        ],
        "L_Hip": [
            0.7950780208448076,
            0.6998127437171213
        ],
        "L_Knee": [
            0.7210015279623967,
            0.45098254072261346
        ],
        "L_Ankle": [
            0.7355138320798407,
            0.42359321784428433
        ],
        "L_Foot": [
            0.7171630873764323,
            0.3882680833202079
        ],
        "R_Hip": [
            0.842331141726101,
            0.6614268835850431
        ],
        "R_Knee": [
            0.8059253192135079,
            0.4724527448319222
        ],
        "R_Ankle": [
            0.7905327820294277,
            0.5054275201338391
        ],
        "R_Foot": [
            0.789147982855298,
            0.46502716523094423
        ],
        "Spine1": [
            0.8517873041621646,
            0.8016040274417873
        ],
        "Spine2": [
            0.8755884387570777,
            0.8521640338750076
        ],
        "Spine3": [
            0.8880350385816038,
            0.8576499800402826
        ],
        "Neck": [
            0.2117478640552304,
            0.5877157378995497
        ],
        "Head": [
            0.24531828174707926,
            0.4401443596348066
        ],
        "L_Collar": [
            0.23903161323952804,
            0.8087603224703773
        ],
        "L_Shoulder": [
            0.3334903921309182,
            0.740365595459433
        ],
        "L_Elbow": [
            0.5499478543642088,
            0.4678589848410232
        ],
        "L_Wrist": [
            0.5964074250574352,
            0.19145450691750932
        ],
        "L_Hand": [
            0.3895906423635633,
            0.13753545290237945
        ],
        "R_Collar": [
            0.11671799668658789,
            0.6454707257426072
        ],
        "R_Shoulder": [
            0.10740910282826595,
            0.4960969101752985
        ],
        "R_Elbow": [
            0.9108134407147719,
            0.167964192320647
        ],
        "R_Wrist": [
            0.7759062103470814,
            0.04165265868859397
        ],
        "R_Hand": [
            0.24806929967547603,
            0.05851174480082801
        ]
    },
    "joints3D": {
        "Pelvis": [
            -0.6041681170084885,
            -0.8037110395404313,
            -0.8428631563640314
        ],
        "L_Hip": [
            -0.38374035928293343,
            -1.127489812461063,
            -0.8888401917952574
        ],
        "L_Knee": [
            0.2643832681145418,
            -1.3261785384574962,
            0.20161570093970843
        ],
        "L_Ankle": [
            0.2717374245953076,
            -2.6058921839180202,
            0.6318819091920705
        ],
        "L_Foot": [
            0.5956359067068462,
            -2.5511701101909785,
            0.9494342832363488
        ],
        "R_Hip": [
            -0.8246906456028141,
            -1.1030218307514554,
            -0.744006860717657
        ],
        "R_Knee": [
            -0.7480090549599815,
            -2.0377201092616293,
            0.17018611186944035
        ],
        "R_Ankle": [
            -0.8639340718246042,
            -3.353761783570829,
            -0.08981277107115092
        ],
        "R_Foot": [
            -0.8467023992564555,
            -3.4006743600962053,
            0.3613558681836073
        ],
        "Spine1": [
            -0.640932343596824,
            -0.46081797362808286,
            -0.9710850474656694
        ],
        "Spine2": [
            -0.47975562672714933,
            -0.10629152789734538,
            -0.6852479780424864
        ],
        "Spine3": [
            -0.3918815020787719,
            -0.035316741862316946,
            -0.5166267393312869
        ],
        "Neck": [
            -0.14385869109984872,
            0.5773168603577236,
            -0.17631307213639202
        ],
        "Head": [
            -0.010445631585351677,
            0.4829316308777515,
            0.08980455007852237
        ],
        "L_Collar": [
            -0.02841812933273126,
            0.28892997205659254,
            -0.4605566325992596
        ],
        "L_Shoulder": [
            0.2771125114949684,
            0.3398706776303844,
            -0.39694791496174814
        ],
        "L_Elbow": [
            0.8309490893052986,
            -0.19970739483103775,
            0.0606956738021594
        ],
        "L_Wrist": [
            0.9174670779607406,
            -0.1530632658384797,
            0.9054046921322882
        ],
        "L_Hand": [
            0.8676554673777216,
            0.05137492017926464,
            1.1072651741108839
        ],
        "R_Collar": [
            -0.49596574590187653,
            0.38202997324400423,
            -0.2785566527550854
        ],
        "R_Shoulder": [
            -0.6278474078909952,
            0.48609184862464583,
            0.0026355099422604162
        ],
        "R_Elbow": [
            -0.6748397031327692,
            -0.030323357486027873,
            0.6968658795804958
        ],
        "R_Wrist": [
            -0.14918787417942575,
            -0.04436583232489431,
            1.3845487923902264
        ],
        "R_Hand": [
            -0.00397064274130938,
            0.16127547367426512,
            1.522891708789929
        ]
    }
}