{
    "joints3D": {
        "Pelvis": [
            0.10367414824340442,
            1.2052377943333261,
            -1.4292969276839516
        ],
        "L_Hip": [
            0.29178395053762174,
            1.2894494110188606,
            -1.704575603300383
        ],
        "L_Knee": [
            0.5655700955374802,
            1.3119553111462163,
            -2.7899386360178964
        ],
        "L_Ankle": [
            0.48805938660036613,
            2.084420232153134,
            -3.6749393685732916
        ],
        "L_Foot": [
            0.5906336526897982,
            1.868534552613792,
            -3.993660165218916
        ],
        "R_Hip": [
            -0.11227214806010953,
            1.2819142739139575,
            -1.6742590810531337
        ],
        "R_Knee": [
            -0.5014309737447987,
            1.0804214973955046,
            -2.728826876859235
        ],
        "R_Ankle": [
            -0.7216924931155411,
            1.5641228793497042,
            -3.7757116407167284
        ],
        "R_Foot": [
            -0.8216631422796017,
            1.2303557716662281,
            -3.963510836400419
        ],
        "Spine1": [
            0.11643338259534489,
            1.2022616049615527,
            -1.1087499909954008
        ],
        "Spine2": [
            0.14407730233536462,
            0.9970456649287551,
            -0.7419309924247977
        ],
        "Spine3": [
            0.1408124001862196,
            0.8568406213966,
            -0.6339910337235103
        ],
        "Neck": [
            0.1003330121101975,
            0.6440182949804539,
            -0.02304609759112713
        ],
        "Head": [
            0.11745466417336865,
            0.40105551160718345,
            0.09871770453579007
        ],
        "L_Collar": [
            0.3458813600001961,
            0.7513117968138957,
            -0.2740210206700094
        ],
        "L_Shoulder": [
            0.6155098032034326,
            0.7237231432824774,
            -0.2233936751508198
        ],
        "L_Elbow": [
            0.9592907728893051,
            1.125150770023621,
            -0.8017391367366279
        ],
        "L_Wrist": [
            1.059485185031179,
            0.7306570974512815,
            -1.421569353503504
        ],
        "L_Hand": [
            1.1083435316970554,
            0.6034735683892978,
            -1.6362366612351824
        ],
        "R_Collar": [
            -0.09527622262002303,
            0.8090247641732398,
            -0.2793995408958595
        ],
        "R_Shoulder": [
            -0.37776756147296386,
            0.836876006508787,
            -0.24781715494385656
        ],
        "R_Elbow": [
            -0.5932164161678197,
            1.2371361603170479,
            -0.8513513172317039
        ],
        "R_Wrist": [
            -0.8159235052840188,
            0.7409575571610059,
            -1.3747994612972183
        ],
        "R_Hand": [
            -0.9042685862067553,
            0.5535066963642975,
            -1.5154930059797924
        ]
    },
    "joints2D": {
        "Pelvis": [
            0.25841707750137805,
            0.766828735109013
        ],
        "L_Hip": [
            0.2729298964466345,
            0.7810661509628614
        ],
        "L_Knee": [
            0.28331993455926935,
            0.8394196878463349
        ],
        "L_Ankle": [
            0.27009457841118606,
            0.8203559215127634
        ],
        "L_Foot": [
            0.27414402380512287,
            0.8421637184581223
        ],
        "R_Hip": [
            0.23912682372999566,
            0.7810521072070366
        ],
        "R_Knee": [
            0.21554556980194506,
            0.8575018000380801
        ],
        "R_Ankle": [
            0.2146602837574885,
            0.8528427294681198
        ],
        "R_Foot": [
            0.20931207847899608,
            0.8767125840645673
        ],
        "Spine1": [
            0.26077638386913343,
            0.7283979299216788
        ],
        "Spine2": [
            0.26786961753761995,
            0.6953163205478059
        ],
        "Spine3": [
            0.2705095428497093,
            0.6942008788932513
        ],
        "Neck": [
            0.27264895814016493,
            0.5083115356778214
        ],
        "Head": [
            0.292116163825772,
            0.42420354686556516
        ],
        "L_Collar": [
            0.3133701276300872,
            0.599844124138773
        ],
        "L_Shoulder": [
            0.35608783548112993,
            0.5752760877504205
        ],
        "L_Elbow": [
            0.34841558307131143,
            0.664057785426175
        ],
        "L_Wrist": [
            0.35642532836623714,
            0.786522076140116
        ],
        "L_Hand": [
            0.3572007209644708,
            0.8178130079997001
        ],
        "R_Collar": [
            0.23109072384269744,
            0.6002175068421753
        ],
        "R_Shoulder": [
            0.184283740301353,
            0.581720289680897
        ],
        "R_Elbow": [
            0.18660749629569273,
            0.6753375739956746
        ],
        "R_Wrist": [
            0.15971373678176548,
            0.7969616133879728
        ],
        "R_Hand": [
            0.1499903887582161,
            0.827947136668923
        ]
    }
}