{
    "joints3D": {
        "Pelvis": [
            0.18311854852693513,
            0.6636989957736639,
            -1.6623271401672044
        ],
        "L_Hip": [
            0.4002754407191466,
            0.6876381074569126,
            -1.9093557774793255
        ],
        "L_Knee": [
            0.8027191082780897,
            0.6916484392787914,
            -2.967899643134678
        ],
        "L_Ankle": [
            1.0139360309591314,
            1.0481593187300668,
            -4.098404064021667
        ],
        "L_Foot": [
            1.227339604030725,
            0.8223468589911453,
            -4.345640779083495
        ],
        "R_Hip": [
            0.016870803893919754,
            0.7175430316410784,
            -1.936705663622316
        ],
        "R_Knee": [
            -0.15382687432124806,
            0.6023205196099142,
            -3.0725200686220226
        ],
        "R_Ankle": [
            -0.08798129149183652,
            0.9737687721818395,
            -4.216329794462638
        ],
        "R_Foot": [
            -0.2766378051515259,
            0.6707533816943225,
            -4.400933439572969
        ],
        "Spine1": [
            0.1569227186051263,
            0.7225636576331096,
            -1.332468136042294
        ],
        "Spine2": [
            0.12080155501294412,
            0.6281668022542704,
            -0.9497613016224851
        ],
        "Spine3": [
            0.08695058344389589,
            0.5510183501953518,
            -0.8018436978415215
        ],
        "Neck": [
            0.0033089681899503144,
            0.540798198030652,
            -0.20647002396912406
        ],
        "Head": [
            -0.00727748360558635,
            0.40855303369968204,
            -0.009247706772424931
        ],
        "L_Collar": [
            0.26399016260472624,
            0.5351186174823067,
            -0.4228861393649024
        ],
        "L_Shoulder": [
            0.534184101627252,
            0.5444854924806898,
            -0.4193008830421247
        ],
        "L_Elbow": [
            0.8899672091414511,
            0.7090941246478635,
            -1.0768939723010964
        ],
        "L_Wrist": [
            1.10334310520467,
            0.4446681533668427,
            -1.734504109596853
        ],
        "L_Hand": [
            1.1741947460826987,
            0.3872661213626097,
            -1.9704302650556123
        ],
        "R_Collar": [
            -0.1739393895032728,
            0.6309087851486979,
            -0.48470503009263544
        ],
        "R_Shoulder": [
            -0.4381996530330996,
            0.7217349313070526,
            -0.5711312821997919
        ],
        "R_Elbow": [
            -0.56435562542823,
            0.949432178643381,
            -1.2698095565589822
        ],
        "R_Wrist": [
            -0.6145792668432589,
            0.6828634066898959,
            -1.9818410287673143
        ],
        "R_Hand": [
            -0.6233993541972794,
            0.6049199075560748,
            -2.2220151048246612
        ]
    },
    "joints2D": {
        "Pelvis": [
            0.2685932540913773,
            0.8595251867934006
        ],
        "L_Hip": [
            0.2871476108043218,
            0.8646408386685296
        ],
        "L_Knee": [
            0.3018631434715001,
            0.8908376535754401
        ],
        "L_Ankle": [
            0.29687596900992247,
            0.8872187380801818
        ],
        "L_Foot": [
            0.30555776177110816,
            0.9003307586409418
        ],
        "R_Hip": [
            0.25025668129996154,
            0.868161164543631
        ],
        "R_Knee": [
            0.23825935245742605,
            0.9120184040561676
        ],
        "R_Ankle": [
            0.24440457823635736,
            0.9033560870878373
        ],
        "R_Foot": [
            0.2352583837934761,
            0.923090950795003
        ],
        "Spine1": [
            0.2680099852692347,
            0.8262107638328284
        ],
        "Spine2": [
            0.26793347876851853,
            0.8006389800099377
        ],
        "Spine3": [
            0.26482595264246056,
            0.7957868331142919
        ],
        "Neck": [
            0.24954975408434846,
            0.6106518695088428
        ],
        "Head": [
            0.24587415657133868,
            0.5043151965020417
        ],
        "L_Collar": [
            0.3103598963448155,
            0.6950167730230099
        ],
        "L_Shoulder": [
            0.3577217346002088,
            0.6685251469445876
        ],
        "L_Elbow": [
            0.35637632106577516,
            0.7580094959733094
        ],
        "L_Wrist": [
            0.3586519656255823,
            0.8431658487968166
        ],
        "L_Hand": [
            0.3567249985085975,
            0.8600356917662504
        ],
        "R_Collar": [
            0.2126895477634866,
            0.6976512233821779
        ],
        "R_Shoulder": [
            0.17450389107980446,
            0.6905378776382897
        ],
        "R_Elbow": [
            0.1876721991343234,
            0.7716456130378542
        ],
        "R_Wrist": [
            0.19219144263560395,
            0.8613516817841694
        ],
        "R_Hand": [
            0.19486738340349882,
            0.8806210378404792
        ]
    }
}