{
    "joints3D": {
        "Pelvis": [
            -0.4131295219534462,
            -0.1747786037109153,
            -1.5674344412024004
        ],
        "L_Hip": [
            -0.2825203953438095,
            -0.2688494127223129,
            -1.8553897308485392
        ],
        "L_Knee": [
            -0.2166646496554514,
            -1.0063301076193447,
            -2.712791684375361
        ],
        "L_Ankle": [
            -0.5821411626350098,
            -1.2863484376564691,
            -3.8257803157310595
        ],
        "L_Foot": [
            -0.36794561742126214,
            -1.6115275308215213,
            -3.9041568745531503
        ],
        "R_Hip": [
            -0.653271167923179,
            -0.2936323139205698,
            -1.752090171515937
        ],
        "R_Knee": [
            -1.1367999271449807,
            -1.0355349767530853,
            -2.4931453169017597
        ],
        "R_Ankle": [
            -1.579270831669168,
            -1.4286945926313546,
            -3.542539868296975
        ],
        "R_Foot": [
            -1.6977669967590059,
            -1.809799413222145,
            -3.4944334337364467
        ],
        "Spine1": [
            -0.3674368817936376,
            0.05080484217346148,
            -1.3223662195957242
        ],
        "Spine2": [
            -0.245534010123699,
            0.1624444854196291,
            -0.9625584958863795
        ],
        "Spine3": [
            -0.20157067915330926,
            0.1536944807170194,
            -0.7982797935780362
        ],
        "Neck": [
            -0.08183418170358318,
            0.4188091730899821,
            -0.27179083114007735
        ],
        "Head": [
            0.0009495298644419479,
            0.36278091464970963,
            -0.056052536066629646
        ],
        "L_Collar": [
            0.07416913359458088,
            0.36947995506779335,
            -0.5686571875776387
        ],
        "L_Shoulder": [
            0.3138775610101734,
            0.4111906475427798,
            -0.6867861757199428
        ],
        "L_Elbow": [
            0.3456636348835334,
            0.2792938372990054,
            -1.4405052982242086
        ],
        "L_Wrist": [
            0.4608136154622405,
            -0.33993584545652195,
            -1.8298179370943723
        ],
        "L_Hand": [
            0.5327469818960078,
            -0.5302380367123816,
            -1.980250073982438
        ],
        "R_Collar": [
            -0.3578535884807362,
            0.3147627301470344,
            -0.4450471474131643
        ],
        "R_Shoulder": [
            -0.6188184954436825,
            0.18955889352076835,
            -0.4022559806886381
        ],
        "R_Elbow": [
            -0.7830326519974514,
            -0.5123700789794864,
            -0.5936077075959145
        ],
        "R_Wrist": [
            -0.30397218521587,
            -1.0273823642741362,
            -0.29996943111532914
        ],
        "R_Hand": [
            -0.17143270064929553,
            -1.1356458590602834,
            -0.11398083930907527
        ]
    },
    "joints2D": {
        "Pelvis": [
            0.8072084389369081,
            0.921076148033513
        ],
        "L_Hip": [
            0.7836460950395823,
            0.9213632078063926
        ],
        "L_Knee": [
            0.7661297580296627,
            0.8671704999669183
        ],
        "L_Ankle": [
            0.7799665909090827,
            0.8732997315975046
        ],
        "L_Foot": [
            0.7682954888174807,
            0.8567047316313442
        ],
        "R_Hip": [
            0.8256606635368727,
            0.8958422085902629
        ],
        "R_Knee": [
            0.8279167072989755,
            0.8330853188311028
        ],
        "R_Ankle": [
            0.8269744397674286,
            0.8365173780937702
        ],
        "R_Foot": [
            0.8273811689213839,
            0.8102295240431556
        ],
        "Spine1": [
            0.1874794680212327,
            0.9375124837801743
        ],
        "Spine2": [
            0.196282823935653,
            0.9078008919025078
        ],
        "Spine3": [
            0.19751920460566239,
            0.9022000242728593
        ],
        "Neck": [
            0.2219349218687801,
            0.6746791376184038
        ],
        "Head": [
            0.24904485624849787,
            0.5449274660387234
        ],
        "L_Collar": [
            0.2685753424158893,
            0.8029524601681698
        ],
        "L_Shoulder": [
            0.31719710663877165,
            0.7972924413659459
        ],
        "L_Elbow": [
            0.2973084857032273,
            0.9029100772357832
        ],
        "L_Wrist": [
            0.7001568068927384,
            0.9039118024582781
        ],
        "L_Hand": [
            0.6995237681039939,
            0.8826292088653908
        ],
        "R_Collar": [
            0.1457565518184402,
            0.7531893096450959
        ],
        "R_Shoulder": [
            0.08116780572160466,
            0.7150111249739086
        ],
        "R_Elbow": [
            0.8848670001483114,
            0.6997047129969359
        ],
        "R_Wrist": [
            0.7949436996289345,
            0.5833047481146483
        ],
        "R_Hand": [
            0.7745667923949159,
            0.5281434460444782
        ]
    }
}