{
    "joints3D": {
        "Pelvis": [
            -0.23472506684331634,
            0.2552200806484319,
            -1.5581792825736698
        ],
        "L_Hip": [
            -0.04487391262114033,
            0.2816700465631921,
            -1.830200286950767
        ],
        "L_Knee": [
            0.2705347164020269,
            0.20446458604730072,
            -2.925856627601737
        ],
        "L_Ankle": [
            0.3128771939349836,
            0.1456764108293859,
            -4.13869217887388
        ],
        "L_Foot": [
            0.577205076022317,
            -0.1258038785628226,
            -4.268943943444985
        ],
        "R_Hip": [
            -0.40981485024300474,
            0.14781271977254087,
            -1.814226029809399
        ],
        "R_Knee": [
            -0.49227944800369605,
            -0.08256778387065809,
            -2.9530576344538524
        ],
        "R_Ankle": [
            -0.3706109002741184,
            -0.14382093256378956,
            -4.160757034799566
        ],
        "R_Foot": [
            -0.37044631564218117,
            -0.549327223809319,
            -4.159830683679252
        ],
        "Spine1": [
            -0.28346943650609785,
            0.4029152084238507,
            -1.2567981968934987
        ],
        "Spine2": [
            -0.2845941682593095,
            0.4258232188427169,
            -0.8580322204582355
        ],
        "Spine3": [
            -0.2528641818209973,
            0.3935186583270783,
            -0.6923335612883326
        ],
        "Neck": [
            -0.19410019166910955,
            0.5714808704730627,
            -0.11523084067154056
        ],
        "Head": [
            -0.15797658840762938,
            0.4147630306301732,
            0.06271090880553579
        ],
        "L_Collar": [
            -0.013079191699032832,
            0.5890263998084707,
            -0.40478679604647033
        ],
        "L_Shoulder": [
            0.23393110267138612,
            0.689444350209263,
            -0.4625972216211414
        ],
        "L_Elbow": [
            0.4089024633695107,
            0.6880303860968597,
            -1.215052501637629
        ],
        "L_Wrist": [
            0.6879079045103018,
            0.07891475583022327,
            -1.5452618495341852
        ],
        "L_Hand": [
            0.787321648908666,
            -0.1210502091979883,
            -1.6688541825680165
        ],
        "R_Collar": [
            -0.44883898950360285,
            0.4763718995835784,
            -0.327713953814376
        ],
        "R_Shoulder": [
            -0.6694582743153256,
            0.39808778512287996,
            -0.14795617927506574
        ],
        "R_Elbow": [
            -0.9725118729789753,
            -0.2594438867623515,
            0.05667025744018652
        ],
        "R_Wrist": [
            -0.353029114370162,
            -0.6848892717822491,
            0.21917028389931867
        ],
        "R_Hand": [
            -0.10757024203796024,
            -0.7472767316177882,
            0.24849026005377228
        ]
    },
    "joints2D": {
        "Pelvis": [
            0.21705647526692318,
            0.9166227923356479
        ],
        "L_Hip": [
            0.2434180564045898,
            0.9233470780560739
        ],
        "L_Knee": [
            0.26928029421735333,
            0.9437075710803239
        ],
        "L_Ankle": [
            0.2658819198867364,
            0.9533951159222865
        ],
        "L_Foot": [
            0.7206099796465104,
            0.9521107119606761
        ],
        "R_Hip": [
            0.1995361183963802,
            0.9320540987913293
        ],
        "R_Knee": [
            0.789128407022643,
            0.9504241524508756
        ],
        "R_Ankle": [
            0.7716577820107174,
            0.9530682658570813
        ],
        "R_Foot": [
            0.7705201511749007,
            0.9276197844843587
        ],
        "Spine1": [
            0.20625590214760728,
            0.8731248703265272
        ],
        "Spine2": [
            0.1940668059671739,
            0.8263594714603097
        ],
        "Spine3": [
            0.1916490949358222,
            0.8093680849679314
        ],
        "Neck": [
            0.19836435057068738,
            0.5569781257409956
        ],
        "Head": [
            0.19245431980679653,
            0.4526742664200396
        ],
        "L_Collar": [
            0.24561612828088117,
            0.6845344444043768
        ],
        "L_Shoulder": [
            0.29388525577411895,
            0.6762218432476811
        ],
        "L_Elbow": [
            0.30152746496442917,
            0.8115847590407042
        ],
        "L_Wrist": [
            0.34103593093892703,
            0.9123785558045051
        ],
        "L_Hand": [
            0.6554894682634294,
            0.9037029359635251
        ],
        "R_Collar": [
            0.14065705997620553,
            0.6549691934186912
        ],
        "R_Shoulder": [
            0.0914994185932029,
            0.5667420923180227
        ],
        "R_Elbow": [
            0.9495541421290599,
            0.47418410000410705
        ],
        "R_Wrist": [
            0.8234076873472067,
            0.4078225765244663
        ],
        "R_Hand": [
            0.7728230260767607,
            0.39811620452964724
        ]
    }
}