{
    "joints3D": {
        "Pelvis": [
            -0.11177087149277866,
            -0.5287291108865503,
            -1.276847924167781
        ],
        "L_Hip": [
            0.02848099310664938,
            -0.7078830325884926,
            -1.4763584010006168
        ],
        "L_Knee": [
            0.010311762244203092,
            -1.4829269371852014,
            -2.145952788738684
        ],
        "L_Ankle": [
            -0.172670943853928,
            -1.5093545399810966,
            -3.2279083547262792
        ],
        "L_Foot": [
            -0.16825675877063714,
            -1.858319100489634,
            -3.350263495672011
        ],
        "R_Hip": [
            -0.3155430911124224,
            -0.6952886891744076,
            -1.4166218048136228
        ],
        "R_Knee": [
            -0.4839708493529994,
            -1.5450105665355736,
            -2.005427557440367
        ],
        "R_Ankle": [
            -0.46033690205092626,
            -2.194213628859849,
            -2.8921758793150114
        ],
        "R_Foot": [
            -0.5178799231320981,
            -2.536202723670689,
            -2.75282814950721
        ],
        "Spine1": [
            -0.08589834305578352,
            -0.24638661973837064,
            -1.1377467898944236
        ],
        "Spine2": [
            -0.016314690432217574,
            -0.015193038708607505,
            -0.8448762282280656
        ],
        "Spine3": [
            0.000527897866718876,
            0.023913999466873257,
            -0.6883077539940072
        ],
        "Neck": [
            0.053250502687225316,
            0.39591479537083296,
            -0.23859938513819562
        ],
        "Head": [
            0.06587023036121291,
            0.3255644140581561,
            -0.023202859279199583
        ],
        "L_Collar": [
            0.25537456206281606,
            0.2334500234441375,
            -0.4527357665997251
        ],
        "L_Shoulder": [
            0.5219140182352553,
            0.2207843228146435,
            -0.48917127257486454
        ],
        "L_Elbow": [
            0.5229165353470047,
            -0.17601246570980203,
            -1.080744309975255
        ],
        "L_Wrist": [
            0.5745005550231215,
            -0.8464631595666439,
            -1.236548384933818
        ],
        "L_Hand": [
            0.6011986237386862,
            -1.0530060628527564,
            -1.354494888414429
        ],
        "R_Collar": [
            -0.1886566009503523,
            0.2939715294667634,
            -0.45168867320394535
        ],
        "R_Shoulder": [
            -0.46907436160143534,
            0.35362135621744556,
            -0.47195634924091284
        ],
        "R_Elbow": [
            -0.5329170156568661,
            0.11512643819887962,
            -1.120474241653421
        ],
        "R_Wrist": [
            -0.794273199342488,
            -0.32379312208474903,
            -1.603004741804286
        ],
        "R_Hand": [
            -0.8417451056514608,
            -0.4421286815903534,
            -1.8032415659400967
        ]
    },
    "joints2D": {
        "Pelvis": [
            0.7670830519003683,
            0.856546366170763
        ],
        "L_Hip": [
            0.7480339102735298,
            0.841973877494083
        ],
        "L_Knee": [
            0.7506411184253623,
            0.7959486978750346
        ],
        "L_Ankle": [
            0.7606444420433858,
            0.8444578506566706
        ],
        "L_Foot": [
            0.7595784288248042,
            0.8246189034589088
        ],
        "R_Hip": [
            0.7888444057497936,
            0.8338646844178593
        ],
        "R_Knee": [
            0.785055662557478,
            0.7765425109165965
        ],
        "R_Ankle": [
            0.7739319600079193,
            0.7809263939156585
        ],
        "R_Foot": [
            0.7753148196201052,
            0.7519636243765173
        ],
        "Spine1": [
            0.7667930434625682,
            0.9061468323975251
        ],
        "Spine2": [
            0.7558177681663084,
            0.9591196730015473
        ],
        "Spine3": [
            0.24881674710725635,
            0.9547900900140796
        ],
        "Neck": [
            0.2673791869125753,
            0.6652001693992966
        ],
        "Head": [
            0.2796161867255665,
            0.5191044797612093
        ],
        "L_Collar": [
            0.3350790223756142,
            0.8037614233304132
        ],
        "L_Shoulder": [
            0.38957258090917435,
            0.7614622608698541
        ],
        "L_Elbow": [
            0.6581324102711881,
            0.8826357985647395
        ],
        "L_Wrist": [
            0.6853748188634057,
            0.7813284831910725
        ],
        "L_Hand": [
            0.6915676135964606,
            0.766700108401815
        ],
        "R_Collar": [
            0.18745037569518996,
            0.7902938178025114
        ],
        "R_Shoulder": [
            0.1313373308201758,
            0.7333319843577693
        ],
        "R_Elbow": [
            0.15367173986339144,
            0.8966354070471626
        ],
        "R_Wrist": [
            0.8443956691781075,
            0.8728176509170208
        ],
        "R_Hand": [
            0.8377349286094931,
            0.8673642700732161
        ]
    }
}