{
    "joints3D": {
        "Pelvis": [
            0.03058962286468816,
            -0.4065682115697315,
            -1.4889531491655905
        ],
        "L_Hip": [
            0.2447736129504474,
            -0.5645782774765125,
            -1.6869896217216587
        ],
        "L_Knee": [
            0.4168985274644131,
            -1.5362249070075242,
            -2.325663233031237
        ],
        "L_Ankle": [
            0.3834617860360466,
            -2.257169332923526,
            -3.234473178009698
        ],
        "L_Foot": [
            0.4435675808017817,
            -2.6616496675254204,
            -3.1739583747020745
        ],
        "R_Hip": [
            -0.12519096604474947,
            -0.5521652237271154,
            -1.733792273334763
        ],
        "R_Knee": [
            -0.1637274914110626,
            -1.0352600685794595,
            -2.796590803466583
        ],
        "R_Ankle": [
            0.0801727342537961,
            -0.5496093880993983,
            -3.8105320346226956
        ],
        "R_Foot": [
            0.05078027527493409,
            -0.7422930502377335,
            -4.170507450014172
        ],
        "Spine1": [
            -2.4828652108203706e-05,
            -0.14175685977155736,
            -1.2785688347130373
        ],
        "Spine2": [
            0.025100214321239475,
            0.13022501423961133,
            -0.9125503212335595
        ],
        "Spine3": [
            0.023649924167022576,
            0.181805419491,
            -0.7358877195161119
        ],
        "Neck": [
            -0.0002485453477744486,
            0.5632799279459227,
            -0.21546784532157384
        ],
        "Head": [
            0.0026474715810086524,
            0.4461899754285691,
            0.04742225776758641
        ],
        "L_Collar": [
            0.2216949286487588,
            0.4532514661177868,
            -0.4740435194990174
        ],
        "L_Shoulder": [
            0.4859763904845071,
            0.5434299787779192,
            -0.4632433489609739
        ],
        "L_Elbow": [
            0.8761801690459434,
            0.5548768293661499,
            -1.07728683759061
        ],
        "L_Wrist": [
            0.7125511565137527,
            -0.09523637914748392,
            -0.8114583280751972
        ],
        "L_Hand": [
            0.6698584482517844,
            -0.35051343498429127,
            -0.7896584097905038
        ],
        "R_Collar": [
            -0.214346470880716,
            0.4230450065464721,
            -0.47449895468905745
        ],
        "R_Shoulder": [
            -0.5059559151551984,
            0.43096003906259767,
            -0.4047556264140161
        ],
        "R_Elbow": [
            -0.8503549780408652,
            0.18265020486788028,
            -0.9639603124959493
        ],
        "R_Wrist": [
            -0.536342642840187,
            -0.4101720271198414,
            -0.6413797784696784
        ],
        "R_Hand": [
            -0.4058891501174478,
            -0.6275856005424223,
            -0.6012836195859831
        ]
    },
    "joints2D": {
        "Pelvis": [
            0.7472983495165173,
            0.8925581694393054
        ],
        "L_Hip": [
            0.7240298704116006,
            0.8739853422866727
        ],
        "L_Knee": [
            0.7242715138573904,
            0.7994936199443711
        ],
        "L_Ankle": [
            0.7338008092873671,
            0.7934816802984288
        ],
        "L_Foot": [
            0.732526448524367,
            0.7667917931933915
        ],
        "R_Hip": [
            0.7651880277130307,
            0.88033243776916
        ],
        "R_Knee": [
            0.7622038507411032,
            0.8677696994398894
        ],
        "R_Ankle": [
            0.7468496126365669,
            0.9259072636401179
        ],
        "R_Foot": [
            0.748802566850636,
            0.9171446181980647
        ],
        "Spine1": [
            0.7513629432467304,
            0.9347483236004778
        ],
        "Spine2": [
            0.25454075099872936,
            0.9262464308751724
        ],
        "Spine3": [
            0.25509826258402774,
            0.8991102203101399
        ],
        "Neck": [
            0.24857580185091963,
            0.6108528846875084
        ],
        "Head": [
            0.24955972882984725,
            0.46438045190658805
        ],
        "L_Collar": [
            0.3049529851042322,
            0.7381017153606011
        ],
        "L_Shoulder": [
            0.3485106545461612,
            0.6876779165759758
        ],
        "L_Elbow": [
            0.3634060948329716,
            0.7794953374843322
        ],
        "L_Wrist": [
            0.6050645870896282,
            0.8304841526303397
        ],
        "L_Hand": [
            0.6288298958989593,
            0.7861672153440532
        ],
        "R_Collar": [
            0.19195733721382577,
            0.7482452958087044
        ],
        "R_Shoulder": [
            0.12997180647747456,
            0.6871495338882052
        ],
        "R_Elbow": [
            0.10665205075049902,
            0.8191999462858565
        ],
        "R_Wrist": [
            0.8611034432108386,
            0.7597568416026207
        ],
        "R_Hand": [
            0.8257796239856506,
            0.7177767270940063
        ]
    }
}