{
    "joints3D": {
        "Pelvis": [
            0.6042243973212362,
            0.6250085183535572,
            -1.5248905661079253
        ],
        "L_Hip": [
            0.7540596862335531,
            0.5180886011868941,
            -1.7955206618347566
        ],
        "L_Knee": [
            0.3885580944169006,
            -0.35531649880430305,
            -2.4011961896974046
        ],
        "L_Ankle": [
            0.034932059478486724,
            -0.6026766295443853,
            -3.5155497715218957
        ],
        "L_Foot": [
            -0.0031771766428027176,
            -0.9934108406118898,
            -3.549750748182041
        ],
        "R_Hip": [
            0.4312686498300801,
            0.722922473981212,
            -1.779319197648762
        ],
        "R_Knee": [
            0.15983345754609943,
            0.9843356279033072,
            -2.861216733716715
        ],
        "R_Ankle": [
            0.6055268488283292,
            2.0575138046442056,
            -3.141421693063788
        ],
        "R_Foot": [
            0.5024032526470208,
            2.327814440207065,
            -3.4159584814130253
        ],
        "Spine1": [
            0.6726065350440202,
            0.7214796171757112,
            -1.2129893381730121
        ],
        "Spine2": [
            0.6082999982622632,
            0.5732376015877552,
            -0.8549103216854207
        ],
        "Spine3": [
            0.5525454431300838,
            0.4987949936789208,
            -0.7138683592992022
        ],
        "Neck": [
            0.3963396257784557,
            0.4078989035882456,
            -0.14510769689717165
        ],
        "Head": [
            0.32379480604418265,
            0.24989733391017727,
            0.014338782507120418
        ],
        "L_Collar": [
            0.6711019975373037,
            0.373477431866075,
            -0.3359550052931808
        ],
        "L_Shoulder": [
            0.9262769200573028,
            0.3024993888169082,
            -0.29285684603691564
        ],
        "L_Elbow": [
            1.282695563222296,
            0.5576369761036094,
            -0.9134952391353579
        ],
        "L_Wrist": [
            1.2371373947519846,
            0.11276606656611175,
            -1.4963362487322471
        ],
        "L_Hand": [
            1.266335987943044,
            -0.01639557637263434,
            -1.7096013893692026
        ],
        "R_Collar": [
            0.28254837093779495,
            0.585957270859048,
            -0.41071143600511545
        ],
        "R_Shoulder": [
            0.043769360910951516,
            0.7473443912188349,
            -0.44547837757024544
        ],
        "R_Elbow": [
            -0.03067638584644411,
            1.129858645658866,
            -1.0745421021058092
        ],
        "R_Wrist": [
            -0.33958483802766853,
            1.1194454043787736,
            -1.764712744271669
        ],
        "R_Hand": [
            -0.43552230156790955,
            1.1310537040738355,
            -1.9961019998455931
        ]
    },
    "joints2D": {
        "Pelvis": [
            0.31647711307779763,
            0.8396791925980402
        ],
        "L_Hip": [
            0.3255283945161503,
            0.8634402525690033
        ],
        "L_Knee": [
            0.7171558971000342,
            0.9200128554230169
        ],
        "L_Ankle": [
            0.7492641887292217,
            0.9188634398499372
        ],
        "L_Foot": [
            0.7515348451601034,
            0.8908942443476784
        ],
        "R_Hip": [
            0.29162130960429844,
            0.8519346266339705
        ],
        "R_Knee": [
            0.2591710393991589,
            0.8742731911810163
        ],
        "R_Ankle": [
            0.27783656093313625,
            0.800207615403847
        ],
        "R_Foot": [
            0.27061924658458536,
            0.7961490582741952
        ],
        "Spine1": [
            0.3299556514520822,
            0.7905697860838615
        ],
        "Spine2": [
            0.3441427241006563,
            0.765719727602583
        ],
        "Spine3": [
            0.34904442500019306,
            0.7567168756858912
        ],
        "Neck": [
            0.36565212113359735,
            0.5829625106357682
        ],
        "Head": [
            0.39003677325824504,
            0.48475962291358776
        ],
        "L_Collar": [
            0.40089078634644637,
            0.6497154004871484
        ],
        "L_Shoulder": [
            0.43248346714055236,
            0.6135317234004692
        ],
        "L_Elbow": [
            0.40134385372373554,
            0.7147824673656248
        ],
        "L_Wrist": [
            0.39244391112044147,
            0.8451454315136325
        ],
        "L_Hand": [
            0.613081508580074,
            0.8706414540373509
        ],
        "R_Collar": [
            0.310756931561436,
            0.6778647749745492
        ],
        "R_Shoulder": [
            0.25684699777576425,
            0.6643153877464469
        ],
        "R_Elbow": [
            0.24526919934369404,
            0.7335209203272433
        ],
        "R_Wrist": [
            0.21909150059170637,
            0.8044041844528269
        ],
        "R_Hand": [
            0.21369911557806603,
            0.8175792852662992
        ]
    }
}