{
    "joints2D": {
        "Pelvis": [
            0.2520782854951581,
            0.7538056517670507
        ],
        "L_Hip": [
            0.27125775359012794,
            0.7567150865952589
        ],
        "L_Knee": [
            0.2749570534577163,
            0.7746057029243892
        ],
        "L_Ankle": [
            0.2681075585110829,
            0.7780501465605653
        ],
        "L_Foot": [
            0.27327012564341296,
            0.8024487471764117
        ],
        "R_Hip": [
            0.23434330209262494,
            0.765967407086393
        ],
        "R_Knee": [
            0.2364230309321981,
            0.7856134954964733
        ],
        "R_Ankle": [
            0.2464478088420854,
            0.784305570396265
        ],
        "R_Foot": [
            0.246043679270917,
            0.8105817962810457
        ],
        "Spine1": [
            0.24926016874849855,
            0.7220008058066023
        ],
        "Spine2": [
            0.24896232146412328,
            0.6788742017748864
        ],
        "Spine3": [
            0.24976570512945212,
            0.6793105213272327
        ],
        "Neck": [
            0.23843339300038707,
            0.4467887790421101
        ],
        "Head": [
            0.2295477746994705,
            0.34760907409601577
        ],
        "L_Collar": [
            0.2931634849444712,
            0.5576255561688819
        ],
        "L_Shoulder": [
            0.3381453340558311,
            0.5417001568020028
        ],
        "L_Elbow": [
            0.3090442408248974,
            0.6603686965253215
        ],
        "L_Wrist": [
            0.3074995420802852,
            0.7326150583944487
        ],
        "L_Hand": [
            0.3050049359307212,
            0.7373024221991931
        ],
        "R_Collar": [
            0.1977563261786228,
            0.5665447671350924
        ],
        "R_Shoulder": [
            0.1542270094260574,
            0.5607676391530562
        ],
        "R_Elbow": [
            0.192468547148296,
            0.6817951791449232
        ],
        "R_Wrist": [
            0.19593204976081788,
            0.758181718364024
        ],
        "R_Hand": [
            0.20075103951619136,
            0.7659833594185718
        ]
    },
    "joints3D": {
        "Pelvis": [
            0.033367736590295585,
            1.1468330341247883,
            -1.2452197093359108
        ],
        "L_Hip": [
            0.25354593067114395,
            1.299958274581137,
            -1.45420813741941
        ],
        "L_Knee": [
            0.4477197336229991,
            1.8615212470268934,
            -2.3591010340825154
        ],
        "L_Ankle": [
            0.4543106403250695,
            2.5435278081894155,
            -3.276328327990989
        ],
        "L_Foot": [
            0.5720259849859916,
            2.2981057805265195,
            -3.5438756661104813
        ],
        "R_Hip": [
            -0.15882197837414067,
            1.262572677698608,
            -1.4922732028508237
        ],
        "R_Knee": [
            -0.20740488422421455,
            1.8127562508425572,
            -2.4472047793062015
        ],
        "R_Ankle": [
            -0.05108448571998983,
            2.5071886405293986,
            -3.3422499270981905
        ],
        "R_Foot": [
            -0.05997209032857377,
            2.2431949432190224,
            -3.6166126021730083
        ],
        "Spine1": [
            0.005196166006830981,
            1.0694922331030319,
            -0.9433997622706086
        ],
        "Spine2": [
            0.002124079722575656,
            0.9093541429478318,
            -0.6007701787039511
        ],
        "Spine3": [
            0.00629704389080247,
            0.7691602506739413,
            -0.5097104937683464
        ],
        "Neck": [
            -0.03916855370708171,
            0.5902016142239229,
            0.09687438553025751
        ],
        "Head": [
            -0.05032664750343303,
            0.37555644940717264,
            0.1972544457498335
        ],
        "L_Collar": [
            0.2056910331415984,
            0.6891499828470955,
            -0.13939123199092704
        ],
        "L_Shoulder": [
            0.473054361399495,
            0.7232863274157814,
            -0.11737971420353703
        ],
        "L_Elbow": [
            0.5314421025498454,
            1.1682430448556138,
            -0.7174387411258397
        ],
        "L_Wrist": [
            0.6892813049929248,
            1.358780976212482,
            -1.377974131445265
        ],
        "L_Hand": [
            0.7348588708816661,
            1.5039656395526688,
            -1.5646675363796752
        ],
        "R_Collar": [
            -0.24451126710212837,
            0.7074493443756537,
            -0.16640842476086137
        ],
        "R_Shoulder": [
            -0.5249990215159632,
            0.7431206930319804,
            -0.17650705806077885
        ],
        "R_Elbow": [
            -0.4872296956750564,
            1.1242952238633492,
            -0.8002099952908561
        ],
        "R_Wrist": [
            -0.6072916735325707,
            1.264311725335414,
            -1.5029794879011251
        ],
        "R_Hand": [
            -0.6108085123693673,
            1.3815608675532287,
            -1.7135497830154343
        ]
    }
}