{
    "joints3D": {
        "Pelvis": [
            0.17894286349286057,
            -0.11640897164311276,
            -1.392362732549989
        ],
        "L_Hip": [
            0.31831171005846437,
            -0.3338737487967269,
            -1.5936774715563284
        ],
        "L_Knee": [
            0.22717622022001707,
            -0.924358871165213,
            -2.546407585839079
        ],
        "L_Ankle": [
            0.020800219102519998,
            -1.2189126028849835,
            -3.6866955108716994
        ],
        "L_Foot": [
            -0.08883958823386859,
            -1.5973876533507587,
            -3.6724336045049615
        ],
        "R_Hip": [
            -0.01871353675864762,
            -0.15941650858701006,
            -1.6442216412293935
        ],
        "R_Knee": [
            -0.36874706108793137,
            -0.6325496954747533,
            -2.627885886714241
        ],
        "R_Ankle": [
            -0.04300919260983261,
            -0.8418072020641912,
            -3.759504744909592
        ],
        "R_Foot": [
            -0.4127268050690412,
            -0.8889270406665567,
            -3.902098973587944
        ],
        "Spine1": [
            0.26034214771125996,
            0.12047272089802807,
            -1.1717949994316306
        ],
        "Spine2": [
            0.2575659270709365,
            0.23340527008095163,
            -0.7953089832372369
        ],
        "Spine3": [
            0.22652916527667474,
            0.23104731204753517,
            -0.6291584363311115
        ],
        "Neck": [
            0.23830972510616766,
            0.48521268754976793,
            -0.0889660190238535
        ],
        "Head": [
            0.17783778926433963,
            0.35997244554728586,
            0.10174437627717155
        ],
        "L_Collar": [
            0.4486720575742363,
            0.3134491019897632,
            -0.2876428786266763
        ],
        "L_Shoulder": [
            0.6888395640347641,
            0.19342735344877662,
            -0.2896084231376007
        ],
        "L_Elbow": [
            0.8439445840033764,
            -0.08512991348713086,
            -0.9797614269588442
        ],
        "L_Wrist": [
            0.9514949047117146,
            -0.6460615851727971,
            -1.4424467926596323
        ],
        "L_Hand": [
            0.9989988578110715,
            -0.7925677799314451,
            -1.6408568313490681
        ],
        "R_Collar": [
            0.051700926548547854,
            0.5064479690944823,
            -0.37190209809425323
        ],
        "R_Shoulder": [
            -0.21867774906155665,
            0.5838422801986698,
            -0.4444906732546174
        ],
        "R_Elbow": [
            -0.36582874291871015,
            0.3874086927195071,
            -1.1430242441239031
        ],
        "R_Wrist": [
            -0.7489065446846401,
            0.11131464277885325,
            -1.7342324165021623
        ],
        "R_Hand": [
            -0.8504974614254328,
            0.03819070803830741,
            -1.9516763219170794
        ]
    },
    "joints2D": {
        "Pelvis": [
            0.7230084826394629,
            0.9384712572759556
        ],
        "L_Hip": [
            0.7109370664715715,
            0.9020370538079482
        ],
        "L_Knee": [
            0.7347819321320156,
            0.8688989366327106
        ],
        "L_Ankle": [
            0.7502845041482472,
            0.8780686932867642
        ],
        "L_Foot": [
            0.7556546294951122,
            0.8524515625634997
        ],
        "R_Hip": [
            0.7538688494297615,
            0.9383803249802031
        ],
        "R_Knee": [
            0.779444925936462,
            0.8975971655484147
        ],
        "R_Ankle": [
            0.7536921546605723,
            0.9052256404892869
        ],
        "R_Foot": [
            0.772778663633365,
            0.9023100217308225
        ],
        "Spine1": [
            0.2963808583420796,
            0.9270322373082697
        ],
        "Spine2": [
            0.3093031839043127,
            0.871904658280976
        ],
        "Spine3": [
            0.31251041581492106,
            0.8520606811033781
        ],
        "Neck": [
            0.31897510886407326,
            0.5497967777067975
        ],
        "Head": [
            0.31847981550945154,
            0.41737073183686
        ],
        "L_Collar": [
            0.3834351984301226,
            0.6701148725310967
        ],
        "L_Shoulder": [
            0.4325370611887094,
            0.6519129840139203
        ],
        "L_Elbow": [
            0.604737593379399,
            0.8377165734557785
        ],
        "L_Wrist": [
            0.649475960290816,
            0.8061868899937366
        ],
        "L_Hand": [
            0.6575914045537781,
            0.8053083866089975
        ],
        "R_Collar": [
            0.26230230713131547,
            0.6938189548085378
        ],
        "R_Shoulder": [
            0.20035322121734736,
            0.6935860979436554
        ],
        "R_Elbow": [
            0.19030582664648876,
            0.8618185649094284
        ],
        "R_Wrist": [
            0.15921454538424154,
            0.9114511999520678
        ],
        "R_Hand": [
            0.15637156419135687,
            0.920753989294502
        ]
    }
}