{
    "joints3D": {
        "Pelvis": [
            -0.3881942858862641,
            0.3565904944222159,
            -1.5970144794372219
        ],
        "L_Hip": [
            -0.2513377113067447,
            0.3432369645196963,
            -1.895357858328713
        ],
        "L_Knee": [
            -0.2768576670337468,
            -0.006716236473266931,
            -2.967510068651059
        ],
        "L_Ankle": [
            -0.6150908985929615,
            0.6929524696160967,
            -3.8811113462265174
        ],
        "L_Foot": [
            -0.6793118174785429,
            0.5857997801942686,
            -4.256397671075649
        ],
        "R_Hip": [
            -0.6221831707323611,
            0.2897854338996735,
            -1.81100827979184
        ],
        "R_Knee": [
            -0.8559527797254985,
            -0.012443131314655615,
            -2.8955590219826077
        ],
        "R_Ankle": [
            -0.9292774457402112,
            -0.1279145646717933,
            -4.08750917526123
        ],
        "R_Foot": [
            -1.0159898555000564,
            -0.5119685915266013,
            -4.1598262768283165
        ],
        "Spine1": [
            -0.3502660822238845,
            0.5086582776888431,
            -1.301165555410794
        ],
        "Spine2": [
            -0.25265577468041417,
            0.5401714689046131,
            -0.92043715350353
        ],
        "Spine3": [
            -0.21781759172231854,
            0.4829005689730044,
            -0.7646778876185786
        ],
        "Neck": [
            -0.10552955607833145,
            0.5479579000498407,
            -0.17991384431394256
        ],
        "Head": [
            -0.054013204409446625,
            0.4046960290906672,
            0.0014289814970722915
        ],
        "L_Collar": [
            0.06878111235149842,
            0.5483046058578718,
            -0.4689736250334896
        ],
        "L_Shoulder": [
            0.31856784975859476,
            0.5734120439557974,
            -0.56654066701385
        ],
        "L_Elbow": [
            0.3524716709444599,
            0.6737019514179848,
            -1.3217832155771971
        ],
        "L_Wrist": [
            0.40380987395833184,
            0.32103396609503737,
            -1.9672889746034088
        ],
        "L_Hand": [
            0.42604737687717925,
            0.23193796428539173,
            -2.2019197011717266
        ],
        "R_Collar": [
            -0.3742015301257039,
            0.5695918442111384,
            -0.3882395444887496
        ],
        "R_Shoulder": [
            -0.6608399963731036,
            0.6184877850785933,
            -0.36974521864702853
        ],
        "R_Elbow": [
            -0.9427521358281002,
            1.0060794672053417,
            -0.9371392386868252
        ],
        "R_Wrist": [
            -1.3270554690718748,
            0.996622163195326,
            -1.5916060349185512
        ],
        "R_Hand": [
            -1.4235333565551735,
            1.0293437175758051,
            -1.8217515924589025
        ]
    },
    "joints2D": {
        "Pelvis": [
            0.20024894171356766,
            0.8954507767027955
        ],
        "L_Hip": [
            0.22106905882144198,
            0.9131316427184145
        ],
        "L_Knee": [
            0.7730056767490976,
            0.9613306883407808
        ],
        "L_Ankle": [
            0.21574520551886658,
            0.9124193720706922
        ],
        "L_Foot": [
            0.21468621563051524,
            0.9227907680383801
        ],
        "R_Hip": [
            0.17929566948055822,
            0.9009756843673047
        ],
        "R_Knee": [
            0.8173493485096145,
            0.9437554393795206
        ],
        "R_Ankle": [
            0.8021942849982904,
            0.9444922958231561
        ],
        "R_Foot": [
            0.8029854128123937,
            0.9200391420741564
        ],
        "Spine1": [
            0.20066019142971994,
            0.8537622943273913
        ],
        "Spine2": [
            0.20561383663428662,
            0.8107848823310815
        ],
        "Spine3": [
            0.2053461070544169,
            0.8012698096243956
        ],
        "Neck": [
            0.22003998167426228,
            0.5948055038141503
        ],
        "Head": [
            0.22802381472387198,
            0.496191689854201
        ],
        "L_Collar": [
            0.26472159741848467,
            0.7165647073744003
        ],
        "L_Shoulder": [
            0.31311223955070056,
            0.7265926703388564
        ],
        "L_Elbow": [
            0.29266434142807857,
            0.8274589962361949
        ],
        "L_Wrist": [
            0.2913308602626534,
            0.9132342636599958
        ],
        "L_Hand": [
            0.29037920202653494,
            0.9287064557704466
        ],
        "R_Collar": [
            0.16690380241405436,
            0.6668903091652663
        ],
        "R_Shoulder": [
            0.1288175540464054,
            0.6313672857656278
        ],
        "R_Elbow": [
            0.14731003738729975,
            0.6987385434332516
        ],
        "R_Wrist": [
            0.13836778518699938,
            0.7617960411459613
        ],
        "R_Hand": [
            0.14002828107727505,
            0.7752753191491965
        ]
    }
}