{
    "joints2D": {
        "Pelvis": [
            0.23306941137898154,
            0.9521901729555193
        ],
        "L_Hip": [
            0.25929253770102906,
            0.9618974880734751
        ],
        "L_Knee": [
            0.7294068135990938,
            0.9401329962985681
        ],
        "L_Ankle": [
            0.739831352514875,
            0.9326827111961926
        ],
        "L_Foot": [
            0.7296882020750761,
            0.9129327514091622
        ],
        "R_Hip": [
            0.7929094293945449,
            0.9546622820301419
        ],
        "R_Knee": [
            0.8006290474700559,
            0.9209996930034642
        ],
        "R_Ankle": [
            0.7974799586256409,
            0.9451513649895004
        ],
        "R_Foot": [
            0.7996014947608999,
            0.9238763556227936
        ],
        "Spine1": [
            0.23294568398702212,
            0.916332978113575
        ],
        "Spine2": [
            0.241289162879904,
            0.8646372564939703
        ],
        "Spine3": [
            0.24242583450729988,
            0.868937461373837
        ],
        "Neck": [
            0.2565203501825391,
            0.588892939272156
        ],
        "Head": [
            0.2548508797820133,
            0.4592556706161535
        ],
        "L_Collar": [
            0.30739728984329967,
            0.7441917117766313
        ],
        "L_Shoulder": [
            0.3564476225476522,
            0.7194782488613158
        ],
        "L_Elbow": [
            0.32823651791318614,
            0.8579684650612858
        ],
        "L_Wrist": [
            0.6721420556607369,
            0.9308862032097432
        ],
        "L_Hand": [
            0.6832087908470038,
            0.9254710112819623
        ],
        "R_Collar": [
            0.1957410520812932,
            0.723291655180587
        ],
        "R_Shoulder": [
            0.14689361404232795,
            0.6887997484521584
        ],
        "R_Elbow": [
            0.1650728593000288,
            0.8139304518550724
        ],
        "R_Wrist": [
            0.15756141428391227,
            0.887441934279055
        ],
        "R_Hand": [
            0.16378150790448504,
            0.9042965073898132
        ]
    },
    "joints3D": {
        "Pelvis": [
            -0.11682614469636109,
            0.06939368092353329,
            -1.706443045557222
        ],
        "L_Hip": [
            0.09228119652060432,
            0.011891243554875858,
            -2.0126879004753193
        ],
        "L_Knee": [
            0.3109327709530255,
            -0.2589059496124685,
            -3.1363301288254495
        ],
        "L_Ankle": [
            0.23160534725766568,
            -0.5098972501496923,
            -4.373991072121805
        ],
        "L_Foot": [
            0.4647605010700299,
            -0.8317736383515232,
            -4.457161252697974
        ],
        "R_Hip": [
            -0.3576830503671901,
            -0.01359706919440906,
            -1.9686410082260783
        ],
        "R_Knee": [
            -0.710735642580599,
            -0.37703308735183316,
            -3.056105985411207
        ],
        "R_Ankle": [
            -0.8833319097147448,
            -0.15610001935898232,
            -4.288876087654043
        ],
        "R_Foot": [
            -1.0086609403187479,
            -0.5086148295579361,
            -4.459613225798492
        ],
        "Spine1": [
            -0.10544757988752672,
            0.24943162416830117,
            -1.4076489584458367
        ],
        "Spine2": [
            -0.04013428390832374,
            0.3850221490928255,
            -1.0026681201733538
        ],
        "Spine3": [
            -0.027770864703952555,
            0.304507747137864,
            -0.8302812896779715
        ],
        "Neck": [
            0.028497212385909958,
            0.545250801839635,
            -0.1656697461817182
        ],
        "Head": [
            0.016086398364349868,
            0.4003196239756216,
            0.04925590171233245
        ],
        "L_Collar": [
            0.23227088398362308,
            0.4449197172644437,
            -0.4880336458711989
        ],
        "L_Shoulder": [
            0.49988082208774776,
            0.45783430774629025,
            -0.5151429949794187
        ],
        "L_Elbow": [
            0.575391658243747,
            0.39520771546491734,
            -1.3036941777213076
        ],
        "L_Wrist": [
            0.6940330501624143,
            -0.038519151264769576,
            -1.899444518819097
        ],
        "L_Hand": [
            0.6767109118953415,
            -0.146527405308434,
            -2.1258999935918435
        ],
        "R_Collar": [
            -0.21764005157360616,
            0.4950230305781244,
            -0.4649185819119594
        ],
        "R_Shoulder": [
            -0.49571170608016735,
            0.5380376467388488,
            -0.46653289036459544
        ],
        "R_Elbow": [
            -0.6498938485303473,
            0.5892607949078972,
            -1.2312511337383896
        ],
        "R_Wrist": [
            -0.8861369846336867,
            0.28711383771133997,
            -1.8979744488963248
        ],
        "R_Hand": [
            -0.892967551334135,
            0.2262147086406993,
            -2.141474642344634
        ]
    }
}