{
    "joints2D": {
        "Pelvis": [
            0.24393893180479934,
            0.9162136995819602
        ],
        "L_Hip": [
            0.26701185704595554,
            0.9286414405348699
        ],
        "L_Knee": [
            0.7245522473195025,
            0.9509949792878141
        ],
        "L_Ankle": [
            0.7303730289766878,
            0.9545743796441357
        ],
        "L_Foot": [
            0.7272053529081429,
            0.9337879175035424
        ],
        "R_Hip": [
            0.2209453594957397,
            0.9238899826242369
        ],
        "R_Knee": [
            0.7870857637785859,
            0.9548851225656733
        ],
        "R_Ankle": [
            0.21872901782176193,
            0.9590475188098544
        ],
        "R_Foot": [
            0.7836150275479948,
            0.9386544264797618
        ],
        "Spine1": [
            0.2445300853050422,
            0.8817164046887502
        ],
        "Spine2": [
            0.2471572002168997,
            0.8442091089765197
        ],
        "Spine3": [
            0.24851488942402397,
            0.837766799376807
        ],
        "Neck": [
            0.2534207468438631,
            0.6203550957263063
        ],
        "Head": [
            0.26151148191832363,
            0.5444149330313259
        ],
        "L_Collar": [
            0.30327953989556133,
            0.7313558012007324
        ],
        "L_Shoulder": [
            0.35429951441960067,
            0.6571500664580717
        ],
        "L_Elbow": [
            0.3882353238738279,
            0.8119078963997426
        ],
        "L_Wrist": [
            0.6716111933225467,
            0.8574541796763203
        ],
        "L_Hand": [
            0.7033651020474185,
            0.7962030589735944
        ],
        "R_Collar": [
            0.20238791680399104,
            0.7188269670452694
        ],
        "R_Shoulder": [
            0.15454158470608237,
            0.6373502036700243
        ],
        "R_Elbow": [
            0.12287113093459538,
            0.783721133736097
        ],
        "R_Wrist": [
            0.8457000884551633,
            0.8557967064068449
        ],
        "R_Hand": [
            0.8151970512019681,
            0.8015737924397913
        ]
    },
    "joints3D": {
        "Pelvis": [
            -0.04641761405337548,
            0.37487610380014386,
            -2.0676564344691033
        ],
        "L_Hip": [
            0.2043377313997832,
            0.3086170022013504,
            -2.399026489993996
        ],
        "L_Knee": [
            0.4304039654416715,
            -0.1363205368766037,
            -3.6423997884643837
        ],
        "L_Ankle": [
            0.46410911602289157,
            -0.14353130381939935,
            -5.05662466819217
        ],
        "L_Foot": [
            0.5822459809266536,
            -0.5525609902714073,
            -5.261248192433956
        ],
        "R_Hip": [
            -0.30945881585826257,
            0.33309456110018043,
            -2.38333469894958
        ],
        "R_Knee": [
            -0.5726386883587256,
            -0.04947344159189505,
            -3.6672601066089947
        ],
        "R_Ankle": [
            -0.6579286550244862,
            0.0200841220091682,
            -5.078320675756692
        ],
        "R_Foot": [
            -0.764434903605209,
            -0.4133121007688271,
            -5.229981264942968
        ],
        "Spine1": [
            -0.03676587968816498,
            0.5429011048300131,
            -1.7189605497127696
        ],
        "Spine2": [
            -0.010728087729939302,
            0.5894198563990168,
            -1.2539072741919737
        ],
        "Spine3": [
            -0.0007849455644678346,
            0.5262206988370166,
            -1.0570807117085066
        ],
        "Neck": [
            0.02264814405783734,
            0.6974408125037088,
            -0.2915992208440374
        ],
        "Head": [
            0.041712477006705835,
            0.49866023089278233,
            -0.07637835547937932
        ],
        "L_Collar": [
            0.2940977919354952,
            0.6329104490323253,
            -0.6299655211861028
        ],
        "L_Shoulder": [
            0.509406434969809,
            0.5564684277769926,
            -0.38538184430305705
        ],
        "L_Elbow": [
            0.9934876810380563,
            0.26212877962120185,
            -1.1195907551714464
        ],
        "L_Wrist": [
            0.35658244008570217,
            -0.24543586711935414,
            -0.8052343576788962
        ],
        "L_Hand": [
            0.19339820891792628,
            -0.39047527022005435,
            -0.6022749637043854
        ],
        "R_Collar": [
            -0.26107364533733374,
            0.6949918305390498,
            -0.6252449421508843
        ],
        "R_Shoulder": [
            -0.4864329612544607,
            0.6445507865718513,
            -0.3620281508732011
        ],
        "R_Elbow": [
            -0.9737802629944556,
            0.4854630241487932,
            -1.1088804868272761
        ],
        "R_Wrist": [
            -0.4833138707151091,
            -0.24375619928977313,
            -0.9183394007791289
        ],
        "R_Hand": [
            -0.3312241826640121,
            -0.46565560864795846,
            -0.789404721969238
        ]
    }
}