{
    "joints3D": {
        "Pelvis": [
            0.29846131213995175,
            -0.10465516788864523,
            -1.6552131844580547
        ],
        "L_Hip": [
            0.5015990518024362,
            -0.28806553635523097,
            -1.9116292366457135
        ],
        "L_Knee": [
            0.6876845905177638,
            -0.6147115788665046,
            -3.025526411293796
        ],
        "L_Ankle": [
            0.7434054395593842,
            -0.666317936846279,
            -4.287846342459032
        ],
        "L_Foot": [
            0.8626199182127352,
            -1.012094238547816,
            -4.463678028849808
        ],
        "R_Hip": [
            0.10740714257084256,
            -0.07222470562634063,
            -1.9649507094560352
        ],
        "R_Knee": [
            0.09794089893959505,
            0.0032009521577053487,
            -3.161549621044898
        ],
        "R_Ankle": [
            0.4652522797022622,
            0.4532438973223203,
            -4.283599485003477
        ],
        "R_Foot": [
            0.1997862176622134,
            0.18915562864288857,
            -4.453047132858327
        ],
        "Spine1": [
            0.3435068770163195,
            0.06767918472771318,
            -1.3552958215224915
        ],
        "Spine2": [
            0.32754121424807436,
            0.2153494808634357,
            -0.949857557591252
        ],
        "Spine3": [
            0.2461613608058805,
            0.18183685989164625,
            -0.780847856679101
        ],
        "Neck": [
            0.3077624456808397,
            0.5086767246222798,
            -0.15504865841486856
        ],
        "Head": [
            0.212265966020248,
            0.34353131199994486,
            0.020680215326526308
        ],
        "L_Collar": [
            0.4562467808125064,
            0.2234322623815836,
            -0.38289623433886827
        ],
        "L_Shoulder": [
            0.6134901161925828,
            0.011975659148101904,
            -0.32819183150051756
        ],
        "L_Elbow": [
            0.6943658599600335,
            -0.2039967296144866,
            -1.088134761560525
        ],
        "L_Wrist": [
            0.519550906279873,
            -0.5880277172255844,
            -1.703294028619482
        ],
        "L_Hand": [
            0.49775567854885555,
            -0.6566815487813119,
            -1.9440959216224376
        ],
        "R_Collar": [
            0.15804647686447906,
            0.5380478205176763,
            -0.5144927418805629
        ],
        "R_Shoulder": [
            -0.03896749060462677,
            0.7335337880339841,
            -0.559822869945633
        ],
        "R_Elbow": [
            0.03821480511028122,
            0.6987337053747118,
            -1.33655079192332
        ],
        "R_Wrist": [
            -0.2264836679372435,
            0.3973145937218994,
            -1.9923043024823184
        ],
        "R_Hand": [
            -0.2689637846458639,
            0.29808322476769183,
            -2.218848935089763
        ]
    },
    "joints2D": {
        "Pelvis": [
            0.7114077284046314,
            0.9404044809802339
        ],
        "L_Hip": [
            0.6970054873214233,
            0.9115704020126235
        ],
        "L_Knee": [
            0.705407061452292,
            0.9016187966250003
        ],
        "L_Ankle": [
            0.7149395986797139,
            0.9174019229734145
        ],
        "L_Foot": [
            0.7126227427249003,
            0.89816558938609
        ],
        "R_Hip": [
            0.7388873894374326,
            0.9535930813131762
        ],
        "R_Knee": [
            0.25586193358518045,
            0.9634489983495349
        ],
        "R_Ankle": [
            0.27234013946149976,
            0.9336751738350653
        ],
        "R_Foot": [
            0.258848632332727,
            0.9523061148131539
        ],
        "Spine1": [
            0.3044008987034381,
            0.937278138894949
        ],
        "Spine2": [
            0.3155426104220107,
            0.8853052966689618
        ],
        "Spine3": [
            0.310041965456434,
            0.8868203856105654
        ],
        "Neck": [
            0.33134186060306287,
            0.5806105811464256
        ],
        "Head": [
            0.33463435227859134,
            0.4805266983522777
        ],
        "L_Collar": [
            0.3902550883787812,
            0.734975834889454
        ],
        "L_Shoulder": [
            0.45238236430412887,
            0.7152686849307438
        ],
        "L_Elbow": [
            0.637021730574195,
            0.8556355560592847
        ],
        "L_Wrist": [
            0.6957944933725744,
            0.8616056145990041
        ],
        "L_Hand": [
            0.704028674875701,
            0.8669985329020892
        ],
        "R_Collar": [
            0.2844706063477641,
            0.730554696645091
        ],
        "R_Shoulder": [
            0.24158948378857464,
            0.6999012717179526
        ],
        "R_Elbow": [
            0.2534258575238903,
            0.8319590943149597
        ],
        "R_Wrist": [
            0.2252240163540809,
            0.909271376339009
        ],
        "R_Hand": [
            0.22267501766358927,
            0.925706588774714
        ]
    }
}