{
    "joints3D": {
        "Pelvis": [
            -0.47244952378010535,
            0.279465159198567,
            -1.6995244093124404
        ],
        "L_Hip": [
            -0.34275581284211243,
            0.17909076402144825,
            -2.0072647499899046
        ],
        "L_Knee": [
            -0.33639637735029787,
            0.11948408330955626,
            -3.203254429406212
        ],
        "L_Ankle": [
            -0.5440408681129834,
            0.49890271798820507,
            -4.400721691222883
        ],
        "L_Foot": [
            -0.5725061906990027,
            0.09183697021472362,
            -4.499557691020373
        ],
        "R_Hip": [
            -0.7327653931344247,
            0.26350853423750453,
            -1.9238052332150213
        ],
        "R_Knee": [
            -1.2570471887844685,
            -0.6127763494333471,
            -2.59248998797398
        ],
        "R_Ankle": [
            -1.382812528914361,
            -1.386970598466033,
            -3.595868224437716
        ],
        "R_Foot": [
            -1.6602606673699432,
            -1.6555100486657093,
            -3.4184631336144986
        ],
        "Spine1": [
            -0.3791136882751017,
            0.458205557157013,
            -1.4068787337996929
        ],
        "Spine2": [
            -0.2843271343022317,
            0.4081798461815407,
            -1.0022796140167889
        ],
        "Spine3": [
            -0.2545514512352795,
            0.3514701287562454,
            -0.8340602691683858
        ],
        "Neck": [
            -0.06195553933802105,
            0.4633955631345204,
            -0.2385269942937207
        ],
        "Head": [
            0.007257882800248888,
            0.30109487813078856,
            -0.05953267818086318
        ],
        "L_Collar": [
            0.08450948002334528,
            0.3631967972519323,
            -0.5498057490233131
        ],
        "L_Shoulder": [
            0.3225213876113673,
            0.2148442450486214,
            -0.49428410499000525
        ],
        "L_Elbow": [
            0.9109567883969238,
            -0.3408807367990553,
            -0.47838167068522625
        ],
        "L_Wrist": [
            1.279726253910099,
            -0.9454149937354479,
            -0.1449617906103526
        ],
        "L_Hand": [
            1.426928527343434,
            -1.1082247932334703,
            0.007870741052721713
        ],
        "R_Collar": [
            -0.3459762452026939,
            0.5450420399368782,
            -0.44693125612839824
        ],
        "R_Shoulder": [
            -0.5642441320635395,
            0.5968167493854207,
            -0.2340074847446086
        ],
        "R_Elbow": [
            -1.335623772621557,
            0.5498626943896557,
            -0.07796926943860953
        ],
        "R_Wrist": [
            -1.492080020688451,
            -0.207015204796775,
            0.14964083092840977
        ],
        "R_Hand": [
            -1.516628586323979,
            -0.45330653671247295,
            0.25021481035873355
        ]
    },
    "joints2D": {
        "Pelvis": [
            0.1917273249805203,
            0.9067515246209893
        ],
        "L_Hip": [
            0.21131650763979315,
            0.9344495125117247
        ],
        "L_Knee": [
            0.2247820148824869,
            0.9516714178994276
        ],
        "L_Ankle": [
            0.2218311142767648,
            0.9310154104271043
        ],
        "L_Foot": [
            0.21952736384980653,
            0.9549190745086378
        ],
        "R_Hip": [
            0.17158452711120115,
            0.9018929592701869
        ],
        "R_Knee": [
            0.840989695928257,
            0.8669862648527957
        ],
        "R_Ankle": [
            0.8183850385725088,
            0.8458734576615924
        ],
        "R_Foot": [
            0.8289226562381773,
            0.8166897294827875
        ],
        "Spine1": [
            0.19857477593858092,
            0.8688731699049989
        ],
        "Spine2": [
            0.19874369817460125,
            0.8490700213067951
        ],
        "Spine3": [
            0.19567097110810144,
            0.8444065412874038
        ],
        "Neck": [
            0.22953584048823322,
            0.6443935504357505
        ],
        "Head": [
            0.25233912889141913,
            0.5579453128427826
        ],
        "L_Collar": [
            0.2719206050912391,
            0.8001857475727462
        ],
        "L_Shoulder": [
            0.3504159965147434,
            0.8092347120952283
        ],
        "L_Elbow": [
            0.5828673497391945,
            0.6742463737842173
        ],
        "L_Wrist": [
            0.6072068887253317,
            0.529940380602707
        ],
        "L_Hand": [
            0.6103553137864041,
            0.49572709826193806
        ],
        "R_Collar": [
            0.1722640410950735,
            0.6946105274676677
        ],
        "R_Shoulder": [
            0.1343124270526417,
            0.5921132378124414
        ],
        "R_Elbow": [
            0.06844538626291181,
            0.5183210843156594
        ],
        "R_Wrist": [
            0.9654505386674606,
            0.4543400307647176
        ],
        "R_Hand": [
            0.9436534652887328,
            0.43383266485118116
        ]
    }
}