{
    "joints2D": {
        "Pelvis": [
            0.21601877622137927,
            0.8724997384865519
        ],
        "L_Hip": [
            0.23575617708505045,
            0.900825859164324
        ],
        "L_Knee": [
            0.2233212899924803,
            0.9550064267317618
        ],
        "L_Ankle": [
            0.21449989274543105,
            0.9402571178832563
        ],
        "L_Foot": [
            0.7816474792277796,
            0.9559473289992418
        ],
        "R_Hip": [
            0.19581179840666343,
            0.8667032432217262
        ],
        "R_Knee": [
            0.18452148864117462,
            0.8968598296354003
        ],
        "R_Ankle": [
            0.20707176633522303,
            0.876280791102727
        ],
        "R_Foot": [
            0.19714827543672148,
            0.8880119036927426
        ],
        "Spine1": [
            0.22275750458880528,
            0.8377880714467092
        ],
        "Spine2": [
            0.23048716391667656,
            0.7930686285068166
        ],
        "Spine3": [
            0.2255042216067336,
            0.7929697015842219
        ],
        "Neck": [
            0.2707490277652379,
            0.5659808748559559
        ],
        "Head": [
            0.2897076400446761,
            0.45217695090774235
        ],
        "L_Collar": [
            0.3013731324403525,
            0.727864862982104
        ],
        "L_Shoulder": [
            0.347442911393644,
            0.7979790040916895
        ],
        "L_Elbow": [
            0.7096854721106716,
            0.9369237886891275
        ],
        "L_Wrist": [
            0.7598333907176963,
            0.8017767448086207
        ],
        "L_Hand": [
            0.7758743770831755,
            0.7612559463111579
        ],
        "R_Collar": [
            0.21116313365197578,
            0.6388606387470371
        ],
        "R_Shoulder": [
            0.169616009756149,
            0.6001595971766668
        ],
        "R_Elbow": [
            0.19152724683554362,
            0.6856160666555023
        ],
        "R_Wrist": [
            0.2429077569151381,
            0.8056389019953493
        ],
        "R_Hand": [
            0.2663909680990467,
            0.8247340591951122
        ]
    },
    "joints3D": {
        "Pelvis": [
            -0.2693253003660494,
            0.5194197601864887,
            -1.5488601280643264
        ],
        "L_Hip": [
            -0.11813471916008172,
            0.44093487057731023,
            -1.8499028993212179
        ],
        "L_Knee": [
            -0.317142745720523,
            0.06725692201771724,
            -2.8665818746466205
        ],
        "L_Ankle": [
            -0.612084453703185,
            0.28144691290117313,
            -3.970805507665516
        ],
        "L_Foot": [
            -0.5463122038064737,
            -0.06353422631178877,
            -4.136417917409275
        ],
        "R_Hip": [
            -0.5090211744720106,
            0.5866141474840632,
            -1.7797149709301188
        ],
        "R_Knee": [
            -0.9074329291655409,
            0.5312409322230084,
            -2.827437384443145
        ],
        "R_Ankle": [
            -0.8324706342585606,
            1.1730407356998158,
            -3.794904542788091
        ],
        "R_Foot": [
            -1.0675843025590288,
            1.0011255623964002,
            -4.050416830295386
        ],
        "Spine1": [
            -0.19065496141809873,
            0.6099214616817074,
            -1.254048023625851
        ],
        "Spine2": [
            -0.10781574961658223,
            0.6144179010960784,
            -0.8783228149245563
        ],
        "Spine3": [
            -0.11583858834013787,
            0.5154306465957597,
            -0.74019650216702
        ],
        "Neck": [
            0.08303154646886154,
            0.5701944513572179,
            -0.12900747786918143
        ],
        "Head": [
            0.11715531904832685,
            0.429858907696835,
            0.06433941133725936
        ],
        "L_Collar": [
            0.2064502530779909,
            0.4662395697737425,
            -0.45137601401949495
        ],
        "L_Shoulder": [
            0.37464254549549214,
            0.28373829637965603,
            -0.5701003574782378
        ],
        "L_Elbow": [
            0.23101833995894397,
            -0.09034448929856399,
            -1.2185903434916106
        ],
        "L_Wrist": [
            -0.06205477851099573,
            -0.7370775324962674,
            -1.114808027209089
        ],
        "L_Hand": [
            -0.2009029789693616,
            -0.9362223341167194,
            -1.0816144361456883
        ],
        "R_Collar": [
            -0.18181069794544608,
            0.6863962169306329,
            -0.3434052406970025
        ],
        "R_Shoulder": [
            -0.4508274772316814,
            0.7757375020719605,
            -0.2934489103883281
        ],
        "R_Elbow": [
            -0.5392772946970614,
            1.2136887527137876,
            -0.8891327471147473
        ],
        "R_Wrist": [
            -0.0475199340665582,
            0.8219581572411376,
            -1.2778363568660864
        ],
        "R_Hand": [
            0.15300375139922395,
            0.7761187259366068,
            -1.4113309702582177
        ]
    }
}