{
    "joints2D": {
        "Pelvis": [
            0.21840276361171657,
            0.9227504521602858
        ],
        "L_Hip": [
            0.24019181139325657,
            0.919946037700522
        ],
        "L_Knee": [
            0.2624222240443482,
            0.9445270329399575
        ],
        "L_Ankle": [
            0.25299776717206923,
            0.9437580182787234
        ],
        "L_Foot": [
            0.2588585986632648,
            0.9543071123783035
        ],
        "R_Hip": [
            0.20146976038045458,
            0.9381894935394025
        ],
        "R_Knee": [
            0.7943812086231896,
            0.9314964213890642
        ],
        "R_Ankle": [
            0.792004021525621,
            0.94038503891995
        ],
        "R_Foot": [
            0.7834742640129633,
            0.9302183708639936
        ],
        "Spine1": [
            0.20827533752587446,
            0.8945739421437434
        ],
        "Spine2": [
            0.19907245650905345,
            0.8528786207390509
        ],
        "Spine3": [
            0.19967437475571484,
            0.8520657508740438
        ],
        "Neck": [
            0.16645933355072415,
            0.6154204497863359
        ],
        "Head": [
            0.163940973230279,
            0.49028406657418894
        ],
        "L_Collar": [
            0.2284398270521324,
            0.7254907474094408
        ],
        "L_Shoulder": [
            0.27191560047761787,
            0.6893832593932696
        ],
        "L_Elbow": [
            0.27968021312478053,
            0.8030165764211463
        ],
        "L_Wrist": [
            0.30918244000803774,
            0.9090284472174032
        ],
        "L_Hand": [
            0.3166467413170909,
            0.9373777265380874
        ],
        "R_Collar": [
            0.13114637073441412,
            0.7376948879618389
        ],
        "R_Shoulder": [
            0.08530419834482734,
            0.7099048601064443
        ],
        "R_Elbow": [
            0.10966218486709363,
            0.8311026058085954
        ],
        "R_Wrist": [
            0.8407352369327712,
            0.8632459059576532
        ],
        "R_Hand": [
            0.8233982071977568,
            0.8519366657226833
        ]
    },
    "joints3D": {
        "Pelvis": [
            -0.2454068829301031,
            0.2446435190999431,
            -1.7264843922670472
        ],
        "L_Hip": [
            -0.08056886467359238,
            0.33490455887805415,
            -2.015121664522704
        ],
        "L_Knee": [
            0.1908502098797121,
            0.21869292767661488,
            -3.096915667250356
        ],
        "L_Ankle": [
            0.0832553353291825,
            0.32558548322745645,
            -4.2662432161957895
        ],
        "L_Foot": [
            0.20604456705307778,
            0.16072875990049446,
            -4.60823644140549
        ],
        "R_Hip": [
            -0.42426878585689615,
            0.12140249150542856,
            -1.982795272060583
        ],
        "R_Knee": [
            -0.6020461267740622,
            -0.28225086766912133,
            -3.038138942511135
        ],
        "R_Ankle": [
            -0.7708389877912197,
            -0.2620917370671815,
            -4.2017208801007975
        ],
        "R_Foot": [
            -0.6677647171083607,
            -0.5008702804682967,
            -4.500920293588878
        ],
        "Spine1": [
            -0.28907602553353445,
            0.33941502868551693,
            -1.4225770951884729
        ],
        "Spine2": [
            -0.27998500631581613,
            0.393613906430538,
            -1.0042754271965666
        ],
        "Spine3": [
            -0.23295792854889177,
            0.33447874513467946,
            -0.8439322883260804
        ],
        "Neck": [
            -0.3016382294689322,
            0.48781504591560376,
            -0.2168047862216305
        ],
        "Head": [
            -0.21798512368840764,
            0.35976339711682825,
            0.009005738524613881
        ],
        "L_Collar": [
            -0.09009680502270977,
            0.5596179198821759,
            -0.5088940743624385
        ],
        "L_Shoulder": [
            0.12679337640118007,
            0.7299614180711944,
            -0.5232615838301731
        ],
        "L_Elbow": [
            0.26200061068171987,
            0.8250609963855287,
            -1.2903560306491595
        ],
        "L_Wrist": [
            0.4996407269667478,
            0.25226783635633493,
            -1.6990512966190174
        ],
        "L_Hand": [
            0.5654609556269268,
            0.043813693235107004,
            -1.8296816915859202
        ],
        "R_Collar": [
            -0.4892229130731477,
            0.3615387928579078,
            -0.5005117752061665
        ],
        "R_Shoulder": [
            -0.7592057279239532,
            0.2671896159374,
            -0.49414378369173695
        ],
        "R_Elbow": [
            -1.0043410180404877,
            0.19238719756031022,
            -1.2061852060775453
        ],
        "R_Wrist": [
            -0.7880522787762854,
            -0.4067793903975592,
            -1.613388738384818
        ],
        "R_Hand": [
            -0.7077192972363091,
            -0.6065902622730627,
            -1.7420684469963352
        ]
    }
}