{
    "joints2D": {
        "Pelvis": [
            0.875344534052638,
            0.8236325078398552
        ],
        "L_Hip": [
            0.8625152903582685,
            0.8536847374368769
        ],
        "L_Knee": [
            0.8159868450878981,
            0.8471052855703994
        ],
        "L_Ankle": [
            0.8461470885212434,
            0.8261263225687188
        ],
        "L_Foot": [
            0.8298936335518201,
            0.8299634301145672
        ],
        "R_Hip": [
            0.8683665733874455,
            0.7902072314610448
        ],
        "R_Knee": [
            0.7715041431914482,
            0.7798084303373581
        ],
        "R_Ankle": [
            0.8354257170356371,
            0.7850301610984616
        ],
        "R_Foot": [
            0.8202053669789429,
            0.7782956543047626
        ],
        "Spine1": [
            0.8997666615679554,
            0.8153152801062752
        ],
        "Spine2": [
            0.9162865044845813,
            0.8182674853574751
        ],
        "Spine3": [
            0.9137767200481814,
            0.8219406281416046
        ],
        "Neck": [
            0.08134327271199082,
            0.5790520698633814
        ],
        "Head": [
            0.09932372366319417,
            0.39967476136112035
        ],
        "L_Collar": [
            0.12421386498179218,
            0.7485273520784395
        ],
        "L_Shoulder": [
            0.17446972524458945,
            0.7511420369226728
        ],
        "L_Elbow": [
            0.1789019950483922,
            0.8361936707977
        ],
        "L_Wrist": [
            0.22547267945812227,
            0.9535507030157824
        ],
        "L_Hand": [
            0.7586681892741562,
            0.9450137402359894
        ],
        "R_Collar": [
            0.9715454462064107,
            0.6493346465111707
        ],
        "R_Shoulder": [
            0.955313440531328,
            0.5533673458082895
        ],
        "R_Elbow": [
            0.9229998517453593,
            0.6507636975456492
        ],
        "R_Wrist": [
            0.860881019375047,
            0.6718890535391217
        ],
        "R_Hand": [
            0.8453013209967045,
            0.6747254976589834
        ]
    },
    "joints3D": {
        "Pelvis": [
            -1.0358610799209973,
            -0.37076697662986685,
            -1.3632732710478537
        ],
        "L_Hip": [
            -1.0637637940660705,
            -0.35647451075000147,
            -1.7053764632023332
        ],
        "L_Knee": [
            -0.9641286822548083,
            -1.007531026087482,
            -2.6093434472662334
        ],
        "L_Ankle": [
            -1.8921128512247378,
            -1.2709636039322263,
            -3.282097091376751
        ],
        "L_Foot": [
            -1.662955895070389,
            -1.4905617469914116,
            -3.5222128389684295
        ],
        "R_Hip": [
            -1.1677894397043647,
            -0.6626366944990297,
            -1.4617574804183164
        ],
        "R_Knee": [
            -0.23979172506224974,
            -1.2888053328787197,
            -1.6814556741422109
        ],
        "R_Ankle": [
            -1.2879080748627898,
            -1.3514461860336011,
            -2.204148488687156
        ],
        "R_Foot": [
            -1.181752126715188,
            -1.670762588031798,
            -2.411792450408244
        ],
        "Spine1": [
            -1.030934749657569,
            -0.18157654910144466,
            -1.1046271352768853
        ],
        "Spine2": [
            -0.8059096575295296,
            -0.027334115709927404,
            -0.7842364906622643
        ],
        "Spine3": [
            -0.6707003212222303,
            -0.026631145577258635,
            -0.6703327378212033
        ],
        "Neck": [
            -0.4622314668974953,
            0.2287485073105901,
            -0.11296133497030715
        ],
        "Head": [
            -0.2918594386912818,
            0.18921215085767754,
            0.09539322631769911
        ],
        "L_Collar": [
            -0.4692139982190176,
            0.2945341036185533,
            -0.4737200700054329
        ],
        "L_Shoulder": [
            -0.3569666549443295,
            0.505388115536194,
            -0.6108765110295817
        ],
        "L_Elbow": [
            -0.5611268433832007,
            0.5726973601175417,
            -1.363449798795998
        ],
        "L_Wrist": [
            -0.17501031306279688,
            0.05289838541490993,
            -1.7232706387986374
        ],
        "L_Hand": [
            -0.06056749729103509,
            -0.13168159098636914,
            -1.8549817196042164
        ],
        "R_Collar": [
            -0.7078536558669747,
            -0.002195398258566735,
            -0.2444075099405823
        ],
        "R_Shoulder": [
            -0.8870542186864454,
            -0.18741168432395583,
            -0.12196382753723825
        ],
        "R_Elbow": [
            -1.3590834781435301,
            -0.5206302175539476,
            -0.6076445090775987
        ],
        "R_Wrist": [
            -1.1674130847382125,
            -1.1745576159031406,
            -0.93057671468724
        ],
        "R_Hand": [
            -1.1092164912467546,
            -1.3879524350094237,
            -1.047568012767129
        ]
    }
}