{
    "joints3D": {
        "Pelvis": [
            -0.1837741588873465,
            1.0125423722824243,
            -1.755701339780911
        ],
        "L_Hip": [
            -0.03199466546231583,
            1.0854216216890151,
            -2.0448811961998223
        ],
        "L_Knee": [
            -0.10855067230193725,
            1.4962428336146316,
            -3.15438896035587
        ],
        "L_Ankle": [
            -0.3263925393928284,
            2.2751260411854073,
            -4.000621692923408
        ],
        "L_Foot": [
            -0.3096883711663795,
            2.074859813159011,
            -4.365948065791766
        ],
        "R_Hip": [
            -0.40375000097004626,
            1.0555167827016207,
            -1.994465376489095
        ],
        "R_Knee": [
            -0.6634715613372593,
            0.7335908804906658,
            -3.097656015043846
        ],
        "R_Ankle": [
            -0.6994959962265693,
            0.7428635033290433,
            -4.2574137242891785
        ],
        "R_Foot": [
            -0.8951264915832147,
            0.4216780732790669,
            -4.427867612586133
        ],
        "Spine1": [
            -0.15293311719545324,
            1.040204683013917,
            -1.415683830800263
        ],
        "Spine2": [
            -0.07367084653148247,
            0.8691716426709818,
            -0.9953675046220111
        ],
        "Spine3": [
            -0.06234049893971019,
            0.7777723106066653,
            -0.8341877489445761
        ],
        "Neck": [
            -0.002348316733278525,
            0.6505624796408267,
            -0.19826617062186244
        ],
        "Head": [
            0.005615020360410961,
            0.5187840006139695,
            0.06026869547716854
        ],
        "L_Collar": [
            0.1933797513750308,
            0.6999521011094965,
            -0.49777625156895766
        ],
        "L_Shoulder": [
            0.4461277962080553,
            0.6484978036034251,
            -0.6114498880781126
        ],
        "L_Elbow": [
            0.5057717505395163,
            0.6450970719076377,
            -1.3429368382216909
        ],
        "L_Wrist": [
            0.4864790122194734,
            0.34336673197648204,
            -2.004535616704667
        ],
        "L_Hand": [
            0.49844573885325427,
            0.2638137718259287,
            -2.253864699234617
        ],
        "R_Collar": [
            -0.22805674433984424,
            0.8143876235088241,
            -0.43726970894516837
        ],
        "R_Shoulder": [
            -0.5134007753009305,
            0.9014094961307074,
            -0.4875927274417153
        ],
        "R_Elbow": [
            -0.7029538479755535,
            1.022321526693864,
            -1.1591557091780733
        ],
        "R_Wrist": [
            -1.0573487511390383,
            0.8310425225440135,
            -1.792833501093934
        ],
        "R_Hand": [
            -1.2093127524011023,
            0.7770585364088769,
            -1.9953978173222489
        ]
    },
    "joints2D": {
        "Pelvis": [
            0.23180702189746177,
            0.8189379756014283
        ],
        "L_Hip": [
            0.24603680734451536,
            0.830206042691353
        ],
        "L_Knee": [
            0.24269143243600197,
            0.8430789059674919
        ],
        "L_Ankle": [
            0.23543145653540823,
            0.8211111117422318
        ],
        "L_Foot": [
            0.2364005865751997,
            0.8424188363300393
        ],
        "R_Hip": [
            0.21533863659859087,
            0.8263031293692723
        ],
        "R_Knee": [
            0.20612709311207586,
            0.8942684324552413
        ],
        "R_Ankle": [
            0.21448078429698594,
            0.9131119134460843
        ],
        "R_Foot": [
            0.20484296582360012,
            0.9305917475939838
        ],
        "Spine1": [
            0.23302286205972586,
            0.7864387655180145
        ],
        "Spine2": [
            0.23885998949855908,
            0.7615934836705054
        ],
        "Spine3": [
            0.23913518213713783,
            0.7516883585051015
        ],
        "Neck": [
            0.2480967719508292,
            0.5892313237920144
        ],
        "Head": [
            0.25031546011363154,
            0.4613435817449864
        ],
        "L_Collar": [
            0.2853419551594563,
            0.6862239250563822
        ],
        "L_Shoulder": [
            0.3274688799581918,
            0.7133602110961491
        ],
        "L_Elbow": [
            0.31063263180087847,
            0.8264842187031816
        ],
        "L_Wrist": [
            0.29850994778642576,
            0.9082498628567437
        ],
        "L_Hand": [
            0.2957762711153836,
            0.9235510243567246
        ],
        "R_Collar": [
            0.20948503548510714,
            0.6474369076929696
        ],
        "R_Shoulder": [
            0.17356747872414738,
            0.6398825156547988
        ],
        "R_Elbow": [
            0.17441825538889222,
            0.7420670172343588
        ],
        "R_Wrist": [
            0.1562245070041869,
            0.810685220961466
        ],
        "R_Hand": [
            0.15011658743415537,
            0.8224193521749344
        ]
    }
}