{
    "joints3D": {
        "Pelvis": [
            -0.4881023170892673,
            0.3215976118051225,
            -1.7806696025068718
        ],
        "L_Hip": [
            -0.3935491358380529,
            0.2494752868303366,
            -2.094389708361625
        ],
        "L_Knee": [
            -0.4829521010377925,
            -0.4683126690553651,
            -3.0376926821134624
        ],
        "L_Ankle": [
            -0.9492376631395092,
            -0.3870736104399595,
            -4.111660747919202
        ],
        "L_Foot": [
            -0.8958024497200399,
            -0.73731734062327,
            -4.333556047272522
        ],
        "R_Hip": [
            -0.74502447452632,
            0.22287421328905546,
            -1.9597033011342788
        ],
        "R_Knee": [
            -1.2293337492518779,
            -0.27280757850595194,
            -2.9163460050486583
        ],
        "R_Ankle": [
            -1.5621433958825588,
            -0.349934774742548,
            -4.028457226181555
        ],
        "R_Foot": [
            -1.6763491302905642,
            -0.7477537575233542,
            -4.019537430820422
        ],
        "Spine1": [
            -0.41314416666878334,
            0.5190585118987775,
            -1.509863775718739
        ],
        "Spine2": [
            -0.2456851710411109,
            0.54510492388811,
            -1.0802182197394905
        ],
        "Spine3": [
            -0.19276425262898625,
            0.5061904143517518,
            -0.9060706895036679
        ],
        "Neck": [
            -0.040349798795204735,
            0.561749412599196,
            -0.2735429812613646
        ],
        "Head": [
            0.04285153431885187,
            0.4647964402712772,
            -0.012027858460185673
        ],
        "L_Collar": [
            0.10364400461601649,
            0.5892419560489648,
            -0.6046790814109468
        ],
        "L_Shoulder": [
            0.34375256274918303,
            0.6310692649857628,
            -0.7477420007672382
        ],
        "L_Elbow": [
            0.25955786573787676,
            0.6293763930214349,
            -1.478756811865133
        ],
        "L_Wrist": [
            0.22144682704276966,
            0.24202352178008724,
            -2.0955336962357007
        ],
        "L_Hand": [
            0.18838352383402412,
            0.1413968911441251,
            -2.33590577221786
        ],
        "R_Collar": [
            -0.32660508166324154,
            0.5911729906264559,
            -0.5033413940917862
        ],
        "R_Shoulder": [
            -0.629423319129537,
            0.593846063210129,
            -0.5207108659439591
        ],
        "R_Elbow": [
            -0.952051413131127,
            0.6119885543914674,
            -1.1529821457116658
        ],
        "R_Wrist": [
            -1.3709098173958638,
            0.4136663583814161,
            -1.7462115090366082
        ],
        "R_Hand": [
            -1.5305180246798769,
            0.36831280471165034,
            -1.9458622184877559
        ]
    },
    "joints2D": {
        "Pelvis": [
            0.19300908855981933,
            0.9031917474375166
        ],
        "L_Hip": [
            0.20839727051393114,
            0.9256239902879674
        ],
        "L_Knee": [
            0.7848507594090395,
            0.9186022251316794
        ],
        "L_Ankle": [
            0.801128423132009,
            0.928441722708596
        ],
        "L_Foot": [
            0.7941587478185393,
            0.9113837868004859
        ],
        "R_Hip": [
            0.1706995238537128,
            0.9073168283840986
        ],
        "R_Knee": [
            0.8375819367340547,
            0.9063770548938739
        ],
        "R_Ankle": [
            0.8318615891180239,
            0.9124845213572066
        ],
        "R_Foot": [
            0.8324857995072544,
            0.8863345367305114
        ],
        "Spine1": [
            0.19842249289430894,
            0.8643388103343526
        ],
        "Spine2": [
            0.21073834442943087,
            0.8305828865464059
        ],
        "Spine3": [
            0.21436541133544257,
            0.8195039914627005
        ],
        "Neck": [
            0.23826419900096588,
            0.6379814185137932
        ],
        "Head": [
            0.26292088226024857,
            0.5052987856999025
        ],
        "L_Collar": [
            0.2697722859348665,
            0.7438470401396431
        ],
        "L_Shoulder": [
            0.307925456274936,
            0.755196324429086
        ],
        "L_Elbow": [
            0.27967556049078995,
            0.8509002310482788
        ],
        "L_Wrist": [
            0.2715730365202035,
            0.9312849208713697
        ],
        "L_Hand": [
            0.2667588944512282,
            0.9465892406121597
        ],
        "R_Collar": [
            0.18161903220697145,
            0.7038628843164748
        ],
        "R_Shoulder": [
            0.13632611256331673,
            0.6831153829044438
        ],
        "R_Elbow": [
            0.13358104006762705,
            0.7759701429321325
        ],
        "R_Wrist": [
            0.11966926254222797,
            0.8258417318226458
        ],
        "R_Hand": [
            0.1164882440196121,
            0.8333147795078718
        ]
    }
}