{
    "joints3D": {
        "Pelvis": [
            -0.46238026609229504,
            -0.44339364326198405,
            -1.4527205483475834
        ],
        "L_Hip": [
            -0.368380992418381,
            -0.5593754754156236,
            -1.71792857217731
        ],
        "L_Knee": [
            -0.4864101854408064,
            -1.1667625395974186,
            -2.5416900544818297
        ],
        "L_Ankle": [
            -0.8322180292242289,
            -1.6565279419316987,
            -3.4686183759049607
        ],
        "L_Foot": [
            -0.69063230053969,
            -1.9997336292244947,
            -3.4462432955936353
        ],
        "R_Hip": [
            -0.6931362676352046,
            -0.581058790024532,
            -1.585468209893711
        ],
        "R_Knee": [
            -1.022719757838079,
            -1.167202839862174,
            -2.396331401236977
        ],
        "R_Ankle": [
            -1.222408619050994,
            -1.637717541365124,
            -3.376620374200086
        ],
        "R_Foot": [
            -1.257649535565525,
            -1.9862940589086744,
            -3.240449325051994
        ],
        "Spine1": [
            -0.40627805190968647,
            -0.202761768861139,
            -1.2531453180793115
        ],
        "Spine2": [
            -0.2690876050979366,
            -0.011134481930602971,
            -0.9528485143248389
        ],
        "Spine3": [
            -0.21334437747332718,
            0.02186193610831449,
            -0.8030720062550193
        ],
        "Neck": [
            -0.07065004474340697,
            0.3746953681410112,
            -0.35307939911962655
        ],
        "Head": [
            0.008847346065718036,
            0.3208645941070296,
            -0.14600902537874244
        ],
        "L_Collar": [
            0.07432073779815614,
            0.256931117532047,
            -0.6350681438107278
        ],
        "L_Shoulder": [
            0.31090664135858254,
            0.3130352569969127,
            -0.7544155658071445
        ],
        "L_Elbow": [
            0.19670530237801045,
            -0.029553809538705064,
            -1.373145253594985
        ],
        "L_Wrist": [
            0.2163368161814993,
            -0.5734291321885082,
            -1.8041051490003204
        ],
        "L_Hand": [
            0.18428801764923364,
            -0.7012477568246728,
            -2.0055435809957656
        ],
        "R_Collar": [
            -0.35322414891218046,
            0.24715795258880652,
            -0.4927855415320695
        ],
        "R_Shoulder": [
            -0.6299161277822135,
            0.2823209934006116,
            -0.41691126794120403
        ],
        "R_Elbow": [
            -0.9051541649248673,
            -0.016487871678054083,
            -0.9843791368896233
        ],
        "R_Wrist": [
            -1.2106702910039033,
            -0.5346330837575628,
            -1.3553921080278786
        ],
        "R_Hand": [
            -1.2857327241458685,
            -0.6833524547023382,
            -1.5264099801999165
        ]
    },
    "joints2D": {
        "Pelvis": [
            0.8106251824821721,
            0.8696931528304398
        ],
        "L_Hip": [
            0.7916005209189618,
            0.872614576659221
        ],
        "L_Knee": [
            0.784389179683464,
            0.842477899706957
        ],
        "L_Ankle": [
            0.7919851270354616,
            0.8359380607407687
        ],
        "L_Foot": [
            0.7832332514862046,
            0.8153895789523681
        ],
        "R_Hip": [
            0.8273667345581263,
            0.8450016215613156
        ],
        "R_Knee": [
            0.8204722546624245,
            0.821162127866396
        ],
        "R_Ankle": [
            0.810968659160739,
            0.826600013942037
        ],
        "R_Foot": [
            0.809951749198461,
            0.7992233568094325
        ],
        "Spine1": [
            0.8170758745455677,
            0.9026856308896427
        ],
        "Spine2": [
            0.8143689808392625,
            0.9435258060056874
        ],
        "Spine3": [
            0.18962255863884742,
            0.941599942805757
        ],
        "Neck": [
            0.22530528347616563,
            0.7305299691788271
        ],
        "Head": [
            0.25266298578302737,
            0.6300233836977344
        ],
        "L_Collar": [
            0.2697509838350881,
            0.8580455764913645
        ],
        "L_Shoulder": [
            0.31868597307402013,
            0.8372096566219122
        ],
        "L_Elbow": [
            0.7186695148710259,
            0.9536708492859541
        ],
        "L_Wrist": [
            0.7284653955007268,
            0.8791123999428783
        ],
        "L_Hand": [
            0.7341372321595956,
            0.8721132244183984
        ],
        "R_Collar": [
            0.14324736698624302,
            0.791354283335527
        ],
        "R_Shoulder": [
            0.0943325221845627,
            0.7015417701578321
        ],
        "R_Elbow": [
            0.9081918227324576,
            0.8384029708470098
        ],
        "R_Wrist": [
            0.8812521778415845,
            0.7881241399564854
        ],
        "R_Hand": [
            0.8730704102420769,
            0.786272648955675
        ]
    }
}