{
    "joints2D": {
        "Pelvis": [
            0.2205160434569924,
            0.9226632886814711
        ],
        "L_Hip": [
            0.25075390751983295,
            0.9462383165759821
        ],
        "L_Knee": [
            0.7454848364144161,
            0.8872980584778674
        ],
        "L_Ankle": [
            0.7557824771360168,
            0.8912338493197288
        ],
        "L_Foot": [
            0.7497761064267938,
            0.865032996319986
        ],
        "R_Hip": [
            0.19242934776290213,
            0.9340811351272137
        ],
        "R_Knee": [
            0.7969281435166435,
            0.8539677464501034
        ],
        "R_Ankle": [
            0.786371771896986,
            0.9362953534332238
        ],
        "R_Foot": [
            0.7881734947287768,
            0.9176626711797856
        ],
        "Spine1": [
            0.2203853728306729,
            0.869918044858968
        ],
        "Spine2": [
            0.226547838135739,
            0.8096896376394891
        ],
        "Spine3": [
            0.2263850959846553,
            0.7993561064078285
        ],
        "Neck": [
            0.25003408236639835,
            0.4656690198447989
        ],
        "Head": [
            0.25783762783242037,
            0.33665409046047085
        ],
        "L_Collar": [
            0.304975758398742,
            0.6351710295293582
        ],
        "L_Shoulder": [
            0.36134155854256383,
            0.6144380744313753
        ],
        "L_Elbow": [
            0.33549538368850795,
            0.8064471191561031
        ],
        "L_Wrist": [
            0.3427546647129064,
            0.9210376636616765
        ],
        "L_Hand": [
            0.6683279153317878,
            0.9229500142758844
        ],
        "R_Collar": [
            0.18088205398199667,
            0.5971888168591238
        ],
        "R_Shoulder": [
            0.13792724534906345,
            0.5471564314427583
        ],
        "R_Elbow": [
            0.14526693172902744,
            0.7378102626309595
        ],
        "R_Wrist": [
            0.12448756211458283,
            0.8411030907037791
        ],
        "R_Hand": [
            0.1283736524707672,
            0.8684173910723045
        ]
    },
    "joints3D": {
        "Pelvis": [
            -0.1756293072071753,
            0.19132754083221107,
            -1.3281532643413638
        ],
        "L_Hip": [
            0.015051777025522954,
            0.10737074940498816,
            -1.5993493948348212
        ],
        "L_Knee": [
            0.07053734796860547,
            -0.6871834041186852,
            -2.3417870926816513
        ],
        "L_Ankle": [
            -0.07745746117002111,
            -0.959490259997895,
            -3.448911642106427
        ],
        "L_Foot": [
            0.02981945635141792,
            -1.3277579748194652,
            -3.4646124389438913
        ],
        "R_Hip": [
            -0.4009332940124014,
            0.09540794850033611,
            -1.5577386259219625
        ],
        "R_Knee": [
            -0.5455453895435274,
            -0.8410642533303655,
            -2.135070113197033
        ],
        "R_Ankle": [
            -0.4992816910147174,
            -0.2659089001187535,
            -3.1301309264715726
        ],
        "R_Foot": [
            -0.5950767289764118,
            -0.5229465996950219,
            -3.39752489195224
        ],
        "Spine1": [
            -0.162830543973734,
            0.37599743142915926,
            -1.073693690429703
        ],
        "Spine2": [
            -0.09942594487654584,
            0.43305138878232324,
            -0.7029536185187197
        ],
        "Spine3": [
            -0.08102263999473762,
            0.3659008821918827,
            -0.5498419105741603
        ],
        "Neck": [
            0.0049152861283411125,
            0.5463947782231334,
            0.055784135258311655
        ],
        "Head": [
            0.023552246617138718,
            0.36169681434720463,
            0.20568885389678368
        ],
        "L_Collar": [
            0.19442496667717038,
            0.4767645245022519,
            -0.23794454102218332
        ],
        "L_Shoulder": [
            0.46598598322042883,
            0.49178654718090276,
            -0.2422035570397909
        ],
        "L_Elbow": [
            0.5564789219561015,
            0.49709099879235685,
            -0.9904171156617946
        ],
        "L_Wrist": [
            0.6673380148418138,
            0.0185982629855744,
            -1.502378918695669
        ],
        "L_Hand": [
            0.6742370286993632,
            -0.06864312843574759,
            -1.7282791131502644
        ],
        "R_Collar": [
            -0.2541630180009753,
            0.5251765723156399,
            -0.1873726704971556
        ],
        "R_Shoulder": [
            -0.5206692686733411,
            0.5962088921388402,
            -0.11727402576744919
        ],
        "R_Elbow": [
            -0.7101331432429207,
            0.6561134080204578,
            -0.8261557221526684
        ],
        "R_Wrist": [
            -0.9968267889647818,
            0.27551124868439536,
            -1.3802623299771786
        ],
        "R_Hand": [
            -1.035722283703863,
            0.17638343537292833,
            -1.5980712950063247
        ]
    }
}