{
    "joints2D": {
        "Pelvis": [
            0.23512553376098563,
            0.8280691132981003
        ],
        "L_Hip": [
            0.25793330147075677,
            0.8550355407080016
        ],
        "L_Knee": [
            0.6959940684523672,
            0.9234860950322191
        ],
        "L_Ankle": [
            0.7066628989500705,
            0.8422562660790238
        ],
        "L_Foot": [
            0.6991321474444732,
            0.8046230754152863
        ],
        "R_Hip": [
            0.21505950790982462,
            0.8571623235921478
        ],
        "R_Knee": [
            0.7918861125908773,
            0.9072646075130792
        ],
        "R_Ankle": [
            0.7639540433750034,
            0.8336729436109485
        ],
        "R_Foot": [
            0.7702275031167254,
            0.79658758320392
        ],
        "Spine1": [
            0.23273780338454,
            0.7749256459755753
        ],
        "Spine2": [
            0.234203856646163,
            0.7497662067180859
        ],
        "Spine3": [
            0.23577657315062375,
            0.7580038726069666
        ],
        "Neck": [
            0.23330300646946575,
            0.5739305941954362
        ],
        "Head": [
            0.24295974494704115,
            0.49835530973153774
        ],
        "L_Collar": [
            0.28081218875180297,
            0.6693470539523215
        ],
        "L_Shoulder": [
            0.3356694899439325,
            0.6801801129710234
        ],
        "L_Elbow": [
            0.5507836651936279,
            0.7162726357717514
        ],
        "L_Wrist": [
            0.6062119618429629,
            0.6429585291653057
        ],
        "L_Hand": [
            0.628115662005025,
            0.6399081484084111
        ],
        "R_Collar": [
            0.19085509627699782,
            0.6584199512624268
        ],
        "R_Shoulder": [
            0.1358067118295297,
            0.6508716803704597
        ],
        "R_Elbow": [
            0.9268396269737722,
            0.7144661803997295
        ],
        "R_Wrist": [
            0.8398921737574725,
            0.6412177880719332
        ],
        "R_Hand": [
            0.810676962959732,
            0.6222187476090572
        ]
    },
    "joints3D": {
        "Pelvis": [
            -0.13952778798352056,
            0.9173613221498195,
            -1.7074094660543326
        ],
        "L_Hip": [
            0.10422895041086785,
            0.8488347055327865,
            -2.00646922920576
        ],
        "L_Knee": [
            0.6085627245679018,
            -0.2417517298682914,
            -2.342394124043027
        ],
        "L_Ankle": [
            0.7862417312286115,
            -1.3486289056326963,
            -3.034207975048845
        ],
        "L_Foot": [
            0.9580648044529401,
            -1.69162490137659,
            -2.8189885628398232
        ],
        "R_Hip": [
            -0.37070132075652434,
            0.78814066561262,
            -1.98631252309431
        ],
        "R_Knee": [
            -0.4572931914623192,
            -0.43750178826954206,
            -2.313026474952545
        ],
        "R_Ankle": [
            -0.2245951559827023,
            -1.5384600955618069,
            -2.999188327466139
        ],
        "R_Foot": [
            -0.34156687458036433,
            -1.8463417487439369,
            -2.709038843106747
        ],
        "Spine1": [
            -0.16182277232709344,
            1.1236586568368696,
            -1.4125495421942678
        ],
        "Spine2": [
            -0.11589853002525942,
            0.9545571234134417,
            -1.0134228179028393
        ],
        "Spine3": [
            -0.08866745547098259,
            0.8022728486767463,
            -0.8984832525386167
        ],
        "Neck": [
            -0.07033750552172174,
            0.695848152081911,
            -0.1757440149511633
        ],
        "Head": [
            -0.017988301704129194,
            0.4916096957687379,
            -0.001698131490905143
        ],
        "L_Collar": [
            0.18204953339754015,
            0.7752655558526506,
            -0.4868416357464366
        ],
        "L_Shoulder": [
            0.4285719805451983,
            0.5880911144229805,
            -0.45034114584354074
        ],
        "L_Elbow": [
            1.0103206673483052,
            -0.04207087627501139,
            -0.5515396153557481
        ],
        "L_Wrist": [
            1.2714589056318413,
            -0.8070336362060266,
            -0.6380472421126663
        ],
        "L_Hand": [
            1.2165716208211232,
            -1.0710358127552113,
            -0.7039512858617984
        ],
        "R_Collar": [
            -0.33788078860717463,
            0.7826224708206642,
            -0.47109175526617897
        ],
        "R_Shoulder": [
            -0.5692576969017952,
            0.5686350087580903,
            -0.38743331836248907
        ],
        "R_Elbow": [
            -0.8627668696105366,
            -0.2085302697557844,
            -0.53390071752742
        ],
        "R_Wrist": [
            -0.7228158276188501,
            -1.0323814443598136,
            -0.5875665795067625
        ],
        "R_Hand": [
            -0.5170857473874422,
            -1.2140288928066705,
            -0.5445430193601414
        ]
    }
}