{
    "joints3D": {
        "Pelvis": [
            -0.09353171684165527,
            0.263847914508149,
            -1.788346895727596
        ],
        "L_Hip": [
            0.055243364501027355,
            0.1918085798222909,
            -2.0738901924998223
        ],
        "L_Knee": [
            -0.04708722977288752,
            0.0704518673883576,
            -3.2320536946444824
        ],
        "L_Ankle": [
            -0.40653230410902363,
            -0.31580147766383193,
            -4.258560188895254
        ],
        "L_Foot": [
            -0.17375839175384303,
            -0.6520932136294465,
            -4.300243539410744
        ],
        "R_Hip": [
            -0.3096933378865622,
            0.24000579741530742,
            -2.0270246079808243
        ],
        "R_Knee": [
            -0.7350329246991073,
            -0.36473112818236064,
            -2.9230640094187534
        ],
        "R_Ankle": [
            -0.5818115095560046,
            0.0006883693478654693,
            -3.996358083747013
        ],
        "R_Foot": [
            -0.7915202479118166,
            -0.26707748198489434,
            -4.220114915883049
        ],
        "Spine1": [
            -0.0479072502237305,
            0.41863500086037225,
            -1.4916584910795019
        ],
        "Spine2": [
            0.055270873223840326,
            0.4440245037700339,
            -1.0500623469523471
        ],
        "Spine3": [
            0.06710023809509895,
            0.4089920243161739,
            -0.8707992085565772
        ],
        "Neck": [
            0.16143565003056368,
            0.6020168928586093,
            -0.2656376748125992
        ],
        "Head": [
            0.1459449206727232,
            0.5229112588768217,
            0.00900301107359375
        ],
        "L_Collar": [
            0.3374077651602689,
            0.5215389364630846,
            -0.5646081063440227
        ],
        "L_Shoulder": [
            0.5997965946809023,
            0.4546438259829006,
            -0.6272010634661287
        ],
        "L_Elbow": [
            0.7032437329688612,
            0.040832000513591496,
            -1.2117668443519312
        ],
        "L_Wrist": [
            0.6888577688055334,
            -0.6239632836897205,
            -1.480556454358361
        ],
        "L_Hand": [
            0.7062757338528132,
            -0.8583473774219825,
            -1.587739221380532
        ],
        "R_Collar": [
            -0.0863370476410274,
            0.6119363584283118,
            -0.5295755772690166
        ],
        "R_Shoulder": [
            -0.3844006775398996,
            0.6093539251271071,
            -0.5410586547702808
        ],
        "R_Elbow": [
            -0.6851893767241495,
            0.3805277470947095,
            -1.1282218049222335
        ],
        "R_Wrist": [
            -1.0543907995178043,
            -0.07035628465587782,
            -1.58477753366046
        ],
        "R_Hand": [
            -1.1967476151233694,
            -0.21594909367659498,
            -1.738765049676635
        ]
    },
    "joints2D": {
        "Pelvis": [
            0.2374668820511005,
            0.9245974084385024
        ],
        "L_Hip": [
            0.254530227895919,
            0.9394345630916948
        ],
        "L_Knee": [
            0.24528414267247878,
            0.9581518018361147
        ],
        "L_Ankle": [
            0.7726081333456774,
            0.9424723684432352
        ],
        "L_Foot": [
            0.7599745270246862,
            0.923738825541695
        ],
        "R_Hip": [
            0.21572862862886238,
            0.9281269016476009
        ],
        "R_Knee": [
            0.8043758535574639,
            0.9189577226861266
        ],
        "R_Ankle": [
            0.21502972069019305,
            0.9590263928989823
        ],
        "R_Foot": [
            0.7928614457501135,
            0.9398395115684511
        ],
        "Spine1": [
            0.24232645862716476,
            0.8905255184886931
        ],
        "Spine2": [
            0.2580575895337301,
            0.8550727410078016
        ],
        "Spine3": [
            0.2619845421986929,
            0.8436086811501005
        ],
        "Neck": [
            0.28712743148361036,
            0.6239382181964814
        ],
        "Head": [
            0.29093704596447967,
            0.49206435199462595
        ],
        "L_Collar": [
            0.3201954699789662,
            0.7367558285181687
        ],
        "L_Shoulder": [
            0.3642403326529507,
            0.7390440129170217
        ],
        "L_Elbow": [
            0.36383258580659733,
            0.8942572821587741
        ],
        "L_Wrist": [
            0.6737313630607452,
            0.8309702101352127
        ],
        "L_Hand": [
            0.6819854037985449,
            0.8091910917789457
        ],
        "R_Collar": [
            0.23063571553920068,
            0.7181685515887277
        ],
        "R_Shoulder": [
            0.1742070110991188,
            0.7068208375648868
        ],
        "R_Elbow": [
            0.14703805122805472,
            0.8318791728420585
        ],
        "R_Wrist": [
            0.8779095356126438,
            0.8777011937723264
        ],
        "R_Hand": [
            0.8760101987366954,
            0.85949712111928
        ]
    }
}