{
    "joints3D": {
        "Pelvis": [
            -0.2210757169859888,
            0.37839793156109025,
            -1.816486101664488
        ],
        "L_Hip": [
            -0.064362530039271,
            0.3396478623310373,
            -2.1052030437066658
        ],
        "L_Knee": [
            0.11840086118281969,
            0.20172284533764048,
            -3.254611409039772
        ],
        "L_Ankle": [
            0.04190528219609305,
            0.1134774489263188,
            -4.405835794430386
        ],
        "L_Foot": [
            0.1584152269211043,
            -0.26298252894914215,
            -4.526605705118699
        ],
        "R_Hip": [
            -0.42926159184782,
            0.39896431891354733,
            -2.0635344774167375
        ],
        "R_Knee": [
            -0.8485654199779417,
            0.3299015049587909,
            -3.147905007613374
        ],
        "R_Ankle": [
            -1.020064993308209,
            0.2448498393068888,
            -4.278856472184493
        ],
        "R_Foot": [
            -1.2169642716735756,
            -0.11098979894369648,
            -4.313560643342638
        ],
        "Spine1": [
            -0.17996700812873023,
            0.4879816133966499,
            -1.4987565179047535
        ],
        "Spine2": [
            -0.10815296408315267,
            0.4944056400793688,
            -1.0491350448204833
        ],
        "Spine3": [
            -0.09639211492374083,
            0.47148206824398303,
            -0.8674456806645783
        ],
        "Neck": [
            -0.02870359767855443,
            0.6358229784629424,
            -0.2486500791757513
        ],
        "Head": [
            0.006276464792413701,
            0.48851277836909157,
            -0.004883021120329086
        ],
        "L_Collar": [
            0.16088843739513325,
            0.5669149570352772,
            -0.5432423216998394
        ],
        "L_Shoulder": [
            0.42103114657239443,
            0.4979627589198224,
            -0.6154171793404227
        ],
        "L_Elbow": [
            0.4847270650687364,
            0.3531432683427144,
            -1.323456754454146
        ],
        "L_Wrist": [
            0.4573649798235659,
            -0.06415471180598886,
            -1.908405849309029
        ],
        "L_Hand": [
            0.45634787128544,
            -0.2505173650854742,
            -2.0882348177255476
        ],
        "R_Collar": [
            -0.26424039546086836,
            0.6608227551273888,
            -0.5238307965437166
        ],
        "R_Shoulder": [
            -0.5611068668069743,
            0.6766192044145956,
            -0.5563680713166747
        ],
        "R_Elbow": [
            -0.7243690300686961,
            0.6288429125466392,
            -1.2354592798036337
        ],
        "R_Wrist": [
            -0.9230716923669098,
            0.20703949478854664,
            -1.8129243064629397
        ],
        "R_Hand": [
            -1.0044384849731294,
            0.02813589863505941,
            -1.9768838942585811
        ]
    },
    "joints2D": {
        "Pelvis": [
            0.22372952882591052,
            0.9066617537259782
        ],
        "L_Hip": [
            0.24215893493604332,
            0.9213400162521758
        ],
        "L_Knee": [
            0.2568274962865202,
            0.947327877186134
        ],
        "L_Ankle": [
            0.2508282140815878,
            0.9571370556414279
        ],
        "L_Foot": [
            0.743465444577813,
            0.9483710051782795
        ],
        "R_Hip": [
            0.2061831572040437,
            0.9054898750447383
        ],
        "R_Knee": [
            0.19137944197544982,
            0.92212882340932
        ],
        "R_Ankle": [
            0.19623279000610747,
            0.9369575554093279
        ],
        "R_Foot": [
            0.8138282039878084,
            0.9401321135459253
        ],
        "Spine1": [
            0.22583225167302404,
            0.87718797823027
        ],
        "Spine2": [
            0.23083755998299654,
            0.8426921367749199
        ],
        "Spine3": [
            0.23037253448686684,
            0.8260888708983554
        ],
        "Neck": [
            0.24195668171487286,
            0.6130961011754247
        ],
        "Head": [
            0.2506405972933959,
            0.5003934648867814
        ],
        "L_Collar": [
            0.28326969179748324,
            0.7311291908297437
        ],
        "L_Shoulder": [
            0.3342943263043398,
            0.7476790062239158
        ],
        "L_Elbow": [
            0.317614302894831,
            0.8739183997631281
        ],
        "L_Wrist": [
            0.6979826648838031,
            0.9427173657273451
        ],
        "L_Hand": [
            0.704837950283286,
            0.9230378114194643
        ],
        "R_Collar": [
            0.19781287602598377,
            0.6988074062078392
        ],
        "R_Shoulder": [
            0.15364246731088552,
            0.6856756684360957
        ],
        "R_Elbow": [
            0.15905111246845804,
            0.8028866015285775
        ],
        "R_Wrist": [
            0.148852112473191,
            0.8892570413812347
        ],
        "R_Hand": [
            0.1437058367390404,
            0.9103397325629262
        ]
    }
}