{
    "joints3D": {
        "Pelvis": [
            -0.21466626450198986,
            1.1746234613582152,
            -1.5408482871767755
        ],
        "L_Hip": [
            -0.05694809836774905,
            1.2750958199993612,
            -1.8176356852044582
        ],
        "L_Knee": [
            0.14922850763987502,
            1.0746580019871903,
            -2.965690892944872
        ],
        "L_Ankle": [
            -0.058193530784077865,
            1.338886053758008,
            -4.084879066413154
        ],
        "L_Foot": [
            0.19781257965892285,
            1.0873249575836585,
            -4.295634620629384
        ],
        "R_Hip": [
            -0.42170899507517634,
            1.188455029331289,
            -1.7934560374040194
        ],
        "R_Knee": [
            -0.5513733259943165,
            1.3944276448050847,
            -2.9441159739211678
        ],
        "R_Ankle": [
            -0.5765935993132182,
            2.1557904490027395,
            -3.816694889397192
        ],
        "R_Foot": [
            -0.5710390584013298,
            1.8336275784910854,
            -4.073733110053771
        ],
        "Spine1": [
            -0.2113239194186598,
            1.1999334593645732,
            -1.1998717673622235
        ],
        "Spine2": [
            -0.11985829169385406,
            0.9399138270048609,
            -0.831794774815137
        ],
        "Spine3": [
            -0.08744413055941908,
            0.8392293141895105,
            -0.6796358217069689
        ],
        "Neck": [
            -0.03608928131838774,
            0.7626080482222827,
            -0.03606577945368966
        ],
        "Head": [
            0.016732004213330612,
            0.5307098711388784,
            0.12948538392209644
        ],
        "L_Collar": [
            0.15314343789973694,
            0.8647783938238675,
            -0.32546175990929005
        ],
        "L_Shoulder": [
            0.42630067856276904,
            0.8296890077381893,
            -0.3831362966760433
        ],
        "L_Elbow": [
            0.5726581217985021,
            0.7639290508296005,
            -1.0979852150190048
        ],
        "L_Wrist": [
            0.3633967649600302,
            0.06932396994702306,
            -1.0662751239089436
        ],
        "L_Hand": [
            0.32918495765533456,
            -0.18853995269581011,
            -1.0392205685136628
        ],
        "R_Collar": [
            -0.28473187605828676,
            0.8313568017886833,
            -0.29660957090319523
        ],
        "R_Shoulder": [
            -0.551545340176764,
            0.7276665621813257,
            -0.2003561439300698
        ],
        "R_Elbow": [
            -1.1349931821875303,
            0.5010947962193618,
            -0.52905589247979
        ],
        "R_Wrist": [
            -0.642165566423116,
            -0.009241011695825523,
            -0.28732577859193736
        ],
        "R_Hand": [
            -0.47131906085724384,
            -0.12528659760663466,
            -0.13192412705081447
        ]
    },
    "joints2D": {
        "Pelvis": [
            0.22890232826021636,
            0.7806505385916407
        ],
        "L_Hip": [
            0.24399667469292,
            0.7937716872527407
        ],
        "L_Knee": [
            0.25801403658827377,
            0.8698203642106569
        ],
        "L_Ankle": [
            0.2459240331274772,
            0.8787588372803946
        ],
        "L_Foot": [
            0.2578532929444547,
            0.8973717962362163
        ],
        "R_Hip": [
            0.21338060718947874,
            0.7971980050482462
        ],
        "R_Knee": [
            0.21661167332948042,
            0.8393337884470803
        ],
        "R_Ankle": [
            0.2242372788934175,
            0.8203618775030156
        ],
        "R_Foot": [
            0.22416249059740775,
            0.8465412193031066
        ],
        "Spine1": [
            0.22727931117139216,
            0.7398642584918397
        ],
        "Spine2": [
            0.2324684241773221,
            0.7217563105885074
        ],
        "Spine3": [
            0.235055138471342,
            0.7084721979851725
        ],
        "Neck": [
            0.2413015849430505,
            0.5119524880412256
        ],
        "Head": [
            0.25344572366240253,
            0.4229218720452242
        ],
        "L_Collar": [
            0.27472698750734725,
            0.6081576480178362
        ],
        "L_Shoulder": [
            0.31856787416796223,
            0.6229751461341115
        ],
        "L_Elbow": [
            0.3212526927902907,
            0.7757252882526559
        ],
        "L_Wrist": [
            0.32129627897889756,
            0.9236495967774961
        ],
        "L_Hand": [
            0.6877627194739245,
            0.8988212876795193
        ],
        "R_Collar": [
            0.1991929436524838,
            0.6003048431623649
        ],
        "R_Shoulder": [
            0.14945926269130014,
            0.5693409870949491
        ],
        "R_Elbow": [
            0.0838492794252791,
            0.6509120633694068
        ],
        "R_Wrist": [
            0.962761720714239,
            0.6864597989675666
        ],
        "R_Hand": [
            0.9438171868132497,
            0.6050224416392304
        ]
    }
}