{
    "joints3D": {
        "Pelvis": [
            -0.667014963435433,
            1.0004516782364328,
            -1.1650123992064898
        ],
        "L_Hip": [
            -0.6058184978192538,
            1.148104586377487,
            -1.4278244459416092
        ],
        "L_Knee": [
            -0.8963722878453869,
            1.9065303119011527,
            -2.0794757608519734
        ],
        "L_Ankle": [
            -1.2110806294750955,
            2.963625704687511,
            -2.247959319962942
        ],
        "L_Foot": [
            -1.4121046595326374,
            3.1904652041515225,
            -2.4703286694756104
        ],
        "R_Hip": [
            -0.9232671314361206,
            1.1226886204402486,
            -1.2705979097341216
        ],
        "R_Knee": [
            -1.4142761157649981,
            1.8710976105704749,
            -1.8471118352834235
        ],
        "R_Ankle": [
            -1.5110485638765654,
            2.95097661472534,
            -2.117352025549323
        ],
        "R_Foot": [
            -1.7084013714970772,
            3.184055357634462,
            -2.3433108700497494
        ],
        "Spine1": [
            -0.5317124310323394,
            0.9191080064520754,
            -0.8854963420085799
        ],
        "Spine2": [
            -0.35360016320763893,
            0.7659359936244625,
            -0.5794388389707004
        ],
        "Spine3": [
            -0.2959583253778277,
            0.6456383111535449,
            -0.4824430501522788
        ],
        "Neck": [
            -0.023332315583549545,
            0.5018068562272644,
            0.02727267667732383
        ],
        "Head": [
            0.05707876528982197,
            0.3309188699990202,
            0.1597430506549723
        ],
        "L_Collar": [
            0.06442363260042544,
            0.6034418492980744,
            -0.2871061267123669
        ],
        "L_Shoulder": [
            0.30239056950489274,
            0.5706663622947507,
            -0.41841098357019835
        ],
        "L_Elbow": [
            0.41511031450010594,
            0.3132536486295695,
            -1.0857306577530874
        ],
        "L_Wrist": [
            0.46957137401266846,
            -0.3858995024379926,
            -1.0632849167142246
        ],
        "L_Hand": [
            0.5368852861415396,
            -0.6096909016255806,
            -0.9956423077449137
        ],
        "R_Collar": [
            -0.3389644767197941,
            0.5904401161145544,
            -0.07588179219711928
        ],
        "R_Shoulder": [
            -0.5796436341387743,
            0.475143851727323,
            0.04299026651217595
        ],
        "R_Elbow": [
            -1.0385578758449998,
            0.04688928733642047,
            -0.2787892468108458
        ],
        "R_Wrist": [
            -1.0632243955127227,
            -0.6432778254466773,
            -0.46120816997627084
        ],
        "R_Hand": [
            -1.0430990309855064,
            -0.8836357518952193,
            -0.454215667902495
        ]
    },
    "joints2D": {
        "Pelvis": [
            0.17709690256702104,
            0.7472023848252832
        ],
        "L_Hip": [
            0.19220997710216092,
            0.7632831644671624
        ],
        "L_Knee": [
            0.19518375416540418,
            0.7453127661340954
        ],
        "L_Ankle": [
            0.19620360319003677,
            0.6919481266903945
        ],
        "L_Foot": [
            0.19246231300567115,
            0.6938410889724321
        ],
        "R_Hip": [
            0.16225150007589634,
            0.7350614724563804
        ],
        "R_Knee": [
            0.16447918076367074,
            0.7171220768475852
        ],
        "R_Ankle": [
            0.18340318867372465,
            0.6801120155959899
        ],
        "R_Foot": [
            0.1810034966272966,
            0.6828319915306247
        ],
        "Spine1": [
            0.18126176206154723,
            0.7217059425826248
        ],
        "Spine2": [
            0.18992455880936968,
            0.6897189614071898
        ],
        "Spine3": [
            0.19013681843325464,
            0.6880194808291463
        ],
        "Neck": [
            0.24143116657247496,
            0.48042703723366226
        ],
        "Head": [
            0.27342205296393235,
            0.35857770289220914
        ],
        "L_Collar": [
            0.26408402364694256,
            0.6349246243632496
        ],
        "L_Shoulder": [
            0.3155890149913648,
            0.6825506711487893
        ],
        "L_Elbow": [
            0.3193965793356594,
            0.8674067350718049
        ],
        "L_Wrist": [
            0.6745117059782715,
            0.8453031633427923
        ],
        "L_Hand": [
            0.6727834198052667,
            0.7887149537246918
        ],
        "R_Collar": [
            0.1679468696638,
            0.5334116944536212
        ],
        "R_Shoulder": [
            0.11177769473138395,
            0.47698115895413534
        ],
        "R_Elbow": [
            0.028836508777670744,
            0.6152908869585406
        ],
        "R_Wrist": [
            0.9015883742971664,
            0.6276166293528205
        ],
        "R_Hand": [
            0.8806352376526466,
            0.6098691016835562
        ]
    }
}