{
    "joints3D": {
        "Pelvis": [
            -0.2186473162404875,
            -0.3238109535441012,
            -1.6771636603730107
        ],
        "L_Hip": [
            -0.12977832246152618,
            -0.5627395660311226,
            -1.899182503066065
        ],
        "L_Knee": [
            -0.29410989760757433,
            -1.0544379709426241,
            -2.9788986607268706
        ],
        "L_Ankle": [
            -0.4798843098144301,
            -1.1104532531969764,
            -4.145415596889695
        ],
        "L_Foot": [
            -0.6497124416008028,
            -1.4958455453969046,
            -4.152944144534965
        ],
        "R_Hip": [
            -0.47617235146672066,
            -0.40949101662190035,
            -1.8663477044245196
        ],
        "R_Knee": [
            -1.1174354625589127,
            -1.3116815499305792,
            -2.303967821522087
        ],
        "R_Ankle": [
            -1.4395789048257084,
            -2.270004147462419,
            -2.8972326282944194
        ],
        "R_Foot": [
            -1.715417203376578,
            -2.4822914983619757,
            -2.667361990347177
        ],
        "Spine1": [
            -0.09686014444303415,
            -0.0549246139104831,
            -1.4965821310147103
        ],
        "Spine2": [
            0.03565669802818927,
            0.14328260395914588,
            -1.0969332872250959
        ],
        "Spine3": [
            0.07364351917499143,
            0.1951146056011651,
            -0.920749714954224
        ],
        "Neck": [
            0.26930898156078675,
            0.569698998587649,
            -0.41646308318767755
        ],
        "Head": [
            0.26236571646881457,
            0.4993489711571812,
            -0.13184821549422393
        ],
        "L_Collar": [
            0.3976468998650198,
            0.34538696882314757,
            -0.6740523052818345
        ],
        "L_Shoulder": [
            0.6456936064730633,
            0.26464441383146314,
            -0.7882403111690307
        ],
        "L_Elbow": [
            0.6237415959609632,
            -0.17623982792976897,
            -1.3839435071472979
        ],
        "L_Wrist": [
            0.962497362262686,
            -0.6069485318741795,
            -0.8943050304161273
        ],
        "L_Hand": [
            1.085517328652944,
            -0.7780424541165509,
            -0.7341744794205552
        ],
        "R_Collar": [
            -0.0014328669666636793,
            0.5430522715837075,
            -0.6687916766895101
        ],
        "R_Shoulder": [
            -0.2718131337082338,
            0.6604746346801768,
            -0.7495128275850393
        ],
        "R_Elbow": [
            -0.4560392823991427,
            0.48165825690005115,
            -1.417308171561122
        ],
        "R_Wrist": [
            -0.9709548781857409,
            0.1226705864644186,
            -1.8431224806582291
        ],
        "R_Hand": [
            -1.104322835348066,
            -0.005918969782617413,
            -2.027775058937028
        ]
    },
    "joints2D": {
        "Pelvis": [
            0.7782723440167063,
            0.9101721312489843
        ],
        "L_Hip": [
            0.7646394150320626,
            0.8859840404296372
        ],
        "L_Knee": [
            0.7698008120758533,
            0.8708653841299513
        ],
        "L_Ankle": [
            0.774192125375524,
            0.8917695872020451
        ],
        "L_Foot": [
            0.7803016125030854,
            0.8672872734227205
        ],
        "R_Hip": [
            0.8021485936553507,
            0.8954225227591401
        ],
        "R_Knee": [
            0.8249265799876933,
            0.8006523224477948
        ],
        "R_Ankle": [
            0.8173345535948948,
            0.7628427772569037
        ],
        "R_Foot": [
            0.8273219282833397,
            0.7335183640389443
        ],
        "Spine1": [
            0.7661169420282988,
            0.9533407312315122
        ],
        "Spine2": [
            0.25566369131166494,
            0.9293523427086309
        ],
        "Spine3": [
            0.2650351638276501,
            0.9072206891173578
        ],
        "Neck": [
            0.30910620404661754,
            0.6842901002932437
        ],
        "Head": [
            0.32250025566081947,
            0.5715161713726603
        ],
        "L_Collar": [
            0.3385063719838196,
            0.8019436334636612
        ],
        "L_Shoulder": [
            0.37498399187795584,
            0.8057521314981385
        ],
        "L_Elbow": [
            0.6617647957142291,
            0.8948603777655331
        ],
        "L_Wrist": [
            0.6235822322777747,
            0.734729771555139
        ],
        "L_Hand": [
            0.6192305116740872,
            0.6760087112246136
        ],
        "R_Collar": [
            0.24834620628235027,
            0.7727570729537602
        ],
        "R_Shoulder": [
            0.20218903470081126,
            0.7534628123222299
        ],
        "R_Elbow": [
            0.19005016613549874,
            0.8614692135535968
        ],
        "R_Wrist": [
            0.14350559813106353,
            0.8964319162516827
        ],
        "R_Hand": [
            0.8627918084067393,
            0.9065130973728255
        ]
    }
}