{
    "joints2D": {
        "Pelvis": [
            0.22547903467547406,
            0.9068375388449745
        ],
        "L_Hip": [
            0.25451786028118367,
            0.9188131042810351
        ],
        "L_Knee": [
            0.7204743810494387,
            0.911799351693261
        ],
        "L_Ankle": [
            0.7367447937452656,
            0.925892466017067
        ],
        "L_Foot": [
            0.7325640121892338,
            0.9146356127000425
        ],
        "R_Hip": [
            0.2052003471704092,
            0.9292464625700004
        ],
        "R_Knee": [
            0.7689181754239348,
            0.9028285914768135
        ],
        "R_Ankle": [
            0.7599977759679308,
            0.9250010707509638
        ],
        "R_Foot": [
            0.7588027091380551,
            0.9082707500824587
        ],
        "Spine1": [
            0.21658200273170702,
            0.8598833141804217
        ],
        "Spine2": [
            0.21169848433928398,
            0.8159110993910038
        ],
        "Spine3": [
            0.20975771698652607,
            0.8005460551204773
        ],
        "Neck": [
            0.19773625110207535,
            0.5304327609106185
        ],
        "Head": [
            0.20565394159585054,
            0.4389926730391745
        ],
        "L_Collar": [
            0.256333232788669,
            0.660396201961871
        ],
        "L_Shoulder": [
            0.3142250269171709,
            0.6125170792891537
        ],
        "L_Elbow": [
            0.3526686744140003,
            0.7576849328724309
        ],
        "L_Wrist": [
            0.6299576420809725,
            0.887443010570166
        ],
        "L_Hand": [
            0.6413743714503288,
            0.8642158196862336
        ],
        "R_Collar": [
            0.15171919350057522,
            0.6537512705576358
        ],
        "R_Shoulder": [
            0.10715776269109788,
            0.5939956166351712
        ],
        "R_Elbow": [
            0.10513641945429486,
            0.7268818426567938
        ],
        "R_Wrist": [
            0.8955891198846784,
            0.8638443180389761
        ],
        "R_Hand": [
            0.877955631737585,
            0.8647741448184402
        ]
    },
    "joints3D": {
        "Pelvis": [
            -0.17260602643910125,
            0.3189536821939578,
            -1.526008679235791
        ],
        "L_Hip": [
            0.050062782859879904,
            0.3072762635994179,
            -1.7955235948253163
        ],
        "L_Knee": [
            0.3770484583597877,
            -0.4631436345112454,
            -2.5302957329952642
        ],
        "L_Ankle": [
            0.2521810146992337,
            -0.5219818459976682,
            -3.698097517621653
        ],
        "L_Foot": [
            0.3613988406956596,
            -0.7301753326727598,
            -4.012594628301405
        ],
        "R_Hip": [
            -0.357854017060125,
            0.1794766403953787,
            -1.7791965276270196
        ],
        "R_Knee": [
            -0.22511994179093775,
            -0.5933882728458924,
            -2.599635331567925
        ],
        "R_Ankle": [
            -0.15242419308007937,
            -0.5539576909997225,
            -3.7732396887967132
        ],
        "R_Foot": [
            -0.1459253194830273,
            -0.8513098920715239,
            -4.028309187601225
        ],
        "Spine1": [
            -0.2220078959345441,
            0.48618849512674145,
            -1.25548929064288
        ],
        "Spine2": [
            -0.20105973538509486,
            0.4957446534141231,
            -0.8670610420447938
        ],
        "Spine3": [
            -0.1801142873576538,
            0.4505923525504321,
            -0.7023796316282991
        ],
        "Neck": [
            -0.201432315604691,
            0.5904865325661136,
            -0.06558790824824495
        ],
        "Head": [
            -0.11878215589822541,
            0.4133462702274431,
            0.08053301925490966
        ],
        "L_Collar": [
            0.032547886384964954,
            0.5959645104846933,
            -0.34510219006214027
        ],
        "L_Shoulder": [
            0.2956596781344331,
            0.6258368457420193,
            -0.25974575055298516
        ],
        "L_Elbow": [
            0.721053813476692,
            0.6113085778663806,
            -0.9024744582431483
        ],
        "L_Wrist": [
            0.7606192269607565,
            -0.038903058737639766,
            -1.2222443485238759
        ],
        "L_Hand": [
            0.8172102898801281,
            -0.23467905093908142,
            -1.363201519381746
        ],
        "R_Collar": [
            -0.42726843130256653,
            0.5310030813256857,
            -0.3448858011725698
        ],
        "R_Shoulder": [
            -0.6971090765223591,
            0.5077329565394043,
            -0.23825921680697326
        ],
        "R_Elbow": [
            -1.0955865949400865,
            0.5389096630492507,
            -0.8764365168578252
        ],
        "R_Wrist": [
            -1.0962013727314561,
            -0.0013786875458650146,
            -1.392998221807849
        ],
        "R_Hand": [
            -1.09670828521251,
            -0.14962341763621897,
            -1.591788177793741
        ]
    }
}