{
    "joints3D": {
        "Pelvis": [
            -0.09249676755391044,
            0.7132448046292872,
            -1.48854784040278
        ],
        "L_Hip": [
            0.0929195625536643,
            0.6086576941806017,
            -1.7726612339994035
        ],
        "L_Knee": [
            0.09373314718988356,
            -0.6025467227127554,
            -1.6336919497712992
        ],
        "L_Ankle": [
            -0.12809263227415668,
            -0.33409304967854264,
            -2.882250316391507
        ],
        "L_Foot": [
            -0.14309648407923792,
            -0.7603595712346514,
            -2.910317213874405
        ],
        "R_Hip": [
            -0.3202829093007883,
            0.6332103511709647,
            -1.7422164490837921
        ],
        "R_Knee": [
            -0.44032348352624756,
            -0.5946556562408379,
            -1.5932025289476623
        ],
        "R_Ankle": [
            -0.3401303403801502,
            -0.3592596756604158,
            -2.8643109793330837
        ],
        "R_Foot": [
            -0.515920981756247,
            -0.7545299956773303,
            -2.860637530948579
        ],
        "Spine1": [
            -0.0661528422885909,
            0.9332152770464353,
            -1.2024875155725632
        ],
        "Spine2": [
            -0.016726917974610934,
            0.7834393308614238,
            -0.8066258872139257
        ],
        "Spine3": [
            -0.0132704046460482,
            0.6738291844975443,
            -0.659803767946812
        ],
        "Neck": [
            0.053187680521525754,
            0.6699468991544072,
            -0.015904623852263714
        ],
        "Head": [
            0.0901285782062171,
            0.4686641934546922,
            0.13770996909782937
        ],
        "L_Collar": [
            0.2696831591210304,
            0.6605686209678454,
            -0.3093572677143552
        ],
        "L_Shoulder": [
            0.48663512080509624,
            0.4675750463425465,
            -0.3296019332535997
        ],
        "L_Elbow": [
            0.7216113408935702,
            -0.1862644946710063,
            -0.7729313407559686
        ],
        "L_Wrist": [
            0.5866329336372857,
            -0.947126223661312,
            -0.9674914618064537
        ],
        "L_Hand": [
            0.5688817921535301,
            -1.1850648413292864,
            -1.0986958163676934
        ],
        "R_Collar": [
            -0.2039472615703795,
            0.7642566645271542,
            -0.2619269796060637
        ],
        "R_Shoulder": [
            -0.48963929475083795,
            0.6446994801033424,
            -0.20504190557282012
        ],
        "R_Elbow": [
            -0.9323431337013601,
            0.32635638973319453,
            -0.794057258772777
        ],
        "R_Wrist": [
            -1.0575483841213267,
            -0.33947383218864363,
            -1.2564836708659626
        ],
        "R_Hand": [
            -1.0679019228276385,
            -0.5479982309080096,
            -1.4308192741628556
        ]
    },
    "joints2D": {
        "Pelvis": [
            0.23794218601266928,
            0.8416438207289075
        ],
        "L_Hip": [
            0.25852764715053583,
            0.8744935242608464
        ],
        "L_Knee": [
            0.740720203132295,
            0.8681230233937767
        ],
        "L_Ankle": [
            0.76104126531907,
            0.9330233533493114
        ],
        "L_Foot": [
            0.7611422366828895,
            0.8952407843636351
        ],
        "R_Hip": [
            0.21482063131392506,
            0.8652256438540502
        ],
        "R_Knee": [
            0.8011122950834184,
            0.8573250020892931
        ],
        "R_Ankle": [
            0.7769396618562568,
            0.9281282796723147
        ],
        "R_Foot": [
            0.7867490214070807,
            0.8897415226260578
        ],
        "Spine1": [
            0.2408868562609887,
            0.7791942149694665
        ],
        "Spine2": [
            0.2460654663766301,
            0.7457130239089026
        ],
        "Spine3": [
            0.246220397034416,
            0.7380173579127572
        ],
        "Neck": [
            0.26094609657009643,
            0.5046415718975262
        ],
        "Head": [
            0.27738494239039774,
            0.4094461957535762
        ],
        "L_Collar": [
            0.30545095030691505,
            0.6276168639825122
        ],
        "L_Shoulder": [
            0.36393198374044583,
            0.6534572421707725
        ],
        "L_Elbow": [
            0.6079239075093452,
            0.8045539522224893
        ],
        "L_Wrist": [
            0.6811166042442304,
            0.7289730570148478
        ],
        "L_Hand": [
            0.6937504353920602,
            0.7198031934955484
        ],
        "R_Collar": [
            0.209508384288453,
            0.5977984722124565
        ],
        "R_Shoulder": [
            0.14985128239926485,
            0.5800214516319464
        ],
        "R_Elbow": [
            0.0975133214719833,
            0.7547077292729645
        ],
        "R_Wrist": [
            0.8841463414322906,
            0.8128152332461124
        ],
        "R_Hand": [
            0.8670209078744688,
            0.8072206638716891
        ]
    }
}