{
    "joints3D": {
        "Pelvis": [
            -0.8204354541296012,
            0.3465938260600136,
            -1.6351374852930858
        ],
        "L_Hip": [
            -0.7722417847478378,
            0.4928986102500358,
            -1.9482088089290628
        ],
        "L_Knee": [
            -0.8699076874121072,
            0.3096103850219132,
            -3.0650343530274182
        ],
        "L_Ankle": [
            -1.5383982456541012,
            0.5650631603503142,
            -4.021411843691642
        ],
        "L_Foot": [
            -1.3630602008254478,
            0.3727426038501726,
            -4.330700047314724
        ],
        "R_Hip": [
            -1.051655580702977,
            0.20977032052076694,
            -1.8440684220009536
        ],
        "R_Knee": [
            -1.2960860030364396,
            -0.11438192505530241,
            -2.9293253394617493
        ],
        "R_Ankle": [
            -1.7469341290848537,
            0.14290255372240768,
            -4.00153278505939
        ],
        "R_Foot": [
            -1.5804638563965194,
            -0.12569575396326896,
            -4.249371968721256
        ],
        "Spine1": [
            -0.7797526690583835,
            0.4065023052820333,
            -1.3177855362134832
        ],
        "Spine2": [
            -0.6199479576124142,
            0.3886225484590788,
            -0.9217958983822873
        ],
        "Spine3": [
            -0.514732147874379,
            0.3504479387337016,
            -0.7813866138669753
        ],
        "Neck": [
            -0.4190177545745599,
            0.4853091700082994,
            -0.1448141819156481
        ],
        "Head": [
            -0.2743325078590275,
            0.36174178065563134,
            0.05552003657484272
        ],
        "L_Collar": [
            -0.3438812800119114,
            0.6171547444134703,
            -0.48501930651027947
        ],
        "L_Shoulder": [
            -0.2435315067664481,
            0.8703176816282916,
            -0.5490765875489237
        ],
        "L_Elbow": [
            -0.6363380749699563,
            1.0378440281464534,
            -1.2195586059272259
        ],
        "L_Wrist": [
            -0.7103592919519008,
            1.0994311357929754,
            -1.9657433465387522
        ],
        "L_Hand": [
            -0.7940737911579286,
            1.0885979341586385,
            -2.2095156251462797
        ],
        "R_Collar": [
            -0.6438511865012329,
            0.300304384002604,
            -0.36908752582907883
        ],
        "R_Shoulder": [
            -0.8656509117904735,
            0.13181131928632778,
            -0.2891231327286566
        ],
        "R_Elbow": [
            -1.2745867341234354,
            0.12809771872051215,
            -0.9375577538920321
        ],
        "R_Wrist": [
            -1.5391587487327865,
            -0.0700409995344862,
            -1.6284483990317524
        ],
        "R_Hand": [
            -1.6257742493410396,
            -0.04440353130354447,
            -1.865992626069211
        ]
    },
    "joints2D": {
        "Pelvis": [
            0.15515785269033305,
            0.8699098404671461
        ],
        "L_Hip": [
            0.17401165978351507,
            0.8738334087664138
        ],
        "L_Knee": [
            0.1884284323919208,
            0.9215908972873376
        ],
        "L_Ankle": [
            0.171443546936017,
            0.9008763814255316
        ],
        "L_Foot": [
            0.1818363198680814,
            0.9217867491174571
        ],
        "R_Hip": [
            0.13949721661467301,
            0.880048923694468
        ],
        "R_Knee": [
            0.8438648158704732,
            0.9154346778884563
        ],
        "R_Ankle": [
            0.15701066064912522,
            0.9170614873286166
        ],
        "R_Foot": [
            0.8314241950814582,
            0.927824677164327
        ],
        "Spine1": [
            0.14748540865513257,
            0.8391904508516125
        ],
        "Spine2": [
            0.1437236703755113,
            0.8092850710833668
        ],
        "Spine3": [
            0.14689966832849347,
            0.8061793923402384
        ],
        "Neck": [
            0.13990835607601596,
            0.5724396767642645
        ],
        "Head": [
            0.1482729759278314,
            0.45665706775394593
        ],
        "L_Collar": [
            0.17974055414508863,
            0.6916415111646215
        ],
        "L_Shoulder": [
            0.21055107749808835,
            0.6690423292781376
        ],
        "L_Elbow": [
            0.1824416209651024,
            0.7510294667093581
        ],
        "L_Wrist": [
            0.1918788537765593,
            0.8114346464260396
        ],
        "L_Hand": [
            0.18971817693352458,
            0.8251905994997241
        ],
        "R_Collar": [
            0.0913778053226905,
            0.677585128828695
        ],
        "R_Shoulder": [
            0.045349941161462445,
            0.6330792329019397
        ],
        "R_Elbow": [
            0.0692734668701223,
            0.7611606207977004
        ],
        "R_Wrist": [
            0.9088053916641291,
            0.8304435906471247
        ],
        "R_Hand": [
            0.9030825075967831,
            0.8455665286833197
        ]
    }
}