{
    "joints2D": {
        "Pelvis": [
            0.7405463204985738,
            0.950279925682518
        ],
        "L_Hip": [
            0.709391599561399,
            0.9335388913879293
        ],
        "L_Knee": [
            0.6952035496394544,
            0.9007179504783246
        ],
        "L_Ankle": [
            0.6969946405875878,
            0.8824480506792475
        ],
        "L_Foot": [
            0.6916394576817935,
            0.8578194905977993
        ],
        "R_Hip": [
            0.7571044241261734,
            0.9353443611742795
        ],
        "R_Knee": [
            0.7468117177109266,
            0.9048922995171145
        ],
        "R_Ankle": [
            0.7354593014662775,
            0.8924566127457972
        ],
        "R_Foot": [
            0.7437882117863066,
            0.8715511576897943
        ],
        "Spine1": [
            0.24758170082612208,
            0.9429357869704277
        ],
        "Spine2": [
            0.22933872054537713,
            0.9034714634067641
        ],
        "Spine3": [
            0.2194648896561265,
            0.8975952442006283
        ],
        "Neck": [
            0.1797605092752196,
            0.6775456904871264
        ],
        "Head": [
            0.1600951631249848,
            0.6031244347360508
        ],
        "L_Collar": [
            0.2520745679616167,
            0.7856748494319439
        ],
        "L_Shoulder": [
            0.3150683112804519,
            0.7223221295595192
        ],
        "L_Elbow": [
            0.371155492488551,
            0.8358543654380807
        ],
        "L_Wrist": [
            0.6141438515951716,
            0.849550001603476
        ],
        "L_Hand": [
            0.6160046276022544,
            0.8375624183188435
        ],
        "R_Collar": [
            0.15605380212470238,
            0.7792646676461726
        ],
        "R_Shoulder": [
            0.11551567331159085,
            0.7357521854024511
        ],
        "R_Elbow": [
            0.14104159495347676,
            0.8619407171960496
        ],
        "R_Wrist": [
            0.8503783325677923,
            0.9077648420531006
        ],
        "R_Hand": [
            0.8474118045170195,
            0.8987673233842999
        ]
    },
    "joints3D": {
        "Pelvis": [
            0.07966460697608906,
            -0.08337812157193664,
            -1.668821730023209
        ],
        "L_Hip": [
            0.3577214399641398,
            -0.16103437758317027,
            -1.859292638458113
        ],
        "L_Knee": [
            0.7811914721990437,
            -0.5308926140183869,
            -2.806156434113308
        ],
        "L_Ankle": [
            1.0792579397859088,
            -1.0090794480567353,
            -3.823232657112201
        ],
        "L_Foot": [
            1.2675947649063772,
            -1.3485786076750028,
            -3.8263604793609463
        ],
        "R_Hip": [
            -0.05127768986842615,
            -0.2112437689197667,
            -1.9547386191730767
        ],
        "R_Knee": [
            0.0663217046496513,
            -0.668722651069287,
            -2.9726743648530687
        ],
        "R_Ankle": [
            0.3240931312824991,
            -1.08579871526681,
            -4.027611960450095
        ],
        "R_Foot": [
            0.16348074935031126,
            -1.4381013872273523,
            -4.041069496474404
        ],
        "Spine1": [
            -0.006823799516022432,
            0.11441154528451365,
            -1.4349933158653667
        ],
        "Spine2": [
            -0.10319533091207103,
            0.24399260203584275,
            -1.085781927013064
        ],
        "Spine3": [
            -0.13413010118969998,
            0.22055020720763874,
            -0.920160596755457
        ],
        "Neck": [
            -0.2711285024649549,
            0.49912214556681345,
            -0.3547756625364302
        ],
        "Head": [
            -0.250570612427125,
            0.3735175707576109,
            -0.14975723845832942
        ],
        "L_Collar": [
            0.013333331282377767,
            0.4160278307711066,
            -0.5599962189851697
        ],
        "L_Shoulder": [
            0.25420289027907667,
            0.44626522641468064,
            -0.4305906533515426
        ],
        "L_Elbow": [
            0.7191056818779515,
            0.22751044214610908,
            -0.9936354217081432
        ],
        "L_Wrist": [
            1.1309197956239148,
            -0.14050779718969308,
            -1.4516875733458772
        ],
        "L_Hand": [
            1.2818677432236079,
            -0.24897855628911897,
            -1.6113062500100392
        ],
        "R_Collar": [
            -0.43435194040474134,
            0.4047130415183792,
            -0.6614254166254714
        ],
        "R_Shoulder": [
            -0.7216591573173874,
            0.4125380735224811,
            -0.6463584526604823
        ],
        "R_Elbow": [
            -0.8086475389913761,
            0.2616548998536855,
            -1.370263375579258
        ],
        "R_Wrist": [
            -0.9650073193401114,
            -0.09190888867068232,
            -2.0002010307641003
        ],
        "R_Hand": [
            -1.0535018856830782,
            -0.19997692045581167,
            -2.2017241763229585
        ]
    }
}