{
    "joints3D": {
        "Pelvis": [
            -0.38400144442297385,
            0.38680180810900494,
            -1.51017019647477
        ],
        "L_Hip": [
            -0.20607274676387793,
            0.26716149431765085,
            -1.7855353667642144
        ],
        "L_Knee": [
            0.10047260432784244,
            -0.6590096052572813,
            -2.317457170136236
        ],
        "L_Ankle": [
            0.25203549469341147,
            -1.253349316606952,
            -3.317607608662921
        ],
        "L_Foot": [
            0.36990369272385387,
            -1.6265950472205901,
            -3.301074836879031
        ],
        "R_Hip": [
            -0.6252911447527074,
            0.24588013895568683,
            -1.7083060958256229
        ],
        "R_Knee": [
            -0.9061114666226875,
            -0.8353833731916723,
            -1.5233824451482714
        ],
        "R_Ankle": [
            -0.7753797858163022,
            -0.9244728587723214,
            -2.686503306400548
        ],
        "R_Foot": [
            -0.9203942001303306,
            -1.2849505869362574,
            -2.729492825053397
        ],
        "Spine1": [
            -0.36129782626019435,
            0.6130206092968861,
            -1.2833966310384093
        ],
        "Spine2": [
            -0.3002342170276091,
            0.5737537815991562,
            -0.9020232055949458
        ],
        "Spine3": [
            -0.2635118403767929,
            0.47216751567199694,
            -0.7686280403937529
        ],
        "Neck": [
            -0.15896173241090616,
            0.5640994433177462,
            -0.13285550659256193
        ],
        "Head": [
            -0.07509149451651256,
            0.4155273903772611,
            0.040873370245845995
        ],
        "L_Collar": [
            0.022175704925162913,
            0.5663558227921311,
            -0.44826518458988235
        ],
        "L_Shoulder": [
            0.28884551576134126,
            0.5102732246964921,
            -0.5011326140527581
        ],
        "L_Elbow": [
            0.4655647884056771,
            0.3120162084612144,
            -1.2229545951061087
        ],
        "L_Wrist": [
            0.28742712562081685,
            -0.3833460815954712,
            -1.1284471898368449
        ],
        "L_Hand": [
            0.25939624425565166,
            -0.6193835486850664,
            -1.0604735316996368
        ],
        "R_Collar": [
            -0.4341324657124617,
            0.5502946096783028,
            -0.36956985128905473
        ],
        "R_Shoulder": [
            -0.6874997478975493,
            0.42531937795252567,
            -0.30230411998248136
        ],
        "R_Elbow": [
            -1.123363179524438,
            0.07213727184888823,
            -0.8020315698222588
        ],
        "R_Wrist": [
            -1.1887519841237426,
            -0.6698548205488994,
            -0.764969440834094
        ],
        "R_Hand": [
            -1.2187733902313813,
            -0.9041233198295157,
            -0.6912750707972093
        ]
    },
    "joints2D": {
        "Pelvis": [
            0.19914484438558036,
            0.8865940540122793
        ],
        "L_Hip": [
            0.22413129104281362,
            0.9220209235210106
        ],
        "L_Knee": [
            0.7428576523521417,
            0.8894453058029029
        ],
        "L_Ankle": [
            0.7373689328627993,
            0.8655842523183269
        ],
        "L_Foot": [
            0.7322961895257984,
            0.8375158128481028
        ],
        "R_Hip": [
            0.1745527655344164,
            0.9021049176244498
        ],
        "R_Knee": [
            0.8399624645270146,
            0.7952093672676479
        ],
        "R_Ankle": [
            0.8041557334895867,
            0.8631405258427673
        ],
        "R_Foot": [
            0.8076901836735036,
            0.8313924767435571
        ],
        "Spine1": [
            0.20130686928926492,
            0.8335639260513481
        ],
        "Spine2": [
            0.19860075392037116,
            0.7979661094184071
        ],
        "Spine3": [
            0.1964662453901907,
            0.8016576475302838
        ],
        "Neck": [
            0.2066672182312927,
            0.5674440040226355
        ],
        "Head": [
            0.22094252461415376,
            0.4671289278639684
        ],
        "L_Collar": [
            0.25378991721708166,
            0.7054332768261495
        ],
        "L_Shoulder": [
            0.3143291858784709,
            0.7252130281537733
        ],
        "L_Elbow": [
            0.3205477891968714,
            0.8750533003547527
        ],
        "L_Wrist": [
            0.7043195127333762,
            0.8666369879129084
        ],
        "L_Hand": [
            0.7127739655102594,
            0.8127697134584034
        ],
        "R_Collar": [
            0.15368477941162045,
            0.6589524747905877
        ],
        "R_Shoulder": [
            0.09988082451819219,
            0.6281071103208388
        ],
        "R_Elbow": [
            0.06434575730495816,
            0.7604403293690629
        ],
        "R_Wrist": [
            0.8968593866885152,
            0.6845438435866101
        ],
        "R_Hand": [
            0.885335651403688,
            0.6492631660570821
        ]
    }
}