{
    "joints3D": {
        "Pelvis": [
            0.2953469458425352,
            1.1700817622580915,
            -1.5788208259416974
        ],
        "L_Hip": [
            0.4994100401122531,
            1.0853803075759878,
            -1.882984516250474
        ],
        "L_Knee": [
            0.04596715635892149,
            -0.12022313591127579,
            -1.7958623520518102
        ],
        "L_Ankle": [
            -0.496839129143474,
            -0.650715313822916,
            -2.9395337477313013
        ],
        "L_Foot": [
            -0.6423661848237064,
            -1.0367659753540097,
            -2.7533253818630734
        ],
        "R_Hip": [
            0.15498144356238347,
            1.3578760577907492,
            -1.866139145409261
        ],
        "R_Knee": [
            0.12352773416983277,
            2.076207731846064,
            -2.968256294842954
        ],
        "R_Ankle": [
            1.1327270744897109,
            2.9228543064918444,
            -3.3553820300394874
        ],
        "R_Foot": [
            0.9100311123115308,
            3.1366567841388244,
            -3.693847626560408
        ],
        "Spine1": [
            0.3295310810014288,
            1.2030563266903285,
            -1.1986361939828567
        ],
        "Spine2": [
            0.2600266300686434,
            0.9144409813322962,
            -0.8588041016179262
        ],
        "Spine3": [
            0.22433503968326365,
            0.7763102424020181,
            -0.7272595609438085
        ],
        "Neck": [
            0.23588529852527354,
            0.5634752122612636,
            -0.07576024519564517
        ],
        "Head": [
            0.23581167082827467,
            0.32047915080669703,
            0.04413424782366585
        ],
        "L_Collar": [
            0.48388241260319426,
            0.5950200356318687,
            -0.3702459144809587
        ],
        "L_Shoulder": [
            0.6777922498326231,
            0.37012854732278694,
            -0.28761549121137214
        ],
        "L_Elbow": [
            0.9949311883382329,
            -0.44081393994870727,
            -0.22864345976366598
        ],
        "L_Wrist": [
            0.8220280767046936,
            -0.9279844861463667,
            0.4382913063211033
        ],
        "L_Hand": [
            0.889607801277598,
            -0.9033210370588708,
            0.7175149031719887
        ],
        "R_Collar": [
            0.01042260605582471,
            0.7878585055271683,
            -0.30115906730104486
        ],
        "R_Shoulder": [
            -0.25013096305444715,
            0.699386619009529,
            -0.11283667895294928
        ],
        "R_Elbow": [
            -0.9780919947158714,
            0.29574447363414047,
            0.05917842777257009
        ],
        "R_Wrist": [
            -1.2617747833041952,
            -0.30261047614572384,
            0.6213021536437054
        ],
        "R_Hand": [
            -1.2916396407326287,
            -0.36735440585380513,
            0.9003646201167121
        ]
    },
    "joints2D": {
        "Pelvis": [
            0.27541751068612247,
            0.7835549592426821
        ],
        "L_Hip": [
            0.290561606622674,
            0.8133967183853004
        ],
        "L_Knee": [
            0.7456138520763131,
            0.9461660773948362
        ],
        "L_Ankle": [
            0.7854752683836796,
            0.9009819593248186
        ],
        "L_Foot": [
            0.7935986914687535,
            0.8593827794681738
        ],
        "R_Hip": [
            0.26072035411596106,
            0.7881714673039413
        ],
        "R_Knee": [
            0.2548179564253841,
            0.7941209913225016
        ],
        "R_Ankle": [
            0.292310454383146,
            0.7559975005624693
        ],
        "R_Foot": [
            0.28131862896712645,
            0.762559380784793
        ],
        "Spine1": [
            0.28164446340897753,
            0.7373739581747497
        ],
        "Spine2": [
            0.2835717559612155,
            0.728016015570372
        ],
        "Spine3": [
            0.28415098107656794,
            0.7275163870965929
        ],
        "Neck": [
            0.3099491940114529,
            0.5366636195715485
        ],
        "Head": [
            0.3468669403437516,
            0.4605150089712235
        ],
        "L_Collar": [
            0.34696609337978507,
            0.6477503689741735
        ],
        "L_Shoulder": [
            0.40483935536520305,
            0.6298452904929605
        ],
        "L_Elbow": [
            0.5778812570957965,
            0.5770157243269309
        ],
        "L_Wrist": [
            0.6434519974382555,
            0.38221459809784497
        ],
        "L_Hand": [
            0.6426010903836085,
            0.32184529238295134
        ],
        "R_Collar": [
            0.25060515726933197,
            0.6107728645854686
        ],
        "R_Shoulder": [
            0.19566788685934086,
            0.5450763278673777
        ],
        "R_Elbow": [
            0.054976152980066556,
            0.47384759596842896
        ],
        "R_Wrist": [
            0.9353750641072678,
            0.3160620493063618
        ],
        "R_Hand": [
            0.9177023726964021,
            0.26537588042925614
        ]
    }
}