{
    "joints2D": {
        "Pelvis": [
            0.855373108084884,
            0.8689628187148838
        ],
        "L_Hip": [
            0.8407847963627306,
            0.895849860909227
        ],
        "L_Knee": [
            0.8228754745336556,
            0.8798886882258555
        ],
        "L_Ankle": [
            0.8342871963397447,
            0.865203914722872
        ],
        "L_Foot": [
            0.8204893448328616,
            0.8576744363811339
        ],
        "R_Hip": [
            0.8621835111589189,
            0.8359647500842504
        ],
        "R_Knee": [
            0.8366143205100696,
            0.8151354540939169
        ],
        "R_Ankle": [
            0.8427544405957085,
            0.8381960880295654
        ],
        "R_Foot": [
            0.8311328840950651,
            0.8271232373244952
        ],
        "Spine1": [
            0.870861865399687,
            0.8739174869907519
        ],
        "Spine2": [
            0.12030209749231574,
            0.8825074969866422
        ],
        "Spine3": [
            0.12353245590954934,
            0.8854803208960729
        ],
        "Neck": [
            0.1341105004912025,
            0.6519758103810764
        ],
        "Head": [
            0.1521909556912093,
            0.5089970544331202
        ],
        "L_Collar": [
            0.17590118365742136,
            0.8021630315996744
        ],
        "L_Shoulder": [
            0.22586334386552043,
            0.8099922742373282
        ],
        "L_Elbow": [
            0.21055245965946676,
            0.9259500064362546
        ],
        "L_Wrist": [
            0.7580439258359406,
            0.9154956320319841
        ],
        "L_Hand": [
            0.7549925907687348,
            0.8962162235577869
        ],
        "R_Collar": [
            0.07196086174937806,
            0.7182971056351776
        ],
        "R_Shoulder": [
            0.027533895572156367,
            0.6459052283783437
        ],
        "R_Elbow": [
            0.9116776373090807,
            0.7518064258846799
        ],
        "R_Wrist": [
            0.869251810861418,
            0.7549807168541179
        ],
        "R_Hand": [
            0.8610982136448385,
            0.7646532298550864
        ]
    },
    "joints3D": {
        "Pelvis": [
            -0.8643060162295939,
            -0.2740002365960843,
            -1.5442352368279921
        ],
        "L_Hip": [
            -0.8459519653328793,
            -0.2338795073288239,
            -1.8851808792306888
        ],
        "L_Knee": [
            -1.0780187714839806,
            -0.6833530948751682,
            -2.8836347376674984
        ],
        "L_Ankle": [
            -1.7198387946675595,
            -1.0082644537840517,
            -3.8151258629061764
        ],
        "L_Foot": [
            -1.523269184526812,
            -1.3178235609318085,
            -3.9705526562735685
        ],
        "R_Hip": [
            -1.0980734669974301,
            -0.4738827159829702,
            -1.677863714476734
        ],
        "R_Knee": [
            -1.358517968586369,
            -1.184739318820397,
            -2.5324358513563676
        ],
        "R_Ankle": [
            -1.9120126421702663,
            -1.240634192115122,
            -3.565980466461556
        ],
        "R_Foot": [
            -1.7853758355777116,
            -1.594068997712936,
            -3.6909776171980275
        ],
        "Spine1": [
            -0.8061330709965208,
            -0.11760460659138962,
            -1.2703337983666667
        ],
        "Spine2": [
            -0.6133387291463134,
            0.015758508228257095,
            -0.9205033645171766
        ],
        "Spine3": [
            -0.5037816100963449,
            0.016973234381131734,
            -0.7815868778639171
        ],
        "Neck": [
            -0.36544373945118797,
            0.3558205908195923,
            -0.24679675767563777
        ],
        "Head": [
            -0.22898854247114314,
            0.3204405032878065,
            -0.013905983195717895
        ],
        "L_Collar": [
            -0.2889276472340054,
            0.34177996316216747,
            -0.6055006675909159
        ],
        "L_Shoulder": [
            -0.11234083993345048,
            0.4735456319257847,
            -0.7711416153687232
        ],
        "L_Elbow": [
            -0.26317139411448226,
            0.17868545615706058,
            -1.4809191194672715
        ],
        "L_Wrist": [
            -0.06236895139249505,
            -0.3583564019919542,
            -1.9508309367947623
        ],
        "L_Hand": [
            -0.03858919816300727,
            -0.5481886514071931,
            -2.1181855590219776
        ],
        "R_Collar": [
            -0.6189617648660155,
            0.13863826543665805,
            -0.38713827369556547
        ],
        "R_Shoulder": [
            -0.8468282101504594,
            0.0004565927680878823,
            -0.2846078919532236
        ],
        "R_Elbow": [
            -1.139096957934728,
            -0.31770439844196974,
            -0.9042203712347988
        ],
        "R_Wrist": [
            -1.278701511190543,
            -0.8714471874711871,
            -1.3975326707938935
        ],
        "R_Hand": [
            -1.3242715450751992,
            -0.9901852637786703,
            -1.6132351957942221
        ]
    }
}