{
    "joints3D": {
        "Pelvis": [
            -0.1410199069385898,
            1.4728864993222166,
            -1.12744295487693
        ],
        "L_Hip": [
            -0.03567167716837422,
            1.4841637208414997,
            -1.445558413923891
        ],
        "L_Knee": [
            -0.16437558999725702,
            0.4505192784443024,
            -1.9362544362415894
        ],
        "L_Ankle": [
            -0.7592778221030657,
            0.48474621788043154,
            -3.005642542918785
        ],
        "L_Foot": [
            -0.7258516459161168,
            0.10885955754703393,
            -3.1490647290100062
        ],
        "R_Hip": [
            -0.39500898843495064,
            1.571003835892844,
            -1.3152037347554126
        ],
        "R_Knee": [
            -1.081890269236664,
            1.7912247057434934,
            -2.241025734092686
        ],
        "R_Ankle": [
            -1.218775820051169,
            2.7786950074971974,
            -2.952167577376495
        ],
        "R_Foot": [
            -1.4780149440065138,
            2.722123107570303,
            -3.2628635485398636
        ],
        "Spine1": [
            -0.024094646201569724,
            1.5113165240594277,
            -0.8086618812445427
        ],
        "Spine2": [
            0.03994261226897663,
            1.2147026283388,
            -0.5443019833192748
        ],
        "Spine3": [
            0.04890292311777006,
            1.0488208448375744,
            -0.49574136053300144
        ],
        "Neck": [
            0.10817783869938573,
            0.6452505763274774,
            -0.04034197678226849
        ],
        "Head": [
            0.12482439076210003,
            0.4099334863104626,
            0.01212124908082131
        ],
        "L_Collar": [
            0.31307893579624285,
            0.8472065852806309,
            -0.22988524950837885
        ],
        "L_Shoulder": [
            0.5622508192604786,
            0.8951899126458759,
            -0.33563547662686144
        ],
        "L_Elbow": [
            0.6898556108952416,
            1.580986952803661,
            -0.6810085649249261
        ],
        "L_Wrist": [
            0.5375781571840442,
            1.8968907033325901,
            -1.3468958209381299
        ],
        "L_Hand": [
            0.5472334252197271,
            2.043904139899362,
            -1.5576771351075989
        ],
        "R_Collar": [
            -0.14421490780419952,
            0.8395710460054365,
            -0.17975246931248182
        ],
        "R_Shoulder": [
            -0.42661843432468566,
            0.775415818516658,
            -0.24736449787707449
        ],
        "R_Elbow": [
            -0.9404204282824229,
            0.7830255062130219,
            -0.8046976899596359
        ],
        "R_Wrist": [
            -1.4617364167152143,
            0.5001371884251007,
            -1.3030592563358268
        ],
        "R_Hand": [
            -1.6700377592617393,
            0.4424292175577052,
            -1.441878674765393
        ]
    },
    "joints2D": {
        "Pelvis": [
            0.2359596750010697,
            0.7000598473671726
        ],
        "L_Hip": [
            0.24568122042430945,
            0.7371913856989355
        ],
        "L_Knee": [
            0.23147308370983244,
            0.9017470839044627
        ],
        "L_Ankle": [
            0.19652951135593197,
            0.9098573407492715
        ],
        "L_Foot": [
            0.19723005171701272,
            0.9433720079408168
        ],
        "R_Hip": [
            0.21652164565665705,
            0.711170881147717
        ],
        "R_Knee": [
            0.18496284914209096,
            0.7610895046094263
        ],
        "R_Ankle": [
            0.19804570198073715,
            0.7423919953582171
        ],
        "R_Foot": [
            0.18980817750488074,
            0.7570424518567812
        ],
        "Spine1": [
            0.24636534452989042,
            0.6500536377957953
        ],
        "Spine2": [
            0.25344537554833263,
            0.6282137288153891
        ],
        "Spine3": [
            0.255408423476794,
            0.634482621701191
        ],
        "Neck": [
            0.27442328624276374,
            0.5165119837231336
        ],
        "Head": [
            0.2945662117218307,
            0.488363402474892
        ],
        "L_Collar": [
            0.3025047493468236,
            0.5763835003700385
        ],
        "L_Shoulder": [
            0.33297259546194746,
            0.5979656921809742
        ],
        "L_Elbow": [
            0.3095122519908559,
            0.6174632263359282
        ],
        "L_Wrist": [
            0.28626786118528796,
            0.6858284098351061
        ],
        "L_Hand": [
            0.28365932743460265,
            0.6966372948866137
        ],
        "R_Collar": [
            0.22258726170616852,
            0.5622312131321523
        ],
        "R_Shoulder": [
            0.17243356963485448,
            0.5856570740956942
        ],
        "R_Elbow": [
            0.13060491428547422,
            0.6992850483658036
        ],
        "R_Wrist": [
            0.09940158707770769,
            0.7633609423514212
        ],
        "R_Hand": [
            0.09194959109506957,
            0.7678518681014741
        ]
    }
}