{
    "joints3D": {
        "Pelvis": [
            -0.16665707576743283,
            -0.8983345338869695,
            -1.0496332993398858
        ],
        "L_Hip": [
            0.016852923489670633,
            -1.066171094154284,
            -1.2901873365995
        ],
        "L_Knee": [
            0.21556606550225765,
            -1.762399736461064,
            -2.1204433893525354
        ],
        "L_Ankle": [
            0.05233093846470801,
            -2.1276985223804177,
            -3.212613570276981
        ],
        "L_Foot": [
            0.2968879440016886,
            -2.4257210014603148,
            -3.1654623903184915
        ],
        "R_Hip": [
            -0.33313150241133305,
            -1.1917966000135238,
            -1.0882740853979105
        ],
        "R_Knee": [
            -0.22918300109371795,
            -2.2737662708207815,
            -0.8076447423752017
        ],
        "R_Ankle": [
            -0.1555360679530619,
            -3.3487285019167907,
            -1.2473036125244266
        ],
        "R_Foot": [
            -0.07639468544995705,
            -3.5994623932157004,
            -0.9625723316685394
        ],
        "Spine1": [
            -0.22759989234137845,
            -0.6006747934966599,
            -0.9545842671116348
        ],
        "Spine2": [
            -0.19747165560064212,
            -0.26476022137328253,
            -0.7691452259281503
        ],
        "Spine3": [
            -0.15546190814297853,
            -0.18614925102682592,
            -0.6241857658757168
        ],
        "Neck": [
            -0.1758572030514158,
            0.3814208547139204,
            -0.31795247338156235
        ],
        "Head": [
            -0.11231344948701116,
            0.35840403409390803,
            -0.08620674904148524
        ],
        "L_Collar": [
            0.0358476100230879,
            0.1970259333633503,
            -0.5442527616396665
        ],
        "L_Shoulder": [
            0.2618290790159159,
            0.30595279642773876,
            -0.6573896028055112
        ],
        "L_Elbow": [
            0.3976662313125978,
            -0.1127822526461212,
            -1.2799932029237489
        ],
        "L_Wrist": [
            0.6708846675374097,
            -0.6710730868913969,
            -1.6389836226549404
        ],
        "L_Hand": [
            0.7156863084447387,
            -0.8337075037506904,
            -1.816790602293534
        ],
        "R_Collar": [
            -0.39434033334491164,
            0.10995500811532458,
            -0.408803135326042
        ],
        "R_Shoulder": [
            -0.6785841307625519,
            0.12889599165275542,
            -0.36708995975193615
        ],
        "R_Elbow": [
            -0.8690518492042831,
            -0.3280272508507125,
            -0.923608951559265
        ],
        "R_Wrist": [
            -1.0247937370117302,
            -0.9779759281886079,
            -1.2398079709026562
        ],
        "R_Hand": [
            -1.0285096756154346,
            -1.1619140807906658,
            -1.4020352385048949
        ]
    },
    "joints2D": {
        "Pelvis": [
            0.7724894010906167,
            0.7634518303095371
        ],
        "L_Hip": [
            0.7495765785124389,
            0.7701450550756258
        ],
        "L_Knee": [
            0.7375642541536944,
            0.768664212447702
        ],
        "L_Ankle": [
            0.7488786592667533,
            0.8017831118523503
        ],
        "L_Foot": [
            0.7380710222492235,
            0.7806328171610746
        ],
        "R_Hip": [
            0.7860300034914278,
            0.7238110850192403
        ],
        "R_Knee": [
            0.7663657100633083,
            0.6030525500094522
        ],
        "R_Ankle": [
            0.7582646323085422,
            0.6080453385590896
        ],
        "R_Foot": [
            0.7545813079429832,
            0.5784923789449173
        ],
        "Spine1": [
            0.7878944683156686,
            0.8037544036737261
        ],
        "Spine2": [
            0.7986188398915178,
            0.8654358427160278
        ],
        "Spine3": [
            0.798629906687139,
            0.8768742066142311
        ],
        "Neck": [
            0.19140280379350608,
            0.7042587519313325
        ],
        "Head": [
            0.20225407802578607,
            0.5684921031335761
        ],
        "L_Collar": [
            0.26090449967250284,
            0.869652087033725
        ],
        "L_Shoulder": [
            0.31447899510313904,
            0.8278877006735094
        ],
        "L_Elbow": [
            0.6854200143104823,
            0.9217645349006176
        ],
        "L_Wrist": [
            0.6815008340105366,
            0.8386106988564065
        ],
        "L_Hand": [
            0.6859062550934221,
            0.8295884737127652
        ],
        "R_Collar": [
            0.1042944414805066,
            0.796564447883152
        ],
        "R_Shoulder": [
            0.06273145831937631,
            0.6984238815379215
        ],
        "R_Elbow": [
            0.8880787331010862,
            0.7878886307896237
        ],
        "R_Wrist": [
            0.8520021264623117,
            0.740801910640743
        ],
        "R_Hand": [
            0.8410606345496414,
            0.7418408900189806
        ]
    }
}