{
    "joints3D": {
        "Pelvis": [
            0.4326850587674723,
            0.22870053163978443,
            -1.698352843085652
        ],
        "L_Hip": [
            0.682244180606449,
            0.07027883048929254,
            -1.931101347066859
        ],
        "L_Knee": [
            0.9166399583532502,
            -0.6941674633781325,
            -2.79803337526865
        ],
        "L_Ankle": [
            0.9628499312615451,
            -1.3244532731985486,
            -3.898035979672225
        ],
        "L_Foot": [
            1.0345071407288835,
            -1.7200405721663101,
            -3.833890230178411
        ],
        "R_Hip": [
            0.24299983611267006,
            0.1589085510457503,
            -2.0041130336392956
        ],
        "R_Knee": [
            0.031362357314350685,
            -0.47810496109081824,
            -3.0022127101029326
        ],
        "R_Ankle": [
            0.08498040189282821,
            -1.1451142305627071,
            -4.078707162940957
        ],
        "R_Foot": [
            -0.13652771384175627,
            -1.4856468884637783,
            -4.008177124126254
        ],
        "Spine1": [
            0.4249719957084007,
            0.4516947926453688,
            -1.428784142819663
        ],
        "Spine2": [
            0.3695525803419137,
            0.5096451273994586,
            -1.0031092873111813
        ],
        "Spine3": [
            0.31504298615080295,
            0.41436188399210844,
            -0.8466133113570423
        ],
        "Neck": [
            0.2099301962935138,
            0.5916618202258225,
            -0.16620380094845594
        ],
        "Head": [
            0.15335864598192403,
            0.40825433699231717,
            0.009474343549179014
        ],
        "L_Collar": [
            0.48040594620569915,
            0.47158977347324443,
            -0.428388777941356
        ],
        "L_Shoulder": [
            0.7422687277989477,
            0.42846560062426003,
            -0.37877799502012177
        ],
        "L_Elbow": [
            1.154299776280413,
            0.5758470641270879,
            -1.044527594214719
        ],
        "L_Wrist": [
            0.9685191249942687,
            -0.10544627667211895,
            -1.2921738682031074
        ],
        "L_Hand": [
            0.9265358367349003,
            -0.3493567140943049,
            -1.3403534745154144
        ],
        "R_Collar": [
            0.06130758043428669,
            0.6165289654625421,
            -0.5277852991295509
        ],
        "R_Shoulder": [
            -0.19408975735770992,
            0.7339413296347932,
            -0.5517443682277853
        ],
        "R_Elbow": [
            -0.3287006097640284,
            0.847527546449261,
            -1.31551071873548
        ],
        "R_Wrist": [
            -0.7697251793046647,
            0.45169273966079093,
            -0.8220477084951208
        ],
        "R_Hand": [
            -0.9316197656241637,
            0.37554684365269786,
            -0.6449409581101846
        ]
    },
    "joints2D": {
        "Pelvis": [
            0.3020063997855492,
            0.9162143916250964
        ],
        "L_Hip": [
            0.3248614130410344,
            0.9287666982783594
        ],
        "L_Knee": [
            0.6883303722721728,
            0.8820691343044469
        ],
        "L_Ankle": [
            0.7056786097802002,
            0.8671483842483783
        ],
        "L_Foot": [
            0.7050291335007597,
            0.8406779294386348
        ],
        "R_Hip": [
            0.2754790847050989,
            0.9399655855106698
        ],
        "R_Knee": [
            0.7491400842868685,
            0.9220429781370574
        ],
        "R_Ankle": [
            0.7472613351921978,
            0.8905952569067436
        ],
        "R_Foot": [
            0.7576719437544113,
            0.8679709606833079
        ],
        "Spine1": [
            0.30391141668394434,
            0.8689262034509768
        ],
        "Spine2": [
            0.308338020172024,
            0.8213627707652853
        ],
        "Spine3": [
            0.3096052719395324,
            0.8249388889187715
        ],
        "Neck": [
            0.3004361191562253,
            0.5792955372077693
        ],
        "Head": [
            0.3044821511714715,
            0.49038302551927676
        ],
        "L_Collar": [
            0.3570204910145763,
            0.6905709212036225
        ],
        "L_Shoulder": [
            0.3986086599386849,
            0.6503385900182582
        ],
        "L_Elbow": [
            0.3861995620639849,
            0.7462359550432179
        ],
        "L_Wrist": [
            0.6165756172306364,
            0.8569309983199903
        ],
        "L_Hand": [
            0.6346688125487927,
            0.8348965121353423
        ],
        "R_Collar": [
            0.2614004001266602,
            0.7169638662025458
        ],
        "R_Shoulder": [
            0.21392211556673169,
            0.6946770218804877
        ],
        "R_Elbow": [
            0.21078774324811878,
            0.8002742301880619
        ],
        "R_Wrist": [
            0.12444875089208905,
            0.7625518417293746
        ],
        "R_Hand": [
            0.09218143990872417,
            0.7139104188828661
        ]
    }
}