{
    "joints3D": {
        "Pelvis": [
            -0.1984362630302354,
            -0.09062218072068107,
            -1.6034490740707001
        ],
        "L_Hip": [
            -0.045527224358652016,
            -0.25851398560177274,
            -1.8679349396689349
        ],
        "L_Knee": [
            -0.043382316452595555,
            -0.8849111299107506,
            -2.88807582360121
        ],
        "L_Ankle": [
            -0.19718043045690314,
            -1.2522067764597629,
            -4.096960650218264
        ],
        "L_Foot": [
            -0.15364952033144158,
            -1.6696621437233623,
            -4.099047741556893
        ],
        "R_Hip": [
            -0.44608246335807844,
            -0.21235931861444926,
            -1.808623089028829
        ],
        "R_Knee": [
            -0.8130502063911712,
            -0.7776637683764848,
            -2.825822975395853
        ],
        "R_Ankle": [
            -0.942029437331757,
            -1.213360123595279,
            -4.015131230696445
        ],
        "R_Foot": [
            -1.1988894532774443,
            -1.5476714611111826,
            -3.9631065752580192
        ],
        "Spine1": [
            -0.1419671644750497,
            0.1799141535475687,
            -1.3801970095075338
        ],
        "Spine2": [
            -0.033274617322616266,
            0.33417346999355574,
            -1.00674636457827
        ],
        "Spine3": [
            -0.0050476906341465075,
            0.3097561580330483,
            -0.8307163718163088
        ],
        "Neck": [
            0.09277780376195356,
            0.5537917626054457,
            -0.2520124458142776
        ],
        "Head": [
            0.14423185553106543,
            0.42425251370096073,
            -0.042960912297768335
        ],
        "L_Collar": [
            0.28835205995902147,
            0.467214791896202,
            -0.5393432110144306
        ],
        "L_Shoulder": [
            0.5438518182665111,
            0.3420750987520075,
            -0.5119890432422999
        ],
        "L_Elbow": [
            0.459630447902348,
            -0.38231307240689605,
            -0.8628268589564162
        ],
        "L_Wrist": [
            0.124816449101106,
            -0.05986491794831612,
            -0.23341826320930975
        ],
        "L_Hand": [
            0.1416241920257192,
            0.0056253255085469776,
            0.025262838295980014
        ],
        "R_Collar": [
            -0.18428281138518532,
            0.5114240023005971,
            -0.4803212831282553
        ],
        "R_Shoulder": [
            -0.4433774135659731,
            0.39232364686354354,
            -0.3608152120805343
        ],
        "R_Elbow": [
            -0.48369544643725854,
            -0.2707983827999606,
            -0.7848717415247347
        ],
        "R_Wrist": [
            -0.028731105331686435,
            -0.11831245290122004,
            -0.1379647544203143
        ],
        "R_Hand": [
            -0.004102857907049965,
            -0.07800510487306955,
            0.124904185983137
        ]
    },
    "joints2D": {
        "Pelvis": [
            0.7791086614045725,
            0.9457455681537974
        ],
        "L_Hip": [
            0.7566004087962575,
            0.9274067492943883
        ],
        "L_Knee": [
            0.7542641329053279,
            0.8841279306596457
        ],
        "L_Ankle": [
            0.760664657895755,
            0.8839960471035458
        ],
        "L_Foot": [
            0.7581378353732395,
            0.8589891379889482
        ],
        "R_Hip": [
            0.8036393727666808,
            0.9212223396034617
        ],
        "R_Knee": [
            0.8063191067020865,
            0.8793214817226932
        ],
        "R_Ankle": [
            0.7958960633898996,
            0.8769382097844276
        ],
        "R_Foot": [
            0.8049374408367604,
            0.851507557050369
        ],
        "Spine1": [
            0.22651305315558465,
            0.9275419046968862
        ],
        "Spine2": [
            0.24235652143199468,
            0.8775834422908974
        ],
        "Spine3": [
            0.24751628242890888,
            0.8675803129069738
        ],
        "Neck": [
            0.27289192787969163,
            0.6290265970415567
        ],
        "Head": [
            0.29941648197540727,
            0.5275304058266028
        ],
        "L_Collar": [
            0.3156879222779935,
            0.7480950232645176
        ],
        "L_Shoulder": [
            0.3759810025219082,
            0.7370410430527194
        ],
        "L_Elbow": [
            0.6653566796158696,
            0.8201717893370927
        ],
        "L_Wrist": [
            0.6553078943948533,
            0.8565303099531255
        ],
        "L_Hand": [
            0.47327500770186537,
            0.4171425585744177
        ],
        "R_Collar": [
            0.20478090881448363,
            0.7259212028513895
        ],
        "R_Shoulder": [
            0.13244470731715802,
            0.6864013978710439
        ],
        "R_Elbow": [
            0.8536876094438093,
            0.8293720396280692
        ],
        "R_Wrist": [
            0.7789347097765957,
            0.762118783471783
        ],
        "R_Hand": [
            0.7564882490765984,
            0.18496241167697025
        ]
    }
}