{
    "joints2D": {
        "Pelvis": [
            0.18354050283367354,
            0.925388645118814
        ],
        "L_Hip": [
            0.20213342682284835,
            0.9166509768009942
        ],
        "L_Knee": [
            0.2280412699776711,
            0.9365518537364423
        ],
        "L_Ankle": [
            0.21938194657761767,
            0.9367156900088713
        ],
        "L_Foot": [
            0.2356567451750342,
            0.9440376655595206
        ],
        "R_Hip": [
            0.8288014711049477,
            0.9306490566179417
        ],
        "R_Knee": [
            0.8097102451526508,
            0.9048972367515206
        ],
        "R_Ankle": [
            0.8145173910356883,
            0.9145320354800615
        ],
        "R_Foot": [
            0.804970348879419,
            0.899443229333816
        ],
        "Spine1": [
            0.1707554336703153,
            0.8992691509922216
        ],
        "Spine2": [
            0.16444751502782945,
            0.8770586139987419
        ],
        "Spine3": [
            0.1689700046601835,
            0.8856860446071559
        ],
        "Neck": [
            0.12077291441433329,
            0.6415825871024458
        ],
        "Head": [
            0.1156695839484253,
            0.482333919735194
        ],
        "L_Collar": [
            0.19218273846131487,
            0.7681404410968815
        ],
        "L_Shoulder": [
            0.23069950246773602,
            0.7125673408693453
        ],
        "L_Elbow": [
            0.2784383703489191,
            0.7078355690284875
        ],
        "L_Wrist": [
            0.3046159406765572,
            0.6785739765422393
        ],
        "L_Hand": [
            0.31001315371456334,
            0.678555291609599
        ],
        "R_Collar": [
            0.08771099993169133,
            0.7875491223929856
        ],
        "R_Shoulder": [
            0.9403287025145372,
            0.7074006410492417
        ],
        "R_Elbow": [
            0.9050194899119046,
            0.646475823165386
        ],
        "R_Wrist": [
            0.8945489685977277,
            0.5994971319022039
        ],
        "R_Hand": [
            0.8889476704638811,
            0.5983339818686756
        ]
    },
    "joints3D": {
        "Pelvis": [
            -0.5528216238897776,
            0.13842102586037325,
            -1.8176909404181352
        ],
        "L_Hip": [
            -0.47578770578256785,
            0.30980101521855385,
            -2.145123840917695
        ],
        "L_Knee": [
            -0.3111026861346185,
            0.32208836183482176,
            -3.3169323801348494
        ],
        "L_Ankle": [
            -0.6062216906027516,
            0.4070798836248264,
            -4.552284905783472
        ],
        "L_Foot": [
            -0.2783701163091469,
            0.3487355768677538,
            -4.788890230539669
        ],
        "R_Hip": [
            -0.7396455550956202,
            -0.05378394715737579,
            -2.069512391951716
        ],
        "R_Knee": [
            -0.9059338704230865,
            -0.5340847150080951,
            -3.1641995867881945
        ],
        "R_Ankle": [
            -1.3217980757341816,
            -0.5320788135112781,
            -4.36614060879398
        ],
        "R_Foot": [
            -1.2047390747561058,
            -0.8984410020676705,
            -4.518594231344685
        ],
        "Spine1": [
            -0.5716647874176755,
            0.21370165990514747,
            -1.4752454408466218
        ],
        "Spine2": [
            -0.46711400593619384,
            0.22484696477431615,
            -1.0535141168271296
        ],
        "Spine3": [
            -0.36822801025595,
            0.1729424352968201,
            -0.897569293729312
        ],
        "Neck": [
            -0.34196416066816515,
            0.2812336151647455,
            -0.19295394673374383
        ],
        "Head": [
            -0.21272254332224325,
            0.18390530683002837,
            0.011957140681681853
        ],
        "L_Collar": [
            -0.22722595233115805,
            0.42352088462942405,
            -0.5450539519320906
        ],
        "L_Shoulder": [
            -0.09146802881642144,
            0.6579305821633984,
            -0.5487651189608415
        ],
        "L_Elbow": [
            0.28008568182617327,
            1.211727738241268,
            -0.9895751053673892
        ],
        "L_Wrist": [
            0.7515042987322142,
            1.750135068593152,
            -1.216990865823834
        ],
        "L_Hand": [
            0.9076870926856114,
            1.9062170874924032,
            -1.3405077102553389
        ],
        "R_Collar": [
            -0.5316725820992252,
            0.0904194388340675,
            -0.47948317563403753
        ],
        "R_Shoulder": [
            -0.7181313582335643,
            -0.10688190500759816,
            -0.3992494641579552
        ],
        "R_Elbow": [
            -1.2277552566443075,
            -0.6726788836178753,
            -0.5960295669540239
        ],
        "R_Wrist": [
            -1.7550225351194202,
            -1.2382139439072322,
            -0.6264000617981756
        ],
        "R_Hand": [
            -1.885827072203296,
            -1.4439498013414511,
            -0.69251702570572
        ]
    }
}