{
    "joints2D": {
        "Pelvis": [
            0.27160471243718654,
            0.9324375804836791
        ],
        "L_Hip": [
            0.29529624453177145,
            0.9443366736285321
        ],
        "L_Knee": [
            0.7114186073788273,
            0.9098024652628272
        ],
        "L_Ankle": [
            0.7141785710730348,
            0.9144485182781257
        ],
        "L_Foot": [
            0.7145766645164768,
            0.8912907141386406
        ],
        "R_Hip": [
            0.25061724317800793,
            0.929527476057693
        ],
        "R_Knee": [
            0.23712887147419395,
            0.9353285493396505
        ],
        "R_Ankle": [
            0.2564216409043248,
            0.9321629790612214
        ],
        "R_Foot": [
            0.24017783134251286,
            0.9331903393906527
        ],
        "Spine1": [
            0.27583597216316846,
            0.903879533897774
        ],
        "Spine2": [
            0.28381684858972145,
            0.8672459835456183
        ],
        "Spine3": [
            0.2859812749576235,
            0.8680247153624212
        ],
        "Neck": [
            0.3067265239073198,
            0.5901598852183764
        ],
        "Head": [
            0.3200723493892976,
            0.47644548968787803
        ],
        "L_Collar": [
            0.35118969602308037,
            0.7301691349539918
        ],
        "L_Shoulder": [
            0.3901727421253825,
            0.6699912822083237
        ],
        "L_Elbow": [
            0.37622148845170206,
            0.7683619691596438
        ],
        "L_Wrist": [
            0.4108362131271884,
            0.8322054603574067
        ],
        "L_Hand": [
            0.5946021882363794,
            0.8135031986605681
        ],
        "R_Collar": [
            0.24539009053426566,
            0.732149980143661
        ],
        "R_Shoulder": [
            0.18646489653563797,
            0.6716723000024613
        ],
        "R_Elbow": [
            0.06457392893982015,
            0.7520292364213426
        ],
        "R_Wrist": [
            0.9262726696708121,
            0.4740063696825115
        ],
        "R_Hand": [
            0.8991508439648345,
            0.3046432107792539
        ]
    },
    "joints3D": {
        "Pelvis": [
            0.19383393579543592,
            0.2040083884469966,
            -1.8365697403101422
        ],
        "L_Hip": [
            0.4406596134748309,
            0.0816403605479613,
            -2.1112305650695586
        ],
        "L_Knee": [
            0.6065162615834976,
            -0.5642578337241354,
            -3.1321913902860667
        ],
        "L_Ankle": [
            0.7879297915290839,
            -0.7329007434037841,
            -4.420338176526492
        ],
        "L_Foot": [
            0.8363541413537419,
            -1.1468479847346909,
            -4.479501274664177
        ],
        "R_Hip": [
            0.019783601326419018,
            0.2827987565941359,
            -2.1638726869127267
        ],
        "R_Knee": [
            -0.17814737400531694,
            0.3609884872759331,
            -3.3892373087425836
        ],
        "R_Ankle": [
            0.1659841203821913,
            0.5554057599700295,
            -4.638824761784737
        ],
        "R_Foot": [
            -0.18927864351896728,
            0.563659977086076,
            -4.874359728777052
        ],
        "Spine1": [
            0.20005220524224904,
            0.3247117674951645,
            -1.495525006661645
        ],
        "Spine2": [
            0.19967978666327887,
            0.37138933323259615,
            -1.050079101196691
        ],
        "Spine3": [
            0.17461674228555654,
            0.30157655816568285,
            -0.8668697087464948
        ],
        "Neck": [
            0.22965997050722847,
            0.5671212791729752,
            -0.18361119015099125
        ],
        "Head": [
            0.2008052999712803,
            0.4051847059697612,
            0.029288413255497584
        ],
        "L_Collar": [
            0.4423810517011765,
            0.42465754454043275,
            -0.5023218050042736
        ],
        "L_Shoulder": [
            0.7121955525654693,
            0.44786560729917946,
            -0.43454073206875754
        ],
        "L_Elbow": [
            1.0879155042122552,
            0.5791374673654632,
            -1.1557885779526764
        ],
        "L_Wrist": [
            1.4632915248389504,
            0.0031360302055973397,
            -1.510805036976282
        ],
        "L_Hand": [
            1.6065532932185176,
            -0.18509373196330753,
            -1.6204278806879393
        ],
        "R_Collar": [
            -0.014000969170414636,
            0.5365222445063672,
            -0.5057143293782302
        ],
        "R_Shoulder": [
            -0.27784665512382944,
            0.5812856245997009,
            -0.3896461224009145
        ],
        "R_Elbow": [
            -0.8742923523666123,
            0.07659734619182017,
            -0.6050040859170863
        ],
        "R_Wrist": [
            -0.5115566989050477,
            -0.23301343593309434,
            0.03403706324578262
        ],
        "R_Hand": [
            -0.43296079761848444,
            -0.23004843721921855,
            0.28217096891433285
        ]
    }
}