{
    "joints3D": {
        "Pelvis": [
            0.11317171979102905,
            0.44603170758176924,
            -1.8140226868973899
        ],
        "L_Hip": [
            0.39003438695629244,
            0.5078168560412494,
            -2.061867910171589
        ],
        "L_Knee": [
            0.8764569009058506,
            0.3675105000343098,
            -3.1286497439422427
        ],
        "L_Ankle": [
            0.47990962489223815,
            1.1701683205921272,
            -4.029681192536731
        ],
        "L_Foot": [
            0.558550874327325,
            1.223935493162805,
            -4.426003266680335
        ],
        "R_Hip": [
            -0.017769138750696172,
            0.3199562762428253,
            -2.132818914515191
        ],
        "R_Knee": [
            0.4130661086172687,
            -0.29459699582405935,
            -3.074651942950472
        ],
        "R_Ankle": [
            1.0046706811437467,
            -0.17868230862318482,
            -4.19140622789477
        ],
        "R_Foot": [
            0.9591269534188441,
            -0.5635340926323407,
            -4.333660797961526
        ],
        "Spine1": [
            -0.008052302935435317,
            0.5767509922317684,
            -1.5124069200132024
        ],
        "Spine2": [
            -0.0868997921444108,
            0.6086720623329684,
            -1.0871364157863608
        ],
        "Spine3": [
            -0.07137684471791295,
            0.49321894030104485,
            -0.935278494709411
        ],
        "Neck": [
            -0.18848183767713148,
            0.5757087655416553,
            -0.23802115140966582
        ],
        "Head": [
            -0.19850017595946753,
            0.4151740359419592,
            -0.03309058178855574
        ],
        "L_Collar": [
            0.07953274544678016,
            0.6190627976834802,
            -0.526099235526906
        ],
        "L_Shoulder": [
            0.34284074104028056,
            0.6781737664346464,
            -0.5418278882942311
        ],
        "L_Elbow": [
            0.52923680980965,
            0.7354817635879786,
            -1.315293536182598
        ],
        "L_Wrist": [
            0.6489785516077697,
            0.0798911753124485,
            -1.6577054563564944
        ],
        "L_Hand": [
            0.7358279117707947,
            -0.1369714012060547,
            -1.753416004448433
        ],
        "R_Collar": [
            -0.3620960764692516,
            0.5275919481775059,
            -0.5864017022332455
        ],
        "R_Shoulder": [
            -0.6211819892126945,
            0.43638712300538,
            -0.6522787579821077
        ],
        "R_Elbow": [
            -0.6912060399664939,
            0.506932040442823,
            -1.4307351884588202
        ],
        "R_Wrist": [
            -0.2845235287159328,
            -0.05584952932889441,
            -1.768439986669244
        ],
        "R_Hand": [
            -0.19968963895798397,
            -0.2830376814746595,
            -1.8371404522812445
        ]
    },
    "joints2D": {
        "Pelvis": [
            0.26117009085653964,
            0.898928938857756
        ],
        "L_Hip": [
            0.28612210604139365,
            0.8935577313203248
        ],
        "L_Knee": [
            0.3075659867079948,
            0.9179643152062232
        ],
        "L_Ankle": [
            0.27178742965291663,
            0.8859870688029722
        ],
        "L_Foot": [
            0.2733699822261966,
            0.8891867810851977
        ],
        "R_Hip": [
            0.2468618077169148,
            0.9244664048236436
        ],
        "R_Knee": [
            0.7219560267777567,
            0.9349993377939491
        ],
        "R_Ankle": [
            0.6982434364481591,
            0.9404678880162483
        ],
        "R_Foot": [
            0.7045490923831925,
            0.9202859283955631
        ],
        "Spine1": [
            0.24766107456368514,
            0.8655018176908417
        ],
        "Spine2": [
            0.2356202637067887,
            0.8230750439360477
        ],
        "Spine3": [
            0.23593054772291466,
            0.8303905618350085
        ],
        "Neck": [
            0.2017986819517761,
            0.6155914606801612
        ],
        "Head": [
            0.1794293879946158,
            0.5203582817297783
        ],
        "L_Collar": [
            0.2651393470261677,
            0.7155476161968403
        ],
        "L_Shoulder": [
            0.31156660458011254,
            0.6961777717482512
        ],
        "L_Elbow": [
            0.31129405298005286,
            0.8086999318016551
        ],
        "L_Wrist": [
            0.3315470847036233,
            0.9208200711243341
        ],
        "L_Hand": [
            0.6647403218696653,
            0.9100912027704481
        ],
        "R_Collar": [
            0.17400713783296684,
            0.7390173588527114
        ],
        "R_Shoulder": [
            0.1301720344062029,
            0.7460824438438339
        ],
        "R_Elbow": [
            0.16518563170251194,
            0.8427742873735156
        ],
        "R_Wrist": [
            0.7877700465969331,
            0.9499080155993257
        ],
        "R_Hand": [
            0.774395549707349,
            0.9211597482298294
        ]
    }
}