{
    "joints3D": {
        "Pelvis": [
            0.18662170208760842,
            1.263280312920013,
            -1.2920885978912369
        ],
        "L_Hip": [
            0.46322590687911974,
            1.3749869428127024,
            -1.4548633335626535
        ],
        "L_Knee": [
            1.1169091985918167,
            1.207895432184469,
            -2.3007179121362062
        ],
        "L_Ankle": [
            0.9067548189672339,
            2.3240472677908914,
            -2.4239606110473977
        ],
        "L_Foot": [
            1.132556868294596,
            2.5086224314876153,
            -2.6698613592230083
        ],
        "R_Hip": [
            0.0845113357846058,
            1.29799498831041,
            -1.6077191369045074
        ],
        "R_Knee": [
            0.4847356419486424,
            0.6407569156019175,
            -2.397385162000852
        ],
        "R_Ankle": [
            1.2586176702406557,
            1.1979666204402355,
            -3.027517340483126
        ],
        "R_Foot": [
            1.1365859935081828,
            0.8801604049728825,
            -3.1978289228306496
        ],
        "Spine1": [
            0.06288476781569408,
            1.2626400033566565,
            -1.0049310612137972
        ],
        "Spine2": [
            -0.007742362758752121,
            1.045293762687912,
            -0.7038079133903551
        ],
        "Spine3": [
            0.011630149493590619,
            0.891792533657247,
            -0.6405846874131238
        ],
        "Neck": [
            -0.13285338468211694,
            0.624043768668696,
            -0.08464981298198479
        ],
        "Head": [
            -0.10317744232264957,
            0.41591246382515434,
            0.02496985947480935
        ],
        "L_Collar": [
            0.12630077469259682,
            0.8120286094582368,
            -0.23611300476988042
        ],
        "L_Shoulder": [
            0.37918243194642776,
            0.8769005509677307,
            -0.1661073731768391
        ],
        "L_Elbow": [
            0.8366292340793214,
            1.0778464340284586,
            -0.724011492810422
        ],
        "L_Wrist": [
            0.9541100290109016,
            0.38462682741614795,
            -0.672417219991411
        ],
        "L_Hand": [
            1.0438348730518257,
            0.1638171682850486,
            -0.7062357795457236
        ],
        "R_Collar": [
            -0.2899288889107404,
            0.7230503668974407,
            -0.3856944216640198
        ],
        "R_Shoulder": [
            -0.5287430535547756,
            0.6248938393756894,
            -0.5010162116537746
        ],
        "R_Elbow": [
            -0.735707087913141,
            0.8825976212885646,
            -1.1536522413068286
        ],
        "R_Wrist": [
            -0.7460498206693664,
            0.5350520742263168,
            -1.7912029781163374
        ],
        "R_Hand": [
            -0.7687692106771846,
            0.44917993727985694,
            -2.015145139422847
        ]
    },
    "joints2D": {
        "Pelvis": [
            0.26643995896509537,
            0.7437431053208716
        ],
        "L_Hip": [
            0.28807707892206263,
            0.7449961394229867
        ],
        "L_Knee": [
            0.3242839709880955,
            0.8089148134987525
        ],
        "L_Ankle": [
            0.29425837814762196,
            0.7411721095154834
        ],
        "L_Foot": [
            0.30058889654290555,
            0.7422025292558642
        ],
        "R_Hip": [
            0.25589917759795383,
            0.7734259593864405
        ],
        "R_Knee": [
            0.28809724502908535,
            0.8875616744634575
        ],
        "R_Ankle": [
            0.3200711840826177,
            0.8409218323279669
        ],
        "R_Foot": [
            0.3154287051314252,
            0.8731005109509082
        ],
        "Spine1": [
            0.2551788124630451,
            0.7062281195441862
        ],
        "Spine2": [
            0.2476275107002496,
            0.6815974009475724
        ],
        "Spine3": [
            0.2504000193747761,
            0.6910214624237853
        ],
        "Neck": [
            0.21623214579586778,
            0.5385827113146568
        ],
        "Head": [
            0.21089297047756386,
            0.47901174306979005
        ],
        "L_Collar": [
            0.2719912653064942,
            0.5845857856813701
        ],
        "L_Shoulder": [
            0.311446514501254,
            0.55230840947895
        ],
        "L_Elbow": [
            0.342402092080072,
            0.659562111079544
        ],
        "L_Wrist": [
            0.40438407005304,
            0.7168047064936138
        ],
        "L_Hand": [
            0.42772686679013644,
            0.7396133356372686
        ],
        "R_Collar": [
            0.19365150189916966,
            0.6435892436262808
        ],
        "R_Shoulder": [
            0.15163242511309516,
            0.6811262387696625
        ],
        "R_Elbow": [
            0.16581021328095352,
            0.7570552150198402
        ],
        "R_Wrist": [
            0.17277028610889963,
            0.8616024974139478
        ],
        "R_Hand": [
            0.17521181782685402,
            0.882238381632264
        ]
    }
}