{
    "joints2D": {
        "Pelvis": [
            0.7330325895420573,
            0.8809921162734602
        ],
        "L_Hip": [
            0.7107246426886862,
            0.8657063736924928
        ],
        "L_Knee": [
            0.7021387472479959,
            0.7842432270592518
        ],
        "L_Ankle": [
            0.7181167541697233,
            0.8802226312147348
        ],
        "L_Foot": [
            0.7114268670928239,
            0.8657134300830268
        ],
        "R_Hip": [
            0.7540048565253217,
            0.8664666996656427
        ],
        "R_Knee": [
            0.7484823076669765,
            0.8124392923932322
        ],
        "R_Ankle": [
            0.733799068628573,
            0.8418759927260749
        ],
        "R_Foot": [
            0.7382839496074208,
            0.8163850702147165
        ],
        "Spine1": [
            0.735161977948176,
            0.9185424959552349
        ],
        "Spine2": [
            0.7355667635292656,
            0.9551548429834377
        ],
        "Spine3": [
            0.7360338042598323,
            0.9497644933224179
        ],
        "Neck": [
            0.24489783596068146,
            0.7303914507708766
        ],
        "Head": [
            0.2416685069763896,
            0.6119342039541232
        ],
        "L_Collar": [
            0.31507578818685006,
            0.8419241721252422
        ],
        "L_Shoulder": [
            0.36471798400501926,
            0.7928602157913348
        ],
        "L_Elbow": [
            0.6326552119331001,
            0.8886256483042309
        ],
        "L_Wrist": [
            0.6336352984412263,
            0.8143875108858427
        ],
        "L_Hand": [
            0.6351915245114439,
            0.8039078209248598
        ],
        "R_Collar": [
            0.1957089026883876,
            0.8609433482432082
        ],
        "R_Shoulder": [
            0.1379433174780355,
            0.8285222229087836
        ],
        "R_Elbow": [
            0.8673862753944026,
            0.8772046731741626
        ],
        "R_Wrist": [
            0.8706743184045548,
            0.7929974128417975
        ],
        "R_Hand": [
            0.8692568333406945,
            0.7785176538348719
        ]
    },
    "joints3D": {
        "Pelvis": [
            0.16086462538146865,
            -0.5279065479491033,
            -1.6840807812887684
        ],
        "L_Hip": [
            0.4213808802646807,
            -0.6742867973905098,
            -1.910303293450636
        ],
        "L_Knee": [
            0.8152955489846166,
            -1.6781090690112035,
            -2.3766554260127615
        ],
        "L_Ankle": [
            0.5991151960686526,
            -1.0483806464164964,
            -3.4508391574417296
        ],
        "L_Foot": [
            0.8000644022354124,
            -1.30619986307643,
            -3.690895151974843
        ],
        "R_Hip": [
            -0.02760395582764787,
            -0.7265591179000715,
            -1.9256088023256561
        ],
        "R_Knee": [
            0.04911708908599505,
            -1.6454559969326534,
            -2.690801621492419
        ],
        "R_Ankle": [
            0.396255153229938,
            -1.8464189465946135,
            -3.888092383951923
        ],
        "R_Foot": [
            0.31016986691148485,
            -2.234584171349242,
            -3.785005371489221
        ],
        "Spine1": [
            0.11379904438984126,
            -0.2493099070647171,
            -1.4798977634239876
        ],
        "Spine2": [
            0.0764770799786617,
            -0.03248257451058265,
            -1.1086905392291764
        ],
        "Spine3": [
            0.06226869366933487,
            -0.045962215565949226,
            -0.9192709802441946
        ],
        "Neck": [
            -0.013455692196914875,
            0.44955790865344536,
            -0.4189484861305267
        ],
        "Head": [
            -0.019672082660048884,
            0.41813856068867855,
            -0.16173104845053526
        ],
        "L_Collar": [
            0.24830808398080892,
            0.26001817589198006,
            -0.6440727866774162
        ],
        "L_Shoulder": [
            0.5150729048536786,
            0.2922351169658483,
            -0.6557907115627863
        ],
        "L_Elbow": [
            0.7965933516321483,
            -0.05209737726857467,
            -1.3131091598688194
        ],
        "L_Wrist": [
            1.2234465153755976,
            -0.5635137352370447,
            -1.6477645769002263
        ],
        "L_Hand": [
            1.361851038242287,
            -0.7103867871492046,
            -1.7973144199222
        ],
        "R_Collar": [
            -0.20155756034567035,
            0.24429040221725698,
            -0.6923790453369462
        ],
        "R_Shoulder": [
            -0.48070177316531343,
            0.22580961420859574,
            -0.7191976764768963
        ],
        "R_Elbow": [
            -0.813116468736699,
            -0.1271700131540119,
            -1.3312390388140185
        ],
        "R_Wrist": [
            -1.2805122888688563,
            -0.6806920024125171,
            -1.5868267372473235
        ],
        "R_Hand": [
            -1.4227367671425555,
            -0.8554727756527312,
            -1.6969031350845643
        ]
    }
}