{
    "joints2D": {
        "Pelvis": [
            0.2737024735238413,
            0.8523988257062544
        ],
        "L_Hip": [
            0.29494397246798754,
            0.8528415172204689
        ],
        "L_Knee": [
            0.29652006187162583,
            0.8720852004111849
        ],
        "L_Ankle": [
            0.2873098632639438,
            0.8792558613630324
        ],
        "L_Foot": [
            0.29408339542153245,
            0.8977913244979121
        ],
        "R_Hip": [
            0.2543190483948042,
            0.8723126823419479
        ],
        "R_Knee": [
            0.2541191441414278,
            0.8915215808360505
        ],
        "R_Ankle": [
            0.2633760263089691,
            0.8892730239694334
        ],
        "R_Foot": [
            0.2618120705675591,
            0.9117775522471574
        ],
        "Spine1": [
            0.2689201921487984,
            0.8181955159311332
        ],
        "Spine2": [
            0.2661221202472943,
            0.7822198899215774
        ],
        "Spine3": [
            0.269116483061034,
            0.7867057446409585
        ],
        "Neck": [
            0.24563038442852964,
            0.5687454765267311
        ],
        "Head": [
            0.24371785789402867,
            0.4686047370968885
        ],
        "L_Collar": [
            0.3060673482808944,
            0.6558624736811491
        ],
        "L_Shoulder": [
            0.3555369106317709,
            0.6274737312527886
        ],
        "L_Elbow": [
            0.36003603388074445,
            0.7286312513818628
        ],
        "L_Wrist": [
            0.36238686692745725,
            0.831268231897899
        ],
        "L_Hand": [
            0.3624401325112889,
            0.8517254401561741
        ],
        "R_Collar": [
            0.20640667722697104,
            0.6970853062589499
        ],
        "R_Shoulder": [
            0.1483727953071863,
            0.7114827679098426
        ],
        "R_Elbow": [
            0.16367018732272615,
            0.8432808477462838
        ],
        "R_Wrist": [
            0.7840850803085538,
            0.9407983967408199
        ],
        "R_Hand": [
            0.7669845055929367,
            0.9173613468516264
        ]
    },
    "joints3D": {
        "Pelvis": [
            0.21987133536670153,
            0.6620345561432671,
            -1.5577859974549546
        ],
        "L_Hip": [
            0.4662788951108725,
            0.7115541750139309,
            -1.7902814432154714
        ],
        "L_Knee": [
            0.7238615278837631,
            0.8964444553180055,
            -2.833252059215806
        ],
        "L_Ankle": [
            0.7985828437112918,
            1.187806810749842,
            -3.9442546462421104
        ],
        "L_Foot": [
            0.9457499401481175,
            0.9119229826925113,
            -4.167733978003016
        ],
        "R_Hip": [
            0.056048779723388176,
            0.653827299155518,
            -1.8510853794681847
        ],
        "R_Knee": [
            0.08196860222416537,
            0.8167557540870221,
            -2.9496314885281447
        ],
        "R_Ankle": [
            0.3031649002984129,
            1.1399000624477422,
            -4.032574740052681
        ],
        "R_Foot": [
            0.2709239522311437,
            0.8351071169024402,
            -4.263100810283574
        ],
        "Spine1": [
            0.15865339478615645,
            0.7254661334737957,
            -1.2553430608054037
        ],
        "Spine2": [
            0.10827277399875625,
            0.6667541699322548,
            -0.8824230525456529
        ],
        "Spine3": [
            0.10723215321391019,
            0.5534236734259885,
            -0.7578802239542233
        ],
        "Neck": [
            -0.010991314728317911,
            0.5572334286106311,
            -0.13043702469229246
        ],
        "Head": [
            -0.012258743353960381,
            0.38559852976223075,
            0.03570209112317251
        ],
        "L_Collar": [
            0.2593065473272066,
            0.6069174583445532,
            -0.3580326490270798
        ],
        "L_Shoulder": [
            0.5289491168384098,
            0.5942301386391206,
            -0.3221108972144047
        ],
        "L_Elbow": [
            0.9128677674964567,
            0.7682595261870885,
            -0.9479385597856648
        ],
        "L_Wrist": [
            1.066253238264659,
            0.45246989339970217,
            -1.56539404349918
        ],
        "L_Hand": [
            1.1421325842293162,
            0.36540523205389824,
            -1.7786681708007999
        ],
        "R_Collar": [
            -0.1862077223255108,
            0.5704799229926157,
            -0.44045381437004794
        ],
        "R_Shoulder": [
            -0.4508125430273216,
            0.47317895242961283,
            -0.48152764719513264
        ],
        "R_Elbow": [
            -0.5908925092442401,
            0.41811597690966884,
            -1.2030427210126207
        ],
        "R_Wrist": [
            -0.2300299493421688,
            -0.10969652763920472,
            -1.558710430860151
        ],
        "R_Hand": [
            -0.12504761437700104,
            -0.2912744400553617,
            -1.6808678800025447
        ]
    }
}