{
    "joints3D": {
        "Pelvis": [
            -0.5786702485048801,
            -0.17044190472407797,
            -1.269260747563326
        ],
        "L_Hip": [
            -0.5645547619098596,
            -0.4009473500931214,
            -1.4997250068179049
        ],
        "L_Knee": [
            -1.0862099845180628,
            -0.9885341294894963,
            -2.2984105921829854
        ],
        "L_Ankle": [
            -1.6437308797364447,
            -1.25787907050254,
            -3.316062881912927
        ],
        "L_Foot": [
            -1.8147728233641982,
            -1.5926443450136247,
            -3.20208891333927
        ],
        "R_Hip": [
            -0.8782123331726034,
            -0.2239866886172964,
            -1.3740613983270693
        ],
        "R_Knee": [
            -1.6917341569811275,
            -0.9667884383794461,
            -1.6751318744445063
        ],
        "R_Ankle": [
            -2.164996530156065,
            -1.189059351612984,
            -2.7458560448745235
        ],
        "R_Foot": [
            -2.4333750253332216,
            -1.4602185023078857,
            -2.6340190119219486
        ],
        "Spine1": [
            -0.39662139568443,
            0.0762965708507282,
            -1.140652852513748
        ],
        "Spine2": [
            -0.20264411626764542,
            0.20464882332699472,
            -0.8256065205232702
        ],
        "Spine3": [
            -0.14413320450796485,
            0.20445743933978047,
            -0.6676855348071401
        ],
        "Neck": [
            0.1386661627667577,
            0.45378933083010287,
            -0.20751517070542355
        ],
        "Head": [
            0.21768874923368892,
            0.3162290281234891,
            -0.03393161081975777
        ],
        "L_Collar": [
            0.21940031837597024,
            0.2910637451677688,
            -0.48927549324111486
        ],
        "L_Shoulder": [
            0.4418157696132112,
            0.20471024682386083,
            -0.6102242761749224
        ],
        "L_Elbow": [
            0.20670703625219414,
            -0.007877919147909772,
            -1.29812018271526
        ],
        "L_Wrist": [
            0.07715612866789992,
            -0.6614124617334421,
            -1.6020706146394346
        ],
        "L_Hand": [
            0.013151881003071771,
            -0.8532618984335144,
            -1.7494342229113322
        ],
        "R_Collar": [
            -0.1668158977635618,
            0.47107595236000566,
            -0.35191758497734693
        ],
        "R_Shoulder": [
            -0.43291659977722535,
            0.5481491005434687,
            -0.2683280408982602
        ],
        "R_Elbow": [
            -0.9076363119110408,
            0.30294903717013083,
            -0.7768903265858575
        ],
        "R_Wrist": [
            -1.4839949832982102,
            -0.16145010479085448,
            -0.9197049259377857
        ],
        "R_Hand": [
            -1.670932395943763,
            -0.3045654297895743,
            -1.0036961454591178
        ]
    },
    "joints2D": {
        "Pelvis": [
            0.8414798093722959,
            0.8926275999655013
        ],
        "L_Hip": [
            0.8220296019405782,
            0.8727534489615505
        ],
        "L_Knee": [
            0.829633107424133,
            0.8285385162601284
        ],
        "L_Ankle": [
            0.8354043275828462,
            0.8363899453868082
        ],
        "L_Foot": [
            0.8390703179660715,
            0.8068094098097197
        ],
        "R_Hip": [
            0.8672827101527089,
            0.860034775677544
        ],
        "R_Knee": [
            0.8800431917785805,
            0.7521258419762805
        ],
        "R_Ankle": [
            0.8685135862792509,
            0.794456724343573
        ],
        "R_Foot": [
            0.8741548784008588,
            0.7631252976228846
        ],
        "Spine1": [
            0.1747425928970011,
            0.9223367128395499
        ],
        "Spine2": [
            0.20053412597394712,
            0.8892762266795357
        ],
        "Spine3": [
            0.20763486651710772,
            0.8772006916523928
        ],
        "Neck": [
            0.2920811508632233,
            0.6272988575799989
        ],
        "Head": [
            0.34214688325775844,
            0.526432437744851
        ],
        "L_Collar": [
            0.3162035408988772,
            0.798618056681118
        ],
        "L_Shoulder": [
            0.36466546994499716,
            0.8177816372039183
        ],
        "L_Elbow": [
            0.7147908216292507,
            0.9565751046727151
        ],
        "L_Wrist": [
            0.7426837289595304,
            0.8575367961777715
        ],
        "L_Hand": [
            0.7500701179727407,
            0.8400901342129107
        ],
        "R_Collar": [
            0.2026338697343007,
            0.6913987031118245
        ],
        "R_Shoulder": [
            0.14974738293194473,
            0.6198744067644956
        ],
        "R_Elbow": [
            0.09657536751051024,
            0.757603959399183
        ],
        "R_Wrist": [
            0.9393372347852201,
            0.7302817634866088
        ],
        "R_Hand": [
            0.9337637679499597,
            0.7164168698086805
        ]
    }
}