{
    "joints2D": {
        "Pelvis": [
            0.27976073987079353,
            0.8168481241686656
        ],
        "L_Hip": [
            0.2987064903029692,
            0.8169949569924103
        ],
        "L_Knee": [
            0.2948063160701478,
            0.8248935946885133
        ],
        "L_Ankle": [
            0.2774939984514232,
            0.7408977310790366
        ],
        "L_Foot": [
            0.27696822581472763,
            0.7379782455852851
        ],
        "R_Hip": [
            0.2616316559506312,
            0.8346545508067165
        ],
        "R_Knee": [
            0.27061814631987546,
            0.8959321954068327
        ],
        "R_Ankle": [
            0.2843731527386445,
            0.9019759248267814
        ],
        "R_Foot": [
            0.2857109533295363,
            0.9257623627122037
        ],
        "Spine1": [
            0.2763967504014195,
            0.7838137792608346
        ],
        "Spine2": [
            0.27190101721246146,
            0.7524599191450679
        ],
        "Spine3": [
            0.2708147304076176,
            0.7655553011579833
        ],
        "Neck": [
            0.2402222789454672,
            0.571222181496682
        ],
        "Head": [
            0.2331477905721303,
            0.4649924774514138
        ],
        "L_Collar": [
            0.30580564718257863,
            0.6653848889323769
        ],
        "L_Shoulder": [
            0.35627075527438423,
            0.6407663769265657
        ],
        "L_Elbow": [
            0.35129545762729225,
            0.7293184719795679
        ],
        "L_Wrist": [
            0.365023809624892,
            0.8643683890992017
        ],
        "L_Hand": [
            0.6378711492122378,
            0.8799559509739849
        ],
        "R_Collar": [
            0.21649323934067383,
            0.6817831588999708
        ],
        "R_Shoulder": [
            0.17581208080210606,
            0.6813719319415563
        ],
        "R_Elbow": [
            0.21309800633838527,
            0.6919329855367387
        ],
        "R_Wrist": [
            0.19926784152330554,
            0.8199043509681955
        ],
        "R_Hand": [
            0.1928909965719885,
            0.8539006359110776
        ]
    },
    "joints3D": {
        "Pelvis": [
            0.32365914374670796,
            0.9545401088645689,
            -1.6618280404320804
        ],
        "L_Hip": [
            0.5961093772860264,
            1.0404231356815645,
            -1.9033538497648912
        ],
        "L_Knee": [
            0.8300780743536956,
            1.5247949739846391,
            -2.9453333406019695
        ],
        "L_Ankle": [
            0.6650590297544049,
            2.7677460402098224,
            -2.8076829904351177
        ],
        "L_Foot": [
            0.7205770049099657,
            3.0782338721807854,
            -3.06139411103115
        ],
        "R_Hip": [
            0.1524249665873517,
            1.0064678769907005,
            -1.9793115912537924
        ],
        "R_Knee": [
            0.34618467175880685,
            0.7919333698481176,
            -3.1398136387819866
        ],
        "R_Ankle": [
            0.7630213028145811,
            0.931802512050851,
            -4.320929859789641
        ],
        "R_Foot": [
            0.7722118898745198,
            0.5473199579746124,
            -4.46291197396207
        ],
        "Spine1": [
            0.25596551259245154,
            0.9761033152369795,
            -1.3212199473540205
        ],
        "Spine2": [
            0.16777746998194254,
            0.8457111111529114,
            -0.920325280736667
        ],
        "Spine3": [
            0.13514437014656616,
            0.6891956396962156,
            -0.8175449286136627
        ],
        "Neck": [
            -0.0318714974686036,
            0.5766234612714894,
            -0.1399547331629016
        ],
        "Head": [
            -0.03934308256364355,
            0.39187407753410947,
            0.04099758511609502
        ],
        "L_Collar": [
            0.2666935729481008,
            0.6191037673930705,
            -0.39213078917615
        ],
        "L_Shoulder": [
            0.5288786476828637,
            0.5772079211740743,
            -0.35253130371438973
        ],
        "L_Elbow": [
            0.8874044621835296,
            0.8527799895555904,
            -1.0029290286199366
        ],
        "L_Wrist": [
            0.6508223115908558,
            0.14771538167031287,
            -1.0263897292192499
        ],
        "L_Hand": [
            0.5982552955494774,
            -0.09677388962979304,
            -1.00864086265534
        ],
        "R_Collar": [
            -0.1680547985736063,
            0.7031083655583596,
            -0.48224057644539553
        ],
        "R_Shoulder": [
            -0.43634606264057446,
            0.7468062556513496,
            -0.55147266071079
        ],
        "R_Elbow": [
            -0.3698960826306663,
            1.371376290838272,
            -1.0128549671583162
        ],
        "R_Wrist": [
            -0.47104255170244497,
            0.8228280117481896,
            -1.5389701270788185
        ],
        "R_Hand": [
            -0.5310377934545878,
            0.6394625764767026,
            -1.6984448860808317
        ]
    }
}