{
    "joints3D": {
        "Pelvis": [
            -0.18622990111649854,
            0.7562844002364869,
            -1.8287385397693194
        ],
        "L_Hip": [
            0.005738543338741611,
            0.8430245886773294,
            -2.13533063981241
        ],
        "L_Knee": [
            0.03236647577234441,
            0.7892629215873448,
            -3.34493290287269
        ],
        "L_Ankle": [
            -0.028108328768447252,
            1.0061983552193694,
            -4.598333387207352
        ],
        "L_Foot": [
            -0.0347152754240369,
            0.6067356059012908,
            -4.759885173294685
        ],
        "R_Hip": [
            -0.4294334239693049,
            0.8124252655077913,
            -2.092105068463113
        ],
        "R_Knee": [
            -0.6779723463573655,
            1.0014141361838815,
            -3.287324795308882
        ],
        "R_Ankle": [
            -0.7450801304686635,
            1.3566126193982568,
            -4.504822860014173
        ],
        "R_Foot": [
            -1.034297776526074,
            1.055366505196914,
            -4.599273292924059
        ],
        "Spine1": [
            -0.1652685195722507,
            0.7717018221138151,
            -1.4826813816807591
        ],
        "Spine2": [
            -0.11208143168750619,
            0.6944648224997201,
            -1.0367808095547288
        ],
        "Spine3": [
            -0.05773015308440416,
            0.6029738558794155,
            -0.8776488354694213
        ],
        "Neck": [
            0.00840029140076132,
            0.745557800447639,
            -0.19429669139886746
        ],
        "Head": [
            0.06386434262346524,
            0.5356458370180762,
            0.0047680149372600735
        ],
        "L_Collar": [
            0.18579436612142872,
            0.8103708294859552,
            -0.5436648157806979
        ],
        "L_Shoulder": [
            0.44489576344614734,
            0.9509574249374521,
            -0.4982804788750102
        ],
        "L_Elbow": [
            0.8324936871524445,
            1.098240848620494,
            -1.2374142710925593
        ],
        "L_Wrist": [
            1.4397022635041274,
            0.5944087918953865,
            -1.093006958902644
        ],
        "L_Hand": [
            1.6681327935202137,
            0.4413145247906019,
            -1.097958481155706
        ],
        "R_Collar": [
            -0.2596953311674148,
            0.6471907804162298,
            -0.46258508584692476
        ],
        "R_Shoulder": [
            -0.4152296182471345,
            0.5176323955512003,
            -0.22918245458945277
        ],
        "R_Elbow": [
            -0.30067442891633556,
            -0.1816690457277141,
            0.17807752994518727
        ],
        "R_Wrist": [
            0.1828562084838188,
            -0.43430446061178346,
            0.7856166315624588
        ],
        "R_Hand": [
            0.2731558446081958,
            -0.5034682637440194,
            1.0315300015339783
        ]
    },
    "joints2D": {
        "Pelvis": [
            0.2303597137386946,
            0.8563253737378741
        ],
        "L_Hip": [
            0.24913167168437636,
            0.8622171702000949
        ],
        "L_Knee": [
            0.25059998507821024,
            0.9021246846366278
        ],
        "L_Ankle": [
            0.24739040625869613,
            0.9065596236775643
        ],
        "L_Foot": [
            0.24706195317178956,
            0.9303789995159666
        ],
        "R_Hip": [
            0.21159832265077533,
            0.8582131065738313
        ],
        "R_Knee": [
            0.20936327342394434,
            0.8781820529302861
        ],
        "R_Ankle": [
            0.2168842166395486,
            0.8812951432554913
        ],
        "R_Foot": [
            0.20388556026767207,
            0.8953186542611187
        ],
        "Spine1": [
            0.2300291853771889,
            0.831234196606221
        ],
        "Spine2": [
            0.2323167802652359,
            0.7992943342619696
        ],
        "Spine3": [
            0.2388032451510414,
            0.7964109059899087
        ],
        "Neck": [
            0.2503542012677285,
            0.576520384712371
        ],
        "Head": [
            0.2670796124375828,
            0.49452945647397845
        ],
        "L_Collar": [
            0.2796575659051226,
            0.6787999547569731
        ],
        "L_Shoulder": [
            0.31206885861532085,
            0.6393595386689518
        ],
        "L_Elbow": [
            0.3294956899713067,
            0.7376456821818657
        ],
        "L_Wrist": [
            0.40046414209026177,
            0.7278072419888378
        ],
        "L_Hand": [
            0.4193449401847238,
            0.7219955397755792
        ],
        "R_Collar": [
            0.19637857449258214,
            0.6834697016095208
        ],
        "R_Shoulder": [
            0.147720264914453,
            0.6086876266454719
        ],
        "R_Elbow": [
            0.8956629952275439,
            0.32635119080641983
        ],
        "R_Wrist": [
            0.7138145956222685,
            0.17467645115686242
        ],
        "R_Hand": [
            0.7070063551554011,
            0.16230335956924447
        ]
    }
}