{
    "joints2D": {
        "Pelvis": [
            0.19830497759499732,
            0.8995192332879923
        ],
        "L_Hip": [
            0.2219657865427878,
            0.9147844853657214
        ],
        "L_Knee": [
            0.221533544141157,
            0.9286282751402232
        ],
        "L_Ankle": [
            0.20708107341559284,
            0.9279911695200334
        ],
        "L_Foot": [
            0.21136289560540975,
            0.9524452477786334
        ],
        "R_Hip": [
            0.17505586331038445,
            0.9044602995822458
        ],
        "R_Knee": [
            0.8242243850099371,
            0.9159789945790827
        ],
        "R_Ankle": [
            0.1855470127724086,
            0.9313775941094837
        ],
        "R_Foot": [
            0.8184445328431234,
            0.9390925627901643
        ],
        "Spine1": [
            0.19743326419381024,
            0.862674723209252
        ],
        "Spine2": [
            0.20190096597894727,
            0.8212634351841467
        ],
        "Spine3": [
            0.20360539942021855,
            0.8211312143388367
        ],
        "Neck": [
            0.22385372663465364,
            0.5729208053055485
        ],
        "Head": [
            0.24007460244016718,
            0.4644786297441272
        ],
        "L_Collar": [
            0.26741150267454206,
            0.7154417236421571
        ],
        "L_Shoulder": [
            0.31715297514268226,
            0.7172654945306737
        ],
        "L_Elbow": [
            0.2849764652240939,
            0.8558613634819439
        ],
        "L_Wrist": [
            0.2913644821833157,
            0.9330035599620118
        ],
        "L_Hand": [
            0.2935202705791436,
            0.9420727575457777
        ],
        "R_Collar": [
            0.160466538014906,
            0.6696679626051054
        ],
        "R_Shoulder": [
            0.11486945865028185,
            0.63411392905861
        ],
        "R_Elbow": [
            0.13775644893970487,
            0.7597962632146996
        ],
        "R_Wrist": [
            0.13382557292937233,
            0.829404262194033
        ],
        "R_Hand": [
            0.13346104254596286,
            0.838724065412749
        ]
    },
    "joints3D": {
        "Pelvis": [
            -0.3840876283095351,
            0.31345380749723595,
            -1.5346184468081256
        ],
        "L_Hip": [
            -0.2351407264022468,
            0.32301317973304006,
            -1.8401085083334252
        ],
        "L_Knee": [
            -0.3662783696563285,
            0.35612074788865533,
            -2.914157906428035
        ],
        "L_Ankle": [
            -0.7683655315208898,
            0.4312177330492016,
            -3.9814698432263973
        ],
        "L_Foot": [
            -0.6738590943161037,
            0.08594510360346821,
            -4.113848928723137
        ],
        "R_Hip": [
            -0.6310411519038062,
            0.23768993351683823,
            -1.7459016040677744
        ],
        "R_Knee": [
            -0.935073880658351,
            -0.25192374937498785,
            -2.68653228849151
        ],
        "R_Ankle": [
            -1.081461646913731,
            0.2146573155081727,
            -3.7202817094909912
        ],
        "R_Foot": [
            -1.195625970229836,
            -0.07693611983381282,
            -3.937041536188171
        ],
        "Spine1": [
            -0.34997685868002887,
            0.4355642260522699,
            -1.2486201779965456
        ],
        "Spine2": [
            -0.25513565326034154,
            0.47130431278227153,
            -0.8842368572261387
        ],
        "Spine3": [
            -0.2063883221722897,
            0.39800748175431583,
            -0.7420587025393545
        ],
        "Neck": [
            -0.08929528443437255,
            0.5439787789643868,
            -0.13624030469089446
        ],
        "Head": [
            -0.02235151896977957,
            0.4034880343531086,
            0.04279469308741439
        ],
        "L_Collar": [
            0.07719607652003313,
            0.5274773293099461,
            -0.4486108094815104
        ],
        "L_Shoulder": [
            0.331348297127452,
            0.5673734576338663,
            -0.5319601300986639
        ],
        "L_Elbow": [
            0.2584773562235482,
            0.50878789479191,
            -1.275410460555153
        ],
        "L_Wrist": [
            0.36890916728424655,
            0.16477196444117795,
            -1.8811972966866544
        ],
        "L_Hand": [
            0.42532556535667665,
            0.1053206552086257,
            -2.1076757934850296
        ],
        "R_Collar": [
            -0.36359276650242245,
            0.49981187928199994,
            -0.35541952839310453
        ],
        "R_Shoulder": [
            -0.6453239485460512,
            0.4942967753733452,
            -0.33004152510925033
        ],
        "R_Elbow": [
            -0.8571797838381245,
            0.6430648312284362,
            -1.014662447847286
        ],
        "R_Wrist": [
            -1.1485684982564948,
            0.48502427167574363,
            -1.6612029731658715
        ],
        "R_Hand": [
            -1.263443704844472,
            0.47163579354815016,
            -1.872682230069232
        ]
    }
}