{
    "joints3D": {
        "Pelvis": [
            0.6350691042494176,
            0.9857974537878025,
            -1.5990067718426477
        ],
        "L_Hip": [
            0.8237364039940929,
            0.846206381241739,
            -1.8968083097356065
        ],
        "L_Knee": [
            0.9431574883818866,
            -0.3350643653366023,
            -1.9517685398231894
        ],
        "L_Ankle": [
            0.8694237659762032,
            -0.47775956658511576,
            -3.2201605078202133
        ],
        "L_Foot": [
            0.9995892778231524,
            -0.8623513264234399,
            -3.2791652295345037
        ],
        "R_Hip": [
            0.4526379521015435,
            1.113837766115983,
            -1.893574206118081
        ],
        "R_Knee": [
            -0.304700822389328,
            1.4344983370195745,
            -2.78411481985356
        ],
        "R_Ankle": [
            -0.3301005732599364,
            1.9891068032013068,
            -3.934572159654877
        ],
        "R_Foot": [
            -0.7264767667785541,
            1.9207644121344865,
            -4.038887105059015
        ],
        "Spine1": [
            0.6936965635311246,
            1.0762018142504242,
            -1.2632067923496308
        ],
        "Spine2": [
            0.5643552606489878,
            0.8621523708705321,
            -0.9054050928961357
        ],
        "Spine3": [
            0.4858548396147458,
            0.7109953929875416,
            -0.8153885467933003
        ],
        "Neck": [
            0.3442173552730286,
            0.5097704722692945,
            -0.14247908329636097
        ],
        "Head": [
            0.3217266465919367,
            0.2752145170135739,
            -0.027414367226793402
        ],
        "L_Collar": [
            0.624198136424041,
            0.5162665696962466,
            -0.42590987911651806
        ],
        "L_Shoulder": [
            0.8501033941682461,
            0.3646134443341869,
            -0.4277254312970152
        ],
        "L_Elbow": [
            1.4897742145608972,
            0.2557754877497177,
            -0.90062453193184
        ],
        "L_Wrist": [
            1.5599644756715303,
            -0.47904938451026896,
            -1.0551673129034378
        ],
        "L_Hand": [
            1.6491154327028754,
            -0.7166776264763508,
            -1.0677013472162031
        ],
        "R_Collar": [
            0.2257377510723726,
            0.741699514902829,
            -0.43916727907412156
        ],
        "R_Shoulder": [
            -0.05417701846346168,
            0.7914586793820544,
            -0.43667421040698556
        ],
        "R_Elbow": [
            -0.5215451816245187,
            1.040521403466254,
            -1.0227810068914762
        ],
        "R_Wrist": [
            -1.1140190937434462,
            0.5535119761149787,
            -1.1485085022972101
        ],
        "R_Hand": [
            -1.336708206836424,
            0.4365596702717009,
            -1.1816672921406366
        ]
    },
    "joints2D": {
        "Pelvis": [
            0.3083548859334656,
            0.797981920589484
        ],
        "L_Hip": [
            0.3206279797073439,
            0.8288083816251973
        ],
        "L_Knee": [
            0.658682357948033,
            0.8808511273049898
        ],
        "L_Ankle": [
            0.6954506134123086,
            0.9114258735617438
        ],
        "L_Foot": [
            0.6929182759541888,
            0.8807116760629407
        ],
        "R_Hip": [
            0.2862741045915914,
            0.8121501513519156
        ],
        "R_Knee": [
            0.23029981017552864,
            0.8324627066220273
        ],
        "R_Ankle": [
            0.23446589479339436,
            0.8352049045206505
        ],
        "R_Foot": [
            0.21789068061430694,
            0.8392021396410663
        ],
        "Spine1": [
            0.31788109876315507,
            0.7494510154731533
        ],
        "Spine2": [
            0.32168827152362195,
            0.7316636828634635
        ],
        "Spine3": [
            0.322158544240123,
            0.7440440300599731
        ],
        "Neck": [
            0.3393253792307695,
            0.5723548481453562
        ],
        "Head": [
            0.3822852990528468,
            0.5200582512313854
        ],
        "L_Collar": [
            0.37264951349358194,
            0.6665119552275189
        ],
        "L_Shoulder": [
            0.4129118498053817,
            0.6625864773479471
        ],
        "L_Elbow": [
            0.4317798228154294,
            0.718710850454006
        ],
        "L_Wrist": [
            0.5856448413425719,
            0.7214618705823217
        ],
        "L_Hand": [
            0.5951022885194358,
            0.6996155359102714
        ],
        "R_Collar": [
            0.29040090712397276,
            0.659767182403811
        ],
        "R_Shoulder": [
            0.2389270977174132,
            0.653878288206023
        ],
        "R_Elbow": [
            0.1898126459196798,
            0.7280155791884451
        ],
        "R_Wrist": [
            0.11740940631782448,
            0.7678721371993131
        ],
        "R_Hand": [
            0.09781931529419205,
            0.7639397751419742
        ]
    }
}