{
    "joints3D": {
        "Pelvis": [
            -0.015311920080077413,
            0.649002069856398,
            -1.852207942499912
        ],
        "L_Hip": [
            0.14680322040695154,
            0.6657101800587988,
            -2.1371961750028166
        ],
        "L_Knee": [
            0.16813456724317638,
            0.8799583311010626,
            -3.280274901538902
        ],
        "L_Ankle": [
            0.048305092638993005,
            1.6958420796516782,
            -4.07956795228579
        ],
        "L_Foot": [
            0.09855619827148636,
            1.630178134143586,
            -4.480192091407646
        ],
        "R_Hip": [
            -0.22033493223805686,
            0.6722796950736938,
            -2.0984816830770776
        ],
        "R_Knee": [
            -0.377910246478928,
            0.13485713836599036,
            -3.109653257763829
        ],
        "R_Ankle": [
            -0.20725018939596263,
            0.19273715533616048,
            -4.233712558198996
        ],
        "R_Foot": [
            -0.3854858396021318,
            -0.1560504219474679,
            -4.337051268849289
        ],
        "Spine1": [
            0.0077778493110143305,
            0.723158466997852,
            -1.5252508505265556
        ],
        "Spine2": [
            0.03590665131215452,
            0.6199325275496484,
            -1.0861559316740195
        ],
        "Spine3": [
            0.03828540651262228,
            0.5726739383349495,
            -0.910283415832477
        ],
        "Neck": [
            0.08213867511527546,
            0.6329295567137602,
            -0.27567063536633785
        ],
        "Head": [
            0.08351107447625604,
            0.47987355827151257,
            -0.03549460007798731
        ],
        "L_Collar": [
            0.2807221828518809,
            0.5886198554346113,
            -0.5657901056876106
        ],
        "L_Shoulder": [
            0.5497585733233152,
            0.5402614507529492,
            -0.6076889028394263
        ],
        "L_Elbow": [
            0.7346382692490878,
            0.4136927365247715,
            -1.291987075214617
        ],
        "L_Wrist": [
            0.9090694960537673,
            -0.2350031377932035,
            -1.532968962946971
        ],
        "L_Hand": [
            0.9883856694351341,
            -0.4732890334293692,
            -1.5876904481444316
        ],
        "R_Collar": [
            -0.12964787660186833,
            0.7246416255528288,
            -0.5524143746320687
        ],
        "R_Shoulder": [
            -0.3999407476121704,
            0.8470396074704529,
            -0.544773385074028
        ],
        "R_Elbow": [
            -0.5969391509358681,
            1.0562347297942216,
            -1.1773774655337714
        ],
        "R_Wrist": [
            -1.1662579485109277,
            0.9869862992908166,
            -1.6396483476486547
        ],
        "R_Hand": [
            -1.375253203135021,
            0.9623230793956583,
            -1.7819194889663785
        ]
    },
    "joints2D": {
        "Pelvis": [
            0.24708774984092316,
            0.8731343610224019
        ],
        "L_Hip": [
            0.2618597656157711,
            0.8821576105241179
        ],
        "L_Knee": [
            0.25879361177488297,
            0.8934219605460766
        ],
        "L_Ankle": [
            0.2507717594026277,
            0.8571343630565602
        ],
        "L_Foot": [
            0.2527379967129038,
            0.8697395227578746
        ],
        "R_Hip": [
            0.22860227986009513,
            0.8789880914086943
        ],
        "R_Knee": [
            0.22117634490935553,
            0.9492761780044618
        ],
        "R_Ankle": [
            0.2375257451579589,
            0.9514205052225797
        ],
        "R_Foot": [
            0.7715981705430239,
            0.952706031495325
        ],
        "Spine1": [
            0.24952345298973788,
            0.8432646180054568
        ],
        "Spine2": [
            0.253995547029389,
            0.8212082456281682
        ],
        "Spine3": [
            0.2551874780145779,
            0.8085695385621993
        ],
        "Neck": [
            0.26757630634193574,
            0.6243804471512507
        ],
        "Head": [
            0.2753715390221154,
            0.5200048403446871
        ],
        "L_Collar": [
            0.30525667844280724,
            0.7254969818336983
        ],
        "L_Shoulder": [
            0.35099799235472456,
            0.7235674779144499
        ],
        "L_Elbow": [
            0.3460155807988833,
            0.8397812557147739
        ],
        "L_Wrist": [
            0.6411950399353111,
            0.8688217831852071
        ],
        "L_Hand": [
            0.6455394096446676,
            0.8372476138936713
        ],
        "R_Collar": [
            0.22503846164309926,
            0.6984204897626973
        ],
        "R_Shoulder": [
            0.18667197955719209,
            0.6661038105286922
        ],
        "R_Elbow": [
            0.185865270049789,
            0.7449161842190797
        ],
        "R_Wrist": [
            0.14947790754454837,
            0.7761113187993136
        ],
        "R_Hand": [
            0.13957453930492125,
            0.7799188443872815
        ]
    }
}