{
    "joints3D": {
        "Pelvis": [
            -0.15867291061373334,
            0.28626392493285335,
            -1.8810666435289232
        ],
        "L_Hip": [
            0.008864122649390453,
            0.23847630170853518,
            -2.160165245445454
        ],
        "L_Knee": [
            0.0821494199413667,
            -0.13814490615794991,
            -3.2609225864067466
        ],
        "L_Ankle": [
            -0.009849195603586028,
            -0.20909274733957278,
            -4.40597452551506
        ],
        "L_Foot": [
            0.07015480741494137,
            -0.6067989029947618,
            -4.465095479197564
        ],
        "R_Hip": [
            -0.35859013344438906,
            0.2727076951084503,
            -2.133110531153986
        ],
        "R_Knee": [
            -0.52783279484042,
            -0.04184675723378218,
            -3.235088689130055
        ],
        "R_Ankle": [
            -0.4923355806532359,
            -0.08617561849208943,
            -4.374565405528864
        ],
        "R_Foot": [
            -0.6154275042520445,
            -0.47292220509153693,
            -4.384052072117423
        ],
        "Spine1": [
            -0.13620491945718302,
            0.4211579703483918,
            -1.5732944780401439
        ],
        "Spine2": [
            -0.06286942898024554,
            0.4440520994804307,
            -1.1269322673748945
        ],
        "Spine3": [
            -0.05295839339351195,
            0.4313368884786462,
            -0.9451221726203438
        ],
        "Neck": [
            -0.0082061141169665,
            0.5878215617851303,
            -0.3257868614076373
        ],
        "Head": [
            0.01826389441265948,
            0.47059809053385904,
            -0.06689675324380415
        ],
        "L_Collar": [
            0.1903983559068035,
            0.5325626690625519,
            -0.6149546058972206
        ],
        "L_Shoulder": [
            0.4645088500248458,
            0.5340399506763711,
            -0.6558092730272892
        ],
        "L_Elbow": [
            0.5392398533041192,
            0.44006197940757347,
            -1.3673617674469294
        ],
        "L_Wrist": [
            0.6139971314632094,
            0.0775290491260806,
            -1.9793299437839273
        ],
        "L_Hand": [
            0.6333710699642414,
            0.028471788824275205,
            -2.2314636905083267
        ],
        "R_Collar": [
            -0.23661434793709313,
            0.6064438704849928,
            -0.604893652575787
        ],
        "R_Shoulder": [
            -0.523269179744814,
            0.6849719155300685,
            -0.6168977594384927
        ],
        "R_Elbow": [
            -0.6422925050044946,
            0.6279087649115032,
            -1.3005931908355284
        ],
        "R_Wrist": [
            -0.8769849271280774,
            0.31186090295424557,
            -1.9251015607545126
        ],
        "R_Hand": [
            -0.9043707741798763,
            0.22935696387764495,
            -2.1643767474623816
        ]
    },
    "joints2D": {
        "Pelvis": [
            0.23070536230516867,
            0.922543633608001
        ],
        "L_Hip": [
            0.24953911160667488,
            0.9348695226824809
        ],
        "L_Knee": [
            0.7456229744540994,
            0.9526417047789263
        ],
        "L_Ankle": [
            0.7518663112887676,
            0.9514398117002396
        ],
        "L_Foot": [
            0.7479739987382713,
            0.9281296296084826
        ],
        "R_Hip": [
            0.21271065593296665,
            0.9247569721910106
        ],
        "R_Knee": [
            0.7886608158482634,
            0.9545322085937518
        ],
        "R_Ankle": [
            0.7771656883882173,
            0.9558900385874373
        ],
        "R_Foot": [
            0.7818398960874238,
            0.9315536447007492
        ],
        "Spine1": [
            0.23152192681931283,
            0.8927723199400576
        ],
        "Spine2": [
            0.2384682507154367,
            0.8619858542007838
        ],
        "Spine3": [
            0.23884175488981227,
            0.8470580033394485
        ],
        "Neck": [
            0.24665927791469203,
            0.6546575029937157
        ],
        "Head": [
            0.2546292347233284,
            0.5411476346009053
        ],
        "L_Collar": [
            0.2889699737889533,
            0.7577922218633936
        ],
        "L_Shoulder": [
            0.3365159683487432,
            0.7454114420338169
        ],
        "L_Elbow": [
            0.319933144725476,
            0.8588350283323747
        ],
        "L_Wrist": [
            0.3163116929215199,
            0.9335778926563774
        ],
        "L_Hand": [
            0.31191061476775284,
            0.9430976312653996
        ],
        "R_Collar": [
            0.20228954691450418,
            0.7342748629828114
        ],
        "R_Shoulder": [
            0.161560676520884,
            0.7026065462649764
        ],
        "R_Elbow": [
            0.16988116070669176,
            0.8162491410177772
        ],
        "R_Wrist": [
            0.15995053574524776,
            0.8866592827520027
        ],
        "R_Hand": [
            0.16364725031463936,
            0.9041050303706847
        ]
    }
}