{
    "joints2D": {
        "Pelvis": [
            0.26902151025371773,
            0.858756184883395
        ],
        "L_Hip": [
            0.28702954805536074,
            0.8743886725517538
        ],
        "L_Knee": [
            0.28197633849647075,
            0.9284680917456695
        ],
        "L_Ankle": [
            0.2824014914087016,
            0.8856349655587298
        ],
        "L_Foot": [
            0.2826527078141014,
            0.9019489922688299
        ],
        "R_Hip": [
            0.24826837837263135,
            0.8626183349976807
        ],
        "R_Knee": [
            0.24072083934082253,
            0.8928745427734279
        ],
        "R_Ankle": [
            0.24953502172274167,
            0.9013809991710638
        ],
        "R_Foot": [
            0.2381071457954032,
            0.9199152881633007
        ],
        "Spine1": [
            0.27373866118698137,
            0.8239333278789044
        ],
        "Spine2": [
            0.2822281353996054,
            0.7771221747134429
        ],
        "Spine3": [
            0.2841880113935737,
            0.769667481858938
        ],
        "Neck": [
            0.30047226044158926,
            0.5253989852460772
        ],
        "Head": [
            0.30289919867868437,
            0.4052065551452568
        ],
        "L_Collar": [
            0.34360964608114275,
            0.6547621593584184
        ],
        "L_Shoulder": [
            0.3887646237965995,
            0.6392323693471771
        ],
        "L_Elbow": [
            0.36861385461910495,
            0.7538957934124533
        ],
        "L_Wrist": [
            0.3498087455391252,
            0.860488180490565
        ],
        "L_Hand": [
            0.339793367259013,
            0.8795929754733318
        ],
        "R_Collar": [
            0.25145257527619663,
            0.6348465819477453
        ],
        "R_Shoulder": [
            0.20876348925814794,
            0.6060320411169727
        ],
        "R_Elbow": [
            0.20141285335179457,
            0.7179781083042152
        ],
        "R_Wrist": [
            0.1746775860257455,
            0.8004752257707815
        ],
        "R_Hand": [
            0.1725175224587588,
            0.8201076441979961
        ]
    },
    "joints3D": {
        "Pelvis": [
            0.17916503911090131,
            0.6389566316574917,
            -1.5888805960618895
        ],
        "L_Hip": [
            0.37977534959177384,
            0.5986615916948362,
            -1.8653573777070067
        ],
        "L_Knee": [
            0.4566330248923546,
            0.3444743070864508,
            -2.9532522831209675
        ],
        "L_Ankle": [
            0.6685279267068452,
            1.083534654691544,
            -3.8451267390379376
        ],
        "L_Foot": [
            0.7067399959863839,
            0.9154385820778559,
            -4.204382782761599
        ],
        "R_Hip": [
            -0.003787468662357369,
            0.729375572257787,
            -1.8551907169860207
        ],
        "R_Knee": [
            -0.1196773189110306,
            0.8101127564414514,
            -2.988674403042914
        ],
        "R_Ankle": [
            0.018316875869471852,
            0.9892687273249838,
            -4.141029516233018
        ],
        "R_Foot": [
            -0.21448573897164333,
            0.712812300591237,
            -4.302606711208798
        ],
        "Spine1": [
            0.19576262824319446,
            0.6982576241338974,
            -1.2739589215442548
        ],
        "Spine2": [
            0.20520371642122864,
            0.6560643171557967,
            -0.8548606276672289
        ],
        "Spine3": [
            0.18364146148759478,
            0.5666908413965861,
            -0.7035976093431533
        ],
        "Neck": [
            0.20880678731135224,
            0.6010125610874348,
            -0.056634979371304
        ],
        "Head": [
            0.15448044369113365,
            0.4112862161171738,
            0.13107723568350882
        ],
        "L_Collar": [
            0.42132201076752873,
            0.5375769143445202,
            -0.34932483672465203
        ],
        "L_Shoulder": [
            0.6903741440894402,
            0.47701131010483705,
            -0.34968642228506397
        ],
        "L_Elbow": [
            0.9857414270206695,
            0.651594973256709,
            -1.0542171785257737
        ],
        "L_Wrist": [
            0.9733631708732552,
            0.38769981390721503,
            -1.7472564437635252
        ],
        "L_Hand": [
            0.9535083956846708,
            0.3632122837614062,
            -1.9996044677287528
        ],
        "R_Collar": [
            0.013872814085370763,
            0.7163349352754169,
            -0.33941933637775484
        ],
        "R_Shoulder": [
            -0.23450424540798157,
            0.8560944554858945,
            -0.31975427353728036
        ],
        "R_Elbow": [
            -0.4286999571480172,
            1.117719561933159,
            -1.0016435986107322
        ],
        "R_Wrist": [
            -0.7968996287382322,
            0.929450079720535,
            -1.6333284038751048
        ],
        "R_Hand": [
            -0.8795991178607544,
            0.8824531051417589,
            -1.865097932634438
        ]
    }
}