{
    "joints2D": {
        "Pelvis": [
            0.21484406848821025,
            0.9401587778796194
        ],
        "L_Hip": [
            0.2342067564557185,
            0.9621967431164234
        ],
        "L_Knee": [
            0.7681869442872671,
            0.8866538029967049
        ],
        "L_Ankle": [
            0.7770110524853904,
            0.9415675222543015
        ],
        "L_Foot": [
            0.769691071290938,
            0.9263914350321312
        ],
        "R_Hip": [
            0.1879380195928081,
            0.938368883728704
        ],
        "R_Knee": [
            0.8237498106243683,
            0.8753357391588519
        ],
        "R_Ankle": [
            0.7998945362298473,
            0.912285053313216
        ],
        "R_Foot": [
            0.8037694757958682,
            0.8877778353880299
        ],
        "Spine1": [
            0.22287590710177932,
            0.905242147084705
        ],
        "Spine2": [
            0.2319966569508681,
            0.8792615253221854
        ],
        "Spine3": [
            0.23755696713727817,
            0.8755693411804417
        ],
        "Neck": [
            0.27492027869206725,
            0.6282090044097591
        ],
        "Head": [
            0.2918684142163176,
            0.5198664783756359
        ],
        "L_Collar": [
            0.3100673878072456,
            0.7663448492131468
        ],
        "L_Shoulder": [
            0.3542886001253787,
            0.7648251726317438
        ],
        "L_Elbow": [
            0.32401489755182317,
            0.8884687811400274
        ],
        "L_Wrist": [
            0.686044873118588,
            0.8818595899450229
        ],
        "L_Hand": [
            0.6908302745100832,
            0.8568459784365325
        ],
        "R_Collar": [
            0.20781643345744175,
            0.7261996975083523
        ],
        "R_Shoulder": [
            0.15744785020063393,
            0.6736446089112008
        ],
        "R_Elbow": [
            0.13841834500785175,
            0.7784618823219008
        ],
        "R_Wrist": [
            0.10349299377969946,
            0.8397336604960377
        ],
        "R_Hand": [
            0.09802783255804778,
            0.8527179173640738
        ]
    },
    "joints3D": {
        "Pelvis": [
            -0.25128862518508666,
            0.11794572436936901,
            -1.646432627563733
        ],
        "L_Hip": [
            -0.12066993494351279,
            0.006264358029658765,
            -1.943294614220258
        ],
        "L_Knee": [
            -0.2347039223322564,
            -0.7926152367077174,
            -2.715283940928838
        ],
        "L_Ankle": [
            -0.4332940504151127,
            -0.2784938502328033,
            -3.7522090267527592
        ],
        "L_Foot": [
            -0.3439781790779119,
            -0.552532822854229,
            -4.025775917371316
        ],
        "R_Hip": [
            -0.5098941336769786,
            0.06688772249075094,
            -1.8525134594647419
        ],
        "R_Knee": [
            -0.9920019832133291,
            -0.654809532466727,
            -2.5903003104977156
        ],
        "R_Ankle": [
            -0.8781389425156426,
            -0.5930274596303942,
            -3.7542340208846894
        ],
        "R_Foot": [
            -1.0309671545847034,
            -0.9466429722425654,
            -3.8406960518253817
        ],
        "Spine1": [
            -0.17581464612302905,
            0.29659999004009074,
            -1.3918912483561756
        ],
        "Spine2": [
            -0.08557762415050818,
            0.3155309846948872,
            -0.9819627710004271
        ],
        "Spine3": [
            -0.047714742474098966,
            0.27571185534354375,
            -0.8142053818384267
        ],
        "Neck": [
            0.10244052877307419,
            0.5638576819092267,
            -0.2551882168537724
        ],
        "Head": [
            0.11775149061072426,
            0.41162380324584524,
            -0.030759450801437792
        ],
        "L_Collar": [
            0.2564624140309034,
            0.4355864922987886,
            -0.561686077326314
        ],
        "L_Shoulder": [
            0.5151039593169074,
            0.412169646636156,
            -0.6522279295224478
        ],
        "L_Elbow": [
            0.5475506676439374,
            0.2748969676346593,
            -1.4208838983918528
        ],
        "L_Wrist": [
            0.5747655633250108,
            -0.41268196212308395,
            -1.692150273060205
        ],
        "L_Hand": [
            0.6066050744793494,
            -0.6391689251953414,
            -1.8017400798353167
        ],
        "R_Collar": [
            -0.17284705034004333,
            0.5176614769101852,
            -0.4846021886994444
        ],
        "R_Shoulder": [
            -0.44525055692336407,
            0.5812101281333276,
            -0.4305422990631902
        ],
        "R_Elbow": [
            -0.8406006457263275,
            0.5809414943605097,
            -1.0721880468027152
        ],
        "R_Wrist": [
            -1.2698047024744963,
            0.13211117231620487,
            -1.4979366767736788
        ],
        "R_Hand": [
            -1.4091309769622373,
            0.006182613808077884,
            -1.662716149488557
        ]
    }
}