{
    "joints3D": {
        "Pelvis": [
            0.30550398536637535,
            0.4367147935195231,
            -1.4095396777529139
        ],
        "L_Hip": [
            0.46457963002127795,
            0.30644213654781816,
            -1.6306634627197347
        ],
        "L_Knee": [
            0.5214169887981068,
            -0.38302452536968085,
            -2.383130722682726
        ],
        "L_Ankle": [
            0.622274672904304,
            -0.6799856669394773,
            -3.432510006352611
        ],
        "L_Foot": [
            0.5239395419000417,
            -1.0350700807333832,
            -3.45288284844689
        ],
        "R_Hip": [
            0.14504910332467696,
            0.44281761002032993,
            -1.659802673869231
        ],
        "R_Knee": [
            -0.08945920182707026,
            -0.16973184297651928,
            -2.4734921533811876
        ],
        "R_Ankle": [
            -0.03836699574776817,
            -0.3713051981932354,
            -3.55044776458192
        ],
        "R_Foot": [
            -0.1883447452640752,
            -0.7126923162680877,
            -3.5443031978976456
        ],
        "Spine1": [
            0.3426325677588844,
            0.6021112834111175,
            -1.1438966313239527
        ],
        "Spine2": [
            0.29926895995125524,
            0.5408386595790308,
            -0.7726788707231704
        ],
        "Spine3": [
            0.2617792638103337,
            0.47501893009750495,
            -0.6295908565485328
        ],
        "Neck": [
            0.1980634940880048,
            0.4768052610099306,
            -0.048349801812838746
        ],
        "Head": [
            0.186831603227223,
            0.30251475409321793,
            0.09578922742623326
        ],
        "L_Collar": [
            0.44129359188526357,
            0.41722338316976343,
            -0.27173079622023466
        ],
        "L_Shoulder": [
            0.6965120346144376,
            0.34066305840377614,
            -0.2368460425489027
        ],
        "L_Elbow": [
            1.058096378932476,
            0.39928550065524265,
            -0.8459555494068153
        ],
        "L_Wrist": [
            1.0972209397506576,
            -0.0034262827969148814,
            -1.4033190173635712
        ],
        "L_Hand": [
            1.111245415012047,
            -0.05373034208878196,
            -1.636357860292262
        ],
        "R_Collar": [
            0.03503420012929783,
            0.5983462043074662,
            -0.3175506090324491
        ],
        "R_Shoulder": [
            -0.23275994312699402,
            0.7009538487180825,
            -0.31835762331642764
        ],
        "R_Elbow": [
            -0.38144807586508733,
            0.8855362826310985,
            -0.968935918964418
        ],
        "R_Wrist": [
            -0.5494802068905856,
            0.4681806710558064,
            -1.5067263083787308
        ],
        "R_Hand": [
            -0.5353285709396814,
            0.34470389922343875,
            -1.7083672981130154
        ]
    },
    "joints2D": {
        "Pelvis": [
            0.289712613749296,
            0.8762736725877428
        ],
        "L_Hip": [
            0.30606790095348413,
            0.900414587895441
        ],
        "L_Knee": [
            0.705899931152981,
            0.9128201942390056
        ],
        "L_Ankle": [
            0.7143018312084157,
            0.9060990479493627
        ],
        "L_Foot": [
            0.7221481819569826,
            0.8822907009143958
        ],
        "R_Hip": [
            0.26593109744757165,
            0.8929781926023914
        ],
        "R_Knee": [
            0.7594656030253487,
            0.9455846584836295
        ],
        "R_Ankle": [
            0.7537311818077614,
            0.9363781387696839
        ],
        "R_Foot": [
            0.7623419894050403,
            0.9106535590468592
        ],
        "Spine1": [
            0.29727749438855466,
            0.8220315040614423
        ],
        "Spine2": [
            0.30399158467235327,
            0.7830990335085204
        ],
        "Spine3": [
            0.30575743047833975,
            0.7720162927150097
        ],
        "Neck": [
            0.3096579565929057,
            0.5270724804427563
        ],
        "Head": [
            0.33260427854085634,
            0.41118637774293043
        ],
        "L_Collar": [
            0.36646492371482386,
            0.6423846744989028
        ],
        "L_Shoulder": [
            0.4136525421592189,
            0.6095053893784258
        ],
        "L_Elbow": [
            0.4008808644788444,
            0.7407158219574212
        ],
        "L_Wrist": [
            0.6077960904662592,
            0.8645088012352053
        ],
        "L_Hand": [
            0.62228420683596,
            0.8774183581607287
        ],
        "R_Collar": [
            0.25700327435594383,
            0.6488686965177799
        ],
        "R_Shoulder": [
            0.20160910489061729,
            0.6259392756237057
        ],
        "R_Elbow": [
            0.19944582614311743,
            0.7472105485604353
        ],
        "R_Wrist": [
            0.18173844940662767,
            0.864190425870665
        ],
        "R_Hand": [
            0.18643031179204594,
            0.8943442677768827
        ]
    }
}