{
    "joints3D": {
        "Pelvis": [
            0.07018908477892606,
            0.1388667098791316,
            -1.506535953439205
        ],
        "L_Hip": [
            0.20963093853015197,
            -0.02098355255617448,
            -1.7236245418624154
        ],
        "L_Knee": [
            0.18784185147705076,
            -0.8731135002473364,
            -2.297304917221211
        ],
        "L_Ankle": [
            0.18062662213004652,
            -1.2832143767774797,
            -3.3189911577614684
        ],
        "L_Foot": [
            0.091245933646649,
            -1.6400517778701276,
            -3.2713520427565697
        ],
        "R_Hip": [
            -0.12010140426251664,
            0.0973380307393888,
            -1.7332572563719506
        ],
        "R_Knee": [
            -0.30949009984455267,
            -0.3886331490338498,
            -2.645216195138107
        ],
        "R_Ankle": [
            -0.26651046330089867,
            -0.6663102201708853,
            -3.711370040246757
        ],
        "R_Foot": [
            -0.4537520922427217,
            -0.9795067504994973,
            -3.625482515647257
        ],
        "Spine1": [
            0.1295525531695072,
            0.348242120343201,
            -1.276372133766468
        ],
        "Spine2": [
            0.15681622421745242,
            0.3757151296538405,
            -0.8976419218374155
        ],
        "Spine3": [
            0.14517064330452628,
            0.3382856167813671,
            -0.7396894480493176
        ],
        "Neck": [
            0.1578852610116299,
            0.44813482436954266,
            -0.16241593702643814
        ],
        "Head": [
            0.14041347561329462,
            0.3105353902795757,
            0.018072064262591475
        ],
        "L_Collar": [
            0.3750752318898276,
            0.3600392018519701,
            -0.4050127292636676
        ],
        "L_Shoulder": [
            0.6440891139599002,
            0.3375223633430668,
            -0.3953497636167278
        ],
        "L_Elbow": [
            0.9002787865242469,
            0.38537072844348497,
            -1.06059092740073
        ],
        "L_Wrist": [
            0.9317785278696525,
            -0.033154051440458604,
            -1.611189371436487
        ],
        "L_Hand": [
            0.8984764927240013,
            -0.09820516470263692,
            -1.8398572488533176
        ],
        "R_Collar": [
            -0.049224914306739635,
            0.5071204670258548,
            -0.42439724274721047
        ],
        "R_Shoulder": [
            -0.31627184058075514,
            0.615438661415148,
            -0.41701467210190757
        ],
        "R_Elbow": [
            -0.5176373219670755,
            0.8042855795026805,
            -1.0559395407268868
        ],
        "R_Wrist": [
            -0.6952744303026829,
            0.5322228373329884,
            -1.6813983428115697
        ],
        "R_Hand": [
            -0.6697621414095518,
            0.4707886942612232,
            -1.9100171600936455
        ]
    },
    "joints2D": {
        "Pelvis": [
            0.25893597691961284,
            0.9392115612423543
        ],
        "L_Hip": [
            0.72338043478791,
            0.9573675312972635
        ],
        "L_Knee": [
            0.736329177306466,
            0.8649044791953644
        ],
        "L_Ankle": [
            0.7413850945947225,
            0.8638099049531135
        ],
        "L_Foot": [
            0.7466227970284449,
            0.8368657773444539
        ],
        "R_Hip": [
            0.2330221199293384,
            0.9481027285467338
        ],
        "R_Knee": [
            0.7762426549938957,
            0.9226497030417512
        ],
        "R_Ankle": [
            0.7663858165974016,
            0.9158118159659523
        ],
        "R_Foot": [
            0.775985972882528,
            0.89082685690106
        ],
        "Spine1": [
            0.2686233784402078,
            0.8910156833808358
        ],
        "Spine2": [
            0.2796767880218089,
            0.8525870594856005
        ],
        "Spine3": [
            0.28253203167456326,
            0.8426501405831752
        ],
        "Neck": [
            0.2993579351948366,
            0.601626599630112
        ],
        "Head": [
            0.31459099894114434,
            0.4803063588936583
        ],
        "L_Collar": [
            0.3528054170788401,
            0.7222390334425058
        ],
        "L_Shoulder": [
            0.3988385807940417,
            0.6816684536102259
        ],
        "L_Elbow": [
            0.37623604031466973,
            0.7979135274202516
        ],
        "L_Wrist": [
            0.6357219912991425,
            0.8971901477275263
        ],
        "L_Hand": [
            0.6517428499700015,
            0.9052597505868845
        ],
        "R_Collar": [
            0.23610038669079367,
            0.713528018164477
        ],
        "R_Shoulder": [
            0.1824343153394908,
            0.6718747302166064
        ],
        "R_Elbow": [
            0.1825926051518107,
            0.7667509415802151
        ],
        "R_Wrist": [
            0.17405094213805472,
            0.8580498279205137
        ],
        "R_Hand": [
            0.18151357450664185,
            0.8801502209048355
        ]
    }
}