{
    "joints2D": {
        "Pelvis": [
            0.8822392325200324,
            0.7715563744016589
        ],
        "L_Hip": [
            0.8610526111788177,
            0.7922878739274136
        ],
        "L_Knee": [
            0.8221704172707498,
            0.7459515760917487
        ],
        "L_Ankle": [
            0.8235247054283955,
            0.720721808341672
        ],
        "L_Foot": [
            0.8096336850259708,
            0.708822339841986
        ],
        "R_Hip": [
            0.8888301840871806,
            0.7135850684039804
        ],
        "R_Knee": [
            0.8620026513606975,
            0.6450584147107957
        ],
        "R_Ankle": [
            0.8535569592795145,
            0.6486655506604441
        ],
        "R_Foot": [
            0.8461992655868917,
            0.621629757564751
        ],
        "Spine1": [
            0.9024345577638642,
            0.8043489925281115
        ],
        "Spine2": [
            0.09614785668959482,
            0.8298558813398322
        ],
        "Spine3": [
            0.10898771520649643,
            0.8520646150791021
        ],
        "Neck": [
            0.2270540363907458,
            0.5921866756257801
        ],
        "Head": [
            0.27602897128480414,
            0.47215077717818904
        ],
        "L_Collar": [
            0.2130664611298208,
            0.7898017036724975
        ],
        "L_Shoulder": [
            0.27160453921384614,
            0.8098884675060295
        ],
        "L_Elbow": [
            0.7592183616293806,
            0.9139704635249563
        ],
        "L_Wrist": [
            0.708655487611941,
            0.7242065119724157
        ],
        "L_Hand": [
            0.692093034438358,
            0.6524370574048057
        ],
        "R_Collar": [
            0.10638488535591549,
            0.6206334214969731
        ],
        "R_Shoulder": [
            0.0949278287966704,
            0.4059849584844625
        ],
        "R_Elbow": [
            0.8309299080285653,
            0.3988413301613484
        ],
        "R_Wrist": [
            0.703820580558606,
            0.45987053305823367
        ],
        "R_Hand": [
            0.6781744094834115,
            0.4620002964172079
        ]
    },
    "joints3D": {
        "Pelvis": [
            -1.0921351724866672,
            -0.5334663113119913,
            -1.1443413726226057
        ],
        "L_Hip": [
            -1.1262292537879823,
            -0.7242005562613314,
            -1.5144119805113214
        ],
        "L_Knee": [
            -1.2235281553794808,
            -1.8658229547347225,
            -2.148327113250497
        ],
        "L_Ankle": [
            -1.8359351185098876,
            -2.927656349725724,
            -2.8421958949505015
        ],
        "L_Foot": [
            -1.5604433439455596,
            -3.2858723725591914,
            -2.8322250162070053
        ],
        "R_Hip": [
            -1.387665078089368,
            -0.8082374724767579,
            -1.091700442975804
        ],
        "R_Knee": [
            -1.9336148643058484,
            -2.010580223026928,
            -1.2912657237617489
        ],
        "R_Ankle": [
            -2.6230701567644834,
            -3.0501915364817154,
            -1.942733972266944
        ],
        "R_Foot": [
            -2.5529278995987617,
            -3.413804660545477,
            -1.673594463856527
        ],
        "Spine1": [
            -0.982027888563674,
            -0.1908078015837547,
            -0.9980010980871938
        ],
        "Spine2": [
            -0.6695479085088902,
            0.057967494463958026,
            -0.73010920319647
        ],
        "Spine3": [
            -0.48835232014569574,
            0.04533120491066336,
            -0.6203156575802891
        ],
        "Neck": [
            -0.07996074580095063,
            0.5539298262708616,
            -0.17576564080188353
        ],
        "Head": [
            0.07788489643069235,
            0.43640907301087506,
            0.03573488204299019
        ],
        "L_Collar": [
            -0.1424118670222662,
            0.40931173889273614,
            -0.5855006893499386
        ],
        "L_Shoulder": [
            0.1090051538923458,
            0.45587835391957576,
            -0.7419610073687317
        ],
        "L_Elbow": [
            -0.04774570941326669,
            -0.23955519872536074,
            -1.265642667920855
        ],
        "L_Wrist": [
            0.2735781395692825,
            -0.7843896229228835,
            -0.7268940921694529
        ],
        "L_Hand": [
            0.41458602538915174,
            -0.9410935645266235,
            -0.5426824310599071
        ],
        "R_Collar": [
            -0.4326144897929411,
            0.2996483477179892,
            -0.18756042547585328
        ],
        "R_Shoulder": [
            -0.3633165041432041,
            0.22209127636202605,
            0.10789536503642314
        ],
        "R_Elbow": [
            -0.37329889391873594,
            -0.6393725016302669,
            0.23091278425528244
        ],
        "R_Wrist": [
            0.3468382908280958,
            -1.0927951079312201,
            0.136479331846388
        ],
        "R_Hand": [
            0.608589403436647,
            -1.1902988830988324,
            0.14670117388238643
        ]
    }
}