{
    "joints3D": {
        "Pelvis": [
            -0.5151839779037358,
            0.8946268909515733,
            -1.6239072409196427
        ],
        "L_Hip": [
            -0.44238450603140156,
            0.9153174183564637,
            -1.9491366914163823
        ],
        "L_Knee": [
            -0.6954949150360731,
            0.6884812943963802,
            -3.0823635837570884
        ],
        "L_Ankle": [
            -1.2421575237469884,
            1.4311880036968367,
            -3.7993014720160105
        ],
        "L_Foot": [
            -1.235227770458026,
            1.2841833025380118,
            -4.188478923705078
        ],
        "R_Hip": [
            -0.7845946844924356,
            0.858391474758873,
            -1.8052848000053692
        ],
        "R_Knee": [
            -1.134800585336205,
            -0.14911935112152694,
            -2.299808683806336
        ],
        "R_Ankle": [
            -1.4762384308709633,
            0.4653351329885463,
            -3.2199269304624467
        ],
        "R_Foot": [
            -1.689286511271139,
            0.18563967776185034,
            -3.434750286819697
        ],
        "Spine1": [
            -0.41712976171786176,
            1.0020214943402297,
            -1.3145756251633671
        ],
        "Spine2": [
            -0.23992251920219013,
            0.8791614501570899,
            -0.9086079298581017
        ],
        "Spine3": [
            -0.203224539416233,
            0.77687672876652,
            -0.7585842551728397
        ],
        "Neck": [
            -0.07569955589611546,
            0.6825117469433234,
            -0.12832746726118066
        ],
        "Head": [
            0.011877798293373721,
            0.4711230348083149,
            0.04932296335538027
        ],
        "L_Collar": [
            0.08507770851671152,
            0.7589512124972625,
            -0.4417175848231992
        ],
        "L_Shoulder": [
            0.330879749597346,
            0.6949267765098387,
            -0.5625418620622954
        ],
        "L_Elbow": [
            0.425947208367857,
            0.5395654220403152,
            -1.27190703074998
        ],
        "L_Wrist": [
            0.16848301668591176,
            -0.13539473538435712,
            -1.3428917537684288
        ],
        "L_Hand": [
            0.1761181596804775,
            -0.3911191064083986,
            -1.3966916046425122
        ],
        "R_Collar": [
            -0.3442236477381768,
            0.7932334233774166,
            -0.3518736307340245
        ],
        "R_Shoulder": [
            -0.6431107149103343,
            0.7516208042836735,
            -0.3431600892029879
        ],
        "R_Elbow": [
            -1.1535802428636783,
            0.6380180583621284,
            -0.818502957472268
        ],
        "R_Wrist": [
            -1.574558687350546,
            0.02149088307470367,
            -0.881973768504931
        ],
        "R_Hand": [
            -1.7578438017956368,
            -0.16009571663821734,
            -0.8681757311708943
        ]
    },
    "joints2D": {
        "Pelvis": [
            0.1981053667628209,
            0.8158704471795862
        ],
        "L_Hip": [
            0.20993155953396742,
            0.8383912275707502
        ],
        "L_Knee": [
            0.20357233221035906,
            0.8967649211340862
        ],
        "L_Ankle": [
            0.19053548068529264,
            0.8527311523036084
        ],
        "L_Foot": [
            0.19348261756384244,
            0.8713528855779447
        ],
        "R_Hip": [
            0.17789587684827318,
            0.8228408809071076
        ],
        "R_Knee": [
            0.8512172082555034,
            0.9020329717192699
        ],
        "R_Ankle": [
            0.15860434479629348,
            0.8900544329949193
        ],
        "R_Foot": [
            0.14848430917441585,
            0.904572036040939
        ],
        "Spine1": [
            0.20454156496337178,
            0.7752414013366433
        ],
        "Spine2": [
            0.2161951426243482,
            0.7430356120689288
        ],
        "Spine3": [
            0.21685840276177,
            0.7345571897688489
        ],
        "Neck": [
            0.2316700890334748,
            0.554822525590901
        ],
        "Head": [
            0.2525434089289297,
            0.4648753634286565
        ],
        "L_Collar": [
            0.2643771346644922,
            0.6606812964094874
        ],
        "L_Shoulder": [
            0.30804463580931624,
            0.6992705558801869
        ],
        "L_Elbow": [
            0.30629664502284565,
            0.8416080637013882
        ],
        "L_Wrist": [
            0.7239520568416467,
            0.934171144776148
        ],
        "L_Hand": [
            0.7267049003889241,
            0.8883126867889924
        ],
        "R_Collar": [
            0.18824301088714074,
            0.6207637637516555
        ],
        "R_Shoulder": [
            0.14308961445087734,
            0.6099261286395337
        ],
        "R_Elbow": [
            0.10534199952415572,
            0.7006337072039418
        ],
        "R_Wrist": [
            0.046440608061761576,
            0.7238041242548093
        ],
        "R_Hand": [
            0.950921487739007,
            0.6944054392423833
        ]
    }
}