{
    "joints2D": {
        "Pelvis": [
            0.8105981935803586,
            0.8788651891918569
        ],
        "L_Hip": [
            0.7825655059974702,
            0.8807510307098275
        ],
        "L_Knee": [
            0.7542084699013457,
            0.8228376119618683
        ],
        "L_Ankle": [
            0.7563594482259969,
            0.811432034438699
        ],
        "L_Foot": [
            0.7465604681735714,
            0.7900028219499831
        ],
        "R_Hip": [
            0.8207235804554525,
            0.8465627998170152
        ],
        "R_Knee": [
            0.8056973430625745,
            0.8537571145738494
        ],
        "R_Ankle": [
            0.7931200743039566,
            0.8836495746998211
        ],
        "R_Foot": [
            0.791679897431051,
            0.859509299332873
        ],
        "Spine1": [
            0.8280660793079586,
            0.9096025950822743
        ],
        "Spine2": [
            0.15958880681272508,
            0.8970513237080355
        ],
        "Spine3": [
            0.16187133195200942,
            0.8908091174325253
        ],
        "Neck": [
            0.17880253697256868,
            0.6800230000135277
        ],
        "Head": [
            0.18807391529830536,
            0.60472601279991
        ],
        "L_Collar": [
            0.2144487474060965,
            0.8047175959623649
        ],
        "L_Shoulder": [
            0.2603426176534599,
            0.7956042059550772
        ],
        "L_Elbow": [
            0.2403423781347953,
            0.8765310050470313
        ],
        "L_Wrist": [
            0.2593300766966345,
            0.9293564067241481
        ],
        "L_Hand": [
            0.2618029931339464,
            0.9371682145011385
        ],
        "R_Collar": [
            0.1205453168451898,
            0.7480487427755336
        ],
        "R_Shoulder": [
            0.07267768659094608,
            0.6620536621551495
        ],
        "R_Elbow": [
            0.9224249539526307,
            0.7114846941462077
        ],
        "R_Wrist": [
            0.8564462791568854,
            0.6286714454710587
        ],
        "R_Hand": [
            0.839802740429972,
            0.5992019322006764
        ]
    },
    "joints3D": {
        "Pelvis": [
            -0.48079795936167186,
            -0.41605580503854456,
            -1.5484949438037723
        ],
        "L_Hip": [
            -0.29408794725979276,
            -0.5490765050451235,
            -1.8068722791802174
        ],
        "L_Knee": [
            -0.043630121033742156,
            -1.4048789422409755,
            -2.492127964131441
        ],
        "L_Ankle": [
            -0.10935575754907326,
            -2.115673761524811,
            -3.4348878422387448
        ],
        "L_Foot": [
            0.1113535044687515,
            -2.4472673426873754,
            -3.39661069843687
        ],
        "R_Hip": [
            -0.6765222415850232,
            -0.6424605538238001,
            -1.703281267667449
        ],
        "R_Knee": [
            -0.8423234419754992,
            -1.049285801380572,
            -2.762921484777029
        ],
        "R_Ankle": [
            -0.8519510660267604,
            -1.101812784236972,
            -3.9410306746509405
        ],
        "R_Foot": [
            -0.8806601182014898,
            -1.4980778709045388,
            -3.955717911654872
        ],
        "Spine1": [
            -0.510250018450038,
            -0.1484775750374817,
            -1.371356123976128
        ],
        "Spine2": [
            -0.4690669481960099,
            0.12698952799815097,
            -1.0528525101791035
        ],
        "Spine3": [
            -0.3934486885291493,
            0.135504134583111,
            -0.8922008644746457
        ],
        "Neck": [
            -0.28924684953977575,
            0.5216667847751318,
            -0.3784222177658848
        ],
        "Head": [
            -0.17586324806671363,
            0.40994987298362856,
            -0.15598613648072374
        ],
        "L_Collar": [
            -0.15923120482118508,
            0.4492649756244856,
            -0.7158464853928548
        ],
        "L_Shoulder": [
            0.0647521682648381,
            0.5698041241277264,
            -0.8254188977863279
        ],
        "L_Elbow": [
            -0.07002693167387626,
            0.5370803541016865,
            -1.6000625175474539
        ],
        "L_Wrist": [
            0.11282967661248601,
            0.2954347994521445,
            -2.28046520748094
        ],
        "L_Hand": [
            0.15132755203548925,
            0.24997527079695095,
            -2.5288096757154217
        ],
        "R_Collar": [
            -0.5497800992890911,
            0.32419284185088587,
            -0.5381364115325682
        ],
        "R_Shoulder": [
            -0.7579107825174368,
            0.2507561745083467,
            -0.35485107562477153
        ],
        "R_Elbow": [
            -1.120992698099101,
            -0.3182506009945322,
            -0.7018303202900866
        ],
        "R_Wrist": [
            -0.8932688651387606,
            -1.027098948874445,
            -0.558417813047377
        ],
        "R_Hand": [
            -0.8427434763012053,
            -1.262555474127076,
            -0.48557166968494664
        ]
    }
}