{
    "joints3D": {
        "Pelvis": [
            -0.6533313241292448,
            -0.1633588822613614,
            -1.5708242992990467
        ],
        "L_Hip": [
            -0.7522124465135586,
            -0.33634030573441337,
            -1.837601847258576
        ],
        "L_Knee": [
            -1.6807096460125273,
            -0.5806382523551291,
            -2.4586245970465392
        ],
        "L_Ankle": [
            -2.5726966582445323,
            -0.13989783558902502,
            -3.1572540844330077
        ],
        "L_Foot": [
            -2.879168367110062,
            -0.3396644467698174,
            -3.321253768008615
        ],
        "R_Hip": [
            -0.977086739846822,
            -0.21233660275645927,
            -1.545044777413227
        ],
        "R_Knee": [
            -1.3054418178024507,
            -1.2841911695161325,
            -1.2260815252611255
        ],
        "R_Ankle": [
            -2.049456670621575,
            -1.994259040325277,
            -1.8749996280968944
        ],
        "R_Foot": [
            -2.0734549449818362,
            -2.303066016715099,
            -1.6129040625757753
        ],
        "Spine1": [
            -0.41883970824729916,
            0.06326235851397724,
            -1.476942740248802
        ],
        "Spine2": [
            -0.17124090466625538,
            0.12024388775332936,
            -1.1684335643383972
        ],
        "Spine3": [
            -0.12374268565554811,
            0.09566314326373869,
            -1.005089748862173
        ],
        "Neck": [
            0.09525881261706262,
            0.28351255869083114,
            -0.4708987756899326
        ],
        "Head": [
            0.1326384859573215,
            0.16603918126959719,
            -0.2649861997958905
        ],
        "L_Collar": [
            0.20858259539873103,
            0.11218477801558246,
            -0.7445091107092137
        ],
        "L_Shoulder": [
            0.41108229194322965,
            -0.06739948517841175,
            -0.7088465353212013
        ],
        "L_Elbow": [
            0.4606313508227717,
            -0.6743703640477691,
            -1.184921172565706
        ],
        "L_Wrist": [
            -0.005160258173036701,
            -1.2077354837989238,
            -0.9459064909511554
        ],
        "L_Hand": [
            -0.12925669763437062,
            -1.4119917654776666,
            -0.8559006309045173
        ],
        "R_Collar": [
            -0.1696670148232988,
            0.35991422703730325,
            -0.6787579549721148
        ],
        "R_Shoulder": [
            -0.39916505410353775,
            0.4979357007588422,
            -0.5542652758960674
        ],
        "R_Elbow": [
            -0.9548139911587057,
            0.854924151718051,
            -0.9155797459733206
        ],
        "R_Wrist": [
            -1.6270596018141839,
            0.6607732638372557,
            -0.5957934180756058
        ],
        "R_Hand": [
            -1.8410665344642758,
            0.6175674898444721,
            -0.46383325309440143
        ]
    },
    "joints2D": {
        "Pelvis": [
            0.8361072997448346,
            0.9048098822971565
        ],
        "L_Hip": [
            0.8313177454648342,
            0.8879512245150435
        ],
        "L_Knee": [
            0.8685916786235619,
            0.840270936515893
        ],
        "L_Ankle": [
            0.8958930271301706,
            0.8520322500397467
        ],
        "L_Foot": [
            0.8975294810695343,
            0.8345121207908224
        ],
        "R_Hip": [
            0.8678981726235235,
            0.8658449950509938
        ],
        "R_Knee": [
            0.8583203400945185,
            0.6982010937233071
        ],
        "R_Ankle": [
            0.859560980359662,
            0.6952660513260774
        ],
        "R_Foot": [
            0.8555556335925847,
            0.6593885323558518
        ],
        "Spine1": [
            0.18646337510551084,
            0.9357951918622859
        ],
        "Spine2": [
            0.21675104403705556,
            0.9324782834115154
        ],
        "Spine3": [
            0.22165000826873052,
            0.93575175705596
        ],
        "Neck": [
            0.28034560306272654,
            0.8107342472116753
        ],
        "Head": [
            0.32167718297337483,
            0.789105902456188
        ],
        "L_Collar": [
            0.3064383939892232,
            0.9098813658281857
        ],
        "L_Shoulder": [
            0.6397378658188819,
            0.8822276187226626
        ],
        "L_Elbow": [
            0.6910259192262374,
            0.807680865605747
        ],
        "L_Wrist": [
            0.7519223269819199,
            0.7039166628194888
        ],
        "L_Hand": [
            0.764129395131309,
            0.6664103976819171
        ],
        "R_Collar": [
            0.20781922092800245,
            0.8239025340665044
        ],
        "R_Shoulder": [
            0.16357216105326042,
            0.7335301042801442
        ],
        "R_Elbow": [
            0.1375432471721602,
            0.7103484663578032
        ],
        "R_Wrist": [
            0.07575667034197518,
            0.6238957049980204
        ],
        "R_Hand": [
            0.06336535292970784,
            0.590638438762307
        ]
    }
}