{
    "joints2D": {
        "Pelvis": [
            0.24313780205077762,
            0.9633040314837535
        ],
        "L_Hip": [
            0.7437809635768298,
            0.9375971102253291
        ],
        "L_Knee": [
            0.7517440412176121,
            0.8861694017633835
        ],
        "L_Ankle": [
            0.7617336656299966,
            0.872743904424687
        ],
        "L_Foot": [
            0.7639759357236354,
            0.8484556189140655
        ],
        "R_Hip": [
            0.2161503854905865,
            0.9531247708027621
        ],
        "R_Knee": [
            0.8280372739890807,
            0.9167941560155227
        ],
        "R_Ankle": [
            0.8244572894864769,
            0.9202557667092164
        ],
        "R_Foot": [
            0.8373795259802372,
            0.9037554188268154
        ],
        "Spine1": [
            0.2602057505545552,
            0.934374302542045
        ],
        "Spine2": [
            0.2780466471912717,
            0.9049061829035946
        ],
        "Spine3": [
            0.2783919991588809,
            0.907554842060939
        ],
        "Neck": [
            0.33118918785270124,
            0.6969419486040589
        ],
        "Head": [
            0.36148090374953196,
            0.5935337875225272
        ],
        "L_Collar": [
            0.36229364936867375,
            0.822288456990956
        ],
        "L_Shoulder": [
            0.41440391779937846,
            0.8221961864336111
        ],
        "L_Elbow": [
            0.675631305932523,
            0.8711633416400278
        ],
        "L_Wrist": [
            0.7337487242895939,
            0.8453271610856178
        ],
        "L_Hand": [
            0.7448496858998142,
            0.8401642469941136
        ],
        "R_Collar": [
            0.2603610754218515,
            0.7798611453272007
        ],
        "R_Shoulder": [
            0.20819821458927004,
            0.7367966065455241
        ],
        "R_Elbow": [
            0.1666449369694912,
            0.8432472705600415
        ],
        "R_Wrist": [
            0.13405569618180102,
            0.9005073425762466
        ],
        "R_Hand": [
            0.863021576679599,
            0.8918874682706204
        ]
    },
    "joints3D": {
        "Pelvis": [
            -0.03978349698875723,
            0.00323272472466338,
            -1.684378498409078
        ],
        "L_Hip": [
            0.06682266838857646,
            -0.1923995179496927,
            -1.9414113371818407
        ],
        "L_Knee": [
            -0.005564663466736513,
            -0.838051063127967,
            -2.807900653560126
        ],
        "L_Ankle": [
            -0.21090953271076876,
            -1.336598520813196,
            -3.8163178593510176
        ],
        "L_Foot": [
            -0.2739231257057496,
            -1.7131728357330231,
            -3.812022600731182
        ],
        "R_Hip": [
            -0.27355031018358517,
            0.045687924193022256,
            -1.918932569852075
        ],
        "R_Knee": [
            -0.9920106740375234,
            -0.21932785729866952,
            -2.7136648973511543
        ],
        "R_Ankle": [
            -1.3163282163977938,
            -0.29267214854699125,
            -3.8083598703294133
        ],
        "R_Foot": [
            -1.6605289001030836,
            -0.40887276498170044,
            -3.923234905747659
        ],
        "Spine1": [
            0.07612046457253165,
            0.15841346512008203,
            -1.4385307433494796
        ],
        "Spine2": [
            0.15507901765812293,
            0.22689824178686946,
            -1.0748703696299695
        ],
        "Spine3": [
            0.13268320123021005,
            0.18345407547682757,
            -0.9148733104301573
        ],
        "Neck": [
            0.2749620427088114,
            0.3908627512394562,
            -0.3325266355488462
        ],
        "Head": [
            0.2723203279845579,
            0.2934276021435619,
            -0.11614341386362045
        ],
        "L_Collar": [
            0.414196235126312,
            0.19376633161242016,
            -0.592227985851304
        ],
        "L_Shoulder": [
            0.6107792774049465,
            0.007994233135719267,
            -0.5985984296991307
        ],
        "L_Elbow": [
            0.510752453418354,
            -0.32873254782485095,
            -1.2608417003685448
        ],
        "L_Wrist": [
            0.1707526325021989,
            -0.7764175276863766,
            -1.6873827425670809
        ],
        "L_Hand": [
            0.07074942678728872,
            -0.9070080286431937,
            -1.8634692747777886
        ],
        "R_Collar": [
            0.04948443996363911,
            0.46002027340562357,
            -0.5965662871157945
        ],
        "R_Shoulder": [
            -0.2007517334500338,
            0.5922888636020518,
            -0.5944507521675835
        ],
        "R_Elbow": [
            -0.571129540952742,
            0.429819434893264,
            -1.204874342815623
        ],
        "R_Wrist": [
            -0.9499275051148929,
            0.0208679349815718,
            -1.6713890670319815
        ],
        "R_Hand": [
            -1.0476016402178017,
            -0.10691872395612521,
            -1.8510569238631829
        ]
    }
}