{
    "joints2D": {
        "Pelvis": [
            0.7620095430310667,
            0.8448180146541604
        ],
        "L_Hip": [
            0.7411201535399139,
            0.8150840910253898
        ],
        "L_Knee": [
            0.7509373619649335,
            0.7532052910459877
        ],
        "L_Ankle": [
            0.7608097106143498,
            0.7568186331728697
        ],
        "L_Foot": [
            0.759322886953962,
            0.7276654608123496
        ],
        "R_Hip": [
            0.7863207037853639,
            0.8300536439147982
        ],
        "R_Knee": [
            0.8027536843401775,
            0.7591569012087661
        ],
        "R_Ankle": [
            0.7955080675587168,
            0.7654835369924784
        ],
        "R_Foot": [
            0.8045898914839176,
            0.7387839403671101
        ],
        "Spine1": [
            0.7557216732088587,
            0.8962892911606809
        ],
        "Spine2": [
            0.2607781006702391,
            0.9579959084554075
        ],
        "Spine3": [
            0.25849644102357094,
            0.9477523865249482
        ],
        "Neck": [
            0.27494190187060913,
            0.6127025764510797
        ],
        "Head": [
            0.27157827987398736,
            0.45123243397155777
        ],
        "L_Collar": [
            0.3462047529425458,
            0.7642595781794195
        ],
        "L_Shoulder": [
            0.42476379068310977,
            0.7091708214112673
        ],
        "L_Elbow": [
            0.671596909142506,
            0.7459568338916346
        ],
        "L_Wrist": [
            0.8225374017887852,
            0.7977982281551697
        ],
        "L_Hand": [
            0.8879167403573198,
            0.7626239444351348
        ],
        "R_Collar": [
            0.21002926396095015,
            0.7618135048048924
        ],
        "R_Shoulder": [
            0.14115910605101037,
            0.7128912924493309
        ],
        "R_Elbow": [
            0.880215958659725,
            0.7897242805039483
        ],
        "R_Wrist": [
            0.8988904319202835,
            0.6156659739448725
        ],
        "R_Hand": [
            0.9272079128870598,
            0.23695619478854765
        ]
    },
    "joints3D": {
        "Pelvis": [
            -0.07809751536707504,
            -0.5932511050896959,
            -1.2741545692052128
        ],
        "L_Hip": [
            0.09254713873774931,
            -0.8582484387176906,
            -1.4363186454551087
        ],
        "L_Knee": [
            0.006611483806234128,
            -1.857057416519154,
            -2.007943728745578
        ],
        "L_Ankle": [
            -0.21248124409027755,
            -2.629849636790219,
            -2.91749286123593
        ],
        "L_Foot": [
            -0.19046700883805484,
            -3.006261438525656,
            -2.7548517525185208
        ],
        "R_Hip": [
            -0.30989495068898626,
            -0.7531135939590305,
            -1.4748017785062946
        ],
        "R_Knee": [
            -0.7891475518178187,
            -1.685297068556176,
            -2.010482559644815
        ],
        "R_Ankle": [
            -0.9742006074659616,
            -2.4136428728313715,
            -2.9590625640472723
        ],
        "R_Foot": [
            -1.2344966729963815,
            -2.684761164661345,
            -2.800355936159746
        ],
        "Spine1": [
            -0.024965349239211232,
            -0.2950068475118032,
            -1.1415760277354643
        ],
        "Spine2": [
            0.04467280608315673,
            0.017106031636896103,
            -0.8478908005604109
        ],
        "Spine3": [
            0.02920979511338776,
            0.03997405690084707,
            -0.6675772415998777
        ],
        "Neck": [
            0.09248271932115686,
            0.5159219266387682,
            -0.2029298473682103
        ],
        "Head": [
            0.06608692082134475,
            0.4412376386771865,
            0.06634079212686952
        ],
        "L_Collar": [
            0.29817416397322943,
            0.27330587693556646,
            -0.40796853648855674
        ],
        "L_Shoulder": [
            0.5259086390562393,
            0.13007498127642253,
            -0.31635324909390594
        ],
        "L_Elbow": [
            0.44326941046050994,
            -0.5805318733926509,
            -0.690993030766596
        ],
        "L_Wrist": [
            -0.2729562809577687,
            -0.3396207433848537,
            -0.5762090259125858
        ],
        "L_Hand": [
            -0.4406768898398801,
            -0.20314783517908144,
            -0.4281322086593571
        ],
        "R_Collar": [
            -0.13797700995950454,
            0.39953387654394623,
            -0.4726399035295115
        ],
        "R_Shoulder": [
            -0.42933987385873407,
            0.4029153391022018,
            -0.43062668308113033
        ],
        "R_Elbow": [
            -0.6405395881373229,
            -0.2856891825575389,
            -0.726852579521649
        ],
        "R_Wrist": [
            -0.21995863374336005,
            -0.14190947565717535,
            -0.08825031121045772
        ],
        "R_Hand": [
            -0.18984348450780272,
            -0.02609932953835985,
            0.1405217330581918
        ]
    }
}