{
    "joints3D": {
        "Pelvis": [
            0.6740430668596981,
            0.6285610536978253,
            -1.637207795532944
        ],
        "L_Hip": [
            0.9509747319036034,
            0.6119775793426827,
            -1.8207309113688852
        ],
        "L_Knee": [
            1.4952458710569814,
            0.636258069034213,
            -2.8658002637565287
        ],
        "L_Ankle": [
            1.9239749831932735,
            0.8092571896781606,
            -3.9336271316591254
        ],
        "L_Foot": [
            2.0007579352508165,
            0.43305260184697575,
            -4.089718402408039
        ],
        "R_Hip": [
            0.604690235705273,
            0.6608102557580001,
            -1.953632032477462
        ],
        "R_Knee": [
            0.995227179670741,
            0.7612888810262995,
            -3.053205480440034
        ],
        "R_Ankle": [
            1.5475136564245926,
            0.9596964517717006,
            -4.046224465118359
        ],
        "R_Foot": [
            1.3586121299943006,
            0.6681276656661492,
            -4.264788343702554
        ],
        "Spine1": [
            0.555392807783849,
            0.7186210908164743,
            -1.33102229941144
        ],
        "Spine2": [
            0.3903345344290087,
            0.6153865741629864,
            -0.9165530041539031
        ],
        "Spine3": [
            0.32778298387288335,
            0.5589583873419476,
            -0.7523702045726758
        ],
        "Neck": [
            0.0978249892198691,
            0.6123531325780263,
            -0.14952636806948905
        ],
        "Head": [
            0.034748620276691206,
            0.4451806651005195,
            0.07706958217102355
        ],
        "L_Collar": [
            0.40434681735165884,
            0.6183887988545331,
            -0.33638906616225456
        ],
        "L_Shoulder": [
            0.6811840813092322,
            0.5851804777550607,
            -0.30867534353365955
        ],
        "L_Elbow": [
            0.9911667823357965,
            0.5875723221316442,
            -0.9691040428075827
        ],
        "L_Wrist": [
            1.247048555966949,
            0.30463393147283413,
            -1.5833740627332393
        ],
        "L_Hand": [
            1.3461213704631172,
            0.2362036245539699,
            -1.8142972297013575
        ],
        "R_Collar": [
            -0.0007222471030784884,
            0.6644031500978353,
            -0.4972138735238752
        ],
        "R_Shoulder": [
            -0.26053426638596006,
            0.623103000003612,
            -0.642933381463258
        ],
        "R_Elbow": [
            -0.06008207041597443,
            0.6360849253353288,
            -1.3176600682724657
        ],
        "R_Wrist": [
            0.1980046527012479,
            0.38003446041476896,
            -1.9694900142231797
        ],
        "R_Hand": [
            0.2768251574059612,
            0.2992072947803254,
            -2.2007905854283343
        ]
    },
    "joints2D": {
        "Pelvis": [
            0.31996856449620575,
            0.8437813773662919
        ],
        "L_Hip": [
            0.33869220111009257,
            0.8421044968721022
        ],
        "L_Knee": [
            0.3446221818177733,
            0.8651980522935908
        ],
        "L_Ankle": [
            0.3404943944374469,
            0.8728756496234263
        ],
        "L_Foot": [
            0.3456732360037465,
            0.8939655552157862
        ],
        "R_Hip": [
            0.3052156438155575,
            0.8628431396061739
        ],
        "R_Knee": [
            0.31133246495772604,
            0.8819364828244083
        ],
        "R_Ankle": [
            0.32161875403713497,
            0.8789052730371792
        ],
        "R_Foot": [
            0.31350561432643154,
            0.9045107601478644
        ],
        "Spine1": [
            0.3141791467037011,
            0.8114110180247512
        ],
        "Spine2": [
            0.3101296799503195,
            0.786046991080879
        ],
        "Spine3": [
            0.3086877561636772,
            0.7729354855031637
        ],
        "Neck": [
            0.2727983510046102,
            0.5711311310145378
        ],
        "Head": [
            0.26062923132792326,
            0.4441061363007138
        ],
        "L_Collar": [
            0.33287745314968314,
            0.6374401082310949
        ],
        "L_Shoulder": [
            0.3765779632255577,
            0.6132303920135804
        ],
        "L_Elbow": [
            0.3765944979155251,
            0.7474926830978196
        ],
        "L_Wrist": [
            0.3807100456283088,
            0.8326572313448849
        ],
        "L_Hand": [
            0.3794691708452563,
            0.8499412039192992
        ],
        "R_Collar": [
            0.24849617793525985,
            0.697100276181248
        ],
        "R_Shoulder": [
            0.19975029605672354,
            0.7385841596953225
        ],
        "R_Elbow": [
            0.24080457010542064,
            0.8410174935086637
        ],
        "R_Wrist": [
            0.2694600249037224,
            0.9114371417773107
        ],
        "R_Hand": [
            0.27554589189471973,
            0.9250714956081454
        ]
    }
}