{
    "joints2D": {
        "Pelvis": [
            0.7864326497462568,
            0.7395102385955302
        ],
        "L_Hip": [
            0.758877337539756,
            0.7358965682543183
        ],
        "L_Knee": [
            0.7364957085438435,
            0.6600831782714899
        ],
        "L_Ankle": [
            0.7548205784338513,
            0.7156475165852761
        ],
        "L_Foot": [
            0.7535350518886827,
            0.7043662282835824
        ],
        "R_Hip": [
            0.7988503294813365,
            0.7025078787308949
        ],
        "R_Knee": [
            0.7724416864105226,
            0.6560069980694387
        ],
        "R_Ankle": [
            0.7578149126285284,
            0.6497159728806198
        ],
        "R_Foot": [
            0.7552106204648871,
            0.6190128570209467
        ],
        "Spine1": [
            0.803322562056566,
            0.7889595668943044
        ],
        "Spine2": [
            0.82495898932415,
            0.863837418862241
        ],
        "Spine3": [
            0.8320333476070907,
            0.8725567969882932
        ],
        "Neck": [
            0.18499549413453834,
            0.6790994885149486
        ],
        "Head": [
            0.19492635129768648,
            0.5437281297800127
        ],
        "L_Collar": [
            0.23708723414421376,
            0.8525074306186881
        ],
        "L_Shoulder": [
            0.3162096117879552,
            0.8498613246412886
        ],
        "L_Elbow": [
            0.7060356541219346,
            0.8259183088064417
        ],
        "L_Wrist": [
            0.6896829983415103,
            0.6889880382754731
        ],
        "L_Hand": [
            0.6869301936390537,
            0.6702016919884589
        ],
        "R_Collar": [
            0.10602514507188392,
            0.7539044425127035
        ],
        "R_Shoulder": [
            0.05610075546241341,
            0.6591959543221141
        ],
        "R_Elbow": [
            0.8871139695398403,
            0.7041817132754642
        ],
        "R_Wrist": [
            0.8466644962415074,
            0.5986437322349485
        ],
        "R_Hand": [
            0.8377369761830367,
            0.5817327063346072
        ]
    },
    "joints3D": {
        "Pelvis": [
            -0.26866033579922843,
            -0.9154581349868353,
            -0.9277105771164142
        ],
        "L_Hip": [
            -0.06925860216038725,
            -1.1368516535006405,
            -1.0990062794640667
        ],
        "L_Knee": [
            0.23265672669858986,
            -2.1999526348146903,
            -1.2741936511857423
        ],
        "L_Ankle": [
            -0.07264447974684496,
            -2.7069387793126225,
            -2.291095067193896
        ],
        "L_Foot": [
            -0.05090009476761053,
            -3.08246503803763,
            -2.421610875330355
        ],
        "R_Hip": [
            -0.44739224920084514,
            -1.1963965532890963,
            -0.9666565219065757
        ],
        "R_Knee": [
            -0.34240639180450233,
            -2.2862481682206215,
            -1.2889121396434182
        ],
        "R_Ankle": [
            -0.15082101860679176,
            -3.3343531417407912,
            -1.7804664357035254
        ],
        "R_Foot": [
            -0.09374714696587394,
            -3.586812006555697,
            -1.481319604458437
        ],
        "Spine1": [
            -0.31628936335135355,
            -0.600923926040767,
            -0.8876775901832574
        ],
        "Spine2": [
            -0.290652920507589,
            -0.21400342356824503,
            -0.7237758219814685
        ],
        "Spine3": [
            -0.24537350639341282,
            -0.13783883133862646,
            -0.5707018326634081
        ],
        "Neck": [
            -0.22992785511640215,
            0.4627933383314792,
            -0.32841725999490573
        ],
        "Head": [
            -0.15708501668722455,
            0.4328590935673302,
            -0.06791307671602499
        ],
        "L_Collar": [
            -0.03494548950457033,
            0.2325038214055613,
            -0.5371918755692372
        ],
        "L_Shoulder": [
            0.23193054653171374,
            0.2225691364923676,
            -0.6051193035816337
        ],
        "L_Elbow": [
            0.2595695208241105,
            -0.48416945716258103,
            -0.9410645040948912
        ],
        "L_Wrist": [
            0.563940315357968,
            -1.1567760061599417,
            -0.8764426275435608
        ],
        "L_Hand": [
            0.6839160561096115,
            -1.376928366061437,
            -0.917778108884348
        ],
        "R_Collar": [
            -0.46106514973784735,
            0.19790497112539168,
            -0.41481759442816163
        ],
        "R_Shoulder": [
            -0.7178018891953731,
            0.14502969921130926,
            -0.30181098487930763
        ],
        "R_Elbow": [
            -0.837644400555542,
            -0.5202710572804826,
            -0.6383099214791553
        ],
        "R_Wrist": [
            -0.9226524307169316,
            -1.2551834852462607,
            -0.49063691000670134
        ],
        "R_Hand": [
            -0.9596456851052543,
            -1.5018266928780473,
            -0.4691119764590845
        ]
    }
}