{
    "joints2D": {
        "Pelvis": [
            0.3375388968931574,
            0.8533998142914426
        ],
        "L_Hip": [
            0.3579706392779068,
            0.8311021145303689
        ],
        "L_Knee": [
            0.361342522934887,
            0.8517976280786945
        ],
        "L_Ankle": [
            0.35290855030384427,
            0.8739657847052404
        ],
        "L_Foot": [
            0.36832644057940395,
            0.8751980181194609
        ],
        "R_Hip": [
            0.32801963598748274,
            0.8839597374878728
        ],
        "R_Knee": [
            0.6478944539663074,
            0.9032776514992582
        ],
        "R_Ankle": [
            0.6360147180793301,
            0.8715749000083646
        ],
        "R_Foot": [
            0.6471504033994768,
            0.8581816070633651
        ],
        "Spine1": [
            0.3213440008084213,
            0.8350815851903769
        ],
        "Spine2": [
            0.3060813275924815,
            0.802568351614713
        ],
        "Spine3": [
            0.30609328306383277,
            0.802885815050151
        ],
        "Neck": [
            0.2351404453124782,
            0.6278849802830737
        ],
        "Head": [
            0.20709340479473412,
            0.5381299508163436
        ],
        "L_Collar": [
            0.3071805634964988,
            0.6639389266229961
        ],
        "L_Shoulder": [
            0.3460852592158559,
            0.6054302229694172
        ],
        "L_Elbow": [
            0.37936179992685953,
            0.711665077043316
        ],
        "L_Wrist": [
            0.41607261152721464,
            0.757890472762182
        ],
        "L_Hand": [
            0.42669082062494373,
            0.7545781966348578
        ],
        "R_Collar": [
            0.23027128511134057,
            0.7613454457181935
        ],
        "R_Shoulder": [
            0.18988944030732888,
            0.8077532672427935
        ],
        "R_Elbow": [
            0.24399437383581588,
            0.8851325018256534
        ],
        "R_Wrist": [
            0.2791007013019803,
            0.952313974765224
        ],
        "R_Hand": [
            0.7192991139733156,
            0.9477459796947548
        ]
    },
    "joints3D": {
        "Pelvis": [
            0.7662609451309964,
            0.4503595129527782,
            -1.5347924433279305
        ],
        "L_Hip": [
            1.0829741310987049,
            0.5109771026808587,
            -1.6533434942522638
        ],
        "L_Knee": [
            1.6599932321673643,
            0.5481291277377329,
            -2.610852572205889
        ],
        "L_Ankle": [
            2.057836565123084,
            0.5829344821053628,
            -3.7171424542382114
        ],
        "L_Foot": [
            2.3594016130311575,
            0.3232932940761347,
            -3.7249998398239264
        ],
        "R_Hip": [
            0.7639693751942778,
            0.3726173312235097,
            -1.8607690435366013
        ],
        "R_Knee": [
            1.3704309191623059,
            -0.12569838609959819,
            -2.688794459896426
        ],
        "R_Ankle": [
            2.159815173792725,
            -0.42184354854405415,
            -3.5043102692566186
        ],
        "R_Foot": [
            2.089493089670379,
            -0.7939366002192776,
            -3.6182147641843754
        ],
        "Spine1": [
            0.5623246075959464,
            0.5450314694288648,
            -1.3063661057376503
        ],
        "Spine2": [
            0.35414768233676414,
            0.5641334748374455,
            -0.9411228634495923
        ],
        "Spine3": [
            0.29979885405202944,
            0.4767333556515761,
            -0.7973571416277309
        ],
        "Neck": [
            -0.056499922142486066,
            0.610153385764954,
            -0.27327978934501995
        ],
        "Head": [
            -0.1250347669824765,
            0.45378937488653426,
            -0.06146325035502379
        ],
        "L_Collar": [
            0.28428559355142413,
            0.6440180524097372,
            -0.40466851605299187
        ],
        "L_Shoulder": [
            0.5312611700043205,
            0.6970900372612533,
            -0.294808580840485
        ],
        "L_Elbow": [
            1.0615885513020724,
            0.6976560764180044,
            -0.8705060862478172
        ],
        "L_Wrist": [
            1.5870506183917277,
            0.3237900460925829,
            -1.2351270464053603
        ],
        "L_Hand": [
            1.8120186755838479,
            0.2320333123492155,
            -1.3092549203153447
        ],
        "R_Collar": [
            -0.08740356869400838,
            0.5465785395625923,
            -0.6281984253286497
        ],
        "R_Shoulder": [
            -0.3005178594769864,
            0.4543608967052282,
            -0.7940341916018606
        ],
        "R_Elbow": [
            -0.035968318343410154,
            0.45362388987355884,
            -1.5010239974002446
        ],
        "R_Wrist": [
            0.27623355062231264,
            0.0598121409998244,
            -2.063319409821345
        ],
        "R_Hand": [
            0.3203063855385125,
            -0.100572100281474,
            -2.25028348197952
        ]
    }
}