{
    "joints2D": {
        "Pelvis": [
            0.7862732264290841,
            0.942239452667496
        ],
        "L_Hip": [
            0.762069768949855,
            0.9289373947367957
        ],
        "L_Knee": [
            0.7597028308222205,
            0.8730199596252227
        ],
        "L_Ankle": [
            0.7733552877439804,
            0.921652766977212
        ],
        "L_Foot": [
            0.770829794647089,
            0.9045799306919934
        ],
        "R_Hip": [
            0.8133823629557635,
            0.9156884170440888
        ],
        "R_Knee": [
            0.8252819740280037,
            0.8641326259066244
        ],
        "R_Ankle": [
            0.8199513007368147,
            0.8983096057298946
        ],
        "R_Foot": [
            0.8232235961527122,
            0.8757627989506497
        ],
        "Spine1": [
            0.21885590475077876,
            0.9342061462211287
        ],
        "Spine2": [
            0.2309944238510038,
            0.8898422236485767
        ],
        "Spine3": [
            0.23573695273769382,
            0.8844193846206856
        ],
        "Neck": [
            0.2636591143578886,
            0.6111817059357707
        ],
        "Head": [
            0.27872629728189235,
            0.49342557199385056
        ],
        "L_Collar": [
            0.310627107811309,
            0.7544961368646773
        ],
        "L_Shoulder": [
            0.3618718920107224,
            0.7307334579416254
        ],
        "L_Elbow": [
            0.36345796013500936,
            0.8510521563373474
        ],
        "L_Wrist": [
            0.6549689197535122,
            0.8887829656241755
        ],
        "L_Hand": [
            0.6644887806350226,
            0.8782773113754658
        ],
        "R_Collar": [
            0.19334595846577693,
            0.7206918513530687
        ],
        "R_Shoulder": [
            0.1406723471207007,
            0.6656112443122607
        ],
        "R_Elbow": [
            0.12160477286609775,
            0.7535680514863607
        ],
        "R_Wrist": [
            0.11631416367243207,
            0.8063072337347245
        ],
        "R_Hand": [
            0.11697038821466534,
            0.8173714344837771
        ]
    },
    "joints3D": {
        "Pelvis": [
            -0.230668259254318,
            -0.09181760130400633,
            -1.4698381785236108
        ],
        "L_Hip": [
            -0.08658165382555813,
            -0.22878859553469633,
            -1.7446143919699717
        ],
        "L_Knee": [
            -0.11487263737784985,
            -0.9045739311935386,
            -2.586363930056355
        ],
        "L_Ankle": [
            -0.3773429924031025,
            -0.5567064921101823,
            -3.6399526059354965
        ],
        "L_Foot": [
            -0.37072016376887534,
            -0.8542481452851849,
            -3.8773705057054153
        ],
        "R_Hip": [
            -0.4893513362868139,
            -0.19780917038606968,
            -1.6505589747159495
        ],
        "R_Knee": [
            -0.9963039504284846,
            -0.7259307194513303,
            -2.472117913276642
        ],
        "R_Ankle": [
            -1.2260726420258679,
            -0.6168526499746968,
            -3.584119812702467
        ],
        "R_Foot": [
            -1.4038503109581746,
            -0.9331381644188886,
            -3.6967248898995346
        ],
        "Spine1": [
            -0.1706772269618029,
            0.12325823259391404,
            -1.2518364498722732
        ],
        "Spine2": [
            -0.08173684903397373,
            0.25354554521363315,
            -0.9091291231336889
        ],
        "Spine3": [
            -0.04984491534221884,
            0.22629104851594953,
            -0.7476857576746173
        ],
        "Neck": [
            0.054511727927866495,
            0.5369196570370559,
            -0.2067157793254407
        ],
        "Head": [
            0.08566709850961354,
            0.43697301138494266,
            0.005491461204803691
        ],
        "L_Collar": [
            0.2326023715325162,
            0.40610186712079316,
            -0.4825982184582565
        ],
        "L_Shoulder": [
            0.5003113425437867,
            0.4061745825765477,
            -0.5157533411023386
        ],
        "L_Elbow": [
            0.7736835578713804,
            0.24271362732000518,
            -1.191924988624032
        ],
        "L_Wrist": [
            0.8454920951935189,
            -0.22003247941810067,
            -1.7170413249871648
        ],
        "L_Hand": [
            0.8643049745224073,
            -0.37996026462745003,
            -1.8953375096996097
        ],
        "R_Collar": [
            -0.2109161532941397,
            0.45925695331061883,
            -0.4260812308885143
        ],
        "R_Shoulder": [
            -0.48522042054401116,
            0.505257358050308,
            -0.37824062332877006
        ],
        "R_Elbow": [
            -0.9397327343832644,
            0.5492668470640681,
            -0.9479156000531169
        ],
        "R_Wrist": [
            -1.3300060049746265,
            0.46655702165564483,
            -1.5529868056138847
        ],
        "R_Hand": [
            -1.4491375144087648,
            0.4532559034463608,
            -1.7614091973185724
        ]
    }
}