{
    "joints3D": {
        "Pelvis": [
            -0.544471272399793,
            2.2266869697209914,
            -1.4665755354198122
        ],
        "L_Hip": [
            -0.3314622709599216,
            2.5038597711224426,
            -1.775619713687106
        ],
        "L_Knee": [
            -0.3942311925405861,
            2.981578714559783,
            -3.180890966479129
        ],
        "L_Ankle": [
            -0.7529630345810413,
            4.327518116451347,
            -3.902122266450352
        ],
        "L_Foot": [
            -0.7367267459057504,
            4.286220342299399,
            -4.42400619199204
        ],
        "R_Hip": [
            -0.8902752148345586,
            2.419790046287474,
            -1.6964956016229529
        ],
        "R_Knee": [
            -1.340626819445333,
            2.886531873057847,
            -3.0643966246868013
        ],
        "R_Ankle": [
            -1.3482066204802656,
            4.269788820912303,
            -3.8056119062825036
        ],
        "R_Foot": [
            -1.5956238734744548,
            4.279113484030966,
            -4.265889011160368
        ],
        "Spine1": [
            -0.4735959543555805,
            2.0501728602769314,
            -1.0816951964904005
        ],
        "Spine2": [
            -0.3577703633240524,
            1.6173070579194202,
            -0.8197665939635269
        ],
        "Spine3": [
            -0.30806731831367046,
            1.3952065947173249,
            -0.7903858875184463
        ],
        "Neck": [
            -0.15908644100076372,
            0.8878509138468419,
            -0.09935071151116537
        ],
        "Head": [
            -0.05232687440484576,
            0.6036023194316593,
            0.01804169924156365
        ],
        "L_Collar": [
            0.08125749420832132,
            1.1754821087734115,
            -0.4091547773975918
        ],
        "L_Shoulder": [
            0.32515326895525637,
            0.902756241054155,
            -0.3470072517450249
        ],
        "L_Elbow": [
            0.6650097895721394,
            -0.06744882953410324,
            -0.3709907183831111
        ],
        "L_Wrist": [
            0.7133974057418939,
            -0.9198525467806412,
            0.08510471102905176
        ],
        "L_Hand": [
            0.7097776071746323,
            -1.2014153591753611,
            0.2581838768242355
        ],
        "R_Collar": [
            -0.5286999330921318,
            1.1065034365573896,
            -0.3261019703446769
        ],
        "R_Shoulder": [
            -0.6544605619689478,
            0.7591918906508202,
            -0.20648672101989066
        ],
        "R_Elbow": [
            -0.6678826897934327,
            -0.24165337657006608,
            -0.29031640166453804
        ],
        "R_Wrist": [
            -0.27840678235207295,
            -1.0135795085721242,
            0.20627884723222056
        ],
        "R_Hand": [
            -0.12936958791076092,
            -1.2658313750937233,
            0.3598115261704571
        ]
    },
    "joints2D": {
        "Pelvis": [
            0.21549159324820166,
            0.6758652365381207
        ],
        "L_Hip": [
            0.230806579622781,
            0.6883613020157853
        ],
        "L_Knee": [
            0.2329566789046852,
            0.7503883209208931
        ],
        "L_Ankle": [
            0.22676776223411751,
            0.7239955595526181
        ],
        "L_Foot": [
            0.22803225104519798,
            0.7447952174847587
        ],
        "R_Hip": [
            0.2002515281388139,
            0.6817043271355252
        ],
        "R_Knee": [
            0.19525479640815804,
            0.7413437185603947
        ],
        "R_Ankle": [
            0.20934004046821295,
            0.7191556591319825
        ],
        "R_Foot": [
            0.2042315895330108,
            0.7347407184251935
        ],
        "Spine1": [
            0.21605133242141614,
            0.6461538807677393
        ],
        "Spine2": [
            0.21722168124033644,
            0.6412674663520432
        ],
        "Spine3": [
            0.21779011954838481,
            0.655587885686275
        ],
        "Neck": [
            0.22119755541006203,
            0.5315602751812273
        ],
        "Head": [
            0.23521109465375592,
            0.48802144770304723
        ],
        "L_Collar": [
            0.25896532325449845,
            0.6012513982519383
        ],
        "L_Shoulder": [
            0.3001838546126469,
            0.6072961956590759
        ],
        "L_Elbow": [
            0.5577794135993597,
            0.7132677506860167
        ],
        "L_Wrist": [
            0.6489742264097781,
            0.4728547075045188
        ],
        "L_Hand": [
            0.6693388109947027,
            0.4376126174660404
        ],
        "R_Collar": [
            0.18094120008066059,
            0.5807974193177884
        ],
        "R_Shoulder": [
            0.13970026883291706,
            0.5660258715144508
        ],
        "R_Elbow": [
            0.9258331581607637,
            0.6489643303869701
        ],
        "R_Wrist": [
            0.7924931476357808,
            0.43632743177774774
        ],
        "R_Hand": [
            0.7667839827549481,
            0.41147888644997005
        ]
    }
}