{
    "joints3D": {
        "Pelvis": [
            -0.24435439022732347,
            0.08321540671082829,
            -1.538741769766656
        ],
        "L_Hip": [
            -0.11490801690246845,
            -0.0421579257670664,
            -1.792140220721279
        ],
        "L_Knee": [
            -0.2584405255485874,
            -0.7737157401178341,
            -2.5352485608584496
        ],
        "L_Ankle": [
            -0.5910921997635054,
            -1.2444229493792243,
            -3.5047216427697694
        ],
        "L_Foot": [
            -0.6200366785819049,
            -1.6231098083785929,
            -3.491938859644702
        ],
        "R_Hip": [
            -0.46504346613906483,
            0.01848548339917467,
            -1.7409002179479285
        ],
        "R_Knee": [
            -0.7184679303447777,
            -0.37774126929347024,
            -2.7089608766704423
        ],
        "R_Ankle": [
            -0.7678974429573976,
            -0.61412857950374,
            -3.8123704077210885
        ],
        "R_Foot": [
            -0.9546314784229873,
            -0.9497107187129638,
            -3.813882066645534
        ],
        "Spine1": [
            -0.18188067737374503,
            0.2934361763261462,
            -1.299554743263932
        ],
        "Spine2": [
            -0.09207593953585907,
            0.3674101547958117,
            -0.9272980548402961
        ],
        "Spine3": [
            -0.07014999041554716,
            0.346158613260372,
            -0.7633933769916842
        ],
        "Neck": [
            0.037444554493442056,
            0.5187579794223404,
            -0.19663571052878223
        ],
        "Head": [
            0.07734652822882819,
            0.425868031868484,
            0.013507023096757229
        ],
        "L_Collar": [
            0.21984593345396244,
            0.42802416105989977,
            -0.47577268775255416
        ],
        "L_Shoulder": [
            0.4740517586461158,
            0.4319328527556842,
            -0.5850719787558744
        ],
        "L_Elbow": [
            0.5010615019147056,
            0.34532598850596585,
            -1.3113755178255464
        ],
        "L_Wrist": [
            0.5712751204212674,
            -0.04036259996682817,
            -1.902445879304186
        ],
        "L_Hand": [
            0.5770838231881691,
            -0.1326025072867561,
            -2.130353110522591
        ],
        "R_Collar": [
            -0.22632267096065847,
            0.5287389587718416,
            -0.42253520450431115
        ],
        "R_Shoulder": [
            -0.5026681814646596,
            0.6173792322923249,
            -0.47723970665352416
        ],
        "R_Elbow": [
            -0.6799354810166454,
            0.6012773911628434,
            -1.1677055363733204
        ],
        "R_Wrist": [
            -0.9660673532138457,
            0.48168624640193547,
            -1.8197781759749083
        ],
        "R_Hand": [
            -1.0439460491326014,
            0.45907896487296584,
            -2.0498276465932523
        ]
    },
    "joints2D": {
        "Pelvis": [
            0.21315008126184298,
            0.9442713235020722
        ],
        "L_Hip": [
            0.766090776973924,
            0.9568146097405311
        ],
        "L_Knee": [
            0.7710118641772324,
            0.8828697151581477
        ],
        "L_Ankle": [
            0.7826184894043502,
            0.8679756266566568
        ],
        "L_Foot": [
            0.7819407797063465,
            0.8417485779087268
        ],
        "R_Hip": [
            0.18877267254642097,
            0.9455216303794591
        ],
        "R_Knee": [
            0.8066275976557326,
            0.9140619440024483
        ],
        "R_Ankle": [
            0.7933311251957325,
            0.9140425544398617
        ],
        "R_Foot": [
            0.8003360180495195,
            0.8886246831726609
        ],
        "Spine1": [
            0.22036288572232937,
            0.9013865914541007
        ],
        "Spine2": [
            0.2306055785391375,
            0.8605586945946508
        ],
        "Spine3": [
            0.23256817100150978,
            0.8471079891810266
        ],
        "Neck": [
            0.2593484406110908,
            0.6097371631876426
        ],
        "Head": [
            0.27655369832245197,
            0.48753392679009405
        ],
        "L_Collar": [
            0.3062390273181199,
            0.7465792232426957
        ],
        "L_Shoulder": [
            0.3504399936457546,
            0.7485613329952715
        ],
        "L_Elbow": [
            0.3204320706669359,
            0.873063437983317
        ],
        "L_Wrist": [
            0.6850232657300138,
            0.9390997325158651
        ],
        "L_Hand": [
            0.6924205547720038,
            0.9324327435887875
        ],
        "R_Collar": [
            0.19459905934634686,
            0.6990719473124756
        ],
        "R_Shoulder": [
            0.15377271578661045,
            0.6774215514219147
        ],
        "R_Elbow": [
            0.15986377772865365,
            0.8022115680837846
        ],
        "R_Wrist": [
            0.15359268913450325,
            0.8553681915412491
        ],
        "R_Hand": [
            0.1546385058647469,
            0.8664387261939707
        ]
    }
}