{
    "joints2D": {
        "Pelvis": [
            0.23142347684857748,
            0.8624002330224723
        ],
        "L_Hip": [
            0.2555660194261783,
            0.8797561842546918
        ],
        "L_Knee": [
            0.719731560961993,
            0.9128658480791357
        ],
        "L_Ankle": [
            0.741820217269668,
            0.963292879479772
        ],
        "L_Foot": [
            0.7421157741258579,
            0.9507008747424163
        ],
        "R_Hip": [
            0.20732901792684713,
            0.8776346732439757
        ],
        "R_Knee": [
            0.21138854167408413,
            0.876616346748496
        ],
        "R_Ankle": [
            0.2179244317174061,
            0.8391289072872433
        ],
        "R_Foot": [
            0.21901578353672613,
            0.863614605014134
        ],
        "Spine1": [
            0.23072215423098222,
            0.8145319796819431
        ],
        "Spine2": [
            0.24107762890755985,
            0.7723569232086642
        ],
        "Spine3": [
            0.2504047221754537,
            0.7694103380564086
        ],
        "Neck": [
            0.2459636641574656,
            0.4785102052288335
        ],
        "Head": [
            0.26973865455393414,
            0.3709666340328713
        ],
        "L_Collar": [
            0.29160567735844706,
            0.6048154563578801
        ],
        "L_Shoulder": [
            0.31837493845221887,
            0.5717839329228174
        ],
        "L_Elbow": [
            0.2825294127594172,
            0.6323769860287717
        ],
        "L_Wrist": [
            0.29705646050978024,
            0.7294087761127662
        ],
        "L_Hand": [
            0.2928652324400531,
            0.7532325384294841
        ],
        "R_Collar": [
            0.18619149223572204,
            0.6237333933379298
        ],
        "R_Shoulder": [
            0.11460001892049246,
            0.5948177203722025
        ],
        "R_Elbow": [
            0.12480160528828968,
            0.8593447918510929
        ],
        "R_Wrist": [
            0.7850532721537438,
            0.8051047235640317
        ],
        "R_Hand": [
            0.753614835531939,
            0.7646514828286844
        ]
    },
    "joints3D": {
        "Pelvis": [
            -0.13087322820071548,
            0.5399738297530017,
            -1.3876350593799456
        ],
        "L_Hip": [
            0.060559363109266504,
            0.5404034359794941,
            -1.6724410954025226
        ],
        "L_Knee": [
            0.33179511892430985,
            -0.3884046021756345,
            -2.179908039171855
        ],
        "L_Ankle": [
            0.1330035001083366,
            -0.0031601928217043357,
            -3.248998142848326
        ],
        "L_Foot": [
            0.14649407535598166,
            -0.1756222771644321,
            -3.593186929312186
        ],
        "R_Hip": [
            -0.3552176993280629,
            0.4972099280971731,
            -1.6352010141337114
        ],
        "R_Knee": [
            -0.5264843011305197,
            0.8402411916679652,
            -2.6805160696813144
        ],
        "R_Ankle": [
            -0.6266931824098358,
            1.6596302252580928,
            -3.487216087018333
        ],
        "R_Foot": [
            -0.6122652095826658,
            1.4175574047323092,
            -3.7854581178997346
        ],
        "Spine1": [
            -0.1233905597466088,
            0.651373583573344,
            -1.0922833172891775
        ],
        "Spine2": [
            -0.03986896429066801,
            0.5895002215419813,
            -0.7249734675429983
        ],
        "Spine3": [
            0.007704115966991563,
            0.4936638729703514,
            -0.5944432317693794
        ],
        "Neck": [
            -0.01036121472279787,
            0.6002426931408216,
            0.036320209093611874
        ],
        "Head": [
            0.06176121725857518,
            0.4268952891711621,
            0.18489118960821044
        ],
        "L_Collar": [
            0.1974057757570214,
            0.6669899881388224,
            -0.24703729770333413
        ],
        "L_Shoulder": [
            0.41056521985622135,
            0.8351969037545788,
            -0.2193177865584583
        ],
        "L_Elbow": [
            0.3395468925227275,
            1.4332115323408976,
            -0.6767990037039643
        ],
        "L_Wrist": [
            0.563710976689796,
            1.3939342285951823,
            -1.351354399356324
        ],
        "L_Hand": [
            0.5506167606182518,
            1.4126392462853778,
            -1.5933718155543286
        ],
        "R_Collar": [
            -0.22742249552302135,
            0.5033092587121331,
            -0.23024691373424536
        ],
        "R_Shoulder": [
            -0.4846455715815671,
            0.39163252779013663,
            -0.17632612145225834
        ],
        "R_Elbow": [
            -0.5828718775786619,
            0.10971532196355072,
            -0.8520525570503236
        ],
        "R_Wrist": [
            -0.17314844497989185,
            -0.4953906263403841,
            -0.7909124561544545
        ],
        "R_Hand": [
            -0.013363289204713222,
            -0.6788371614629287,
            -0.791823153658012
        ]
    }
}