{
    "joints3D": {
        "Pelvis": [
            0.22098997257889538,
            0.4547925619838758,
            -1.6023309230413072
        ],
        "L_Hip": [
            0.4578336035188815,
            0.4273344279605826,
            -1.827127271325945
        ],
        "L_Knee": [
            0.8327027960241586,
            -0.34729715714149645,
            -2.5522089568464956
        ],
        "L_Ankle": [
            1.0028015668359458,
            -0.7448974537838319,
            -3.667760673676201
        ],
        "L_Foot": [
            1.1817133192572704,
            -1.0964207648441036,
            -3.6581329868421593
        ],
        "R_Hip": [
            0.08020499572028748,
            0.42141429188740953,
            -1.8913851888766076
        ],
        "R_Knee": [
            0.16810329180911923,
            0.339384368889833,
            -3.0321017294308983
        ],
        "R_Ankle": [
            0.45776522129591984,
            0.5855362658864649,
            -4.166926878468488
        ],
        "R_Foot": [
            0.3001404489796159,
            0.22986412956294178,
            -4.256948865050707
        ],
        "Spine1": [
            0.16107996947998915,
            0.5968908212983034,
            -1.3060993816832072
        ],
        "Spine2": [
            0.10720605401887212,
            0.5577420193620607,
            -0.9184529438954
        ],
        "Spine3": [
            0.0917617053021565,
            0.48616459457833167,
            -0.7659726809422192
        ],
        "Neck": [
            -0.037126292074543626,
            0.5391274339262246,
            -0.18494340826150205
        ],
        "Head": [
            -0.028678674901287917,
            0.4158938045540048,
            0.016370581474225
        ],
        "L_Collar": [
            0.22409885789416234,
            0.6000692485592716,
            -0.38846971667685
        ],
        "L_Shoulder": [
            0.46926494914354316,
            0.7094574037498667,
            -0.377909488504236
        ],
        "L_Elbow": [
            0.7241338606930182,
            0.745823161041975,
            -1.0937562190127452
        ],
        "L_Wrist": [
            1.0003987869943622,
            0.4115243420395619,
            -1.6878236953017163
        ],
        "L_Hand": [
            1.0777360576011965,
            0.3777928535315769,
            -1.924574134235849
        ],
        "R_Collar": [
            -0.20692156240993487,
            0.5080649230472096,
            -0.4776582353773864
        ],
        "R_Shoulder": [
            -0.47022640071326466,
            0.4244003294296272,
            -0.5679054566830859
        ],
        "R_Elbow": [
            -0.4637873715515003,
            0.32696676191255825,
            -1.3023234072807073
        ],
        "R_Wrist": [
            -0.33243158255446653,
            0.022494158284842667,
            -1.9829797594935996
        ],
        "R_Hand": [
            -0.37000556384779587,
            -0.07629842825358532,
            -2.2107077211890367
        ]
    },
    "joints2D": {
        "Pelvis": [
            0.27550692073732097,
            0.8868713977714519
        ],
        "L_Hip": [
            0.29812887022744156,
            0.8922736295172846
        ],
        "L_Knee": [
            0.6842662567109503,
            0.9085552126067825
        ],
        "L_Ankle": [
            0.6966049340496677,
            0.8978078974128528
        ],
        "L_Foot": [
            0.6910707153288003,
            0.8705397192605713
        ],
        "R_Hip": [
            0.25729067909434983,
            0.9052197737488347
        ],
        "R_Knee": [
            0.2607430636747092,
            0.9338447365314869
        ],
        "R_Ankle": [
            0.27211405693811364,
            0.9246162685277163
        ],
        "R_Foot": [
            0.2645527444457624,
            0.9486325490086454
        ],
        "Spine1": [
            0.2701118323178905,
            0.8454654820428792
        ],
        "Spine2": [
            0.2670161206985507,
            0.8121231151448395
        ],
        "Spine3": [
            0.26715046856908187,
            0.8062898158714743
        ],
        "Neck": [
            0.23834577757133366,
            0.5998562677116918
        ],
        "Head": [
            0.23795197176566268,
            0.48507907484733376
        ],
        "L_Collar": [
            0.2985156319308095,
            0.6701943860038637
        ],
        "L_Shoulder": [
            0.3338922868350457,
            0.6345916288772292
        ],
        "L_Elbow": [
            0.3382138541780947,
            0.7678694124557319
        ],
        "L_Wrist": [
            0.3535831547936053,
            0.8513880796615887
        ],
        "L_Hand": [
            0.3516469948683581,
            0.8651687645994679
        ],
        "R_Collar": [
            0.19940982813284727,
            0.7245747263463306
        ],
        "R_Shoulder": [
            0.14565344007481967,
            0.7460452047730336
        ],
        "R_Elbow": [
            0.1807535771008518,
            0.8785425639422144
        ],
        "R_Wrist": [
            0.21030737293863827,
            0.9546122613244353
        ],
        "R_Hand": [
            0.7891352137565837,
            0.9486965787158965
        ]
    }
}