{
    "joints2D": {
        "Pelvis": [
            0.6989539151764699,
            0.9238533804810867
        ],
        "L_Hip": [
            0.6829150021797701,
            0.8934226907845079
        ],
        "L_Knee": [
            0.7007523795459929,
            0.8577722104419542
        ],
        "L_Ankle": [
            0.6920188434894377,
            0.9011122544042773
        ],
        "L_Foot": [
            0.6998199863298333,
            0.8836308941948083
        ],
        "R_Hip": [
            0.7267307705388778,
            0.9282762565269589
        ],
        "R_Knee": [
            0.7605051409333765,
            0.8626326705984002
        ],
        "R_Ankle": [
            0.7528062368343069,
            0.8459036744750478
        ],
        "R_Foot": [
            0.7611979693198643,
            0.8254013213002263
        ],
        "Spine1": [
            0.31199986887224906,
            0.9381084870710983
        ],
        "Spine2": [
            0.3144591787932233,
            0.9173819480970244
        ],
        "Spine3": [
            0.31722725941727914,
            0.9233499734844282
        ],
        "Neck": [
            0.3067215865190595,
            0.6697972474791354
        ],
        "Head": [
            0.32084150942610923,
            0.5809365336789855
        ],
        "L_Collar": [
            0.37732094756296364,
            0.7613412816638984
        ],
        "L_Shoulder": [
            0.42660080535516626,
            0.6972716751004621
        ],
        "L_Elbow": [
            0.6013572097434594,
            0.8323211534808735
        ],
        "L_Wrist": [
            0.6391023154908797,
            0.7452089170287515
        ],
        "L_Hand": [
            0.6504120309934378,
            0.7313137437112092
        ],
        "R_Collar": [
            0.2532265845438966,
            0.815298703825345
        ],
        "R_Shoulder": [
            0.19095785581439284,
            0.7878384518415283
        ],
        "R_Elbow": [
            0.21406574322849026,
            0.8925344807667316
        ],
        "R_Wrist": [
            0.8272863571178857,
            0.8967276770172193
        ],
        "R_Hand": [
            0.8247323889738644,
            0.871287496768634
        ]
    },
    "joints3D": {
        "Pelvis": [
            0.3792049608618655,
            -0.1653664168567319,
            -1.5433492073753252
        ],
        "L_Hip": [
            0.600525826306798,
            -0.33266329221402957,
            -1.73786902825145
        ],
        "L_Knee": [
            0.7309714962533617,
            -0.9631464826369741,
            -2.6035052919025703
        ],
        "L_Ankle": [
            1.072019882953151,
            -0.661864920994285,
            -3.6477459392579132
        ],
        "L_Foot": [
            1.014274598077884,
            -1.0048715806985893,
            -3.8016401375312916
        ],
        "R_Hip": [
            0.20815864639673412,
            -0.228849383147812,
            -1.8214091102973233
        ],
        "R_Knee": [
            -0.12700409232255833,
            -0.9935981973399087,
            -2.5365566384194373
        ],
        "R_Ankle": [
            -0.02896070337701378,
            -1.6141566230600743,
            -3.487400359186364
        ],
        "R_Foot": [
            -0.21172618084751596,
            -1.9440168509207933,
            -3.530307430745438
        ],
        "Spine1": [
            0.3765473454758457,
            0.0413034334799098,
            -1.3099398286978787
        ],
        "Spine2": [
            0.29649955579971565,
            0.09947630863554954,
            -0.9462419485119931
        ],
        "Spine3": [
            0.2543142101518068,
            0.06002988907374238,
            -0.7899210941802477
        ],
        "Neck": [
            0.18323012260682753,
            0.41515405285914325,
            -0.27212228689400425
        ],
        "Head": [
            0.14349361865719432,
            0.27880994905536605,
            -0.08312860328942852
        ],
        "L_Collar": [
            0.43351527543204943,
            0.23557943769147716,
            -0.4448002243473127
        ],
        "L_Shoulder": [
            0.6901832522504515,
            0.17637519963001874,
            -0.3878104385674525
        ],
        "L_Elbow": [
            0.932918251426639,
            -0.08990400756779322,
            -1.0418682570643643
        ],
        "L_Wrist": [
            1.006182754215973,
            -0.7855696304731055,
            -1.1111135750269339
        ],
        "L_Hand": [
            1.0299020836737256,
            -1.0096357105006848,
            -1.1938440681120133
        ],
        "R_Collar": [
            0.01656870697142142,
            0.34358599294545034,
            -0.5745685396625289
        ],
        "R_Shoulder": [
            -0.24924390092876997,
            0.4211509918370617,
            -0.6277300822379913
        ],
        "R_Elbow": [
            -0.23669164405768692,
            0.34330586900844556,
            -1.3528748686751528
        ],
        "R_Wrist": [
            -0.5943534690581241,
            -0.25002288294134495,
            -1.563406257166868
        ],
        "R_Hand": [
            -0.660073051282961,
            -0.4481406033512189,
            -1.682282412735632
        ]
    }
}