{
    "joints2D": {
        "Pelvis": [
            0.19500919690282775,
            0.9489866378312171
        ],
        "L_Hip": [
            0.7841045941465206,
            0.9410412756186161
        ],
        "L_Knee": [
            0.7879320839849645,
            0.8849791708437433
        ],
        "L_Ankle": [
            0.7917084671900403,
            0.9515372638328543
        ],
        "L_Foot": [
            0.7956782275888098,
            0.940004210102236
        ],
        "R_Hip": [
            0.8331505443277065,
            0.924502307018803
        ],
        "R_Knee": [
            0.8317277992572223,
            0.8158415914171399
        ],
        "R_Ankle": [
            0.8202296681966736,
            0.848319560935599
        ],
        "R_Foot": [
            0.8223715613526429,
            0.8221547968501115
        ],
        "Spine1": [
            0.2073649700429418,
            0.914278668287572
        ],
        "Spine2": [
            0.21725933866488725,
            0.8909784201694856
        ],
        "Spine3": [
            0.21772160017801687,
            0.8934420013723422
        ],
        "Neck": [
            0.26189962873630823,
            0.6700612430029487
        ],
        "Head": [
            0.2730644032444384,
            0.5977404277868886
        ],
        "L_Collar": [
            0.29771001676469355,
            0.8086835450759431
        ],
        "L_Shoulder": [
            0.35686783176587333,
            0.8167553810425751
        ],
        "L_Elbow": [
            0.6986879178165586,
            0.9350771321495672
        ],
        "L_Wrist": [
            0.7310333848490349,
            0.8155437282146744
        ],
        "L_Hand": [
            0.7428151429278694,
            0.7943217273015712
        ],
        "R_Collar": [
            0.19668844312304748,
            0.7446146111769373
        ],
        "R_Shoulder": [
            0.15570644904681225,
            0.6819580071433959
        ],
        "R_Elbow": [
            0.17122167161646323,
            0.7966079759465671
        ],
        "R_Wrist": [
            0.12698448638562662,
            0.8372306154188097
        ],
        "R_Hand": [
            0.12806201334839215,
            0.8562878433626311
        ]
    },
    "joints3D": {
        "Pelvis": [
            -0.3734411745372612,
            0.014683781246868822,
            -1.5726109901292902
        ],
        "L_Hip": [
            -0.2749995506879881,
            -0.12937621925528514,
            -1.863339221533102
        ],
        "L_Knee": [
            -0.5106645829186309,
            -0.7608320763016204,
            -2.7066524628077255
        ],
        "L_Ankle": [
            -0.6407404052107062,
            -0.07359413153577314,
            -3.6067033431442703
        ],
        "L_Foot": [
            -0.7852666958894993,
            -0.23006935208520557,
            -3.9221367413412818
        ],
        "R_Hip": [
            -0.6596834181958582,
            -0.06437771523715324,
            -1.7228474198476387
        ],
        "R_Knee": [
            -1.0640584620446474,
            -1.011896362380971,
            -2.108804042974553
        ],
        "R_Ankle": [
            -1.2623244136694096,
            -1.1937780139765608,
            -3.21704847877872
        ],
        "R_Foot": [
            -1.41155434441572,
            -1.542836539688709,
            -3.228814553855132
        ],
        "Spine1": [
            -0.2695049076901461,
            0.21936922771706902,
            -1.36134284257622
        ],
        "Spine2": [
            -0.15993640294046624,
            0.2641889499439639,
            -1.0032241538981281
        ],
        "Spine3": [
            -0.13210479431480038,
            0.21510155238005124,
            -0.8462977976440527
        ],
        "Neck": [
            0.05203337191280408,
            0.5446700959319446,
            -0.33904189828497416
        ],
        "Head": [
            0.06844721078575837,
            0.4166746003451919,
            -0.14076955482846612
        ],
        "L_Collar": [
            0.18981614808266284,
            0.3533959721282217,
            -0.6023076961025207
        ],
        "L_Shoulder": [
            0.431442834081555,
            0.238682702909116,
            -0.6367858306163455
        ],
        "L_Elbow": [
            0.3129727740049644,
            -0.08313451799144735,
            -1.3007000473505783
        ],
        "L_Wrist": [
            0.16693581074786162,
            -0.7711945447318219,
            -1.3069708633489803
        ],
        "L_Hand": [
            0.08043757204771351,
            -0.9758077943073037,
            -1.3983120532446942
        ],
        "R_Collar": [
            -0.23004717319914808,
            0.5062001579793054,
            -0.5475928242559157
        ],
        "R_Shoulder": [
            -0.48507058846553175,
            0.6075053884592594,
            -0.4819537508828312
        ],
        "R_Elbow": [
            -0.6181051357656951,
            0.6900878546142157,
            -1.1948813255464692
        ],
        "R_Wrist": [
            -1.1332387202191874,
            0.36029758821033675,
            -1.583315471064331
        ],
        "R_Hand": [
            -1.2076349771326087,
            0.28120554625154354,
            -1.7977684010415158
        ]
    }
}