{
    "joints3D": {
        "Pelvis": [
            0.3838787602705344,
            0.8897533528595114,
            -1.5408651064656604
        ],
        "L_Hip": [
            0.5430454992843371,
            0.7745968456990204,
            -1.8079646573383128
        ],
        "L_Knee": [
            0.5184752811254119,
            0.5043409517263433,
            -2.9509611869361883
        ],
        "L_Ankle": [
            0.7871916001348974,
            0.6337914604706583,
            -4.0718278099633265
        ],
        "L_Foot": [
            0.7361668624912027,
            0.2956954827965075,
            -4.303723683275098
        ],
        "R_Hip": [
            0.2299527296442619,
            0.9771106932954047,
            -1.8128391968149562
        ],
        "R_Knee": [
            0.08226988393524615,
            0.6242028016979954,
            -2.9158013917996
        ],
        "R_Ankle": [
            0.4472601901983191,
            0.7560877876627224,
            -3.9980802044906403
        ],
        "R_Foot": [
            0.2699397161190101,
            0.5565322637267428,
            -4.308113920360003
        ],
        "Spine1": [
            0.430258992100383,
            0.9926748915969332,
            -1.2207855068823412
        ],
        "Spine2": [
            0.3518065424804486,
            0.8421711415351767,
            -0.7970688855800665
        ],
        "Spine3": [
            0.3282301365657717,
            0.7604261637007369,
            -0.6339849420686755
        ],
        "Neck": [
            0.322193460841244,
            0.6888667952085126,
            0.007347445763968607
        ],
        "Head": [
            0.3014340323009976,
            0.4223131815871727,
            0.11343791185274242
        ],
        "L_Collar": [
            0.5425367124944996,
            0.6819051976592366,
            -0.2745805816862957
        ],
        "L_Shoulder": [
            0.8154286436409872,
            0.6227008758601912,
            -0.26901337310211154
        ],
        "L_Elbow": [
            1.2256145682101725,
            1.0995276971542733,
            -0.6340222919957154
        ],
        "L_Wrist": [
            1.4259431209431785,
            1.3757031306984517,
            -1.268924326865714
        ],
        "L_Hand": [
            1.490087357057785,
            1.5158378628310065,
            -1.4778181304239328
        ],
        "R_Collar": [
            0.14240091028252663,
            0.856651443956679,
            -0.26093509252056807
        ],
        "R_Shoulder": [
            -0.13454458500839933,
            0.9165099629424223,
            -0.16305543240219864
        ],
        "R_Elbow": [
            -0.6028714555165996,
            1.2744955995607845,
            -0.5437700579490767
        ],
        "R_Wrist": [
            -0.9589166412525796,
            0.9783183575584924,
            -1.1259993706776301
        ],
        "R_Hand": [
            -1.045859292778908,
            0.880119166071645,
            -1.3464955874860192
        ]
    },
    "joints2D": {
        "Pelvis": [
            0.2880867496168777,
            0.8139456623183555
        ],
        "L_Hip": [
            0.30058902019569467,
            0.8431822963136273
        ],
        "L_Knee": [
            0.2851895277024816,
            0.9133193707065886
        ],
        "L_Ankle": [
            0.28911510588684647,
            0.9159922358138232
        ],
        "L_Foot": [
            0.28647783568927176,
            0.9396768112168398
        ],
        "R_Hip": [
            0.26953467216299454,
            0.8267095842954137
        ],
        "R_Knee": [
            0.2544306340958051,
            0.9076523559054704
        ],
        "R_Ankle": [
            0.2718378361063703,
            0.9119924195355193
        ],
        "R_Foot": [
            0.26217166533744346,
            0.9291593059443661
        ],
        "Spine1": [
            0.29581691253028913,
            0.7649878736867177
        ],
        "Spine2": [
            0.29895048353749376,
            0.7252481326363266
        ],
        "Spine3": [
            0.30249936291739393,
            0.7053390565246999
        ],
        "Neck": [
            0.31664933378617555,
            0.49418083681916547
        ],
        "Head": [
            0.34346855998474346,
            0.4259104030819431
        ],
        "L_Collar": [
            0.34963385905877903,
            0.5995082969482223
        ],
        "L_Shoulder": [
            0.38723332765972746,
            0.5887268030268875
        ],
        "L_Elbow": [
            0.3722135613455399,
            0.6251328605463445
        ],
        "L_Wrist": [
            0.35799252717770885,
            0.6919024708533672
        ],
        "L_Hand": [
            0.3524642790187237,
            0.7032188225645513
        ],
        "R_Collar": [
            0.2735086109377604,
            0.5884161967170772
        ],
        "R_Shoulder": [
            0.22621851599474194,
            0.5516312463661592
        ],
        "R_Elbow": [
            0.18314174537179764,
            0.6154394683516266
        ],
        "R_Wrist": [
            0.1498664056105935,
            0.7292537082306219
        ],
        "R_Hand": [
            0.14550589324986604,
            0.7628467757223095
        ]
    }
}