{
    "joints2D": {
        "Pelvis": [
            0.20822838025813634,
            0.9304276920023902
        ],
        "L_Hip": [
            0.22751774492404533,
            0.9473068718653829
        ],
        "L_Knee": [
            0.7732898993066641,
            0.9552463583164473
        ],
        "L_Ankle": [
            0.7851474237072447,
            0.9449495322433229
        ],
        "L_Foot": [
            0.7809246512739884,
            0.9239580416450844
        ],
        "R_Hip": [
            0.1862867033992299,
            0.9304519628721819
        ],
        "R_Knee": [
            0.820666513454277,
            0.9207367366356153
        ],
        "R_Ankle": [
            0.813668949192212,
            0.9273691393540066
        ],
        "R_Foot": [
            0.8161218678873303,
            0.9043259793774522
        ],
        "Spine1": [
            0.21138985083833275,
            0.9009584137347252
        ],
        "Spine2": [
            0.2208067070547194,
            0.8684916884647877
        ],
        "Spine3": [
            0.2218998897163031,
            0.8709603765281275
        ],
        "Neck": [
            0.24642629936738186,
            0.7040415306661648
        ],
        "Head": [
            0.2645860210715968,
            0.6275770567531223
        ],
        "L_Collar": [
            0.28031011032765113,
            0.8071739507786571
        ],
        "L_Shoulder": [
            0.33037722008442405,
            0.8230632105323289
        ],
        "L_Elbow": [
            0.6862833181771775,
            0.9390199633018276
        ],
        "L_Wrist": [
            0.7228147924048736,
            0.8719249829596106
        ],
        "L_Hand": [
            0.7298135777601731,
            0.8559353725611796
        ],
        "R_Collar": [
            0.19408813547058004,
            0.7614436655311474
        ],
        "R_Shoulder": [
            0.14747060387399163,
            0.7290798087211157
        ],
        "R_Elbow": [
            0.14538198429585206,
            0.8096071724092752
        ],
        "R_Wrist": [
            0.1428686728654028,
            0.8739658972637655
        ],
        "R_Hand": [
            0.14431057568154848,
            0.8858535688827986
        ]
    },
    "joints3D": {
        "Pelvis": [
            -0.34971871177175984,
            0.18849016791824613,
            -1.8741398198274615
        ],
        "L_Hip": [
            -0.204726137003254,
            0.12186813124429494,
            -2.180781351952299
        ],
        "L_Knee": [
            -0.3143429071355866,
            -0.0826095581806237,
            -3.282028170602488
        ],
        "L_Ankle": [
            -0.6645131537202519,
            -0.2352628307526944,
            -4.40206803135731
        ],
        "L_Foot": [
            -0.6242069658765493,
            -0.6204137976315104,
            -4.504061712433221
        ],
        "R_Hip": [
            -0.6018717026934486,
            0.13127216829986038,
            -2.0905624668160026
        ],
        "R_Knee": [
            -1.011175863168047,
            -0.2603007981376335,
            -3.089020884731792
        ],
        "R_Ankle": [
            -1.230665499176433,
            -0.31696548660554474,
            -4.247235606268414
        ],
        "R_Foot": [
            -1.3745651045673222,
            -0.6807640858575988,
            -4.31964335651348
        ],
        "Spine1": [
            -0.29518479873248643,
            0.34828324709014186,
            -1.5993867357855736
        ],
        "Spine2": [
            -0.17992094736418915,
            0.42753099700116565,
            -1.1997351461375738
        ],
        "Spine3": [
            -0.14855650491446037,
            0.3605483990337531,
            -1.0379455222984233
        ],
        "Neck": [
            -0.009206684508489356,
            0.5481400483006325,
            -0.42969749068377416
        ],
        "Head": [
            0.04670444418722487,
            0.42673466841231744,
            -0.19082589808990646
        ],
        "L_Collar": [
            0.1533403490433601,
            0.46430241081549145,
            -0.7502468926488046
        ],
        "L_Shoulder": [
            0.4030850930036346,
            0.356457946427802,
            -0.8033023365964348
        ],
        "L_Elbow": [
            0.4375732507607243,
            -0.03613375736286834,
            -1.485142750894794
        ],
        "L_Wrist": [
            0.2876510512804298,
            -0.6452684618791158,
            -1.8877283859455432
        ],
        "L_Hand": [
            0.245463472213741,
            -0.8437897359680043,
            -2.043065003839525
        ],
        "R_Collar": [
            -0.27862690566735365,
            0.5522131704281447,
            -0.6745930564502122
        ],
        "R_Shoulder": [
            -0.564331679861889,
            0.555236304603346,
            -0.6464841236889692
        ],
        "R_Elbow": [
            -0.8831751559519465,
            0.5703153378366056,
            -1.3356532617422043
        ],
        "R_Wrist": [
            -1.124941765894997,
            0.3023564908843197,
            -2.003102115765003
        ],
        "R_Hand": [
            -1.201044539633201,
            0.24683818828194545,
            -2.2365943186575716
        ]
    }
}