{
    "joints3D": {
        "Pelvis": [
            -0.4526757753410753,
            0.20927679736187021,
            -1.52091668078836
        ],
        "L_Hip": [
            -0.32895340997877487,
            0.1334443115451755,
            -1.7940145434717465
        ],
        "L_Knee": [
            -0.4754456289729134,
            -0.43649376251719035,
            -2.6598783367931778
        ],
        "L_Ankle": [
            -0.8186019845442483,
            -0.7461006005057871,
            -3.682000603511845
        ],
        "L_Foot": [
            -0.8596752954453639,
            -1.1142657972048897,
            -3.756908106571218
        ],
        "R_Hip": [
            -0.6740808075935414,
            0.19873671122168624,
            -1.7297625734719282
        ],
        "R_Knee": [
            -0.9796916210532653,
            0.3205592830370507,
            -2.748388413552813
        ],
        "R_Ankle": [
            -1.0265976864268191,
            0.70462227713706,
            -3.8030613214825006
        ],
        "R_Foot": [
            -1.1805523320040516,
            0.5572783900685309,
            -4.120047459481087
        ],
        "Spine1": [
            -0.3815712131854399,
            0.36121226973146503,
            -1.245185997507652
        ],
        "Spine2": [
            -0.24755895989157994,
            0.45811884904814587,
            -0.8943055383310697
        ],
        "Spine3": [
            -0.19761893430496225,
            0.4108463000941303,
            -0.7434152368872337
        ],
        "Neck": [
            -0.02922885224411097,
            0.5237898000316894,
            -0.1798998185153501
        ],
        "Head": [
            0.021959362057891497,
            0.3678427518362843,
            -0.016030967857905767
        ],
        "L_Collar": [
            0.11288055611311218,
            0.5224341421723364,
            -0.4928410422210075
        ],
        "L_Shoulder": [
            0.37443406623302716,
            0.6064177334759807,
            -0.509891691800152
        ],
        "L_Elbow": [
            0.5672323779715006,
            0.9332293765186281,
            -1.1311626107195916
        ],
        "L_Wrist": [
            0.4158466309725985,
            0.2542719097854224,
            -1.2482530566299874
        ],
        "L_Hand": [
            0.35025728936245776,
            0.048702908935499944,
            -1.363444447630144
        ],
        "R_Collar": [
            -0.32413238814920675,
            0.49769955485371903,
            -0.358083724094922
        ],
        "R_Shoulder": [
            -0.5636571368018705,
            0.47426820215214655,
            -0.18970206648504334
        ],
        "R_Elbow": [
            -1.0588095928413872,
            0.32521740553027667,
            -0.6750233878710817
        ],
        "R_Wrist": [
            -0.6302545777608597,
            -0.24783688692105973,
            -0.6143224237719819
        ],
        "R_Hand": [
            -0.48248068435595687,
            -0.435419944465494,
            -0.6571147219345862
        ]
    },
    "joints2D": {
        "Pelvis": [
            0.1870310259513603,
            0.9112835569487227
        ],
        "L_Hip": [
            0.20829711652301264,
            0.937333129569968
        ],
        "L_Knee": [
            0.7886778780141397,
            0.914846589358862
        ],
        "L_Ankle": [
            0.796362533538022,
            0.9021293141389493
        ],
        "L_Foot": [
            0.7949954673879858,
            0.8786808932513084
        ],
        "R_Hip": [
            0.16903730831694935,
            0.9058271377250167
        ],
        "R_Knee": [
            0.17515375420626392,
            0.9096007851690014
        ],
        "R_Ankle": [
            0.19395741616776746,
            0.902438752714841
        ],
        "R_Foot": [
            0.18908333784692774,
            0.912989124911392
        ],
        "Spine1": [
            0.19088610396944763,
            0.8742291094237092
        ],
        "Spine2": [
            0.2030967971963829,
            0.8263412297524938
        ],
        "Spine3": [
            0.20596898923113297,
            0.8183373635203929
        ],
        "Neck": [
            0.24029511632322267,
            0.6000220319464339
        ],
        "Head": [
            0.2578975837448256,
            0.5107973107262395
        ],
        "L_Collar": [
            0.2753155706727036,
            0.7302044451696011
        ],
        "L_Shoulder": [
            0.32276288732040564,
            0.6991551558226704
        ],
        "L_Elbow": [
            0.31352277448217647,
            0.756053073833608
        ],
        "L_Wrist": [
            0.3143690801996862,
            0.8918747058863168
        ],
        "L_Hand": [
            0.30556293801847134,
            0.9404396120490669
        ],
        "R_Collar": [
            0.16831990410900094,
            0.6747519833932369
        ],
        "R_Shoulder": [
            0.11683720846628214,
            0.586001468894208
        ],
        "R_Elbow": [
            0.08044566797855464,
            0.711742298246512
        ],
        "R_Wrist": [
            0.8921327515226363,
            0.7717134887181328
        ],
        "R_Hand": [
            0.8496636811578453,
            0.7650556214187271
        ]
    }
}