{
    "joints2D": {
        "Pelvis": [
            0.2122613603222416,
            0.8842277807584157
        ],
        "L_Hip": [
            0.23328959018104475,
            0.8893454510235799
        ],
        "L_Knee": [
            0.2363106235708153,
            0.9108511117870036
        ],
        "L_Ankle": [
            0.2287419342551844,
            0.909804353851925
        ],
        "L_Foot": [
            0.2339840733697788,
            0.931234437501474
        ],
        "R_Hip": [
            0.19195152412780925,
            0.886638319880691
        ],
        "R_Knee": [
            0.19450853416548605,
            0.9066733383598965
        ],
        "R_Ankle": [
            0.20393000752381904,
            0.903491936598932
        ],
        "R_Foot": [
            0.20166628531696612,
            0.9257683795502933
        ],
        "Spine1": [
            0.21064074182590528,
            0.8575386225429859
        ],
        "Spine2": [
            0.2143570089891173,
            0.824838394803406
        ],
        "Spine3": [
            0.2153233876088315,
            0.8310271170651206
        ],
        "Neck": [
            0.22238676524755085,
            0.6085123859430361
        ],
        "Head": [
            0.23925567278020507,
            0.502200984231645
        ],
        "L_Collar": [
            0.26720814740030563,
            0.7371460282153264
        ],
        "L_Shoulder": [
            0.311727588877163,
            0.7120978622418962
        ],
        "L_Elbow": [
            0.2865375928774139,
            0.8221990467651916
        ],
        "L_Wrist": [
            0.28592059409426546,
            0.8949357813315132
        ],
        "L_Hand": [
            0.2813913636356866,
            0.9021165426915051
        ],
        "R_Collar": [
            0.16863020611546406,
            0.7148865093339194
        ],
        "R_Shoulder": [
            0.12334424797720969,
            0.6708004155126285
        ],
        "R_Elbow": [
            0.1430454502318051,
            0.7943348207741738
        ],
        "R_Wrist": [
            0.1421424848883203,
            0.8677308265186272
        ],
        "R_Hand": [
            0.14813729432492334,
            0.8810039788237591
        ]
    },
    "joints3D": {
        "Pelvis": [
            -0.34376322729883674,
            0.5197484615204626,
            -1.8281710527434243
        ],
        "L_Hip": [
            -0.16837398459123407,
            0.6064876404655622,
            -2.150026448374082
        ],
        "L_Knee": [
            -0.19850484253617867,
            0.6651432191387797,
            -3.3289058434279504
        ],
        "L_Ankle": [
            -0.43913971003067376,
            0.9097252124167879,
            -4.551769194349018
        ],
        "L_Foot": [
            -0.3208414886269414,
            0.5735402462881573,
            -4.749524345866333
        ],
        "R_Hip": [
            -0.6067721839190277,
            0.506451501763757,
            -2.0837108053708207
        ],
        "R_Knee": [
            -0.8620188428129356,
            0.5539266849500581,
            -3.2596015486996457
        ],
        "R_Ankle": [
            -0.9858183472693076,
            0.8857696297901605,
            -4.478159175915168
        ],
        "R_Foot": [
            -1.0157892985349715,
            0.5042131782178676,
            -4.632794936418402
        ],
        "Spine1": [
            -0.3131107611653595,
            0.5786806910809703,
            -1.4841890122688006
        ],
        "Spine2": [
            -0.22197293588013545,
            0.5668887450368154,
            -1.0603764602149641
        ],
        "Spine3": [
            -0.18098871010560533,
            0.46076797220636234,
            -0.9064790657202756
        ],
        "Neck": [
            -0.09645094051667943,
            0.5409140631112404,
            -0.20431165422474465
        ],
        "Head": [
            -0.023498034739206405,
            0.38836720178906736,
            -0.006156866395860253
        ],
        "L_Collar": [
            0.08588103707877756,
            0.5659827031041613,
            -0.5547447987626656
        ],
        "L_Shoulder": [
            0.3410760962659587,
            0.6512081947353404,
            -0.5806995026301094
        ],
        "L_Elbow": [
            0.3201914207024828,
            0.7438558638191861,
            -1.3726338376626204
        ],
        "L_Wrist": [
            0.3896203933120878,
            0.5011297334844896,
            -2.0780141813053428
        ],
        "L_Hand": [
            0.37698361383025275,
            0.5090454018586894,
            -2.3300073764361797
        ],
        "R_Collar": [
            -0.36173262733843015,
            0.5140208015827848,
            -0.49189695202267275
        ],
        "R_Shoulder": [
            -0.6399234282821789,
            0.5144377510552639,
            -0.44309943514508643
        ],
        "R_Elbow": [
            -0.8503359539461923,
            0.5821461853457709,
            -1.196042109058962
        ],
        "R_Wrist": [
            -1.0841423746106917,
            0.3252905117371066,
            -1.8855542839778001
        ],
        "R_Hand": [
            -1.1181705159616102,
            0.3064771415092586,
            -2.134571159518243
        ]
    }
}