{
    "joints2D": {
        "Pelvis": [
            0.730735626725748,
            0.9172693047942688
        ],
        "L_Hip": [
            0.7017127087233328,
            0.9099601701736743
        ],
        "L_Knee": [
            0.698953750294236,
            0.9033379634894716
        ],
        "L_Ankle": [
            0.7117556841966187,
            0.9168464705110896
        ],
        "L_Foot": [
            0.7039063956914425,
            0.8940060639671645
        ],
        "R_Hip": [
            0.7464477298233867,
            0.89011240081634
        ],
        "R_Knee": [
            0.7333650508002089,
            0.8167302200612782
        ],
        "R_Ankle": [
            0.7166779928684228,
            0.7932785565822279
        ],
        "R_Foot": [
            0.7225413096489101,
            0.7679552192319659
        ],
        "Spine1": [
            0.748306337206583,
            0.956499254849409
        ],
        "Spine2": [
            0.2328536222917876,
            0.9262769027250602
        ],
        "Spine3": [
            0.2319985554149362,
            0.9309376786842931
        ],
        "Neck": [
            0.16570796810719862,
            0.6320439591458186
        ],
        "Head": [
            0.13802945476604855,
            0.4836955204540545
        ],
        "L_Collar": [
            0.25481283252029685,
            0.7720273752218033
        ],
        "L_Shoulder": [
            0.30492526849018187,
            0.7283351149907193
        ],
        "L_Elbow": [
            0.30942681621933416,
            0.852291286488181
        ],
        "L_Wrist": [
            0.35395762983067625,
            0.8978769504097999
        ],
        "L_Hand": [
            0.361520171939599,
            0.9037300886461159
        ],
        "R_Collar": [
            0.13441704930659804,
            0.8034159878722756
        ],
        "R_Shoulder": [
            0.08788639632819685,
            0.8038950330398432
        ],
        "R_Elbow": [
            0.8283663671254585,
            0.8927053579294322
        ],
        "R_Wrist": [
            0.7937975929326315,
            0.8147418559871429
        ],
        "R_Hand": [
            0.7894920230614031,
            0.7977698329341615
        ]
    },
    "joints3D": {
        "Pelvis": [
            0.15857883694457198,
            -0.27561137314184797,
            -1.6147209233774857
        ],
        "L_Hip": [
            0.4469380312933573,
            -0.3066487226653626,
            -1.8575650147744576
        ],
        "L_Knee": [
            0.7672364372773604,
            -0.5525846060629703,
            -2.9724338191893054
        ],
        "L_Ankle": [
            0.801121476922859,
            -0.6515281011369167,
            -4.2436371413100336
        ],
        "L_Foot": [
            1.0270134297354163,
            -0.989256776596345,
            -4.29315667303854
        ],
        "R_Hip": [
            0.04653071827282247,
            -0.5257929696819958,
            -1.8610038252753385
        ],
        "R_Knee": [
            0.2868794634568742,
            -1.492634646455,
            -2.546536849679537
        ],
        "R_Ankle": [
            0.7928007939778945,
            -2.3099851622655936,
            -3.383233378544234
        ],
        "R_Foot": [
            0.6985971191639557,
            -2.7004902078453115,
            -3.2808511142516457
        ],
        "Spine1": [
            0.018544526126160477,
            -0.03920424064771421,
            -1.3949795287750753
        ],
        "Spine2": [
            -0.07428295107090375,
            0.14038491829330135,
            -1.0092349858570568
        ],
        "Spine3": [
            -0.06307863149442776,
            0.0993373276331109,
            -0.8218104012085787
        ],
        "Neck": [
            -0.2696792392577534,
            0.42337148726244667,
            -0.21910573068773384
        ],
        "Head": [
            -0.2670730295922508,
            0.30950233678862954,
            0.016403056425423602
        ],
        "L_Collar": [
            0.021926039459579567,
            0.3979103361591779,
            -0.48805291200296474
        ],
        "L_Shoulder": [
            0.25451226853035686,
            0.5335907717889753,
            -0.5224018814492905
        ],
        "L_Elbow": [
            0.44481034470013525,
            0.4844783655005605,
            -1.298924097852763
        ],
        "L_Wrist": [
            0.9174616790119999,
            0.1052561273540388,
            -1.7448859693249459
        ],
        "L_Hand": [
            1.0697885995293508,
            0.01439495157761292,
            -1.9260154253626278
        ],
        "R_Collar": [
            -0.39483291037768137,
            0.21514589704961867,
            -0.5290974890597151
        ],
        "R_Shoulder": [
            -0.6301396080306936,
            0.07400121011092912,
            -0.6009416299438807
        ],
        "R_Elbow": [
            -0.5139732041673475,
            -0.22781494142416345,
            -1.319587344585883
        ],
        "R_Wrist": [
            -0.43738375248539973,
            -0.9315466009754277,
            -1.6358992073231988
        ],
        "R_Hand": [
            -0.4461390961238069,
            -1.153210922266086,
            -1.7577681745400824
        ]
    }
}