{
    "joints2D": {
        "Pelvis": [
            0.25825267722650014,
            0.8788285729687003
        ],
        "L_Hip": [
            0.2792975978906161,
            0.8847878085781677
        ],
        "L_Knee": [
            0.2783625266165608,
            0.9226738220819424
        ],
        "L_Ankle": [
            0.2583930087744228,
            0.9170905114978847
        ],
        "L_Foot": [
            0.2662865144886702,
            0.9383058555800098
        ],
        "R_Hip": [
            0.23655663572375335,
            0.88745402831808
        ],
        "R_Knee": [
            0.2380214512739776,
            0.8909311837768045
        ],
        "R_Ankle": [
            0.2480711597431489,
            0.8973762904421991
        ],
        "R_Foot": [
            0.23924730962132254,
            0.9188993188561925
        ],
        "Spine1": [
            0.25816546426999754,
            0.8479519923670863
        ],
        "Spine2": [
            0.2601094332705761,
            0.8175984557753757
        ],
        "Spine3": [
            0.2610670185341958,
            0.8218421645733958
        ],
        "Neck": [
            0.2551164844049348,
            0.5970804840057281
        ],
        "Head": [
            0.25842261693490653,
            0.5010453521264683
        ],
        "L_Collar": [
            0.31229747805057445,
            0.705020058289841
        ],
        "L_Shoulder": [
            0.35979110305236894,
            0.6796011154147845
        ],
        "L_Elbow": [
            0.3358887335692675,
            0.7715725005337855
        ],
        "L_Wrist": [
            0.3245792117591703,
            0.8777704799139907
        ],
        "L_Hand": [
            0.32225642805096627,
            0.9035708172145217
        ],
        "R_Collar": [
            0.2080416285600315,
            0.7085541328022613
        ],
        "R_Shoulder": [
            0.16034149368247777,
            0.6920879494798184
        ],
        "R_Elbow": [
            0.18561001816016984,
            0.7899401573734834
        ],
        "R_Wrist": [
            0.1895971526860655,
            0.8818185474765726
        ],
        "R_Hand": [
            0.1879320955924451,
            0.9010269144966728
        ]
    },
    "joints3D": {
        "Pelvis": [
            0.08179600583153687,
            0.5294236371218871,
            -1.6235420429855971
        ],
        "L_Hip": [
            0.2982450014615207,
            0.543719908676896,
            -1.8849553476514258
        ],
        "L_Knee": [
            0.41269534588470136,
            0.4208645998292595,
            -2.953394250704238
        ],
        "L_Ankle": [
            0.18741720946843107,
            0.7130472370832603,
            -4.0341268671659085
        ],
        "L_Foot": [
            0.3328973296968412,
            0.3838901276872381,
            -4.160207219130628
        ],
        "R_Hip": [
            -0.11709772823221498,
            0.5500917407070368,
            -1.8903367680233034
        ],
        "R_Knee": [
            -0.15958152779367843,
            0.8218193021583375,
            -2.9576228874553605
        ],
        "R_Ankle": [
            -0.011600149705101636,
            1.0357928362611857,
            -4.0701486660151005
        ],
        "R_Foot": [
            -0.18383875493556592,
            0.7010469659177767,
            -4.125480869031331
        ],
        "Spine1": [
            0.0716218295821285,
            0.5968780556012534,
            -1.3185195881958343
        ],
        "Spine2": [
            0.06754575546369776,
            0.5522848864160044,
            -0.9433088877765204
        ],
        "Spine3": [
            0.061765299270747524,
            0.4563424107215717,
            -0.8066545632427177
        ],
        "Neck": [
            0.023360602044976177,
            0.5409722823346779,
            -0.18002112910307566
        ],
        "Head": [
            0.024061853397648804,
            0.3815744645512367,
            -0.004628140650818641
        ],
        "L_Collar": [
            0.2668266218921354,
            0.5117604067975386,
            -0.43538496497247015
        ],
        "L_Shoulder": [
            0.5368644436224443,
            0.5191829172447605,
            -0.4403081463603287
        ],
        "L_Elbow": [
            0.717092207911021,
            0.7561176896753756,
            -1.1272030929797552
        ],
        "L_Wrist": [
            0.6940683221331587,
            0.40681182008767536,
            -1.738819170628597
        ],
        "L_Hand": [
            0.701831271433045,
            0.270157539640748,
            -1.9367336194592917
        ],
        "R_Collar": [
            -0.18002052290853746,
            0.562888264931051,
            -0.46839302909888425
        ],
        "R_Shoulder": [
            -0.4576375949502142,
            0.6016721947045033,
            -0.50481562173331
        ],
        "R_Elbow": [
            -0.5212146168156218,
            0.7844423609298133,
            -1.2100133228931884
        ],
        "R_Wrist": [
            -0.5734069525582488,
            0.48061210342750876,
            -1.8672093221748753
        ],
        "R_Hand": [
            -0.6242590031985898,
            0.3715450971552903,
            -2.0758054918983926
        ]
    }
}