{
    "joints3D": {
        "Pelvis": [
            0.02150414765139361,
            1.9806030119801779,
            -0.7535745696298229
        ],
        "L_Hip": [
            0.2086531670322275,
            2.2405519852551197,
            -0.8782513678090592
        ],
        "L_Knee": [
            0.9837991062679186,
            1.5992896968920307,
            -1.4956242274638702
        ],
        "L_Ankle": [
            0.9133803659553221,
            2.3214432419196553,
            -2.519564330423858
        ],
        "L_Foot": [
            1.1566852082828618,
            2.109355844065111,
            -2.7785846377060883
        ],
        "R_Hip": [
            -0.19157129101827608,
            2.206457222822858,
            -0.8897572509884049
        ],
        "R_Knee": [
            -0.8767550582038492,
            1.4397923553077485,
            -1.5144792403521914
        ],
        "R_Ankle": [
            -0.7291712813892759,
            2.1444510425228294,
            -2.542840064530103
        ],
        "R_Foot": [
            -0.9292604849197608,
            1.8348677913964182,
            -2.7417188221451254
        ],
        "Spine1": [
            0.027077381771060317,
            1.7404775125923186,
            -0.4985855051493185
        ],
        "Spine2": [
            0.04877716466985423,
            1.3301670189473214,
            -0.535755431018523
        ],
        "Spine3": [
            0.05862792206605177,
            1.153935442875738,
            -0.5537720986756804
        ],
        "Neck": [
            0.04777852615354101,
            0.6029042469639125,
            -0.25538681904152005
        ],
        "Head": [
            0.09455793047260033,
            0.39551000971914735,
            -0.12820776866282158
        ],
        "L_Collar": [
            0.2868252213756179,
            0.8477575320923609,
            -0.34279285706220475
        ],
        "L_Shoulder": [
            0.5451101682103542,
            0.78358599950899,
            -0.4354631965737121
        ],
        "L_Elbow": [
            0.8125341728618836,
            1.4744103612475055,
            -0.7320346102743632
        ],
        "L_Wrist": [
            0.6192056021495961,
            1.1689845587007406,
            -1.413609674209348
        ],
        "L_Hand": [
            0.6046116091230425,
            1.096964373504942,
            -1.6667888044681853
        ],
        "R_Collar": [
            -0.18472033743853072,
            0.857125954248063,
            -0.34684297642520645
        ],
        "R_Shoulder": [
            -0.45452804557472015,
            0.7642367639254459,
            -0.45414603958323846
        ],
        "R_Elbow": [
            -0.6903126744227335,
            1.4612684514984775,
            -0.704066497556274
        ],
        "R_Wrist": [
            -0.41563324948149694,
            1.1066049309421908,
            -1.35939801488688
        ],
        "R_Hand": [
            -0.40645737259524173,
            0.9657876953746607,
            -1.5817362761229854
        ]
    },
    "joints2D": {
        "Pelvis": [
            0.2502537520460222,
            0.6102933264340923
        ],
        "L_Hip": [
            0.2624013019164259,
            0.6131182497986273
        ],
        "L_Knee": [
            0.32040715751866383,
            0.7154872157603982
        ],
        "L_Ankle": [
            0.29394125245913055,
            0.7472028778092041
        ],
        "L_Foot": [
            0.3056543716546463,
            0.7711957387898931
        ],
        "R_Hip": [
            0.2358415924315428,
            0.6161797192965225
        ],
        "R_Knee": [
            0.1801216388714267,
            0.7340000589091101
        ],
        "R_Ankle": [
            0.21064115031156275,
            0.7623185929917472
        ],
        "R_Foot": [
            0.19881417976567187,
            0.7913055818818163
        ],
        "Spine1": [
            0.25099590709031144,
            0.5839948918634992
        ],
        "Spine2": [
            0.25405758780514515,
            0.6162646486660024
        ],
        "Spine3": [
            0.25600031073376,
            0.6363021156778419
        ],
        "Neck": [
            0.2602722078250553,
            0.6216221260797973
        ],
        "Head": [
            0.28396770750584055,
            0.5930782611837252
        ],
        "L_Collar": [
            0.29705154333267375,
            0.612995474203725
        ],
        "L_Shoulder": [
            0.336988072564108,
            0.6384348686900868
        ],
        "L_Elbow": [
            0.322378895814663,
            0.6301470981776757
        ],
        "L_Wrist": [
            0.30594442510455894,
            0.7589218625489594
        ],
        "L_Hand": [
            0.302119611184963,
            0.7921398088322583
        ],
        "R_Collar": [
            0.21722903987697073,
            0.6152460496075419
        ],
        "R_Shoulder": [
            0.17175359195971246,
            0.6509287936280919
        ],
        "R_Elbow": [
            0.1840118526535782,
            0.6291168727308686
        ],
        "R_Wrist": [
            0.20746327356997912,
            0.7666418737024234
        ],
        "R_Hand": [
            0.20887883271050042,
            0.8067553753746819
        ]
    }
}