{
    "joints3D": {
        "Pelvis": [
            -0.21375411599171226,
            0.147722460139241,
            -1.55350999535908
        ],
        "L_Hip": [
            -0.027394761854546326,
            0.09173571598013139,
            -1.7922484474962073
        ],
        "L_Knee": [
            0.05580475293240073,
            -0.5632457435147453,
            -2.5991875363361605
        ],
        "L_Ankle": [
            -0.1368348169836783,
            -1.1118973563237013,
            -3.5531046385593377
        ],
        "L_Foot": [
            -0.08175313311328704,
            -1.483768193741365,
            -3.5342053454631026
        ],
        "R_Hip": [
            -0.3825963659794713,
            0.07468200727131707,
            -1.7946512585512537
        ],
        "R_Knee": [
            -0.4896558973309177,
            -0.0774882210288329,
            -2.8443547446812656
        ],
        "R_Ankle": [
            -0.39974154497492015,
            0.22862708618455238,
            -3.9167159422057014
        ],
        "R_Foot": [
            -0.46382874025608634,
            -0.06768983127626899,
            -4.146482065328053
        ],
        "Spine1": [
            -0.23268438462597413,
            0.3241678925267483,
            -1.2855044711346757
        ],
        "Spine2": [
            -0.19277552529021993,
            0.38382135108857324,
            -0.9059136071343479
        ],
        "Spine3": [
            -0.17316866581219123,
            0.3533921197587956,
            -0.7447861747491743
        ],
        "Neck": [
            -0.13596437056640062,
            0.5168241083152362,
            -0.1723853902848226
        ],
        "Head": [
            -0.07111434301651538,
            0.3801301723729299,
            0.0021522686812702196
        ],
        "L_Collar": [
            0.06983250149221958,
            0.5002615795877028,
            -0.4454042596111703
        ],
        "L_Shoulder": [
            0.3121840771702194,
            0.591271010656482,
            -0.5355130142847709
        ],
        "L_Elbow": [
            0.3955502246452838,
            0.7393736070518666,
            -1.2403174039770857
        ],
        "L_Wrist": [
            0.6211591045061491,
            0.5862887603821855,
            -1.8877887766799228
        ],
        "L_Hand": [
            0.7005624110373303,
            0.5573841696872731,
            -2.1162652994822695
        ],
        "R_Collar": [
            -0.38283780817061186,
            0.46099382243372705,
            -0.40554045198861804
        ],
        "R_Shoulder": [
            -0.6745325411346935,
            0.47341624584186603,
            -0.4237070682380225
        ],
        "R_Elbow": [
            -0.9236733662526999,
            0.6622257888948727,
            -1.05703796866042
        ],
        "R_Wrist": [
            -1.165535297803278,
            0.47846171961483086,
            -1.7045436967738543
        ],
        "R_Hand": [
            -1.2188435227728187,
            0.4413503609239222,
            -1.937259772675576
        ]
    },
    "joints2D": {
        "Pelvis": [
            0.2185270775330312,
            0.935007535228605
        ],
        "L_Hip": [
            0.24517826717521748,
            0.950407408917224
        ],
        "L_Knee": [
            0.7469600141793424,
            0.9070325837325782
        ],
        "L_Ankle": [
            0.758772228434059,
            0.8822878039533696
        ],
        "L_Foot": [
            0.7555086118422888,
            0.8560861290941671
        ],
        "R_Hip": [
            0.20110934060609598,
            0.9432005845871723
        ],
        "R_Knee": [
            0.790344234872147,
            0.9502076283216192
        ],
        "R_Ankle": [
            0.22572723552160767,
            0.9463122369674848
        ],
        "R_Foot": [
            0.7770598021043387,
            0.9568021154176797
        ],
        "Spine1": [
            0.2128653757587923,
            0.8925830173081519
        ],
        "Spine2": [
            0.21115796926599217,
            0.8495748744310297
        ],
        "Spine3": [
            0.20914628612859804,
            0.8370131644885805
        ],
        "Neck": [
            0.2099724005887827,
            0.5953370333749987
        ],
        "Head": [
            0.21989966664694863,
            0.4955428829512226
        ],
        "L_Collar": [
            0.2662995905397337,
            0.7225380619371505
        ],
        "L_Shoulder": [
            0.31190077272540223,
            0.7143101323284915
        ],
        "L_Elbow": [
            0.2979620913588943,
            0.8065906393637333
        ],
        "L_Wrist": [
            0.3095524000324696,
            0.8675171652676505
        ],
        "L_Hand": [
            0.3116886555071245,
            0.8781906316800222
        ],
        "R_Collar": [
            0.15499734750352206,
            0.6956768726588263
        ],
        "R_Shoulder": [
            0.11362427550140997,
            0.6669042828657054
        ],
        "R_Elbow": [
            0.1346288074656702,
            0.7582309969665894
        ],
        "R_Wrist": [
            0.13407250521673003,
            0.8323861868951701
        ],
        "R_Hand": [
            0.13786908165457665,
            0.8494107809245186
        ]
    }
}