{
    "joints3D": {
        "Pelvis": [
            0.10057506105892124,
            1.042717529970753,
            -1.9986489469810411
        ],
        "L_Hip": [
            0.3367900252163798,
            1.0735056981478792,
            -2.308928885636546
        ],
        "L_Knee": [
            0.7751704807218867,
            1.6222835167285605,
            -3.4315258234740793
        ],
        "L_Ankle": [
            0.9784145702762835,
            2.2769968386178583,
            -4.673832989986731
        ],
        "L_Foot": [
            0.9673691953783616,
            1.9548389428753812,
            -5.026868847132838
        ],
        "R_Hip": [
            -0.05281762702554891,
            1.293581118941038,
            -2.2475058744992022
        ],
        "R_Knee": [
            0.004503814616343095,
            2.1291678964149403,
            -3.3113612754144706
        ],
        "R_Ankle": [
            0.14646185548012064,
            2.819530745302058,
            -4.545234140930588
        ],
        "R_Foot": [
            -0.22168124487815358,
            2.68029508557882,
            -4.825420117084732
        ],
        "Spine1": [
            0.10889726571666135,
            0.9679704766802438,
            -1.597393218159952
        ],
        "Spine2": [
            0.13227569987288992,
            0.8324444690676858,
            -1.1264095642951422
        ],
        "Spine3": [
            0.11458374500018717,
            0.7311270546292202,
            -0.9436123721616297
        ],
        "Neck": [
            0.21571643436877538,
            0.6451280212160286,
            -0.19781420022337717
        ],
        "Head": [
            0.20130640172381212,
            0.42458070621114574,
            -0.004898199121146818
        ],
        "L_Collar": [
            0.44291377613567695,
            0.5825561315017891,
            -0.5631449873330718
        ],
        "L_Shoulder": [
            0.6466635459920851,
            0.4236687847876545,
            -0.32981324807445367
        ],
        "L_Elbow": [
            1.03858350638521,
            -0.284868809071752,
            0.10867559815792739
        ],
        "L_Wrist": [
            1.222922637096672,
            -0.8534594677286906,
            0.7711517035609108
        ],
        "L_Hand": [
            1.2679655052323628,
            -0.8531287781633685,
            1.0772486313250755
        ],
        "R_Collar": [
            -0.05621669582979424,
            0.8595474282846537,
            -0.46447409946472507
        ],
        "R_Shoulder": [
            -0.23234929126549148,
            0.8598960966962272,
            -0.13734983783394625
        ],
        "R_Elbow": [
            -0.891633608558284,
            0.6937066112756297,
            0.44778634648408944
        ],
        "R_Wrist": [
            -1.2432879226761453,
            0.4046263837254124,
            1.2338654921690588
        ],
        "R_Hand": [
            -1.201999603264386,
            0.3698142366424677,
            1.5359408146391293
        ]
    },
    "joints2D": {
        "Pelvis": [
            0.25706351650788,
            0.8320185817631931
        ],
        "L_Hip": [
            0.27384867497036525,
            0.8429105774808522
        ],
        "L_Knee": [
            0.2870950911609416,
            0.8377371686698354
        ],
        "L_Ankle": [
            0.2840219135528857,
            0.8353050861445332
        ],
        "L_Foot": [
            0.283421150098016,
            0.8587448589822834
        ],
        "R_Hip": [
            0.24484686295059688,
            0.8202062162477466
        ],
        "R_Knee": [
            0.24885112123868663,
            0.805811971694911
        ],
        "R_Ankle": [
            0.25368766424084915,
            0.8104957275381137
        ],
        "R_Foot": [
            0.2411253301211741,
            0.8244887578014221
        ],
        "Spine1": [
            0.25941054696590066,
            0.8132265400628739
        ],
        "Spine2": [
            0.26556222263641854,
            0.7854668211434822
        ],
        "Spine3": [
            0.26572368486801723,
            0.7786339575243864
        ],
        "Neck": [
            0.2974387741355393,
            0.5867781771462137
        ],
        "Head": [
            0.3174663094844281,
            0.5006319167830874
        ],
        "L_Collar": [
            0.33372796415670275,
            0.7136503468063999
        ],
        "L_Shoulder": [
            0.3917132278515509,
            0.6432225370911235
        ],
        "L_Elbow": [
            0.5547269498110183,
            0.4561321909107594
        ],
        "L_Wrist": [
            0.6161227030773596,
            0.3267281306063323
        ],
        "L_Hand": [
            0.6229268903636747,
            0.2790542958673937
        ],
        "R_Collar": [
            0.23932855384965948,
            0.6511703937149607
        ],
        "R_Shoulder": [
            0.2079501576606174,
            0.5453905445393584
        ],
        "R_Elbow": [
            0.11557118511715977,
            0.36362460849341516
        ],
        "R_Wrist": [
            0.10450529933947716,
            0.21119530821564303
        ],
        "R_Hand": [
            0.12018645053794297,
            0.1689978866886264
        ]
    }
}