{
    "joints2D": {
        "Pelvis": [
            0.26292876928598774,
            0.9617933136927799
        ],
        "L_Hip": [
            0.7111986384745528,
            0.9196655290091414
        ],
        "L_Knee": [
            0.7097534562673695,
            0.8013592398299866
        ],
        "L_Ankle": [
            0.7215518040581175,
            0.766648500741753
        ],
        "L_Foot": [
            0.7186519318127451,
            0.732954192096717
        ],
        "R_Hip": [
            0.7681199612440938,
            0.9402618998165702
        ],
        "R_Knee": [
            0.7841778229852424,
            0.8229795018602281
        ],
        "R_Ankle": [
            0.7756589246449107,
            0.781105314855621
        ],
        "R_Foot": [
            0.78391791222805,
            0.7494265602158606
        ],
        "Spine1": [
            0.2660481257415886,
            0.9017190120023327
        ],
        "Spine2": [
            0.2672404356380069,
            0.8372616883350913
        ],
        "Spine3": [
            0.2628306746740097,
            0.8261808283717013
        ],
        "Neck": [
            0.26797346475978523,
            0.5357041136758506
        ],
        "Head": [
            0.27273887916889517,
            0.44166060081725833
        ],
        "L_Collar": [
            0.32978503563720324,
            0.6707670169778241
        ],
        "L_Shoulder": [
            0.40034336972099466,
            0.6048545547761964
        ],
        "L_Elbow": [
            0.628835135604094,
            0.6916281629375346
        ],
        "L_Wrist": [
            0.7360270354176244,
            0.6101782664395771
        ],
        "L_Hand": [
            0.7493722848219959,
            0.5989573896112358
        ],
        "R_Collar": [
            0.22189535111473774,
            0.6622636618834978
        ],
        "R_Shoulder": [
            0.17365449438970523,
            0.6113507033297756
        ],
        "R_Elbow": [
            0.13098449011932112,
            0.7979553139195076
        ],
        "R_Wrist": [
            0.8853585587976546,
            0.7580044773548289
        ],
        "R_Hand": [
            0.8611429119269316,
            0.7039866682342989
        ]
    },
    "joints3D": {
        "Pelvis": [
            0.08719093597615099,
            0.006839142763169489,
            -1.4173656178663088
        ],
        "L_Hip": [
            0.3024004361258796,
            -0.22581295410750787,
            -1.5902464823443712
        ],
        "L_Knee": [
            0.548329472031094,
            -1.2697055771893906,
            -2.0037642022050224
        ],
        "L_Ankle": [
            0.6008670763181321,
            -2.2516810094329553,
            -2.7150280917893475
        ],
        "L_Foot": [
            0.6926518841829947,
            -2.579712895827211,
            -2.49548330572451
        ],
        "R_Hip": [
            -0.12552916464287184,
            -0.14155634109118548,
            -1.6587894292214698
        ],
        "R_Knee": [
            -0.43112902237663997,
            -1.1651555994114882,
            -2.139261378221783
        ],
        "R_Ankle": [
            -0.4871799568377277,
            -2.151591791974458,
            -2.845091167204838
        ],
        "R_Foot": [
            -0.6760910901131267,
            -2.4276602202169397,
            -2.617880541619608
        ],
        "Spine1": [
            0.10706717330948512,
            0.28937412670860474,
            -1.2438187738577542
        ],
        "Spine2": [
            0.0948971810190989,
            0.42858467508356013,
            -0.8673269670472018
        ],
        "Spine3": [
            0.06036681705742211,
            0.38156670296054146,
            -0.6996271927958034
        ],
        "Neck": [
            0.08113014273311209,
            0.6454974504458942,
            -0.08062063723452663
        ],
        "Head": [
            0.07175075531036769,
            0.45406642754696075,
            0.08280752537937187
        ],
        "L_Collar": [
            0.30214527047771167,
            0.46117508199794166,
            -0.3229916386094559
        ],
        "L_Shoulder": [
            0.4811965894546957,
            0.2963410719229195,
            -0.17060826906881923
        ],
        "L_Elbow": [
            0.5611645477735621,
            -0.44614312654351995,
            -0.4450565875459043
        ],
        "L_Wrist": [
            0.10774767750963044,
            -1.0402695847981773,
            -0.396703446878446
        ],
        "L_Hand": [
            0.016924505268447243,
            -1.2765414489735274,
            -0.43314186046795383
        ],
        "R_Collar": [
            -0.12735220981290105,
            0.6620878561003458,
            -0.39278281685505306
        ],
        "R_Shoulder": [
            -0.40603484432411807,
            0.7364734216261584,
            -0.30882511919750766
        ],
        "R_Elbow": [
            -0.7232314677183046,
            0.3832193292444526,
            -0.9241112099106906
        ],
        "R_Wrist": [
            -0.6895521791176537,
            -0.3447049889581851,
            -0.6708265533166156
        ],
        "R_Hand": [
            -0.6150970825925973,
            -0.5717223427294794,
            -0.5790589407864716
        ]
    }
}