{
    "joints3D": {
        "Pelvis": [
            0.1539237698443643,
            -0.41751247523440077,
            -1.561348411045545
        ],
        "L_Hip": [
            0.3786531941781931,
            -0.6270147833462717,
            -1.6826859281177904
        ],
        "L_Knee": [
            0.8177934171858665,
            -1.6548904241348892,
            -2.029696070547775
        ],
        "L_Ankle": [
            1.0312470298952818,
            -2.5745002692707195,
            -2.696051112575968
        ],
        "L_Foot": [
            1.146084008789625,
            -2.8822864043893524,
            -2.448069253045047
        ],
        "R_Hip": [
            0.029258383409308503,
            -0.5912461741448466,
            -1.8038027663062455
        ],
        "R_Knee": [
            -0.15484774468006465,
            -1.5815413734736312,
            -2.3852966924621244
        ],
        "R_Ankle": [
            -0.0547255686759886,
            -2.439968420359115,
            -3.137067279976117
        ],
        "R_Foot": [
            -0.2550879977973891,
            -2.7355416037983176,
            -2.940525360240352
        ],
        "Spine1": [
            0.11829533296860673,
            -0.11772520445208672,
            -1.409054445672508
        ],
        "Spine2": [
            0.048625265585330264,
            0.09966988862045824,
            -1.0157691038253236
        ],
        "Spine3": [
            0.00416871701654227,
            0.15012006474338507,
            -0.8452971997807402
        ],
        "Neck": [
            -0.07908160943234398,
            0.5179549014083633,
            -0.32460077806988635
        ],
        "Head": [
            -0.07381041086818772,
            0.432121248429096,
            -0.05124258260058377
        ],
        "L_Collar": [
            0.17222219511269465,
            0.34225076660679915,
            -0.5065404575405418
        ],
        "L_Shoulder": [
            0.4000346529900987,
            0.23170589761004623,
            -0.39119001025281314
        ],
        "L_Elbow": [
            0.6504774894518836,
            -0.4205764937300762,
            -0.5827854093308051
        ],
        "L_Wrist": [
            0.40618849877931745,
            -1.0881611175623707,
            -0.6841941626026093
        ],
        "L_Hand": [
            0.3493351450013401,
            -1.326128368639376,
            -0.7680119472640976
        ],
        "R_Collar": [
            -0.2224373099707283,
            0.45459919612982286,
            -0.6515558947941718
        ],
        "R_Shoulder": [
            -0.5144453520189836,
            0.48680147161855153,
            -0.7052800746608745
        ],
        "R_Elbow": [
            -0.8032462969616315,
            0.07268669108941198,
            -1.1888683882049258
        ],
        "R_Wrist": [
            -0.6949078690422751,
            -0.6579328289507165,
            -1.1271417918766924
        ],
        "R_Hand": [
            -0.6007646773908527,
            -0.8932589383125117,
            -1.0941499509894754
        ]
    },
    "joints2D": {
        "Pelvis": [
            0.7318784596885386,
            0.8924838891654323
        ],
        "L_Hip": [
            0.7104578896488958,
            0.8607984156057814
        ],
        "L_Knee": [
            0.6979411435596478,
            0.762438559580103
        ],
        "L_Ankle": [
            0.7046597730000661,
            0.7414582110924886
        ],
        "L_Foot": [
            0.7017257575433364,
            0.7093174487085648
        ],
        "R_Hip": [
            0.748264944968897,
            0.8787470226852026
        ],
        "R_Knee": [
            0.7612267189275497,
            0.8012994780213986
        ],
        "R_Ankle": [
            0.7538164527273314,
            0.7790576359504912
        ],
        "R_Foot": [
            0.7624038411031981,
            0.7519283041946402
        ],
        "Spine1": [
            0.7327557915575015,
            0.9404531727275195
        ],
        "Spine2": [
            0.259180999039907,
            0.9376255498845372
        ],
        "Spine3": [
            0.24967692131661517,
            0.9172699190787057
        ],
        "Neck": [
            0.2275532048483804,
            0.6704003172165308
        ],
        "Head": [
            0.22246817676451205,
            0.5336237870288467
        ],
        "L_Collar": [
            0.2984099371366255,
            0.7900419247351379
        ],
        "L_Shoulder": [
            0.37742444183889406,
            0.7491541728162098
        ],
        "L_Elbow": [
            0.6231605510473046,
            0.726996962814051
        ],
        "L_Wrist": [
            0.7012346439747118,
            0.6661430450042802
        ],
        "L_Hand": [
            0.7148735996698548,
            0.6577072897645493
        ],
        "R_Collar": [
            0.19938129929023893,
            0.7858641121950898
        ],
        "R_Shoulder": [
            0.15230892276744804,
            0.7614168223944545
        ],
        "R_Elbow": [
            0.1217502956594347,
            0.8729001734393613
        ],
        "R_Wrist": [
            0.8407579890158401,
            0.7872942324042984
        ],
        "R_Hand": [
            0.8220518917834967,
            0.754784289447943
        ]
    }
}