{
    "joints2D": {
        "Pelvis": [
            0.24471151046904804,
            0.9602330952291085
        ],
        "L_Hip": [
            0.26985620895736484,
            0.9582350457264227
        ],
        "L_Knee": [
            0.7196350677856811,
            0.9390523689751804
        ],
        "L_Ankle": [
            0.7273499706925823,
            0.955299795439021
        ],
        "L_Foot": [
            0.7228537659578288,
            0.9357932027996548
        ],
        "R_Hip": [
            0.7789876452146818,
            0.9547457056163432
        ],
        "R_Knee": [
            0.7820313091879196,
            0.9302988050645812
        ],
        "R_Ankle": [
            0.779340964400544,
            0.9517962206462885
        ],
        "R_Foot": [
            0.7793358170390685,
            0.930366010333068
        ],
        "Spine1": [
            0.24143433000847841,
            0.9346245265368102
        ],
        "Spine2": [
            0.24275462028860292,
            0.9088994838764909
        ],
        "Spine3": [
            0.24273024712150407,
            0.9216031956805035
        ],
        "Neck": [
            0.2293453805808164,
            0.6522711492169679
        ],
        "Head": [
            0.23401227597873564,
            0.5109942446003588
        ],
        "L_Collar": [
            0.2988015881971867,
            0.7951596803873026
        ],
        "L_Shoulder": [
            0.37174825604235096,
            0.7572263371397164
        ],
        "L_Elbow": [
            0.6507838836770553,
            0.7129937107172598
        ],
        "L_Wrist": [
            0.5748222333460411,
            0.5226725121250847
        ],
        "L_Hand": [
            0.3856057202727786,
            0.3105071443450238
        ],
        "R_Collar": [
            0.1766148592120094,
            0.7937761236910382
        ],
        "R_Shoulder": [
            0.10477086954637387,
            0.7560118352734634
        ],
        "R_Elbow": [
            0.8515588281436487,
            0.7144363289261068
        ],
        "R_Wrist": [
            0.8677188851696105,
            0.520154474608196
        ],
        "R_Hand": [
            0.10272505663062041,
            0.14388820043638578
        ]
    },
    "joints3D": {
        "Pelvis": [
            -0.03480227046806282,
            0.028343611349639558,
            -2.0499456896029975
        ],
        "L_Hip": [
            0.22013393900123018,
            0.034260072457619827,
            -2.39150911878661
        ],
        "L_Knee": [
            0.5246036347053017,
            -0.28518118596002273,
            -3.652703639710668
        ],
        "L_Ankle": [
            0.5326103228440708,
            -0.1189145841162053,
            -5.080333964217095
        ],
        "L_Foot": [
            0.6884663716678828,
            -0.4959090480812252,
            -5.295571694053358
        ],
        "R_Hip": [
            -0.2862969475104212,
            -0.05321052180321373,
            -2.370164090942915
        ],
        "R_Knee": [
            -0.5190838597407789,
            -0.4120651847548239,
            -3.6640457501201715
        ],
        "R_Ankle": [
            -0.624942766070783,
            -0.16915638239212424,
            -5.075446105237589
        ],
        "R_Foot": [
            -0.6774356138561201,
            -0.6019135127973538,
            -5.243322141365314
        ],
        "Spine1": [
            -0.05559865158566233,
            0.18640630716463513,
            -1.6869507069770353
        ],
        "Spine2": [
            -0.0343509621330081,
            0.25129466800396194,
            -1.2009677732314101
        ],
        "Spine3": [
            -0.027977319648666562,
            0.16111371169929073,
            -1.004164926937412
        ],
        "Neck": [
            -0.07001406636196425,
            0.5137008975642371,
            -0.28118316833206075
        ],
        "Head": [
            -0.036567325809363206,
            0.3869608755048323,
            -0.017137086785823975
        ],
        "L_Collar": [
            0.20681806804047126,
            0.3988920345127067,
            -0.6140950145520895
        ],
        "L_Shoulder": [
            0.45458591077602867,
            0.2798191341364892,
            -0.47993535262930664
        ],
        "L_Elbow": [
            0.5793789440487083,
            -0.6028805991793106,
            -0.6213209254608446
        ],
        "L_Wrist": [
            0.2468595565453748,
            -0.10895792996581108,
            -0.017751970951051108
        ],
        "L_Hand": [
            0.19657390235110528,
            0.1277690021558833,
            0.13403182732864094
        ],
        "R_Collar": [
            -0.30750113866060635,
            0.38386407315791554,
            -0.6329070752738668
        ],
        "R_Shoulder": [
            -0.5438058979655297,
            0.2238543536668406,
            -0.48897634730597694
        ],
        "R_Elbow": [
            -0.6167199500119325,
            -0.6428245370496014,
            -0.6682777165829873
        ],
        "R_Wrist": [
            -0.20768625473278254,
            -0.2229280878294106,
            -0.020411500659402015
        ],
        "R_Hand": [
            -0.07484340426453101,
            0.003722887448596176,
            0.09063158138987094
        ]
    }
}