{
    "joints3D": {
        "Pelvis": [
            0.04306584889069608,
            0.05346160526273229,
            -1.6547877865986789
        ],
        "L_Hip": [
            0.21409937815745583,
            -0.06874162764776029,
            -1.9067235261904412
        ],
        "L_Knee": [
            0.2696398340242089,
            -0.32926285460621724,
            -3.0015378084004576
        ],
        "L_Ankle": [
            0.16113610295647662,
            -0.4855548051264359,
            -4.184309583393889
        ],
        "L_Foot": [
            0.18926549721841687,
            -0.8775804671132561,
            -4.224245577976688
        ],
        "R_Hip": [
            -0.16560291405770558,
            -0.016216544543259565,
            -1.8921846822279407
        ],
        "R_Knee": [
            -0.37467810042506966,
            -0.4638038531791143,
            -2.9290156135207974
        ],
        "R_Ankle": [
            -0.3185014260205306,
            -0.7603559262690258,
            -4.088714150414846
        ],
        "R_Foot": [
            -0.543604262056843,
            -1.0899736134030638,
            -4.111998728692089
        ],
        "Spine1": [
            0.07516466249107687,
            0.26734714975170876,
            -1.3997522804735563
        ],
        "Spine2": [
            0.11430805883128904,
            0.3273744579561411,
            -1.012497448820471
        ],
        "Spine3": [
            0.11507319238926329,
            0.2811287605298383,
            -0.8495672767717172
        ],
        "Neck": [
            0.13821530474303798,
            0.4105180104931668,
            -0.26591371923609464
        ],
        "Head": [
            0.13827023411226408,
            0.30068392701266033,
            -0.05647474243698171
        ],
        "L_Collar": [
            0.3554721055724471,
            0.358722124355491,
            -0.5184667247633507
        ],
        "L_Shoulder": [
            0.6146391545819876,
            0.32683482718802487,
            -0.5831554814885064
        ],
        "L_Elbow": [
            0.7275168310733048,
            0.40078184718947907,
            -1.3328171634513066
        ],
        "L_Wrist": [
            0.43899539443964924,
            -0.26987332013122506,
            -1.236069478607728
        ],
        "L_Hand": [
            0.3929915811552952,
            -0.508357066631992,
            -1.170183348724176
        ],
        "R_Collar": [
            -0.08933635680785547,
            0.4284514023831075,
            -0.5182474634759981
        ],
        "R_Shoulder": [
            -0.37933052883419877,
            0.4287211762953882,
            -0.5426161140156573
        ],
        "R_Elbow": [
            -0.5607869318314717,
            0.40620577507442024,
            -1.261559526009504
        ],
        "R_Wrist": [
            -0.24371234231394137,
            -0.2223147713822299,
            -0.9802264340321936
        ],
        "R_Hand": [
            -0.17661330809133977,
            -0.40376669542753874,
            -0.8197070164063263
        ]
    },
    "joints2D": {
        "Pelvis": [
            0.2546009914483232,
            0.9552797307717908
        ],
        "L_Hip": [
            0.7258490666503097,
            0.9516492694570227
        ],
        "L_Knee": [
            0.7317689116652754,
            0.9334160717491468
        ],
        "L_Ankle": [
            0.7429673224033173,
            0.9330893938766169
        ],
        "L_Foot": [
            0.7421336252976949,
            0.9090741208745523
        ],
        "R_Hip": [
            0.7716037193213955,
            0.9599233043164388
        ],
        "R_Knee": [
            0.7783442047406597,
            0.9191966590194407
        ],
        "R_Ankle": [
            0.7675884841592933,
            0.9139775463379174
        ],
        "R_Foot": [
            0.7774374375719134,
            0.8918187119046609
        ],
        "Spine1": [
            0.25980989828260687,
            0.9132564004158891
        ],
        "Spine2": [
            0.27013195211525487,
            0.8779946295363894
        ],
        "Spine3": [
            0.2742424037724783,
            0.8753003879711168
        ],
        "Neck": [
            0.2938695467241782,
            0.671312686872116
        ],
        "Head": [
            0.31499529349281946,
            0.551485517523987
        ],
        "L_Collar": [
            0.34026505985584293,
            0.7645545981658806
        ],
        "L_Shoulder": [
            0.3818120476384586,
            0.7499812802491972
        ],
        "L_Elbow": [
            0.34390758602648186,
            0.8463399222760863
        ],
        "L_Wrist": [
            0.6823035510461644,
            0.8861566500613228
        ],
        "L_Hand": [
            0.6939252069715125,
            0.8393139159092814
        ],
        "R_Collar": [
            0.2252850991689718,
            0.7682650960697481
        ],
        "R_Shoulder": [
            0.16052766095563226,
            0.7493682128581988
        ],
        "R_Elbow": [
            0.16944135732870258,
            0.8536227512703369
        ],
        "R_Wrist": [
            0.8006952925257735,
            0.8941524262972201
        ],
        "R_Hand": [
            0.787613475360198,
            0.8338178067064786
        ]
    }
}