{
    "joints3D": {
        "Pelvis": [
            0.13281540579490506,
            0.6706513270895117,
            -1.6384391895752775
        ],
        "L_Hip": [
            0.31138619059179623,
            0.7096677450690717,
            -1.878688958046014
        ],
        "L_Knee": [
            0.3662820952760626,
            1.2590931874178495,
            -2.738595529597708
        ],
        "L_Ankle": [
            0.3755748513291025,
            2.191853722392239,
            -3.312070486489778
        ],
        "L_Foot": [
            0.3569630711047708,
            2.26691444158891,
            -3.6728014346514604
        ],
        "R_Hip": [
            -0.03693165403591561,
            0.6970069797532817,
            -1.8810607274886524
        ],
        "R_Knee": [
            -0.10736751343275797,
            0.3490917943944637,
            -2.863808556133165
        ],
        "R_Ankle": [
            0.017307559871262177,
            0.12444401178424475,
            -3.929881038387012
        ],
        "R_Foot": [
            -0.09665555798493443,
            -0.20482333314784906,
            -4.062575100285512
        ],
        "Spine1": [
            0.12013472503634547,
            0.7285245125208983,
            -1.3290124486085437
        ],
        "Spine2": [
            0.11143824357558316,
            0.6427214190836801,
            -0.960321013465518
        ],
        "Spine3": [
            0.09986708876878032,
            0.5488271216493662,
            -0.8289824488263678
        ],
        "Neck": [
            0.06511786131868205,
            0.48648886277025477,
            -0.24876441921086942
        ],
        "Head": [
            0.0833782616162416,
            0.3435018686782127,
            -0.07418759656581428
        ],
        "L_Collar": [
            0.30421123336924544,
            0.4967303110109623,
            -0.4838977116693968
        ],
        "L_Shoulder": [
            0.5685156219077417,
            0.45122067921912073,
            -0.4998271428749041
        ],
        "L_Elbow": [
            0.7582354690964539,
            0.4581187884030922,
            -1.1846045987492764
        ],
        "L_Wrist": [
            0.4679472347905127,
            -0.051072095827345905,
            -0.8232172594190502
        ],
        "L_Hand": [
            0.4335865874435537,
            -0.2188205571832761,
            -0.6568205782278429
        ],
        "R_Collar": [
            -0.13133167607846624,
            0.5962395941022334,
            -0.5000207240965023
        ],
        "R_Shoulder": [
            -0.40500921319362876,
            0.6786585042869766,
            -0.5226620102765955
        ],
        "R_Elbow": [
            -0.37003262913917245,
            1.2474985023790073,
            -0.9156099480579223
        ],
        "R_Wrist": [
            -0.5911976353631662,
            0.8161089663155943,
            -1.4219714997020696
        ],
        "R_Hand": [
            -0.7005563715417654,
            0.6581286058016865,
            -1.5604019885876048
        ]
    },
    "joints2D": {
        "Pelvis": [
            0.2632547771575532,
            0.8578324470814651
        ],
        "L_Hip": [
            0.27892082191051254,
            0.862653951540797
        ],
        "L_Knee": [
            0.2718616050950863,
            0.8445068527550473
        ],
        "L_Ankle": [
            0.2658521752789532,
            0.800836573802974
        ],
        "L_Foot": [
            0.26385709622268433,
            0.8103938896714646
        ],
        "R_Hip": [
            0.24500102511794622,
            0.8681073916723617
        ],
        "R_Knee": [
            0.24050034816880175,
            0.9315692791268563
        ],
        "R_Ankle": [
            0.24965053263704098,
            0.9555964492012465
        ],
        "R_Foot": [
            0.7567505351221107,
            0.9505364770084419
        ],
        "Spine1": [
            0.26347517267786835,
            0.8254873915456041
        ],
        "Spine2": [
            0.2661624466241656,
            0.7992601088430891
        ],
        "Spine3": [
            0.2669141828521778,
            0.8006437210780446
        ],
        "Neck": [
            0.2677862511490588,
            0.6435583455022994
        ],
        "Head": [
            0.28511624307186567,
            0.5621913267803845
        ],
        "L_Collar": [
            0.3192529585094093,
            0.721921373592986
        ],
        "L_Shoulder": [
            0.36824466570489706,
            0.70758819778302
        ],
        "L_Elbow": [
            0.3516144743382309,
            0.8190361949893246
        ],
        "L_Wrist": [
            0.6395630569520316,
            0.8906265264001074
        ],
        "L_Hand": [
            0.6428072777763578,
            0.8261618089358016
        ],
        "R_Collar": [
            0.22043216032253585,
            0.7120846586328019
        ],
        "R_Shoulder": [
            0.17514364913614994,
            0.6869791932283373
        ],
        "R_Elbow": [
            0.20962667009999003,
            0.6903584859244387
        ],
        "R_Wrist": [
            0.18469458524810814,
            0.804896870391389
        ],
        "R_Hand": [
            0.17340559016255744,
            0.8324389581244229
        ]
    }
}