{
    "joints2D": {
        "Pelvis": [
            0.8016888065424924,
            0.9442046069344692
        ],
        "L_Hip": [
            0.774849077477689,
            0.9378165108128086
        ],
        "L_Knee": [
            0.7618376262110585,
            0.8527031951396726
        ],
        "L_Ankle": [
            0.7812108460601743,
            0.8652275844818995
        ],
        "L_Foot": [
            0.7717934778052945,
            0.8458246530516417
        ],
        "R_Hip": [
            0.8248403096445249,
            0.9088214216968088
        ],
        "R_Knee": [
            0.8122644453546501,
            0.8177221494141713
        ],
        "R_Ankle": [
            0.8098654783807352,
            0.847576783021254
        ],
        "R_Foot": [
            0.8083566585952767,
            0.8207722998979956
        ],
        "Spine1": [
            0.20038108653733766,
            0.9157583719059607
        ],
        "Spine2": [
            0.21013120588737771,
            0.8745902745880649
        ],
        "Spine3": [
            0.21288037297426302,
            0.8741438710096037
        ],
        "Neck": [
            0.24757898956380595,
            0.5748374195296839
        ],
        "Head": [
            0.28145762422323534,
            0.44019088396680317
        ],
        "L_Collar": [
            0.28866045167747295,
            0.7535260964962823
        ],
        "L_Shoulder": [
            0.3396684020116041,
            0.7318704649200459
        ],
        "L_Elbow": [
            0.29853922732076216,
            0.8728423261638241
        ],
        "L_Wrist": [
            0.287893343726505,
            0.9554347930629777
        ],
        "L_Hand": [
            0.7221284353764293,
            0.9566413724255413
        ],
        "R_Collar": [
            0.1702387152978769,
            0.7040832201861698
        ],
        "R_Shoulder": [
            0.11785766761401432,
            0.6382006736381943
        ],
        "R_Elbow": [
            0.11903635201872316,
            0.7979950834048237
        ],
        "R_Wrist": [
            0.8915908509812256,
            0.8578783581149092
        ],
        "R_Hand": [
            0.8828706902693447,
            0.8594870794942734
        ]
    },
    "joints3D": {
        "Pelvis": [
            -0.358282115894429,
            -0.05287598016724136,
            -1.5907391851144428
        ],
        "L_Hip": [
            -0.20380092094887925,
            -0.1724027294765345,
            -1.9110207664474874
        ],
        "L_Knee": [
            -0.15330374331838323,
            -1.1241489603674757,
            -2.5998505309344777
        ],
        "L_Ankle": [
            -0.6088130427455792,
            -1.3794946663356094,
            -3.7519859911220745
        ],
        "L_Foot": [
            -0.4485568804681996,
            -1.745165355416631,
            -3.8253633182102775
        ],
        "R_Hip": [
            -0.6328115660325583,
            -0.2120107082789718,
            -1.7720522630705324
        ],
        "R_Knee": [
            -0.8945672335427411,
            -1.2279343628751584,
            -2.3532647973186176
        ],
        "R_Ankle": [
            -1.1915492355705517,
            -1.4173367184606456,
            -3.567045872091082
        ],
        "R_Foot": [
            -1.2445027579063395,
            -1.8234868759801997,
            -3.5315631653139836
        ],
        "Spine1": [
            -0.3115224892113008,
            0.19594777027676344,
            -1.350642592847374
        ],
        "Spine2": [
            -0.1937854942151501,
            0.3037559491292378,
            -0.9493192101445838
        ],
        "Spine3": [
            -0.14657142293283218,
            0.25113531769759523,
            -0.7723105823028736
        ],
        "Neck": [
            -0.003645106271244413,
            0.522148492514255,
            -0.13305638384627036
        ],
        "Head": [
            0.08551794249604203,
            0.3943723864419758,
            0.07438931072859488
        ],
        "L_Collar": [
            0.1512207596511375,
            0.4317436175858695,
            -0.4841349387292182
        ],
        "L_Shoulder": [
            0.4130973462715642,
            0.4714016057646951,
            -0.532300948623974
        ],
        "L_Elbow": [
            0.3512566070957295,
            0.4098136360443016,
            -1.321876986655849
        ],
        "L_Wrist": [
            0.33482511861767367,
            0.013761657163532023,
            -1.9540495462646097
        ],
        "L_Hand": [
            0.2793861732633892,
            -0.03020191212355191,
            -2.1953018198060867
        ],
        "R_Collar": [
            -0.2905171796062195,
            0.43427254036892826,
            -0.38314506650278574
        ],
        "R_Shoulder": [
            -0.5595039613905191,
            0.4441016448169896,
            -0.3014299706595289
        ],
        "R_Elbow": [
            -0.8724658322230825,
            0.3561600643209871,
            -1.0121579260366211
        ],
        "R_Wrist": [
            -1.2086834345982014,
            -0.07349748879078176,
            -1.55401629493206
        ],
        "R_Hand": [
            -1.2896079810731649,
            -0.15853852545626188,
            -1.7758903957088066
        ]
    }
}