{
    "joints2D": {
        "Pelvis": [
            0.7810220665948998,
            0.9023448911494216
        ],
        "L_Hip": [
            0.7567924158352162,
            0.8891105920023142
        ],
        "L_Knee": [
            0.7480090505342082,
            0.7983026430472929
        ],
        "L_Ankle": [
            0.7587628071322067,
            0.7787678938124445
        ],
        "L_Foot": [
            0.757389229871045,
            0.7608220569834142
        ],
        "R_Hip": [
            0.8047662175641477,
            0.8739391191373408
        ],
        "R_Knee": [
            0.804590152932271,
            0.7780199360378207
        ],
        "R_Ankle": [
            0.7953316584854188,
            0.7744593623726598
        ],
        "R_Foot": [
            0.7947183043826076,
            0.7550149078363263
        ],
        "Spine1": [
            0.7828106061911313,
            0.9482910343617068
        ],
        "Spine2": [
            0.2282474952344403,
            0.9302582200472744
        ],
        "Spine3": [
            0.23170412010675415,
            0.9294397328946199
        ],
        "Neck": [
            0.25780904504170693,
            0.6237138121432941
        ],
        "Head": [
            0.28319598789035083,
            0.485436788483744
        ],
        "L_Collar": [
            0.30933561786237546,
            0.7930784693051206
        ],
        "L_Shoulder": [
            0.36637598215874967,
            0.75862016746052
        ],
        "L_Elbow": [
            0.6639355611003064,
            0.9176795246224504
        ],
        "L_Wrist": [
            0.693913810652776,
            0.8455400671982882
        ],
        "L_Hand": [
            0.7043627592208509,
            0.8402972094544623
        ],
        "R_Collar": [
            0.18213031615670358,
            0.7631405333444197
        ],
        "R_Shoulder": [
            0.12185070939903779,
            0.702100330000251
        ],
        "R_Elbow": [
            0.11960239448629997,
            0.879710081641415
        ],
        "R_Wrist": [
            0.8549493931265805,
            0.8174137163295719
        ],
        "R_Hand": [
            0.8474170351959444,
            0.8134604746527593
        ]
    },
    "joints3D": {
        "Pelvis": [
            -0.2279897552489678,
            -0.34364428060196067,
            -1.5566344569457857
        ],
        "L_Hip": [
            -0.05082236789389616,
            -0.5247731957615709,
            -1.8324117959627386
        ],
        "L_Knee": [
            0.05186448962786046,
            -1.582859893010944,
            -2.330433508563777
        ],
        "L_Ankle": [
            -0.1677649545656886,
            -2.482445956088157,
            -3.188996154088147
        ],
        "L_Foot": [
            -0.14987799437137117,
            -2.87806933804723,
            -3.2748975889653305
        ],
        "R_Hip": [
            -0.4923097018827318,
            -0.5199039802537152,
            -1.736006911848166
        ],
        "R_Knee": [
            -0.8229326922628781,
            -1.5856456415946372,
            -2.1700319361231872
        ],
        "R_Ankle": [
            -0.9910650439890122,
            -2.394637329721692,
            -3.1235124253209756
        ],
        "R_Foot": [
            -1.0709523517521924,
            -2.7927986201909323,
            -3.18290478130479
        ],
        "Spine1": [
            -0.18965930973514397,
            -0.05882147881247568,
            -1.3598211560249707
        ],
        "Spine2": [
            -0.09223895159899816,
            0.11867402382793137,
            -0.9791504921166377
        ],
        "Spine3": [
            -0.06209537200338578,
            0.10015162604404572,
            -0.7921906324303502
        ],
        "Neck": [
            0.031222155461433594,
            0.4992478752075434,
            -0.21529048546569388
        ],
        "Head": [
            0.08982571923399742,
            0.39712640285351736,
            0.015396745265251675
        ],
        "L_Collar": [
            0.21401711717236138,
            0.3328278433561511,
            -0.5215099545032403
        ],
        "L_Shoulder": [
            0.4822615525165623,
            0.32388348964725566,
            -0.5352418640123886
        ],
        "L_Elbow": [
            0.5115530285942129,
            -0.05740727511126712,
            -1.229967997924105
        ],
        "L_Wrist": [
            0.5438720444618526,
            -0.6726815277412221,
            -1.64860192475712
        ],
        "L_Hand": [
            0.5048024927657003,
            -0.8275173249158592,
            -1.8422297614083776
        ],
        "R_Collar": [
            -0.2339767646372477,
            0.36495182412635263,
            -0.46762631825394013
        ],
        "R_Shoulder": [
            -0.5090393564236895,
            0.3677478721326263,
            -0.41115147806969066
        ],
        "R_Elbow": [
            -0.7273238881206233,
            0.02614742917855969,
            -1.077770406017622
        ],
        "R_Wrist": [
            -0.96108301614977,
            -0.5810762154199131,
            -1.4850395739645865
        ],
        "R_Hand": [
            -1.018043972731532,
            -0.7336871329635274,
            -1.675455625599692
        ]
    }
}