{
    "joints3D": {
        "Pelvis": [
            -0.04335743668926332,
            1.1782542520130983,
            -1.512039543147275
        ],
        "L_Hip": [
            0.13536095179656843,
            1.2007318654327577,
            -1.7932809981500133
        ],
        "L_Knee": [
            0.05687945956450659,
            0.992370996165598,
            -2.9554583283114613
        ],
        "L_Ankle": [
            -0.06829011879033332,
            1.1615554941604123,
            -4.104657268061636
        ],
        "L_Foot": [
            -0.17741956809406878,
            0.7819211999508563,
            -4.2356097014738845
        ],
        "R_Hip": [
            -0.20102395789112962,
            1.3574991322896088,
            -1.7352973527364952
        ],
        "R_Knee": [
            -0.4546356018998776,
            1.688795271172791,
            -2.8347068181446327
        ],
        "R_Ankle": [
            -0.5659030080111715,
            1.977248818289639,
            -3.9507947488574415
        ],
        "R_Foot": [
            -0.9346252356713773,
            1.818286239295368,
            -4.043554597743409
        ],
        "Spine1": [
            -0.016275709711391754,
            1.1418519323292171,
            -1.173191864032455
        ],
        "Spine2": [
            0.013548638008607455,
            0.9094579555163828,
            -0.7776076270835763
        ],
        "Spine3": [
            0.013808174800376473,
            0.7888299586554142,
            -0.6369754473521397
        ],
        "Neck": [
            0.07652913187230831,
            0.6613297698595769,
            -0.002661447410752564
        ],
        "Head": [
            0.12573938330841397,
            0.42308279935880544,
            0.15469686188224024
        ],
        "L_Collar": [
            0.2704886648636693,
            0.7324453559796154,
            -0.2980854753525965
        ],
        "L_Shoulder": [
            0.5415501923761116,
            0.6631432405365871,
            -0.32754513170343025
        ],
        "L_Elbow": [
            0.6772156202937848,
            0.3132918519173368,
            -0.9566453626372864
        ],
        "L_Wrist": [
            0.4439743291431905,
            0.17980583863350286,
            -0.2822056524078979
        ],
        "L_Hand": [
            0.4640307502560718,
            0.17480673929270654,
            -0.02154246097957237
        ],
        "R_Collar": [
            -0.16001153797065415,
            0.8049770505307678,
            -0.24307815402965655
        ],
        "R_Shoulder": [
            -0.4506741348780951,
            0.7264067658438732,
            -0.22036019446581653
        ],
        "R_Elbow": [
            -0.725354014572007,
            0.3125114929422086,
            -0.7232100365535742
        ],
        "R_Wrist": [
            -0.24104711609590285,
            0.18150802678544883,
            -0.1665724226296408
        ],
        "R_Hand": [
            -0.1676610625786265,
            0.2062761238904249,
            0.07996882549754342
        ]
    },
    "joints2D": {
        "Pelvis": [
            0.24460581302803033,
            0.7787486231784588
        ],
        "L_Hip": [
            0.26006013167917585,
            0.7998390816324026
        ],
        "L_Knee": [
            0.25229265077534135,
            0.876730736064436
        ],
        "L_Ankle": [
            0.2453739981410599,
            0.8900531121344057
        ],
        "L_Foot": [
            0.23989013681604246,
            0.9151229911859661
        ],
        "R_Hip": [
            0.23242002577631155,
            0.7773362108478411
        ],
        "R_Knee": [
            0.22328750713039716,
            0.8134504650525326
        ],
        "R_Ankle": [
            0.22446340485731456,
            0.8348737400141496
        ],
        "R_Foot": [
            0.20872549517756783,
            0.8426654370912608
        ],
        "Spine1": [
            0.24692020489041785,
            0.7454044929547163
        ],
        "Spine2": [
            0.25055735710593136,
            0.717221651668186
        ],
        "Spine3": [
            0.2509308309919939,
            0.7085157773768123
        ],
        "Neck": [
            0.2665418871243504,
            0.4985276629257468
        ],
        "Head": [
            0.29181756731813513,
            0.3910433030212107
        ],
        "L_Collar": [
            0.3011464044413436,
            0.6130065539315843
        ],
        "L_Shoulder": [
            0.3499574610817826,
            0.6198404597251334
        ],
        "L_Elbow": [
            0.36327849628054587,
            0.8211591843736374
        ],
        "L_Wrist": [
            0.40814703680542286,
            0.7000574825396666
        ],
        "L_Hand": [
            0.4331723091368179,
            0.5144161799858928
        ],
        "R_Collar": [
            0.2189962795180752,
            0.5873518374921501
        ],
        "R_Shoulder": [
            0.16419992062869623,
            0.579858990596705
        ],
        "R_Elbow": [
            0.1115398461453972,
            0.7706750449576392
        ],
        "R_Wrist": [
            0.11969099970406685,
            0.675501414970815
        ],
        "R_Hand": [
            0.14579671258228166,
            0.3991756172955708
        ]
    }
}