{
    "joints3D": {
        "Pelvis": [
            -0.16407883067626824,
            -0.5514394887392462,
            -1.6486741958268174
        ],
        "L_Hip": [
            -0.059028266417759837,
            -0.7429822452521331,
            -1.897624327861224
        ],
        "L_Knee": [
            -0.16066111063455357,
            -1.491069489239975,
            -2.7960371571560096
        ],
        "L_Ankle": [
            -0.40106431494784234,
            -2.1964832396394804,
            -3.6831718066983528
        ],
        "L_Foot": [
            -0.2767275039166951,
            -2.5742647026147267,
            -3.572981063526185
        ],
        "R_Hip": [
            -0.409638440371135,
            -0.6283089122978752,
            -1.84580144756101
        ],
        "R_Knee": [
            -0.9441900489401117,
            -1.235732579582743,
            -2.685584598740927
        ],
        "R_Ankle": [
            -1.2775297691845193,
            -1.8423512247708171,
            -3.6020943606367335
        ],
        "R_Foot": [
            -1.4705793580981243,
            -2.140500605285741,
            -3.399945895029576
        ],
        "Spine1": [
            -0.06621178478575505,
            -0.30762568759195524,
            -1.4343770247470538
        ],
        "Spine2": [
            0.05913944823324422,
            -0.07678179066934099,
            -1.0616961769950781
        ],
        "Spine3": [
            0.07134236853937526,
            -0.018686515023992715,
            -0.8878059246971227
        ],
        "Neck": [
            0.13630626571386953,
            0.4707388753094096,
            -0.47330656753287453
        ],
        "Head": [
            0.1582976377874471,
            0.40530302203790197,
            -0.194391852800476
        ],
        "L_Collar": [
            0.3267032318505145,
            0.2536197931910715,
            -0.6840558830454069
        ],
        "L_Shoulder": [
            0.6029501434035028,
            0.258146666411318,
            -0.6452575638905869
        ],
        "L_Elbow": [
            0.9251293413543275,
            -0.38041891780291615,
            -0.7723128749168743
        ],
        "L_Wrist": [
            0.4977218850001527,
            -0.21713502216356886,
            -0.21639328702760546
        ],
        "L_Hand": [
            0.4073473079324233,
            -0.1077155032110412,
            0.000639914205439457
        ],
        "R_Collar": [
            -0.10302947237511385,
            0.3262846562252836,
            -0.7057254280964079
        ],
        "R_Shoulder": [
            -0.3893280830519023,
            0.38195942354918416,
            -0.6378871858517422
        ],
        "R_Elbow": [
            -0.812637403589896,
            -0.1764557154057202,
            -0.6192212932612668
        ],
        "R_Wrist": [
            -0.3313398174133257,
            0.0044661788517339485,
            -0.08265111457386365
        ],
        "R_Hand": [
            -0.19110338410989397,
            0.11030242311406575,
            0.10392647351415289
        ]
    },
    "joints2D": {
        "Pelvis": [
            0.7701866977498313,
            0.8756524579862786
        ],
        "L_Hip": [
            0.7570449627091576,
            0.8628836793990109
        ],
        "L_Knee": [
            0.7608982499091569,
            0.8293224914013265
        ],
        "L_Ankle": [
            0.7686359291428414,
            0.8146133555054087
        ],
        "L_Foot": [
            0.7626800970729462,
            0.789636294660854
        ],
        "R_Hip": [
            0.7925636938968676,
            0.8686161453525009
        ],
        "R_Knee": [
            0.8103061219110149,
            0.8326140396376897
        ],
        "R_Ankle": [
            0.8088746769164781,
            0.8216241571370403
        ],
        "R_Foot": [
            0.8153688372078032,
            0.7932625798871185
        ],
        "Spine1": [
            0.7608223766387499,
            0.90731495023738
        ],
        "Spine2": [
            0.7389106336582747,
            0.9442282676337195
        ],
        "Spine3": [
            0.732890358218617,
            0.9569337172446505
        ],
        "Neck": [
            0.2833604133233713,
            0.7383981907410202
        ],
        "Head": [
            0.3030354465720663,
            0.630876239481988
        ],
        "L_Collar": [
            0.3304835368532642,
            0.8400074743776126
        ],
        "L_Shoulder": [
            0.3819293155400832,
            0.7825635671253484
        ],
        "L_Elbow": [
            0.6037586309132813,
            0.7437204314751831
        ],
        "L_Wrist": [
            0.584611541139535,
            0.6422750872461137
        ],
        "L_Hand": [
            0.5525851263088875,
            0.4966580898724676
        ],
        "R_Collar": [
            0.22336856606132355,
            0.8435061432872659
        ],
        "R_Shoulder": [
            0.16074640423989928,
            0.7853020602649395
        ],
        "R_Elbow": [
            0.9188956786672736,
            0.7526055038353777
        ],
        "R_Wrist": [
            0.023920370044617324,
            0.6093937086125752
        ],
        "R_Hand": [
            0.10001887794073969,
            0.33563393111155354
        ]
    }
}