{
    "joints2D": {
        "Pelvis": [
            0.19483670864991473,
            0.9437957642861691
        ],
        "L_Hip": [
            0.7825062204070986,
            0.9459278859560855
        ],
        "L_Knee": [
            0.7907852951564687,
            0.8932797917965053
        ],
        "L_Ankle": [
            0.805239283088733,
            0.8840366775029515
        ],
        "L_Foot": [
            0.7968586867745049,
            0.8648009913276797
        ],
        "R_Hip": [
            0.17240882043300587,
            0.9314086057935888
        ],
        "R_Knee": [
            0.8293713517112723,
            0.9176337460125481
        ],
        "R_Ankle": [
            0.19599259356619192,
            0.9346086640528515
        ],
        "R_Foot": [
            0.18982192830454245,
            0.9436221489589696
        ],
        "Spine1": [
            0.20402495235991888,
            0.9137428287012878
        ],
        "Spine2": [
            0.21893084641960997,
            0.8706106292059895
        ],
        "Spine3": [
            0.21828858405167076,
            0.8658105046225214
        ],
        "Neck": [
            0.26870294942622164,
            0.6076889134471954
        ],
        "Head": [
            0.2900758230562419,
            0.45040368661359376
        ],
        "L_Collar": [
            0.30565827984376365,
            0.7819235683421712
        ],
        "L_Shoulder": [
            0.36638659403304497,
            0.789706495170257
        ],
        "L_Elbow": [
            0.3036582492272644,
            0.9260920399615405
        ],
        "L_Wrist": [
            0.7360511194454786,
            0.911954118232523
        ],
        "L_Hand": [
            0.744387233567658,
            0.9097729007591254
        ],
        "R_Collar": [
            0.19909627247242845,
            0.7014755360773511
        ],
        "R_Shoulder": [
            0.1572860879075696,
            0.6446667018478986
        ],
        "R_Elbow": [
            0.14985989686740905,
            0.7790331077725636
        ],
        "R_Wrist": [
            0.11915642081063078,
            0.8464203977532282
        ],
        "R_Hand": [
            0.12097523639530876,
            0.8671813974729156
        ]
    },
    "joints3D": {
        "Pelvis": [
            -0.37757714124120717,
            0.0450439521158458,
            -1.566717104994456
        ],
        "L_Hip": [
            -0.2573465930277176,
            -0.09738541509138417,
            -1.8533950047297658
        ],
        "L_Knee": [
            -0.5493499110934207,
            -0.675609488311207,
            -2.758810296409179
        ],
        "L_Ankle": [
            -1.0512592828967737,
            -0.9755074290933227,
            -3.7729618808489325
        ],
        "L_Foot": [
            -0.9560632552099714,
            -1.3497734666306838,
            -3.8612185692958314
        ],
        "R_Hip": [
            -0.6277173976741567,
            0.04702512796655085,
            -1.7873511865722986
        ],
        "R_Knee": [
            -1.043964250340043,
            -0.20825359408024802,
            -2.8125664611148586
        ],
        "R_Ankle": [
            -0.9338533861681628,
            0.2549599872755161,
            -3.878522489836073
        ],
        "R_Foot": [
            -1.104117165094065,
            0.08350422420352938,
            -4.189190544135283
        ],
        "Spine1": [
            -0.28065994351580553,
            0.20753800115257515,
            -1.3098751535652418
        ],
        "Spine2": [
            -0.14791551144254877,
            0.32153550373354656,
            -0.92931931953121
        ],
        "Spine3": [
            -0.12526888129299282,
            0.2774176638767791,
            -0.7604767677753574
        ],
        "Neck": [
            0.0658693763235352,
            0.4858065414673265,
            -0.1812511986866415
        ],
        "Head": [
            0.09897720179967108,
            0.35956579025735996,
            0.05599129271561348
        ],
        "L_Collar": [
            0.19698390925419587,
            0.345400538102963,
            -0.4916929429993362
        ],
        "L_Shoulder": [
            0.4464734178975186,
            0.25058546423381894,
            -0.554414925719031
        ],
        "L_Elbow": [
            0.33750068593993393,
            0.12351294680275521,
            -1.315262756836924
        ],
        "L_Wrist": [
            0.1356270281003199,
            -0.35678715790270754,
            -1.837020561483817
        ],
        "L_Hand": [
            0.07000968268280008,
            -0.42593397052540377,
            -2.071180629472262
        ],
        "R_Collar": [
            -0.20306452788620186,
            0.5196150957375456,
            -0.4184510416780655
        ],
        "R_Shoulder": [
            -0.460988724661087,
            0.6289841515384965,
            -0.3718583775783466
        ],
        "R_Elbow": [
            -0.7476932718374171,
            0.6279086589999784,
            -1.0663087207904183
        ],
        "R_Wrist": [
            -1.156251837561003,
            0.23563197531722702,
            -1.558835283053892
        ],
        "R_Hand": [
            -1.2273056474709838,
            0.14101120949497692,
            -1.777993478376179
        ]
    }
}