{
    "joints2D": {
        "Pelvis": [
            0.19928480227265133,
            0.9443991652952508
        ],
        "L_Hip": [
            0.22576292681611349,
            0.9576537752382054
        ],
        "L_Knee": [
            0.7310917814327831,
            0.9032478133650583
        ],
        "L_Ankle": [
            0.2501393112924829,
            0.9493284875013096
        ],
        "L_Foot": [
            0.2555349544510686,
            0.9628492589654738
        ],
        "R_Hip": [
            0.8139699771623219,
            0.9298005255161632
        ],
        "R_Knee": [
            0.7926600984610345,
            0.8309279026246384
        ],
        "R_Ankle": [
            0.7904269111427247,
            0.8240076960392918
        ],
        "R_Foot": [
            0.7879197635307091,
            0.8025280054120654
        ],
        "Spine1": [
            0.19020793797112875,
            0.9044094520233857
        ],
        "Spine2": [
            0.18566822844817302,
            0.8787227037467905
        ],
        "Spine3": [
            0.1835357460259075,
            0.8672204891433124
        ],
        "Neck": [
            0.18742562394658221,
            0.6616461345964256
        ],
        "Head": [
            0.1769866150016968,
            0.5528846402702774
        ],
        "L_Collar": [
            0.23666237270387933,
            0.7921155604212807
        ],
        "L_Shoulder": [
            0.2939402177267573,
            0.7748820567701672
        ],
        "L_Elbow": [
            0.31349686604587723,
            0.8754146606535255
        ],
        "L_Wrist": [
            0.6487546500406338,
            0.8539845637765626
        ],
        "L_Hand": [
            0.6440869951267477,
            0.8072646502259169
        ],
        "R_Collar": [
            0.1433989572689578,
            0.7355529990531512
        ],
        "R_Shoulder": [
            0.12879488767914354,
            0.6488435956241151
        ],
        "R_Elbow": [
            0.10383865367033965,
            0.5966504517740585
        ],
        "R_Wrist": [
            0.1025432304274932,
            0.4608748494495543
        ],
        "R_Hand": [
            0.10666556517084899,
            0.42842982559178017
        ]
    },
    "joints3D": {
        "Pelvis": [
            -0.41468264704066815,
            0.06408317416642864,
            -1.8782882642699281
        ],
        "L_Hip": [
            -0.21759154618271334,
            0.033570301490090285,
            -2.1892477691453447
        ],
        "L_Knee": [
            0.3005057962894607,
            -0.6770588314218934,
            -3.0097057641432308
        ],
        "L_Ankle": [
            0.025608153254589695,
            0.2142051169357284,
            -3.863820586363438
        ],
        "L_Foot": [
            0.1252332426879491,
            0.014236080566176961,
            -4.22884976953153
        ],
        "R_Hip": [
            -0.6096281062491293,
            -0.13630028300082192,
            -2.105651507127914
        ],
        "R_Knee": [
            -0.6336816948434844,
            -1.275802111093192,
            -2.559536734283933
        ],
        "R_Ankle": [
            -0.8648025003163108,
            -1.9246119182887877,
            -3.616145105465392
        ],
        "R_Foot": [
            -0.8837671722328307,
            -2.343052275326665,
            -3.6892502974664274
        ],
        "Spine1": [
            -0.46198398656534506,
            0.2744207382538187,
            -1.609406523883912
        ],
        "Spine2": [
            -0.3845299093229289,
            0.30446239879309184,
            -1.1645860001810049
        ],
        "Spine3": [
            -0.3445553157971381,
            0.29624477550349215,
            -0.9789030806917691
        ],
        "Neck": [
            -0.24708695853650922,
            0.5340645763398932,
            -0.33171307941824063
        ],
        "Head": [
            -0.19966410224892392,
            0.39737929374670333,
            -0.07746687494475599
        ],
        "L_Collar": [
            -0.05450391587801994,
            0.4746534171170624,
            -0.6707422196136441
        ],
        "L_Shoulder": [
            0.23158567402710997,
            0.5408170960669967,
            -0.7095982055255106
        ],
        "L_Elbow": [
            0.5115635627437969,
            0.40327667640747805,
            -1.4913029401224425
        ],
        "L_Wrist": [
            0.7912834586242544,
            -0.3335336692537932,
            -1.375444579364182
        ],
        "L_Hand": [
            0.931437311571194,
            -0.566084574976574,
            -1.3457828951348805
        ],
        "R_Collar": [
            -0.5266398456296181,
            0.47629997293902976,
            -0.5961606001714584
        ],
        "R_Shoulder": [
            -0.729335996220235,
            0.6629335578331734,
            -0.4611689129395466
        ],
        "R_Elbow": [
            -1.4615064501533306,
            1.0109614969991976,
            -0.5014643824455015
        ],
        "R_Wrist": [
            -1.7469735214972344,
            1.2536784454881607,
            0.21767361359829387
        ],
        "R_Hand": [
            -1.8356361998175608,
            1.3668812707290376,
            0.445106543752898
        ]
    }
}