{
    "joints2D": {
        "Pelvis": [
            0.19695623435888204,
            0.8242603999804353
        ],
        "L_Hip": [
            0.21551648683528846,
            0.8308996315479478
        ],
        "L_Knee": [
            0.21366141391454246,
            0.8478730532517512
        ],
        "L_Ankle": [
            0.20682072355761227,
            0.8537255145554434
        ],
        "L_Foot": [
            0.21164748018381158,
            0.875525661379132
        ],
        "R_Hip": [
            0.17845703682169275,
            0.8271309691924643
        ],
        "R_Knee": [
            0.18133940791115866,
            0.8464477520024386
        ],
        "R_Ankle": [
            0.18679801125012455,
            0.8497160812958517
        ],
        "R_Foot": [
            0.18388990838281086,
            0.8715310273326691
        ],
        "Spine1": [
            0.19598359507244653,
            0.7965360631432937
        ],
        "Spine2": [
            0.19949268282015198,
            0.7702758202982557
        ],
        "Spine3": [
            0.20124880966060607,
            0.7825639897056671
        ],
        "Neck": [
            0.21635280984030078,
            0.5799032014692687
        ],
        "Head": [
            0.23033892543339599,
            0.4887371444176471
        ],
        "L_Collar": [
            0.25100765284335763,
            0.6990529395288204
        ],
        "L_Shoulder": [
            0.2922835367021624,
            0.7004705488897606
        ],
        "L_Elbow": [
            0.25810780037246545,
            0.7842816092464282
        ],
        "L_Wrist": [
            0.25965029836576403,
            0.8614516832448676
        ],
        "L_Hand": [
            0.2616318921715193,
            0.8729322618945301
        ],
        "R_Collar": [
            0.1614396491277214,
            0.6725493997085933
        ],
        "R_Shoulder": [
            0.11229949355229045,
            0.6501239704521489
        ],
        "R_Elbow": [
            0.1344857015414451,
            0.7521681740174327
        ],
        "R_Wrist": [
            0.14298183783178392,
            0.8565732410555872
        ],
        "R_Hand": [
            0.14519059998662848,
            0.8778476506775724
        ]
    },
    "joints3D": {
        "Pelvis": [
            -0.5381637831393721,
            0.8698984669042299,
            -1.7023059579682893
        ],
        "L_Hip": [
            -0.3999851966194421,
            1.0254161039524823,
            -2.014228009417124
        ],
        "L_Knee": [
            -0.6226818238882135,
            1.354024971202981,
            -3.1204542774418105
        ],
        "L_Ankle": [
            -1.0024988507048112,
            1.7110835479697846,
            -4.272221914597863
        ],
        "L_Foot": [
            -0.8929127779167464,
            1.4522540579607497,
            -4.564789698436323
        ],
        "R_Hip": [
            -0.8220337672973518,
            0.8848361970330121,
            -1.931675715751306
        ],
        "R_Knee": [
            -1.1731350759428136,
            1.164478194375675,
            -3.0431377018866757
        ],
        "R_Ankle": [
            -1.4709528173953992,
            1.5986232232281825,
            -4.191343826457513
        ],
        "R_Foot": [
            -1.531275773135038,
            1.266210362652808,
            -4.425213758345792
        ],
        "Spine1": [
            -0.47819382796352783,
            0.867066606116114,
            -1.3587863665438136
        ],
        "Spine2": [
            -0.3470823724712052,
            0.7520401428144334,
            -0.9639246087320464
        ],
        "Spine3": [
            -0.28308660687806286,
            0.6117795608514778,
            -0.8520266625402054
        ],
        "Neck": [
            -0.12632461931452035,
            0.5848148924226644,
            -0.16162126926101528
        ],
        "Head": [
            -0.0482969892447993,
            0.4080268743524963,
            0.01127504239356627
        ],
        "L_Collar": [
            0.012135616809065332,
            0.6822978373836567,
            -0.5173809823560299
        ],
        "L_Shoulder": [
            0.25739524875925673,
            0.7567751868902741,
            -0.5991857839273314
        ],
        "L_Elbow": [
            0.08811571471672239,
            1.000104731893219,
            -1.3357171434231931
        ],
        "L_Wrist": [
            0.12437334701409146,
            0.8144755370734235,
            -2.0570874417276563
        ],
        "L_Hand": [
            0.15946665439633742,
            0.8034420496472027,
            -2.305653686876005
        ],
        "R_Collar": [
            -0.4184575561329749,
            0.5807204214111799,
            -0.4205293629657786
        ],
        "R_Shoulder": [
            -0.6804204325073369,
            0.48647373095245433,
            -0.38138112169906396
        ],
        "R_Elbow": [
            -0.9630161447796457,
            0.7078694486437698,
            -1.075106733449097
        ],
        "R_Wrist": [
            -1.0411921643873985,
            0.38968430709448165,
            -1.7702653793645646
        ],
        "R_Hand": [
            -1.0850693938491793,
            0.28901042444174796,
            -1.9958272975200517
        ]
    }
}