{
    "joints3D": {
        "Pelvis": [
            -0.06983003701259716,
            0.2310269914071459,
            -1.7673427151383778
        ],
        "L_Hip": [
            0.11233080689969853,
            0.17593027994131843,
            -2.0540902049707834
        ],
        "L_Knee": [
            0.1151952977626761,
            0.3571485268141322,
            -3.1598085755529537
        ],
        "L_Ankle": [
            -0.07004696883066382,
            0.7144823658846745,
            -4.267114526167318
        ],
        "L_Foot": [
            -0.08893277750613732,
            0.3606427315165631,
            -4.449879551423378
        ],
        "R_Hip": [
            -0.2912780518413693,
            0.17916484610815675,
            -2.0142590082543856
        ],
        "R_Knee": [
            -0.5394479601747958,
            -0.3839430589246041,
            -2.9773485443390566
        ],
        "R_Ankle": [
            -0.5720329854146843,
            -0.9687364110711845,
            -3.9959682321771157
        ],
        "R_Foot": [
            -0.7036143443900689,
            -1.3279830534127577,
            -3.8933078966358834
        ],
        "Spine1": [
            -0.05206511805600242,
            0.3814684606554417,
            -1.484258449065682
        ],
        "Spine2": [
            -0.0012674687988870218,
            0.4230375375892774,
            -1.0678373233460476
        ],
        "Spine3": [
            0.004154067110273109,
            0.35756604004186776,
            -0.9033600410922975
        ],
        "Neck": [
            0.05132913228289029,
            0.5398405988134084,
            -0.2825533183111216
        ],
        "Head": [
            0.05146050192181179,
            0.4324035641145408,
            -0.032103726540343665
        ],
        "L_Collar": [
            0.25875673484078016,
            0.44833433109984294,
            -0.5717039634805444
        ],
        "L_Shoulder": [
            0.5223119998953352,
            0.37543038870383444,
            -0.6086851776039778
        ],
        "L_Elbow": [
            0.6789414980248821,
            0.11098823127269765,
            -1.330018513351405
        ],
        "L_Wrist": [
            0.7945795955111364,
            -0.44911892186586877,
            -1.8029157117222996
        ],
        "L_Hand": [
            0.8511691713473549,
            -0.6136602784982246,
            -1.9885787295878652
        ],
        "R_Collar": [
            -0.17354445901208482,
            0.5550185376175079,
            -0.5664835492510648
        ],
        "R_Shoulder": [
            -0.44971943609564335,
            0.6101867148991872,
            -0.6153451142836593
        ],
        "R_Elbow": [
            -0.5965841362279336,
            0.6085704386988604,
            -1.3571075129989831
        ],
        "R_Wrist": [
            -0.8761050888041308,
            0.4407362082151353,
            -2.0385699259152767
        ],
        "R_Hand": [
            -0.9610720169720333,
            0.4240174636752238,
            -2.2738094873438492
        ]
    },
    "joints2D": {
        "Pelvis": [
            0.2401079739967185,
            0.929226221418602
        ],
        "L_Hip": [
            0.2607672169685948,
            0.9407534432440591
        ],
        "L_Knee": [
            0.2566002605605164,
            0.9339111618006669
        ],
        "L_Ankle": [
            0.24517277839733115,
            0.9198732707848359
        ],
        "L_Foot": [
            0.24419227759610482,
            0.9425095255060206
        ],
        "R_Hip": [
            0.21690655845115733,
            0.9361896763098025
        ],
        "R_Knee": [
            0.78997971331357,
            0.9236007680146396
        ],
        "R_Ankle": [
            0.779971062842911,
            0.8970291731658386
        ],
        "R_Foot": [
            0.7851073282395353,
            0.8707650960856348
        ],
        "Spine1": [
            0.24163894425867238,
            0.8965254228403311
        ],
        "Spine2": [
            0.24842492174599712,
            0.8618855378700836
        ],
        "Spine3": [
            0.24947979786349408,
            0.8619669128544543
        ],
        "Neck": [
            0.2622278562720929,
            0.6468633695567736
        ],
        "Head": [
            0.2670150425634119,
            0.5202075878609647
        ],
        "L_Collar": [
            0.30925451689164385,
            0.7651234737607647
        ],
        "L_Shoulder": [
            0.3617567423070401,
            0.7609246098664195
        ],
        "L_Elbow": [
            0.35027668870056816,
            0.8954816971118936
        ],
        "L_Wrist": [
            0.6693046494214793,
            0.8696468878577489
        ],
        "L_Hand": [
            0.6741084142189977,
            0.8582408569120937
        ],
        "R_Collar": [
            0.21144513989829503,
            0.7401139312955786
        ],
        "R_Shoulder": [
            0.1667536144209421,
            0.7213742795113509
        ],
        "R_Elbow": [
            0.1759782967648198,
            0.8278697212913648
        ],
        "R_Wrist": [
            0.16680635475623037,
            0.878118810329716
        ],
        "R_Hand": [
            0.16658923905911036,
            0.8855381425472176
        ]
    }
}