{
    "joints2D": {
        "Pelvis": [
            0.20618864533540587,
            0.9284357868151223
        ],
        "L_Hip": [
            0.2356818871013122,
            0.9465838158552231
        ],
        "L_Knee": [
            0.7192253381178546,
            0.8495738286867666
        ],
        "L_Ankle": [
            0.7093282575078612,
            0.7478116826628157
        ],
        "L_Foot": [
            0.698504419737022,
            0.7139069914893644
        ],
        "R_Hip": [
            0.8102383246913283,
            0.9457833467301916
        ],
        "R_Knee": [
            0.7675687387719461,
            0.8111487693881286
        ],
        "R_Ankle": [
            0.7338914127777496,
            0.7316896624851801
        ],
        "R_Foot": [
            0.7301790223226674,
            0.6962937924280947
        ],
        "Spine1": [
            0.19601770701669638,
            0.880624656832439
        ],
        "Spine2": [
            0.1899165589388307,
            0.8655361108774315
        ],
        "Spine3": [
            0.1883000805302516,
            0.8587305497738218
        ],
        "Neck": [
            0.16392884705410635,
            0.6101157399526754
        ],
        "Head": [
            0.16274514580447938,
            0.5074380698679859
        ],
        "L_Collar": [
            0.22186718882004006,
            0.7322374049535704
        ],
        "L_Shoulder": [
            0.25772853595919276,
            0.641984682905975
        ],
        "L_Elbow": [
            0.38459311053072415,
            0.3359892754801023
        ],
        "L_Wrist": [
            0.35489007623151897,
            0.11717198679897231
        ],
        "L_Hand": [
            0.3328505647630655,
            0.10586279757017458
        ],
        "R_Collar": [
            0.1256067004610732,
            0.7249514770534005
        ],
        "R_Shoulder": [
            0.08638812123502643,
            0.6156252397242323
        ],
        "R_Elbow": [
            0.9345674637197896,
            0.2384386538935253
        ],
        "R_Wrist": [
            0.8353506079673342,
            0.09091202330101682
        ],
        "R_Hand": [
            0.8205630536058459,
            0.07178065378877772
        ]
    },
    "joints3D": {
        "Pelvis": [
            -0.4497413361173076,
            0.24064625993287203,
            -2.283807550687735
        ],
        "L_Hip": [
            -0.15315683382907305,
            0.1676972394280343,
            -2.654963144374844
        ],
        "L_Knee": [
            0.5215824060071413,
            -1.2294445942991328,
            -2.8591612616563293
        ],
        "L_Ankle": [
            1.01424009701447,
            -2.7909455611244005,
            -3.0227692537126654
        ],
        "L_Foot": [
            1.22506814782092,
            -2.8474792318521605,
            -2.5104840318687085
        ],
        "R_Hip": [
            -0.6799531213232062,
            -0.030044219418177844,
            -2.589685785380474
        ],
        "R_Knee": [
            -0.26467753170987185,
            -1.5710797250067468,
            -2.5624028290834686
        ],
        "R_Ankle": [
            0.4266192511846226,
            -3.028868894829964,
            -2.8625677639453038
        ],
        "R_Foot": [
            0.49308024379914117,
            -3.0884638919786416,
            -2.3165721554553036
        ],
        "Spine1": [
            -0.5379797938547889,
            0.5374830602120729,
            -1.9594847795639463
        ],
        "Spine2": [
            -0.44191399389820113,
            0.44763669018329083,
            -1.3855860488006666
        ],
        "Spine3": [
            -0.38395842231914873,
            0.39952361671749514,
            -1.1499682342078916
        ],
        "Neck": [
            -0.46881505145007607,
            0.7340577766831617,
            -0.3122201381322473
        ],
        "Head": [
            -0.3296091715038009,
            0.5345620413893744,
            -0.01948476625740336
        ],
        "L_Collar": [
            -0.16530117557133808,
            0.758583736616252,
            -0.7252957429583785
        ],
        "L_Shoulder": [
            0.05191657993921865,
            0.82212786530278,
            -0.41335123414891994
        ],
        "L_Elbow": [
            0.6916902514233502,
            0.48820715956039806,
            0.4103109378873707
        ],
        "L_Wrist": [
            0.7819788620527153,
            0.18981163455109434,
            1.3987854461522289
        ],
        "L_Hand": [
            0.7476258729989738,
            0.29158504532890855,
            1.7375498642238405
        ],
        "R_Collar": [
            -0.7403919456263676,
            0.5252374988425733,
            -0.6850275901123773
        ],
        "R_Shoulder": [
            -0.8669885830732714,
            0.4398051930694763,
            -0.31617780318461347
        ],
        "R_Elbow": [
            -0.8600311160023956,
            -0.07209972806577637,
            0.6075414885077666
        ],
        "R_Wrist": [
            -0.678388643661969,
            -0.18164093822545735,
            1.6410936639683353
        ],
        "R_Hand": [
            -0.6468438520592374,
            -0.15251528612541604,
            1.9885548519570848
        ]
    }
}