{
    "joints3D": {
        "Pelvis": [
            0.057151337565369595,
            -0.3768860410011419,
            -1.602955151159463
        ],
        "L_Hip": [
            0.19240509813290557,
            -0.5092570890946371,
            -1.8904290352745183
        ],
        "L_Knee": [
            -0.026194844115050315,
            -1.0881447135072904,
            -2.824624460029253
        ],
        "L_Ankle": [
            -0.19548024012350043,
            -0.647866895036361,
            -3.9043461684649117
        ],
        "L_Foot": [
            -0.3031107361520396,
            -0.8933174773470836,
            -4.199560531885801
        ],
        "R_Hip": [
            -0.20012569027100663,
            -0.4793575905995514,
            -1.7927407042353003
        ],
        "R_Knee": [
            -0.583293284291449,
            -1.2835489292680635,
            -2.5088702453034233
        ],
        "R_Ankle": [
            -0.7689365851992045,
            -1.7379167488652416,
            -3.57652582092775
        ],
        "R_Foot": [
            -0.8352738604648697,
            -2.1213312733112795,
            -3.5022088711006134
        ],
        "Spine1": [
            0.11908351363763574,
            -0.16151412477605054,
            -1.37300493404066
        ],
        "Spine2": [
            0.17755183254377882,
            0.028172324295334387,
            -1.0010677540843869
        ],
        "Spine3": [
            0.17900983198302484,
            0.03771249215864033,
            -0.8242077157792846
        ],
        "Neck": [
            0.1734439652658228,
            0.4619983587950829,
            -0.3334394908095804
        ],
        "Head": [
            0.12873393913988654,
            0.37577739433408547,
            -0.07879489235183047
        ],
        "L_Collar": [
            0.4048997142144152,
            0.27821488567484176,
            -0.5517886236044027
        ],
        "L_Shoulder": [
            0.6765537568871979,
            0.2332698179422255,
            -0.5701584164592362
        ],
        "L_Elbow": [
            0.6913098522643619,
            -0.11517812244313241,
            -1.272459350221421
        ],
        "L_Wrist": [
            0.6096188138740954,
            -0.7208942684517927,
            -1.6934421762781133
        ],
        "L_Hand": [
            0.5338386353581995,
            -0.8790322203921807,
            -1.8778460649533024
        ],
        "R_Collar": [
            -0.032879524213078076,
            0.3398378952425129,
            -0.6053562775246486
        ],
        "R_Shoulder": [
            -0.30940640928928187,
            0.36444466090635397,
            -0.6734817501577992
        ],
        "R_Elbow": [
            -0.5029459227323597,
            0.055971638327519155,
            -1.336234041489268
        ],
        "R_Wrist": [
            -0.8119671983671148,
            -0.3904806708583974,
            -1.861541791328546
        ],
        "R_Hand": [
            -0.8517056499683489,
            -0.5277633687945354,
            -2.067499616667246
        ]
    },
    "joints2D": {
        "Pelvis": [
            0.7441413913722579,
            0.9021380527084529
        ],
        "L_Hip": [
            0.7312779866629023,
            0.8918787570367425
        ],
        "L_Knee": [
            0.7530616281872013,
            0.8645415143865279
        ],
        "L_Ankle": [
            0.7619369125490844,
            0.9198421531749301
        ],
        "L_Foot": [
            0.7661527533010379,
            0.9072221667418513
        ],
        "R_Hip": [
            0.7733925365153929,
            0.8920441541288663
        ],
        "R_Knee": [
            0.7898972184732316,
            0.8288076092659907
        ],
        "R_Ankle": [
            0.7876972310723247,
            0.8353227350896838
        ],
        "R_Foot": [
            0.7884777235707686,
            0.8085543843759859
        ],
        "Spine1": [
            0.7325302891288985,
            0.9314568158028615
        ],
        "Spine2": [
            0.288751939656414,
            0.9495839229427512
        ],
        "Spine3": [
            0.2969137219097995,
            0.9418000809836637
        ],
        "Neck": [
            0.297643973865584,
            0.6856941818197939
        ],
        "Head": [
            0.29927454915570045,
            0.5592653476798926
        ],
        "L_Collar": [
            0.35574889135652615,
            0.7892104413827482
        ],
        "L_Shoulder": [
            0.40071431436696714,
            0.7535984023663079
        ],
        "L_Elbow": [
            0.6449717235318859,
            0.8889249293505542
        ],
        "L_Wrist": [
            0.6897915438179414,
            0.8393337699019097
        ],
        "L_Hand": [
            0.7032863037623351,
            0.8354842522790354
        ],
        "R_Collar": [
            0.23979330623525263,
            0.8230897077437653
        ],
        "R_Shoulder": [
            0.17727781986012922,
            0.80795493471846
        ],
        "R_Elbow": [
            0.16826645094630216,
            0.9243647673951589
        ],
        "R_Wrist": [
            0.8345518591520695,
            0.878745187280912
        ],
        "R_Hand": [
            0.8284598737921575,
            0.8716059591511361
        ]
    }
}