{
    "joints3D": {
        "Pelvis": [
            -0.3992559385094859,
            0.20918648725359887,
            -1.8079820667479818
        ],
        "L_Hip": [
            -0.2223445349011787,
            0.1293195958603801,
            -2.120393291591666
        ],
        "L_Knee": [
            0.2933742414109689,
            -1.023240532576106,
            -2.1507295876509107
        ],
        "L_Ankle": [
            -0.15011925820937058,
            -0.7796486197392128,
            -3.394638967130765
        ],
        "L_Foot": [
            0.030270341020575426,
            -1.1816494035725342,
            -3.4389637283570607
        ],
        "R_Hip": [
            -0.6406885240574617,
            0.07024965307138895,
            -2.0404396533423013
        ],
        "R_Knee": [
            -0.8044319548017972,
            -1.1995390598832347,
            -1.90518484781181
        ],
        "R_Ankle": [
            -0.9168102290202592,
            -0.8551386069239697,
            -3.198692230418463
        ],
        "R_Foot": [
            -0.9999648541542863,
            -1.294573355495948,
            -3.169434459044419
        ],
        "Spine1": [
            -0.38664593946164005,
            0.44987342639259736,
            -1.5208956242517322
        ],
        "Spine2": [
            -0.269372743768889,
            0.41089693891343854,
            -1.0970787499078516
        ],
        "Spine3": [
            -0.23213800392412964,
            0.3650982714309234,
            -0.916632551375999
        ],
        "Neck": [
            -0.1295752689697522,
            0.6113310356381695,
            -0.3013238748594902
        ],
        "Head": [
            -0.06206724773000623,
            0.5220985984861063,
            -0.06099710253077582
        ],
        "L_Collar": [
            0.06956880530877298,
            0.5599188796098503,
            -0.6183815653507372
        ],
        "L_Shoulder": [
            0.33407701922031036,
            0.4220544627343703,
            -0.5740665666323675
        ],
        "L_Elbow": [
            0.5974087695724857,
            -0.3900842482651797,
            -0.5858794801520906
        ],
        "L_Wrist": [
            0.6590878297700524,
            -0.2670398065473475,
            0.22811454899073574
        ],
        "L_Hand": [
            0.6849884606207449,
            -0.1520231913177137,
            0.48439518852868096
        ],
        "R_Collar": [
            -0.4265518176953907,
            0.5366062431223093,
            -0.5286921963395863
        ],
        "R_Shoulder": [
            -0.639518510726551,
            0.3620080890112254,
            -0.3538253873079949
        ],
        "R_Elbow": [
            -0.8958236262665117,
            -0.4228828812641235,
            -0.25508854434386774
        ],
        "R_Wrist": [
            -0.5733343320497558,
            -0.3043001613533804,
            0.5221536869236909
        ],
        "R_Hand": [
            -0.4534288852912536,
            -0.21970373001895874,
            0.7627195942084687
        ]
    },
    "joints2D": {
        "Pelvis": [
            0.2015347062012731,
            0.9239156350817986
        ],
        "L_Hip": [
            0.22514093033634983,
            0.9455062218910604
        ],
        "L_Knee": [
            0.7279347426697769,
            0.8407250901943116
        ],
        "L_Ankle": [
            0.7603389584012077,
            0.9034230363338712
        ],
        "L_Foot": [
            0.7496971170697234,
            0.8748210363584371
        ],
        "R_Hip": [
            0.18003770797887772,
            0.9342546883782832
        ],
        "R_Knee": [
            0.8139842487352144,
            0.7939223781812893
        ],
        "R_Ankle": [
            0.8063884949744989,
            0.8812735066198911
        ],
        "R_Foot": [
            0.8064534707624387,
            0.8465334409070681
        ],
        "Spine1": [
            0.2003650046775469,
            0.8770782068381094
        ],
        "Spine2": [
            0.20422247452840891,
            0.8590931884064562
        ],
        "Spine3": [
            0.20358514251131074,
            0.8531049547248976
        ],
        "Neck": [
            0.21839354177422643,
            0.6379633589186681
        ],
        "Head": [
            0.230334819926302,
            0.5332643075167494
        ],
        "L_Collar": [
            0.26318017776272135,
            0.7557482028893594
        ],
        "L_Shoulder": [
            0.3266313244543235,
            0.7653133950012574
        ],
        "L_Elbow": [
            0.6271845307311148,
            0.740838106698575
        ],
        "L_Wrist": [
            0.5775510481647377,
            0.3769707129910386
        ],
        "L_Hand": [
            0.5802860969461224,
            0.25533183589806574
        ],
        "R_Collar": [
            0.16088001544464456,
            0.7148351153735174
        ],
        "R_Shoulder": [
            0.09942632522192717,
            0.6623944761266495
        ],
        "R_Elbow": [
            0.9200120145567487,
            0.593331715588332
        ],
        "R_Wrist": [
            0.8864792261033888,
            0.2511655380435363
        ],
        "R_Hand": [
            0.8540360989857028,
            0.15185217871929807
        ]
    }
}