{
    "joints3D": {
        "Pelvis": [
            0.31372846378663566,
            -0.028544521804923655,
            -1.8072947341104533
        ],
        "L_Hip": [
            0.5543591247812099,
            -0.10528983630146005,
            -2.03295412489397
        ],
        "L_Knee": [
            0.8531806026863131,
            -0.43883172884139887,
            -3.146289639722207
        ],
        "L_Ankle": [
            0.9644673722925634,
            -0.3911636759757266,
            -4.32489809759952
        ],
        "L_Foot": [
            1.113184329495408,
            -0.7535105513728423,
            -4.482041599569398
        ],
        "R_Hip": [
            0.18007696199713966,
            -0.1557891630773853,
            -2.0826427534325958
        ],
        "R_Knee": [
            0.24592777634280433,
            -1.1506935735733201,
            -2.7368135384306673
        ],
        "R_Ankle": [
            0.5182359160490779,
            -1.9161597877149,
            -3.584929432467211
        ],
        "R_Foot": [
            0.4253078493445152,
            -2.3171574888927675,
            -3.5126412454702924
        ],
        "Spine1": [
            0.23680986940264953,
            0.18652020530527008,
            -1.5464652949546074
        ],
        "Spine2": [
            0.17934747239085827,
            0.30423929192116966,
            -1.0989871709767367
        ],
        "Spine3": [
            0.13504364974981095,
            0.3183505427363991,
            -0.9169352741618374
        ],
        "Neck": [
            -0.026747874761417614,
            0.5725706919571979,
            -0.33062530945308366
        ],
        "Head": [
            -0.059420687689556974,
            0.5369664951375301,
            -0.040801918508638256
        ],
        "L_Collar": [
            0.26084517913827326,
            0.5105063621543809,
            -0.5476221576100657
        ],
        "L_Shoulder": [
            0.5411174697912463,
            0.5590245778249436,
            -0.5697513503799014
        ],
        "L_Elbow": [
            0.8593571959199738,
            0.3326776452523909,
            -1.2016705375020769
        ],
        "L_Wrist": [
            1.166071791097036,
            -0.13382219655038205,
            -1.6816559530839816
        ],
        "L_Hand": [
            1.2440979912347392,
            -0.21829338463828085,
            -1.9205997871592062
        ],
        "R_Collar": [
            -0.16867016107517838,
            0.5107253975085468,
            -0.6686222282813935
        ],
        "R_Shoulder": [
            -0.4229124939928932,
            0.5474571679560789,
            -0.8352931059575818
        ],
        "R_Elbow": [
            -0.4158226761477241,
            0.4167646555167736,
            -1.5400605993218874
        ],
        "R_Wrist": [
            -0.49391489252240384,
            0.25102860035678365,
            -2.2776019452224014
        ],
        "R_Hand": [
            -0.4399278225044086,
            0.22307505376585868,
            -2.5325242555686653
        ]
    },
    "joints2D": {
        "Pelvis": [
            0.7118023526627677,
            0.9530268502129956
        ],
        "L_Hip": [
            0.6917055327834503,
            0.9348045618692611
        ],
        "L_Knee": [
            0.6949279304251683,
            0.9134841290684789
        ],
        "L_Ankle": [
            0.7031032236319845,
            0.9300603368686622
        ],
        "L_Foot": [
            0.7002867299150793,
            0.9085472464384443
        ],
        "R_Hip": [
            0.7321042548650665,
            0.9426490912477411
        ],
        "R_Knee": [
            0.7352879039410974,
            0.8549710404965795
        ],
        "R_Ankle": [
            0.727511730517018,
            0.8272083608117754
        ],
        "R_Foot": [
            0.7329645964012148,
            0.8011183916550921
        ],
        "Spine1": [
            0.28158387697820453,
            0.9275395521913673
        ],
        "Spine2": [
            0.2804755332959182,
            0.8874236990104855
        ],
        "Spine3": [
            0.2761490391994051,
            0.8708331228358261
        ],
        "Neck": [
            0.2420572682644993,
            0.6600506033058389
        ],
        "Head": [
            0.2315478850204708,
            0.5207574060952557
        ],
        "L_Collar": [
            0.30672746938646434,
            0.7411764857520609
        ],
        "L_Shoulder": [
            0.35007643216300227,
            0.7108879874720941
        ],
        "L_Elbow": [
            0.36720160730553314,
            0.828857007928039
        ],
        "L_Wrist": [
            0.6233106470983775,
            0.8666128073598259
        ],
        "L_Hand": [
            0.6313340837476381,
            0.8678631348307883
        ],
        "R_Collar": [
            0.21331196924774118,
            0.7773793206183995
        ],
        "R_Shoulder": [
            0.1761485396776157,
            0.783643061134069
        ],
        "R_Elbow": [
            0.19672126216378108,
            0.8818696736606791
        ],
        "R_Wrist": [
            0.20219696144792176,
            0.9256225001825243
        ],
        "R_Hand": [
            0.2106634526435732,
            0.934535383788986
        ]
    }
}