{
    "joints2D": {
        "Pelvis": [
            0.23208145160879412,
            0.917618853091173
        ],
        "L_Hip": [
            0.255290733625969,
            0.937827584973702
        ],
        "L_Knee": [
            0.7573684157775593,
            0.9360655579012797
        ],
        "L_Ankle": [
            0.7733571989549812,
            0.924755406952405
        ],
        "L_Foot": [
            0.7745955106531812,
            0.9008609224491124
        ],
        "R_Hip": [
            0.20523071216614322,
            0.9200653908804352
        ],
        "R_Knee": [
            0.1994681990162582,
            0.9361264153775614
        ],
        "R_Ankle": [
            0.2168249430990148,
            0.9036141905472093
        ],
        "R_Foot": [
            0.21123022023356738,
            0.9197779549807343
        ],
        "Spine1": [
            0.23807314645471805,
            0.8764531996764925
        ],
        "Spine2": [
            0.24929461858888688,
            0.823942384310132
        ],
        "Spine3": [
            0.2503446552083993,
            0.8281849297208363
        ],
        "Neck": [
            0.2764080275287161,
            0.5265271331700742
        ],
        "Head": [
            0.2971239812658265,
            0.40156020540857734
        ],
        "L_Collar": [
            0.3215596355698179,
            0.6962640569732786
        ],
        "L_Shoulder": [
            0.3701906532267861,
            0.6936577699196701
        ],
        "L_Elbow": [
            0.33086729081150074,
            0.8399710176038826
        ],
        "L_Wrist": [
            0.3253517686245227,
            0.9310687721024719
        ],
        "L_Hand": [
            0.681625260248578,
            0.9380308352885025
        ],
        "R_Collar": [
            0.21043622711174767,
            0.6667624516384886
        ],
        "R_Shoulder": [
            0.1549780291024303,
            0.6433616236221745
        ],
        "R_Elbow": [
            0.15946551956129865,
            0.800823672288761
        ],
        "R_Wrist": [
            0.14001739220096635,
            0.8641216311480203
        ],
        "R_Hand": [
            0.14030235211149378,
            0.8757480820777507
        ]
    },
    "joints3D": {
        "Pelvis": [
            -0.1277742519816604,
            0.2786148414592589,
            -1.6216372830969297
        ],
        "L_Hip": [
            0.058411313156882444,
            0.19048013233858013,
            -1.9349638512326086
        ],
        "L_Knee": [
            -0.08182471656152378,
            -0.3144628908122402,
            -2.9871017037151413
        ],
        "L_Ankle": [
            -0.4293455737936062,
            -0.5885289631308432,
            -4.1715009271853996
        ],
        "L_Foot": [
            -0.4882481953496649,
            -0.9841027855327786,
            -4.239961099742937
        ],
        "R_Hip": [
            -0.38588654625830515,
            0.2555055146062765,
            -1.8791057600868544
        ],
        "R_Knee": [
            -0.6811963792097506,
            0.20021029553236022,
            -3.0396576556903874
        ],
        "R_Ankle": [
            -0.6429408849395308,
            0.8772113145376135,
            -4.105547846460287
        ],
        "R_Foot": [
            -0.7812260858719696,
            0.6400350008325736,
            -4.411318109218036
        ],
        "Spine1": [
            -0.07348814207641212,
            0.4419939388444344,
            -1.3183254140898513
        ],
        "Spine2": [
            0.003591042330884987,
            0.5017375230728018,
            -0.8977678797604928
        ],
        "Spine3": [
            0.007596015799007738,
            0.39830087405740905,
            -0.737821935754847
        ],
        "Neck": [
            0.10037707949160549,
            0.5541645274382941,
            -0.05285967556811941
        ],
        "Head": [
            0.12032601337632862,
            0.36079639423790505,
            0.11878361417435036
        ],
        "L_Collar": [
            0.28675930917333314,
            0.47655844589975316,
            -0.39125814928957486
        ],
        "L_Shoulder": [
            0.5482840089913149,
            0.43988146516524945,
            -0.44290389728635443
        ],
        "L_Elbow": [
            0.592901191494451,
            0.4568446848732826,
            -1.2354997166424229
        ],
        "L_Wrist": [
            0.6566486992664369,
            0.048906255822941884,
            -1.8566249249478046
        ],
        "L_Hand": [
            0.6622695218925659,
            -0.036428507979973754,
            -2.09292798792465
        ],
        "R_Collar": [
            -0.15640517400385315,
            0.5589828957071822,
            -0.3469110160650064
        ],
        "R_Shoulder": [
            -0.43688350485329486,
            0.5777090678202305,
            -0.3406858870747905
        ],
        "R_Elbow": [
            -0.6429052821402652,
            0.5689691535191281,
            -1.0941768194002284
        ],
        "R_Wrist": [
            -1.0145183797136763,
            0.30518179350092145,
            -1.7130893341926303
        ],
        "R_Hand": [
            -1.1108124115095024,
            0.2594752881085305,
            -1.9402261905006148
        ]
    }
}