{
    "joints3D": {
        "Pelvis": [
            -0.9688448295853417,
            0.6101286437323943,
            -1.284825982583033
        ],
        "L_Hip": [
            -1.0510899494486934,
            0.5606937475595922,
            -1.6144680625108876
        ],
        "L_Knee": [
            -1.5364305755140573,
            0.3372722297961495,
            -2.568107398972218
        ],
        "L_Ankle": [
            -2.623790739119447,
            0.555331076472527,
            -2.887850424387456
        ],
        "L_Foot": [
            -2.7896624619489105,
            0.4362019083915957,
            -3.2146924656694122
        ],
        "R_Hip": [
            -1.2550926377692375,
            0.43289782714285824,
            -1.2704621051487694
        ],
        "R_Knee": [
            -0.8825826078110681,
            -0.5089659744192434,
            -0.806799677711201
        ],
        "R_Ankle": [
            -0.936242380882154,
            -1.6288434359663264,
            -1.0833053654389868
        ],
        "R_Foot": [
            -0.7196163929380514,
            -1.7116087285087396,
            -0.7765188014702762
        ],
        "Spine1": [
            -0.8073400798228728,
            0.8132203392121461,
            -1.1046527638295585
        ],
        "Spine2": [
            -0.5445008442447294,
            0.7278455389794338,
            -0.841053543223655
        ],
        "Spine3": [
            -0.46615688579967357,
            0.6112627841470036,
            -0.7473335227822693
        ],
        "Neck": [
            -0.1574829024009456,
            0.596723926576482,
            -0.18658173813903148
        ],
        "Head": [
            -0.06243882883467596,
            0.43807567072669,
            -0.034346329392069976
        ],
        "L_Collar": [
            -0.08843322643594263,
            0.5950779013120304,
            -0.5376710045947505
        ],
        "L_Shoulder": [
            0.15023059511233797,
            0.49481593189048034,
            -0.6245976340114333
        ],
        "L_Elbow": [
            0.1407755298593873,
            0.2498879428853225,
            -1.3404283158833774
        ],
        "L_Wrist": [
            0.06588750708231184,
            -0.33195202269427754,
            -1.74434529745897
        ],
        "L_Hand": [
            -0.01576915462736289,
            -0.5355936111869039,
            -1.849282404608161
        ],
        "R_Collar": [
            -0.47978742402269936,
            0.6764894259655242,
            -0.3186689049251357
        ],
        "R_Shoulder": [
            -0.7019040988245493,
            0.6914308670682816,
            -0.1396140975340425
        ],
        "R_Elbow": [
            -1.2431976422778757,
            1.0883624562422587,
            -0.4489568330017865
        ],
        "R_Wrist": [
            -1.945505527706644,
            1.2534096737390723,
            -0.582350736473902
        ],
        "R_Hand": [
            -2.167005516721428,
            1.3101655302804258,
            -0.6657595388527897
        ]
    },
    "joints2D": {
        "Pelvis": [
            0.1376304423843832,
            0.7917149789661615
        ],
        "L_Hip": [
            0.14203951328488862,
            0.8247620735460999
        ],
        "L_Knee": [
            0.1364659831664521,
            0.8722794056860877
        ],
        "L_Ankle": [
            0.10432812368990295,
            0.8149564794004106
        ],
        "L_Foot": [
            0.10455831016585933,
            0.8293532603574094
        ],
        "R_Hip": [
            0.10695905944769793,
            0.7841170903924776
        ],
        "R_Knee": [
            0.8832826646433104,
            0.7384752511122268
        ],
        "R_Ankle": [
            0.8246547383807732,
            0.6669010706980281
        ],
        "R_Foot": [
            0.8099122308576443,
            0.6236497160206063
        ],
        "Spine1": [
            0.15456194420294497,
            0.7547330383241678
        ],
        "Spine2": [
            0.1693961205234479,
            0.7420919357825617
        ],
        "Spine3": [
            0.16976458501834657,
            0.7501898093299907
        ],
        "Neck": [
            0.2097038302551845,
            0.5895468670270373
        ],
        "Head": [
            0.2266837647498452,
            0.5214394002866194
        ],
        "L_Collar": [
            0.22994104400608606,
            0.7246765005471465
        ],
        "L_Shoulder": [
            0.2817567155083172,
            0.7726433958201635
        ],
        "L_Elbow": [
            0.27046876110387463,
            0.912953444795529
        ],
        "L_Wrist": [
            0.7434941655415437,
            0.9137031631435242
        ],
        "L_Hand": [
            0.7530262555151874,
            0.88839921401457
        ],
        "R_Collar": [
            0.15730112013766198,
            0.6186166621556948
        ],
        "R_Shoulder": [
            0.12640735247556262,
            0.5459091458742915
        ],
        "R_Elbow": [
            0.12006537329445856,
            0.5901480402938138
        ],
        "R_Wrist": [
            0.09824814969179148,
            0.5873173715141532
        ],
        "R_Hand": [
            0.09452212283957381,
            0.5919813202748841
        ]
    }
}