{
    "joints3D": {
        "Pelvis": [
            -0.5265467338872226,
            0.5532699652868284,
            -1.6169514039191
        ],
        "L_Hip": [
            -0.46563422693824424,
            0.510218164621249,
            -1.9542422357543459
        ],
        "L_Knee": [
            -0.8666678755623759,
            0.5667618852157608,
            -3.003448673018104
        ],
        "L_Ankle": [
            -1.315882988677758,
            0.8579597034198602,
            -4.057929388143599
        ],
        "L_Foot": [
            -1.4150916168591505,
            0.50706362165982,
            -4.22279747441398
        ],
        "R_Hip": [
            -0.8112719714561523,
            0.6337611363040658,
            -1.7781741874608068
        ],
        "R_Knee": [
            -1.3591798246890723,
            0.7051123602979174,
            -2.783512039573203
        ],
        "R_Ankle": [
            -1.6745105465762518,
            0.9820507659744359,
            -3.8857085877193134
        ],
        "R_Foot": [
            -1.9597182750031217,
            0.7089622725935023,
            -3.932234984074806
        ],
        "Spine1": [
            -0.37504171037577294,
            0.6208200635499939,
            -1.3406547115430256
        ],
        "Spine2": [
            -0.21230562455450183,
            0.5574928972688337,
            -0.9552304667672676
        ],
        "Spine3": [
            -0.17012383947835527,
            0.46192787209586916,
            -0.8113850717600891
        ],
        "Neck": [
            0.13076963090820704,
            0.5240239815350719,
            -0.2372701048833434
        ],
        "Head": [
            0.17260602823652701,
            0.3617767260688746,
            -0.021054430380532514
        ],
        "L_Collar": [
            0.1991905371979471,
            0.4519900672013319,
            -0.5924431881045659
        ],
        "L_Shoulder": [
            0.39688761749866175,
            0.34331367568099974,
            -0.7531268387595942
        ],
        "L_Elbow": [
            0.09001327946566404,
            0.389316558200723,
            -1.476381783271437
        ],
        "L_Wrist": [
            -0.3316898401791962,
            0.10192232343090861,
            -2.018984120540802
        ],
        "L_Hand": [
            -0.48571559475385534,
            0.03751306126353967,
            -2.2122693242818947
        ],
        "R_Collar": [
            -0.1719435622706468,
            0.624243805447682,
            -0.41253937653803036
        ],
        "R_Shoulder": [
            -0.43604917196660237,
            0.6893673922753286,
            -0.32131307104653206
        ],
        "R_Elbow": [
            -0.8094747699571203,
            0.7315096588557556,
            -0.9807372037929697
        ],
        "R_Wrist": [
            -1.1780543277111248,
            0.4391122056650573,
            -1.5753933357810632
        ],
        "R_Hand": [
            -1.2999545886837558,
            0.3620765429387543,
            -1.781579508066099
        ]
    },
    "joints2D": {
        "Pelvis": [
            0.1894831861703791,
            0.8606152288946518
        ],
        "L_Hip": [
            0.20225906016688197,
            0.8866102625645926
        ],
        "L_Knee": [
            0.19055492573774313,
            0.8998807934816639
        ],
        "L_Ankle": [
            0.1848096006626326,
            0.8909719389904331
        ],
        "L_Foot": [
            0.17926535172910263,
            0.9113343831717763
        ],
        "R_Hip": [
            0.16928098805011443,
            0.8451720241182659
        ],
        "R_Knee": [
            0.15934806638286114,
            0.863016117114692
        ],
        "R_Ankle": [
            0.1683317944139414,
            0.8699997027308852
        ],
        "R_Foot": [
            0.15402817644246164,
            0.8769709100680786
        ],
        "Spine1": [
            0.20114218529133152,
            0.836871065101893
        ],
        "Spine2": [
            0.21346498833993968,
            0.8138214552747286
        ],
        "Spine3": [
            0.21508613525018994,
            0.8173572480841125
        ],
        "Neck": [
            0.28445008914597797,
            0.6272264506380758
        ],
        "Head": [
            0.31778214929954685,
            0.5141501668146813
        ],
        "L_Collar": [
            0.29521469821852114,
            0.7743247848326077
        ],
        "L_Shoulder": [
            0.33322903278817273,
            0.8183069274669381
        ],
        "L_Elbow": [
            0.26074737539605836,
            0.8944058524814251
        ],
        "L_Wrist": [
            0.21187930364550098,
            0.944820559313649
        ],
        "L_Hand": [
            0.1990721590993608,
            0.9488238013132192
        ],
        "R_Collar": [
            0.21146530364968327,
            0.6756732846553462
        ],
        "R_Shoulder": [
            0.16527235396156148,
            0.6201473459807781
        ],
        "R_Elbow": [
            0.1458225326275837,
            0.7464273588888666
        ],
        "R_Wrist": [
            0.1264297733707424,
            0.8241456861073246
        ],
        "R_Hand": [
            0.12383024838920774,
            0.8393881277832271
        ]
    }
}