{
    "joints2D": {
        "Pelvis": [
            0.7858336919289973,
            0.7414188284967783
        ],
        "L_Hip": [
            0.7824228216596225,
            0.7648728227419567
        ],
        "L_Knee": [
            0.7713249475046063,
            0.7287917354493352
        ],
        "L_Ankle": [
            0.7817421397483625,
            0.6937568957933571
        ],
        "L_Foot": [
            0.7690534385767291,
            0.7079707164813323
        ],
        "R_Hip": [
            0.7782353790664682,
            0.6931138964284449
        ],
        "R_Knee": [
            0.7176353262214361,
            0.6687785058776046
        ],
        "R_Ankle": [
            0.7325022978165452,
            0.6656859833516774
        ],
        "R_Foot": [
            0.7191334326103526,
            0.6545026533428056
        ],
        "Spine1": [
            0.8083695388012918,
            0.752966188496658
        ],
        "Spine2": [
            0.8344441115858915,
            0.788795421039552
        ],
        "Spine3": [
            0.8296062984781247,
            0.8021095481047787
        ],
        "Neck": [
            0.07606196756744653,
            0.6049559409610374
        ],
        "Head": [
            0.08885788965761163,
            0.42558597836936607
        ],
        "L_Collar": [
            0.13056148135840404,
            0.839889413005902
        ],
        "L_Shoulder": [
            0.17270861282982963,
            0.8213256778401561
        ],
        "L_Elbow": [
            0.24971413066675333,
            0.9401393095227802
        ],
        "L_Wrist": [
            0.3599488952690086,
            0.8573860451246036
        ],
        "L_Hand": [
            0.3852946148090622,
            0.8341721706061931
        ],
        "R_Collar": [
            0.9278204028582838,
            0.6433875048962471
        ],
        "R_Shoulder": [
            0.9193043809347807,
            0.5187316764613065
        ],
        "R_Elbow": [
            0.8673079453529381,
            0.6449345123789424
        ],
        "R_Wrist": [
            0.817173341341188,
            0.6341413370310116
        ],
        "R_Hand": [
            0.812724468152358,
            0.6509564894304206
        ]
    },
    "joints3D": {
        "Pelvis": [
            -0.3166147770240972,
            -1.0933169309703035,
            -1.1210608142661973
        ],
        "L_Hip": [
            -0.34195101972534997,
            -1.2340921835567982,
            -1.4728041365097146
        ],
        "L_Knee": [
            -0.3607091463234965,
            -2.250943863172526,
            -2.091215218925673
        ],
        "L_Ankle": [
            -0.778142047300223,
            -3.3843993676143205,
            -2.5159245199466755
        ],
        "L_Foot": [
            -0.4668229441296024,
            -3.435343326154039,
            -2.7791882365558127
        ],
        "R_Hip": [
            -0.2955821771227817,
            -1.459982283290553,
            -1.0768486104582244
        ],
        "R_Knee": [
            0.5560151512091838,
            -2.256829994207437,
            -1.4137720935510312
        ],
        "R_Ankle": [
            0.4563434842978551,
            -3.3691295734454667,
            -2.037764143182265
        ],
        "R_Foot": [
            0.8221946244062351,
            -3.564803067841275,
            -2.0056543121159254
        ],
        "Spine1": [
            -0.41829298721743025,
            -0.8089287835222745,
            -0.9379851486994161
        ],
        "Spine2": [
            -0.4102521029058207,
            -0.43023556749728803,
            -0.7197035902394843
        ],
        "Spine3": [
            -0.30550356509697374,
            -0.326719681833604,
            -0.5950707329285886
        ],
        "Neck": [
            -0.48529712416444837,
            0.20775939475581415,
            -0.1513899620673917
        ],
        "Head": [
            -0.36448519635188376,
            0.2073364378675586,
            0.08177432067311184
        ],
        "L_Collar": [
            -0.3582103585505164,
            0.12149131513481083,
            -0.5196709442256504
        ],
        "L_Shoulder": [
            -0.32649540880374667,
            0.3262311876584454,
            -0.6966602409008557
        ],
        "L_Elbow": [
            0.0067860980511338705,
            0.12655210733026245,
            -1.400631649967209
        ],
        "L_Wrist": [
            0.7147293868274559,
            0.22386167615615435,
            -1.1561498464896882
        ],
        "L_Hand": [
            0.9648961718042395,
            0.19112189563242835,
            -1.1893727547145583
        ],
        "R_Collar": [
            -0.5148769631726112,
            -0.1816173107133555,
            -0.2131511885820835
        ],
        "R_Shoulder": [
            -0.6723350294719503,
            -0.34684843490302397,
            -0.04293340309428157
        ],
        "R_Elbow": [
            -0.9090857537323207,
            -0.8784157953000212,
            -0.5788232459302033
        ],
        "R_Wrist": [
            -0.7807836785938826,
            -1.6098651260389083,
            -0.8118030587164552
        ],
        "R_Hand": [
            -0.8072713511308897,
            -1.7656037657760075,
            -1.0107957276502262
        ]
    }
}