{
    "joints2D": {
        "Pelvis": [
            0.16373519519286697,
            0.923414312243308
        ],
        "L_Hip": [
            0.8203133778085038,
            0.9414734822529062
        ],
        "L_Knee": [
            0.8155402641051763,
            0.8972411689805666
        ],
        "L_Ankle": [
            0.8548528915157214,
            0.904694818045718
        ],
        "L_Foot": [
            0.8519122010551858,
            0.8945257859420128
        ],
        "R_Hip": [
            0.8544966479673483,
            0.888311793796212
        ],
        "R_Knee": [
            0.832215205207925,
            0.8311400448888427
        ],
        "R_Ankle": [
            0.8211403133470745,
            0.8419360320582995
        ],
        "R_Foot": [
            0.816872807244726,
            0.8158334368190543
        ],
        "Spine1": [
            0.16805492676066916,
            0.8805412951973794
        ],
        "Spine2": [
            0.18357769003329072,
            0.8271051891164793
        ],
        "Spine3": [
            0.19274360442226116,
            0.825776606347955
        ],
        "Neck": [
            0.21753178632786627,
            0.6092764778585117
        ],
        "Head": [
            0.2316243927979583,
            0.5236166760314497
        ],
        "L_Collar": [
            0.24397574395827118,
            0.7264765270326514
        ],
        "L_Shoulder": [
            0.2872258362333199,
            0.7529635111921893
        ],
        "L_Elbow": [
            0.2654373963186408,
            0.8980829738175171
        ],
        "L_Wrist": [
            0.7537201103498338,
            0.9412092024256076
        ],
        "L_Hand": [
            0.7597976270297029,
            0.9260370843843135
        ],
        "R_Collar": [
            0.1565659552614636,
            0.6920176543291292
        ],
        "R_Shoulder": [
            0.09839007780078285,
            0.6761437023913757
        ],
        "R_Elbow": [
            0.9257047901114592,
            0.806697132988777
        ],
        "R_Wrist": [
            0.8816429363938638,
            0.7888173138964557
        ],
        "R_Hand": [
            0.8737193901638403,
            0.7851723606038373
        ]
    },
    "joints3D": {
        "Pelvis": [
            -0.6308314192334147,
            0.051359944968164276,
            -1.583026651466926
        ],
        "L_Hip": [
            -0.5995076543393456,
            -0.011902060943670748,
            -1.9309481267821997
        ],
        "L_Knee": [
            -0.9318287868816073,
            -0.540830389550509,
            -2.903426240713592
        ],
        "L_Ankle": [
            -1.836312902344889,
            -0.14900303605038678,
            -3.614387697590053
        ],
        "L_Foot": [
            -1.9910199131600461,
            -0.358313158620797,
            -3.9328269715437414
        ],
        "R_Hip": [
            -0.8788443314314526,
            -0.17563131437432425,
            -1.6659909133144897
        ],
        "R_Knee": [
            -1.18443151539632,
            -1.0058574030811283,
            -2.4452655157218857
        ],
        "R_Ankle": [
            -1.4413526435909956,
            -1.4079912946607671,
            -3.559441148658984
        ],
        "R_Foot": [
            -1.4311483411571218,
            -1.8085512624563174,
            -3.4793533649539885
        ],
        "Spine1": [
            -0.5704049358314559,
            0.2851850470183637,
            -1.3563871030462238
        ],
        "Spine2": [
            -0.39644098781874915,
            0.47292056848077413,
            -1.0048257460372172
        ],
        "Spine3": [
            -0.2930933790440607,
            0.42739055750276705,
            -0.861210889677158
        ],
        "Neck": [
            -0.1425255545582031,
            0.6713761736879098,
            -0.2565450917515694
        ],
        "Head": [
            -0.05616712710889645,
            0.5096232832943451,
            -0.04345996930786964
        ],
        "L_Collar": [
            -0.025113533658672832,
            0.6789081387927731,
            -0.6168464988048791
        ],
        "L_Shoulder": [
            0.22637710189374344,
            0.6730729879756274,
            -0.7500454053519755
        ],
        "L_Elbow": [
            0.12509849614490515,
            0.3688623381691578,
            -1.4925949148825193
        ],
        "L_Wrist": [
            -0.021411274293822148,
            -0.17351664640816095,
            -2.0125719709659013
        ],
        "L_Hand": [
            -0.08746253583364469,
            -0.31752783998603235,
            -2.221842554236738
        ],
        "R_Collar": [
            -0.4286537378005376,
            0.5326026744064678,
            -0.45329127730622804
        ],
        "R_Shoulder": [
            -0.6432740001064162,
            0.3430770967260028,
            -0.3828810381425825
        ],
        "R_Elbow": [
            -1.0623215057381479,
            -0.0025718425928264155,
            -0.9426586364430584
        ],
        "R_Wrist": [
            -1.2862611455451223,
            -0.5599215213509227,
            -1.4391217300840868
        ],
        "R_Hand": [
            -1.374041789797304,
            -0.7264243681258222,
            -1.6164200095256447
        ]
    }
}