{
    "joints3D": {
        "Pelvis": [
            0.05664211730377962,
            0.8092162924504289,
            -1.428006607377726
        ],
        "L_Hip": [
            0.2845858630906335,
            0.9433068544445699,
            -1.6208294423099827
        ],
        "L_Knee": [
            0.6661456646527332,
            1.0348679657749533,
            -2.6740401929718938
        ],
        "L_Ankle": [
            0.7941280874703657,
            1.1711392791529296,
            -3.8543032500899126
        ],
        "L_Foot": [
            1.0509859010730687,
            0.9191952300785429,
            -4.015044764983076
        ],
        "R_Hip": [
            -0.06550525667538956,
            0.8303438003845501,
            -1.726108322095585
        ],
        "R_Knee": [
            -0.018139316761884117,
            1.1397919915243895,
            -2.8281365303232517
        ],
        "R_Ankle": [
            -0.10262363833475542,
            2.1883491818882814,
            -3.3957689561214757
        ],
        "R_Foot": [
            -0.11846660105436795,
            2.2615321801261943,
            -3.78750199846558
        ],
        "Spine1": [
            -0.047288437111365385,
            0.8116693274978276,
            -1.1110624660092328
        ],
        "Spine2": [
            -0.07709770676244851,
            0.6982920150654405,
            -0.7361185121321362
        ],
        "Spine3": [
            -0.06664445168642946,
            0.5906226485307237,
            -0.6063492432853402
        ],
        "Neck": [
            -0.14646900260196904,
            0.5026460676542693,
            -0.021519125125599357
        ],
        "Head": [
            -0.10253316668902267,
            0.3251354450004953,
            0.12750445784516046
        ],
        "L_Collar": [
            0.07792927956243209,
            0.6529270001782027,
            -0.22191598448307465
        ],
        "L_Shoulder": [
            0.3177687074766635,
            0.7732422509374198,
            -0.22478499467160987
        ],
        "L_Elbow": [
            0.488358249231882,
            1.0267835982216982,
            -0.9204257602906903
        ],
        "L_Wrist": [
            0.8760354977529728,
            0.9019731022025133,
            -1.5318162640404
        ],
        "L_Hand": [
            1.020421790946592,
            0.923048238347198,
            -1.7360794805779078
        ],
        "R_Collar": [
            -0.3347537351069148,
            0.4958077432839663,
            -0.3038250287986067
        ],
        "R_Shoulder": [
            -0.5850985416790689,
            0.37572758642630344,
            -0.3885312065379456
        ],
        "R_Elbow": [
            -0.6378916220347195,
            0.5742958879616167,
            -1.0994064747937577
        ],
        "R_Wrist": [
            -0.4349635965523879,
            0.3241328313554099,
            -1.783574488408508
        ],
        "R_Hand": [
            -0.3633037238399592,
            0.2698504644345902,
            -2.017659509077509
        ]
    },
    "joints2D": {
        "Pelvis": [
            0.25508247182113253,
            0.8220596526672869
        ],
        "L_Hip": [
            0.27661285377177103,
            0.8159007604266821
        ],
        "L_Knee": [
            0.2933188304895392,
            0.8559714269671751
        ],
        "L_Ankle": [
            0.2879016326198278,
            0.8783828700915066
        ],
        "L_Foot": [
            0.3003757392210778,
            0.8925611213667102
        ],
        "R_Hip": [
            0.24211013743451837,
            0.8414840402821716
        ],
        "R_Knee": [
            0.24747740716544317,
            0.860213603533792
        ],
        "R_Ankle": [
            0.24398502524253535,
            0.8054308734298676
        ],
        "R_Foot": [
            0.24366502946650162,
            0.815476106106466
        ],
        "Spine1": [
            0.2424549586090437,
            0.7879843942475923
        ],
        "Spine2": [
            0.23547009550430056,
            0.748796462064894
        ],
        "Spine3": [
            0.23504323680535855,
            0.7447204000158579
        ],
        "Neck": [
            0.20459958526251754,
            0.5102237668507158
        ],
        "Head": [
            0.20321769785769353,
            0.3843101431818891
        ],
        "L_Collar": [
            0.2664462654192338,
            0.5986875103457127
        ],
        "L_Shoulder": [
            0.3078326998267035,
            0.5810248854162241
        ],
        "L_Elbow": [
            0.3063445654089533,
            0.7147932907286766
        ],
        "L_Wrist": [
            0.33239627791904175,
            0.7901867913223697
        ],
        "L_Hand": [
            0.33723848732451683,
            0.7987496153148581
        ],
        "R_Collar": [
            0.16356046844250927,
            0.6517226325590839
        ],
        "R_Shoulder": [
            0.11034922513348308,
            0.6809466740259041
        ],
        "R_Elbow": [
            0.16050687265524924,
            0.8010820677511382
        ],
        "R_Wrist": [
            0.19885534053657503,
            0.9055787311224479
        ],
        "R_Hand": [
            0.21036209507272868,
            0.9224608027286493
        ]
    }
}