{
    "joints3D": {
        "Pelvis": [
            -0.5482672612788759,
            -0.21291072066987918,
            -1.5408131979610467
        ],
        "L_Hip": [
            -0.4121815273376042,
            -0.4042047042512093,
            -1.7923846109409711
        ],
        "L_Knee": [
            -0.517161124379838,
            -1.5189615321506251,
            -1.82869359078448
        ],
        "L_Ankle": [
            -1.0236699197443428,
            -1.9886525032253368,
            -2.7828851027716217
        ],
        "L_Foot": [
            -1.014548242413201,
            -2.3738056504212524,
            -2.6805107252312137
        ],
        "R_Hip": [
            -0.8049449648847766,
            -0.3337833784490322,
            -1.7201546909036378
        ],
        "R_Knee": [
            -1.2116986503442428,
            -0.8491130288973883,
            -2.6554353102084964
        ],
        "R_Ankle": [
            -1.432770787490473,
            -1.1612484623520831,
            -3.7662216871263303
        ],
        "R_Foot": [
            -1.5416579163493926,
            -1.5398121654874033,
            -3.807319845004741
        ],
        "Spine1": [
            -0.4803007896142717,
            0.037538231568077216,
            -1.3518561923218193
        ],
        "Spine2": [
            -0.3397247779908976,
            0.2158281565077656,
            -0.9967454591833658
        ],
        "Spine3": [
            -0.282866398892435,
            0.19756064088616207,
            -0.8300387751833395
        ],
        "Neck": [
            -0.09375666556030922,
            0.5403361060663472,
            -0.3128871229977804
        ],
        "Head": [
            0.00734306550803937,
            0.4328139341308278,
            -0.08384653673401056
        ],
        "L_Collar": [
            0.03191335546510604,
            0.40912974192289314,
            -0.6321867842441655
        ],
        "L_Shoulder": [
            0.2829460659950412,
            0.36954473276098476,
            -0.7395780843167018
        ],
        "L_Elbow": [
            0.12312407709684564,
            0.093035692009541,
            -1.4555170494272307
        ],
        "L_Wrist": [
            0.11729356400322288,
            -0.4951927263587624,
            -1.907716401142137
        ],
        "L_Hand": [
            0.08302897082527919,
            -0.6574321954105826,
            -2.1006632597454304
        ],
        "R_Collar": [
            -0.3909504961697143,
            0.44670950585972563,
            -0.4980323254697487
        ],
        "R_Shoulder": [
            -0.6602386647212893,
            0.40975856749670947,
            -0.40975174934720443
        ],
        "R_Elbow": [
            -0.973910973137576,
            0.01964297432561739,
            -0.976322493130308
        ],
        "R_Wrist": [
            -1.3007876118973678,
            -0.5725014356270884,
            -1.3124890207486282
        ],
        "R_Hand": [
            -1.4066372322720837,
            -0.738127191253902,
            -1.4679832807672675
        ]
    },
    "joints2D": {
        "Pelvis": [
            0.8238364280988695,
            0.9046556349517461
        ],
        "L_Hip": [
            0.7971938452082541,
            0.8959138488443947
        ],
        "L_Knee": [
            0.7891579236276615,
            0.764600481895289
        ],
        "L_Ankle": [
            0.8036270564862986,
            0.7814696105915462
        ],
        "L_Foot": [
            0.7995955611057555,
            0.752173267995025
        ],
        "R_Hip": [
            0.84046501365935,
            0.8781202003218971
        ],
        "R_Knee": [
            0.832475836423018,
            0.8528187311545778
        ],
        "R_Ankle": [
            0.8209596184490935,
            0.8631925046405494
        ],
        "R_Foot": [
            0.8207575305814634,
            0.8400610664123507
        ],
        "Spine1": [
            0.17167918841350693,
            0.9305182612272865
        ],
        "Spine2": [
            0.18204242603347587,
            0.8880820666516611
        ],
        "Spine3": [
            0.1828997999789832,
            0.8831043109458018
        ],
        "Neck": [
            0.22437129844978582,
            0.6592715675647637
        ],
        "Head": [
            0.25124550621662656,
            0.5567545846479565
        ],
        "L_Collar": [
            0.25640117033140936,
            0.8047203350538885
        ],
        "L_Shoulder": [
            0.3107667072861361,
            0.8220553623364381
        ],
        "L_Elbow": [
            0.2676016156273258,
            0.9455630259864524
        ],
        "L_Wrist": [
            0.739118375427307,
            0.8954469896086362
        ],
        "L_Hand": [
            0.743750381632666,
            0.8822688507392605
        ],
        "R_Collar": [
            0.1573288038223939,
            0.7299288256806126
        ],
        "R_Shoulder": [
            0.10685860429549568,
            0.6732665747305304
        ],
        "R_Elbow": [
            0.08518156278935587,
            0.8250115835333914
        ],
        "R_Wrist": [
            0.8872245915036309,
            0.7714588000557581
        ],
        "R_Hand": [
            0.8802957072155885,
            0.7664029943994437
        ]
    }
}