{
    "joints2D": {
        "Pelvis": [
            0.25907122810510885,
            0.7969479344160975
        ],
        "L_Hip": [
            0.28241276221300016,
            0.7993917873341488
        ],
        "L_Knee": [
            0.3135864688548293,
            0.8634123068395907
        ],
        "L_Ankle": [
            0.2936245303125475,
            0.7715903022027687
        ],
        "L_Foot": [
            0.29618130245465524,
            0.7702850749765294
        ],
        "R_Hip": [
            0.24704269584626046,
            0.8124549069186692
        ],
        "R_Knee": [
            0.27729739582263413,
            0.8507357539923773
        ],
        "R_Ankle": [
            0.29097490218813526,
            0.7928169539684154
        ],
        "R_Foot": [
            0.28991367846373295,
            0.816876303479417
        ],
        "Spine1": [
            0.24992440941893335,
            0.7657133212768955
        ],
        "Spine2": [
            0.24494097416401614,
            0.7535134925833687
        ],
        "Spine3": [
            0.24644769084987833,
            0.7616695925479919
        ],
        "Neck": [
            0.2347338886389575,
            0.5953712250585361
        ],
        "Head": [
            0.2501755431319675,
            0.5058727636981615
        ],
        "L_Collar": [
            0.2852896078787915,
            0.6668465547551427
        ],
        "L_Shoulder": [
            0.3306583069925246,
            0.6405527037116984
        ],
        "L_Elbow": [
            0.37418287887815327,
            0.6913570554908869
        ],
        "L_Wrist": [
            0.42697093798192415,
            0.7545838749096351
        ],
        "L_Hand": [
            0.5639070853801813,
            0.7646789381751999
        ],
        "R_Collar": [
            0.194506875180721,
            0.6867118534509636
        ],
        "R_Shoulder": [
            0.1439207186078474,
            0.7072278667597433
        ],
        "R_Elbow": [
            0.15165082199637278,
            0.8440955841962158
        ],
        "R_Wrist": [
            0.8138097887842044,
            0.9026997983225201
        ],
        "R_Hand": [
            0.800371437512609,
            0.8749455304068551
        ]
    },
    "joints3D": {
        "Pelvis": [
            0.10642835685383771,
            1.0460260397008976,
            -1.5289128168471795
        ],
        "L_Hip": [
            0.3834844733141733,
            1.1214152469906453,
            -1.7152676635413031
        ],
        "L_Knee": [
            0.9274717850128431,
            0.8323070237343224,
            -2.614320613870758
        ],
        "L_Ankle": [
            0.8303500729612915,
            1.9759729565041753,
            -2.531737202397512
        ],
        "L_Foot": [
            0.9778927882762484,
            2.198819048714022,
            -2.8078160873900986
        ],
        "R_Hip": [
            -0.018582530381156193,
            1.1202217069346125,
            -1.831811478949386
        ],
        "R_Knee": [
            0.4589175731660949,
            1.2133015715098792,
            -2.830216043421233
        ],
        "R_Ankle": [
            0.9274146536009449,
            2.1830589533534255,
            -3.2371791724650643
        ],
        "R_Foot": [
            0.9243465279644622,
            2.009083408516433,
            -3.5788506048026254
        ],
        "Spine1": [
            0.01174472836036469,
            1.0458648633693526,
            -1.2285220726800274
        ],
        "Spine2": [
            -0.026295395934617015,
            0.8400638346054404,
            -0.9104177475815248
        ],
        "Spine3": [
            -0.013412738739214959,
            0.7068444884762827,
            -0.8082904175640144
        ],
        "Neck": [
            -0.0528172406167444,
            0.5689212635332755,
            -0.18625926486465294
        ],
        "Head": [
            0.004112727244813016,
            0.4164079821061606,
            -0.01151351565387471
        ],
        "L_Collar": [
            0.1839947107510439,
            0.6867545784450588,
            -0.4256522976931331
        ],
        "L_Shoulder": [
            0.4532621409218813,
            0.7138683202145008,
            -0.3958868765198167
        ],
        "L_Elbow": [
            1.0665318628566869,
            0.8107705250295133,
            -0.8243746426145094
        ],
        "L_Wrist": [
            1.3346549988269263,
            0.16795139063640066,
            -0.9628473242467525
        ],
        "L_Hand": [
            1.4391830032115887,
            -0.04138639905268906,
            -1.0264842535888032
        ],
        "R_Collar": [
            -0.2655913836631139,
            0.6332501226889462,
            -0.4646837141804877
        ],
        "R_Shoulder": [
            -0.5189541573424709,
            0.5155228518519694,
            -0.520203185060604
        ],
        "R_Elbow": [
            -0.6844531510251701,
            0.3717052734103251,
            -1.223714060095191
        ],
        "R_Wrist": [
            -0.4708523073413706,
            -0.2581026817117517,
            -1.5283288858378556
        ],
        "R_Hand": [
            -0.4144638703518222,
            -0.48397853799184926,
            -1.5968055476932774
        ]
    }
}