{
    "joints3D": {
        "Pelvis": [
            -0.11584325054933212,
            0.027440790407010182,
            -1.7021352123712445
        ],
        "L_Hip": [
            0.07320664723893074,
            -0.03815016732201964,
            -1.9809032884382687
        ],
        "L_Knee": [
            0.27105576765098627,
            -0.29721310326629147,
            -3.049502138433804
        ],
        "L_Ankle": [
            0.23519008585630471,
            -0.5159262944033504,
            -4.2031637759800295
        ],
        "L_Foot": [
            0.37564830616945155,
            -0.8807787241246327,
            -4.275220100358435
        ],
        "R_Hip": [
            -0.3293647584161438,
            -0.007659185986109477,
            -1.9575128654815281
        ],
        "R_Knee": [
            -0.683611263842661,
            -0.23687469335636238,
            -3.0160944717297853
        ],
        "R_Ankle": [
            -0.8086763092537491,
            -0.4886297706603565,
            -4.153451757281574
        ],
        "R_Foot": [
            -0.9713370499397895,
            -0.8484983122178242,
            -4.147560570928214
        ],
        "Spine1": [
            -0.09956122506325722,
            0.17427414154026286,
            -1.4181274230900793
        ],
        "Spine2": [
            -0.06404061730965763,
            0.29000295304750506,
            -1.015602358915313
        ],
        "Spine3": [
            -0.059835681285790615,
            0.257540438061259,
            -0.8420662699071925
        ],
        "Neck": [
            -0.03783089368904119,
            0.55844518442133,
            -0.2698986909361182
        ],
        "Head": [
            -0.021513979468484077,
            0.4468912246239291,
            -0.022663097302209882
        ],
        "L_Collar": [
            0.18007691172612195,
            0.4357502399090647,
            -0.5376387039948481
        ],
        "L_Shoulder": [
            0.4523767233751835,
            0.4068870957633408,
            -0.564489336448734
        ],
        "L_Elbow": [
            0.582820392355959,
            0.19129772197956707,
            -1.3045670209429194
        ],
        "L_Wrist": [
            0.6450236646622692,
            -0.3867893137013914,
            -1.7622434208066158
        ],
        "L_Hand": [
            0.6864006969547285,
            -0.5956722470247631,
            -1.9001799435714242
        ],
        "R_Collar": [
            -0.2597568431396218,
            0.4955420667757751,
            -0.5481841630395806
        ],
        "R_Shoulder": [
            -0.5411470575212647,
            0.5181844090956979,
            -0.5873673791584063
        ],
        "R_Elbow": [
            -0.6728711751440501,
            0.35757626970312073,
            -1.3121513255654922
        ],
        "R_Wrist": [
            -0.8846631030550253,
            -0.2029579320641449,
            -1.7685706871066251
        ],
        "R_Hand": [
            -0.9749531913307925,
            -0.3968879687739967,
            -1.8978383640169563
        ]
    },
    "joints2D": {
        "Pelvis": [
            0.23294194682526506,
            0.9586375710959302
        ],
        "L_Hip": [
            0.7428352166973073,
            0.9585573187782844
        ],
        "L_Knee": [
            0.7318323965810751,
            0.936642311601404
        ],
        "L_Ankle": [
            0.7392242393103428,
            0.93100078309487
        ],
        "L_Foot": [
            0.7332924892672363,
            0.9085023980869983
        ],
        "R_Hip": [
            0.7899892984693697,
            0.9564689671853125
        ],
        "R_Knee": [
            0.8007057767793591,
            0.9327214800421606
        ],
        "R_Ankle": [
            0.7930453875618236,
            0.9254976108815535
        ],
        "R_Foot": [
            0.7986023042568484,
            0.90073829545085
        ],
        "Spine1": [
            0.2334303991935242,
            0.930603948717983
        ],
        "Spine2": [
            0.2362970106975679,
            0.888812056006427
        ],
        "Spine3": [
            0.23491849724509914,
            0.8835241535844652
        ],
        "Neck": [
            0.23884343482150397,
            0.6370853942631132
        ],
        "Head": [
            0.24117562104939377,
            0.5130114985802697
        ],
        "L_Collar": [
            0.29366717507171236,
            0.766141626214201
        ],
        "L_Shoulder": [
            0.3505317005391652,
            0.7515664352701955
        ],
        "L_Elbow": [
            0.33662992854094914,
            0.8911846026752389
        ],
        "L_Wrist": [
            0.6804530649864241,
            0.8847194981756253
        ],
        "L_Hand": [
            0.6851418272984642,
            0.8639021815779543
        ],
        "R_Collar": [
            0.18985198151925964,
            0.7454175593742675
        ],
        "R_Shoulder": [
            0.14452743307869137,
            0.7232954488337854
        ],
        "R_Elbow": [
            0.15665604429633967,
            0.8560394862902523
        ],
        "R_Wrist": [
            0.8496968074134779,
            0.8904670905302924
        ],
        "R_Hand": [
            0.8468146564075747,
            0.8689106745485712
        ]
    }
}