{
    "joints3D": {
        "Pelvis": [
            -0.25802113721077363,
            0.35419579775555465,
            -1.8695267230913615
        ],
        "L_Hip": [
            -0.07248128496856363,
            0.3213892287016836,
            -2.2414446773829297
        ],
        "L_Knee": [
            -0.029108694873187718,
            0.5566863500648183,
            -3.6530423866975337
        ],
        "L_Ankle": [
            -0.1571654756880116,
            0.8986135948891746,
            -5.130838380650248
        ],
        "L_Foot": [
            -0.13975834130244302,
            0.42501046378115087,
            -5.296332405944286
        ],
        "R_Hip": [
            -0.5466632389773052,
            0.3985326623273313,
            -2.159108279087914
        ],
        "R_Knee": [
            -0.8868348861198136,
            0.6816748399018541,
            -3.5497475826503404
        ],
        "R_Ankle": [
            -0.9879005053212161,
            1.1321000239471275,
            -5.00077059338682
        ],
        "R_Foot": [
            -1.3122538036795028,
            0.7422252801110375,
            -5.030850413335197
        ],
        "Spine1": [
            -0.17771728522786043,
            0.4812704793628991,
            -1.4720990360001647
        ],
        "Spine2": [
            -0.09410269694118704,
            0.46121624725698174,
            -0.9791145596779995
        ],
        "Spine3": [
            -0.06856917148499715,
            0.4234712923241072,
            -0.7687839449790187
        ],
        "Neck": [
            0.07318125148689694,
            0.6446121519114044,
            -0.05540120739111988
        ],
        "Head": [
            0.08592287778712931,
            0.42219128428892533,
            0.14626324833673068
        ],
        "L_Collar": [
            0.29764123277435606,
            0.5340519189705679,
            -0.4031365018493422
        ],
        "L_Shoulder": [
            0.5481479745224369,
            0.5025294683111519,
            -0.17270280500539031
        ],
        "L_Elbow": [
            0.9595867697405247,
            -0.013418491808997025,
            0.5353305568859921
        ],
        "L_Wrist": [
            1.0140223654710572,
            -0.22118499325256952,
            1.4461551860249982
        ],
        "L_Hand": [
            1.0209556984141974,
            -0.2520107380151911,
            1.7643645512082395
        ],
        "R_Collar": [
            -0.2559138930234187,
            0.6616426351058876,
            -0.3352841137852814
        ],
        "R_Shoulder": [
            -0.41458814722346404,
            0.7151597763265319,
            -0.005587539398245704
        ],
        "R_Elbow": [
            -0.7941687860930404,
            0.3362297335542118,
            0.769568443934134
        ],
        "R_Wrist": [
            -0.8963124260591901,
            0.17910173854611064,
            1.7144620493929978
        ],
        "R_Hand": [
            -0.8982611579299611,
            0.1261078513306264,
            2.0294544787789683
        ]
    },
    "joints2D": {
        "Pelvis": [
            0.22011061849915278,
            0.9107284232426016
        ],
        "L_Hip": [
            0.24170942605825727,
            0.926011809706899
        ],
        "L_Knee": [
            0.2469418017168004,
            0.9238462299426756
        ],
        "L_Ankle": [
            0.24220169419279494,
            0.9177388036102114
        ],
        "L_Foot": [
            0.24276508938072447,
            0.9426569235954697
        ],
        "R_Hip": [
            0.19714188325229867,
            0.9040881830511072
        ],
        "R_Knee": [
            0.1980174757508248,
            0.9025481569939684
        ],
        "R_Ankle": [
            0.20906293699818332,
            0.8979754608812074
        ],
        "R_Foot": [
            0.1944899412999951,
            0.9124879697439039
        ],
        "Spine1": [
            0.22573085299528944,
            0.8768343591869503
        ],
        "Spine2": [
            0.23203265233895848,
            0.8429001845377335
        ],
        "Spine3": [
            0.2340300886957005,
            0.8249187100721445
        ],
        "Neck": [
            0.2661652603281714,
            0.5238153148151641
        ],
        "Head": [
            0.27872000788248036,
            0.3948789416388898
        ],
        "L_Collar": [
            0.3181952218568773,
            0.6856955025219168
        ],
        "L_Shoulder": [
            0.3747396791676603,
            0.5767412368406515
        ],
        "L_Elbow": [
            0.548997848509214,
            0.27149803473314404
        ],
        "L_Wrist": [
            0.6268637298925184,
            0.14218385249870288
        ],
        "L_Hand": [
            0.6426463446099422,
            0.12154011809523455
        ],
        "R_Collar": [
            0.19509153412449354,
            0.6375984550971018
        ],
        "R_Shoulder": [
            0.16694754884119672,
            0.4994846353601429
        ],
        "R_Elbow": [
            0.10950985216385244,
            0.22763923556269422
        ],
        "R_Wrist": [
            0.14618762900395083,
            0.10533682485731548
        ],
        "R_Hand": [
            0.1572328301432173,
            0.08424162226270744
        ]
    }
}