{
    "joints3D": {
        "Pelvis": [
            -0.35964250820188765,
            0.8919614851885446,
            -1.7647835454398728
        ],
        "L_Hip": [
            -0.1682392319444503,
            0.9782944810646922,
            -2.119287653768714
        ],
        "L_Knee": [
            0.0029041073570270407,
            0.5249909672581496,
            -3.3165093960260257
        ],
        "L_Ankle": [
            -0.37554522707460336,
            1.7217608031791356,
            -3.9120739238239954
        ],
        "L_Foot": [
            -0.23486404166232702,
            1.4449058945402509,
            -4.231968931524197
        ],
        "R_Hip": [
            -0.6563593298435522,
            0.9579325258317523,
            -2.0269354453559263
        ],
        "R_Knee": [
            -1.2349363612155038,
            0.440770869574799,
            -3.0913307188817627
        ],
        "R_Ankle": [
            -1.1163654914509948,
            1.6325849792039648,
            -3.7930123871995876
        ],
        "R_Foot": [
            -1.2890598116601941,
            1.3106214545601163,
            -4.0583480459452135
        ],
        "Spine1": [
            -0.29773851217109987,
            0.9155502764918731,
            -1.3873297897544228
        ],
        "Spine2": [
            -0.20791014443943548,
            0.7313681374868373,
            -0.9595053397453841
        ],
        "Spine3": [
            -0.19128331873219026,
            0.5837922103563689,
            -0.811960933643947
        ],
        "Neck": [
            -0.0696809612146932,
            0.5845122477855811,
            -0.04293901593255423
        ],
        "Head": [
            -0.04086956032773569,
            0.35403091068403286,
            0.12211751387873165
        ],
        "L_Collar": [
            0.12461150850704544,
            0.6031762942364655,
            -0.42942757087497746
        ],
        "L_Shoulder": [
            0.393016330729197,
            0.5240374673714048,
            -0.333941178432199
        ],
        "L_Elbow": [
            0.7372259677507338,
            0.05273573826573351,
            -0.9824897906347607
        ],
        "L_Wrist": [
            0.47739232485712896,
            -0.5923846360275935,
            -0.5489845857003778
        ],
        "L_Hand": [
            0.3838279732494823,
            -0.8508272167897981,
            -0.5225124521080727
        ],
        "R_Collar": [
            -0.3649352307163539,
            0.642291732905658,
            -0.3487479682320691
        ],
        "R_Shoulder": [
            -0.5896175303435326,
            0.5622712615096184,
            -0.1523678542375474
        ],
        "R_Elbow": [
            -1.193254229453395,
            0.03446269196883132,
            -0.45872184829618545
        ],
        "R_Wrist": [
            -0.7220315727151295,
            -0.6370131521367414,
            -0.25798898820820604
        ],
        "R_Hand": [
            -0.5814236815643667,
            -0.873436922663559,
            -0.23956085485120562
        ]
    },
    "joints2D": {
        "Pelvis": [
            0.2145875870743245,
            0.8314891528875926
        ],
        "L_Hip": [
            0.23482172770443543,
            0.8454494164271401
        ],
        "L_Knee": [
            0.24882739380292032,
            0.9223133327341777
        ],
        "L_Ankle": [
            0.2317040595158332,
            0.8501549078049119
        ],
        "L_Foot": [
            0.2381621816895008,
            0.8749251052292315
        ],
        "R_Hip": [
            0.19445864702388108,
            0.8319308529116841
        ],
        "R_Knee": [
            0.16854525572558582,
            0.8982803982874519
        ],
        "R_Ankle": [
            0.19774239811876324,
            0.8431553238596005
        ],
        "R_Foot": [
            0.19013474879322234,
            0.865675080887008
        ],
        "Spine1": [
            0.21632064580655277,
            0.7984825582206337
        ],
        "Spine2": [
            0.21814208898846724,
            0.7787903732566446
        ],
        "Spine3": [
            0.21460080801582238,
            0.7862733410462796
        ],
        "Neck": [
            0.23023601992247275,
            0.5199661304900327
        ],
        "Head": [
            0.2314331251893326,
            0.39444714678397014
        ],
        "L_Collar": [
            0.27628813056436824,
            0.6878317733243925
        ],
        "L_Shoulder": [
            0.34067063769077754,
            0.653675010863035
        ],
        "L_Elbow": [
            0.38528886362037573,
            0.8614988402807874
        ],
        "L_Wrist": [
            0.6611116931274441,
            0.7048444429022117
        ],
        "L_Hand": [
            0.6914121203274486,
            0.6604954761853502
        ],
        "R_Collar": [
            0.17375980092897977,
            0.6404026474171705
        ],
        "R_Shoulder": [
            0.12462480675613384,
            0.5613788292306574
        ],
        "R_Elbow": [
            0.03416452103123322,
            0.6621849137219267
        ],
        "R_Wrist": [
            0.8794647751678621,
            0.5888297351275095
        ],
        "R_Hand": [
            0.8410835239057888,
            0.5712202801024335
        ]
    }
}