{
    "joints3D": {
        "Pelvis": [
            -0.0438931114465857,
            -0.08456187504937956,
            -2.031779735424554
        ],
        "L_Hip": [
            0.1959480931674855,
            -0.13113661614232058,
            -2.364116638367696
        ],
        "L_Knee": [
            0.663192735358743,
            -1.0301583105769838,
            -3.167410650795077
        ],
        "L_Ankle": [
            0.22122525975232557,
            -0.3719206184138303,
            -4.310160212071297
        ],
        "L_Foot": [
            0.46413881015037095,
            -0.7245676029734467,
            -4.436055483429773
        ],
        "R_Hip": [
            -0.29182185200714,
            -0.21896518781208799,
            -2.3180375681534144
        ],
        "R_Knee": [
            -0.570290660960447,
            -1.2860279306709967,
            -3.0411217597687235
        ],
        "R_Ankle": [
            -0.5155145047633363,
            -0.5647006674657488,
            -4.22764017152507
        ],
        "R_Foot": [
            -0.573607212770928,
            -1.0044351032237127,
            -4.3148231466181155
        ],
        "Spine1": [
            -0.05999340055441227,
            0.12555949721589912,
            -1.711190380858342
        ],
        "Spine2": [
            -0.02669218179900672,
            0.19104785691901852,
            -1.242009691700472
        ],
        "Spine3": [
            -0.015944694210664183,
            0.13704837255800112,
            -1.0397947898842932
        ],
        "Neck": [
            -0.04634990600231415,
            0.5239491926395713,
            -0.36383655995126113
        ],
        "Head": [
            -0.011999658926945286,
            0.40679260202297207,
            -0.10601685916105431
        ],
        "L_Collar": [
            0.21360675648248112,
            0.40487177045523237,
            -0.6896172015393459
        ],
        "L_Shoulder": [
            0.4675415225331662,
            0.44289874354777237,
            -0.5423486613141758
        ],
        "L_Elbow": [
            0.9983906284656467,
            -0.18676582502770572,
            -0.8332822131261856
        ],
        "L_Wrist": [
            0.7665562067695004,
            -0.5965277706614405,
            -0.16136856708090555
        ],
        "L_Hand": [
            0.7148632395788592,
            -0.8248743097538831,
            -0.014386455051414108
        ],
        "R_Collar": [
            -0.28281397574674677,
            0.36264363666686694,
            -0.6840069058408264
        ],
        "R_Shoulder": [
            -0.5252970158870448,
            0.33355937921380846,
            -0.4942182132104657
        ],
        "R_Elbow": [
            -0.9663173779296128,
            -0.40210612412227664,
            -0.546700085327862
        ],
        "R_Wrist": [
            -0.4459809872188091,
            -0.7763544734837575,
            0.004666139121396172
        ],
        "R_Hand": [
            -0.2778629839887268,
            -0.9376097916305984,
            0.15268348910887344
        ]
    },
    "joints2D": {
        "Pelvis": [
            0.7562798405221399,
            0.952874937075156
        ],
        "L_Hip": [
            0.7326868444266184,
            0.9478349303631216
        ],
        "L_Knee": [
            0.7120238734971085,
            0.8730090845705424
        ],
        "L_Ankle": [
            0.739980198124934,
            0.9406600726431947
        ],
        "L_Foot": [
            0.7293006784778125,
            0.9189262459007037
        ],
        "R_Hip": [
            0.7789613543570459,
            0.9357967187167519
        ],
        "R_Knee": [
            0.7845244312986768,
            0.8510006239388035
        ],
        "R_Ankle": [
            0.7774895310289398,
            0.925871012449838
        ],
        "R_Foot": [
            0.778123037462118,
            0.8999393360672591
        ],
        "Spine1": [
            0.24080432005305677,
            0.9443508534098071
        ],
        "Spine2": [
            0.2440624901404321,
            0.9233947687957138
        ],
        "Spine3": [
            0.24532965072237015,
            0.9292056221012581
        ],
        "Neck": [
            0.2366383696028765,
            0.6857234002132827
        ],
        "Head": [
            0.24415786133939094,
            0.5765049514098352
        ],
        "L_Collar": [
            0.2969037223021798,
            0.8089075231625629
        ],
        "L_Shoulder": [
            0.35105177445683855,
            0.7348751162755036
        ],
        "L_Elbow": [
            0.586728776859764,
            0.7720912440470282
        ],
        "L_Wrist": [
            0.6119781024083788,
            0.5559649242571538
        ],
        "L_Hand": [
            0.6403602459481967,
            0.5017502442349581
        ],
        "R_Collar": [
            0.18324567657773627,
            0.8136111132430593
        ],
        "R_Shoulder": [
            0.12165171644007393,
            0.7362352976848396
        ],
        "R_Elbow": [
            0.9136559474453271,
            0.6809239742145021
        ],
        "R_Wrist": [
            0.8324386418032204,
            0.4955859878999747
        ],
        "R_Hand": [
            0.7957730075712719,
            0.4484719897867815
        ]
    }
}