{
    "joints3D": {
        "Pelvis": [
            -0.2246271469308887,
            -0.681207206523355,
            -1.3789790131438886
        ],
        "L_Hip": [
            -0.03481693311166934,
            -0.9071970404585467,
            -1.6177155953531765
        ],
        "L_Knee": [
            -0.09130684406970696,
            -1.8526566135958984,
            -2.338005925376661
        ],
        "L_Ankle": [
            -0.354940121970362,
            -2.7470114574134095,
            -3.2149160887553028
        ],
        "L_Foot": [
            -0.32766873387895673,
            -3.111870628360052,
            -3.028225711381072
        ],
        "R_Hip": [
            -0.4874621425803568,
            -0.8697129256681042,
            -1.558255074056383
        ],
        "R_Knee": [
            -0.7112390574978443,
            -1.8320396006280641,
            -2.262988811649514
        ],
        "R_Ankle": [
            -0.7569171494556632,
            -2.695069649229692,
            -3.205644671862512
        ],
        "R_Foot": [
            -0.8334976444638654,
            -3.0389132771347347,
            -2.9843595641598792
        ],
        "Spine1": [
            -0.18517888371452582,
            -0.3711844066277949,
            -1.2147077337903807
        ],
        "Spine2": [
            -0.09407954870297787,
            -0.06498606102210559,
            -0.9164687059147929
        ],
        "Spine3": [
            -0.07578545961715379,
            -0.03954580106985046,
            -0.726162475952374
        ],
        "Neck": [
            0.035819252300245255,
            0.49028400063696687,
            -0.2556783980639164
        ],
        "Head": [
            0.047115032116068316,
            0.40591965816307995,
            -0.007335819604626238
        ],
        "L_Collar": [
            0.21516934887366257,
            0.23450344299281084,
            -0.5037432974836994
        ],
        "L_Shoulder": [
            0.48528845516139024,
            0.25296843498955585,
            -0.5337197188075964
        ],
        "L_Elbow": [
            0.5101408237031805,
            -0.20594495190121742,
            -1.1931955609645506
        ],
        "L_Wrist": [
            0.5953266683977289,
            -0.9168746928922252,
            -1.432770961981905
        ],
        "L_Hand": [
            0.593163130653198,
            -1.1158133659576472,
            -1.591321139133025
        ],
        "R_Collar": [
            -0.23559633507971303,
            0.3161988353625063,
            -0.4842299062585994
        ],
        "R_Shoulder": [
            -0.49775983655395667,
            0.42667404386735974,
            -0.4750475993646309
        ],
        "R_Elbow": [
            -0.7394079253728305,
            0.0875413769948863,
            -1.1473602940483258
        ],
        "R_Wrist": [
            -1.1407084874137958,
            -0.4991463235091305,
            -1.4638143833660822
        ],
        "R_Hand": [
            -1.211277226685563,
            -0.6857447324047998,
            -1.6210261291634387
        ]
    },
    "joints2D": {
        "Pelvis": [
            0.7789197538233126,
            0.8356755528906971
        ],
        "L_Hip": [
            0.7548688672701057,
            0.8234721297819391
        ],
        "L_Knee": [
            0.7568060403021643,
            0.7762523660891538
        ],
        "L_Ankle": [
            0.7661069628354981,
            0.7644512859684333
        ],
        "L_Foot": [
            0.7643051503513587,
            0.7365778659952661
        ],
        "R_Hip": [
            0.8009977679117712,
            0.8146419663291244
        ],
        "R_Knee": [
            0.7937584252271983,
            0.7670937576581396
        ],
        "R_Ankle": [
            0.7828807657654031,
            0.7642829169254723
        ],
        "R_Foot": [
            0.784574335496171,
            0.7351414991353117
        ],
        "Spine1": [
            0.7805934826697366,
            0.8808222561285998
        ],
        "Spine2": [
            0.7742370650860904,
            0.9430183699233908
        ],
        "Spine3": [
            0.7748379255503434,
            0.9472300208361885
        ],
        "Neck": [
            0.2590966716030092,
            0.6465437673914101
        ],
        "Head": [
            0.26659384187264157,
            0.5028730358189063
        ],
        "L_Collar": [
            0.31873488402035854,
            0.8254815007916617
        ],
        "L_Shoulder": [
            0.3750458041879014,
            0.7753216734750666
        ],
        "L_Elbow": [
            0.6678357018063311,
            0.8879953721709966
        ],
        "L_Wrist": [
            0.6900392309812184,
            0.7924373633827864
        ],
        "L_Hand": [
            0.6979879042962461,
            0.7836458841858872
        ],
        "R_Collar": [
            0.17854490190615452,
            0.7854260925228627
        ],
        "R_Shoulder": [
            0.13529818667222432,
            0.7136253989418914
        ],
        "R_Elbow": [
            0.1268223976845751,
            0.8753423285703537
        ],
        "R_Wrist": [
            0.8731835799893245,
            0.8099462206740927
        ],
        "R_Hand": [
            0.864708181575572,
            0.8006689423293641
        ]
    }
}