{
    "joints3D": {
        "Pelvis": [
            -0.2349223297425298,
            0.9306277514794896,
            -1.8108188924728161
        ],
        "L_Hip": [
            -0.04787926898755794,
            1.0743604926109422,
            -2.1013335401652875
        ],
        "L_Knee": [
            -0.10806020109063999,
            1.6681158266535818,
            -3.111246535729689
        ],
        "L_Ankle": [
            -0.3831958810070947,
            2.546412531702415,
            -3.9744810333436753
        ],
        "L_Foot": [
            -0.4427426185565601,
            2.5852056266875394,
            -4.373134132876359
        ],
        "R_Hip": [
            -0.4794826932231888,
            0.943098535865357,
            -2.080904050105828
        ],
        "R_Knee": [
            -0.5238583420756155,
            0.35383747399698967,
            -3.1211874848172836
        ],
        "R_Ankle": [
            -0.479663903335846,
            0.9158961902181995,
            -4.248865734772066
        ],
        "R_Foot": [
            -0.5031381071903711,
            0.6478443268535561,
            -4.558367216220301
        ],
        "Spine1": [
            -0.2283708102390207,
            0.9370840100887519,
            -1.4628739122901553
        ],
        "Spine2": [
            -0.18620682734011676,
            0.8076519610077413,
            -1.0540929767022145
        ],
        "Spine3": [
            -0.16063645498498633,
            0.6587210585220193,
            -0.9386883954990797
        ],
        "Neck": [
            -0.14414149511218946,
            0.6105399564631085,
            -0.23337293631252493
        ],
        "Head": [
            -0.09975522768205469,
            0.46980055154688743,
            -0.02076206850785451
        ],
        "L_Collar": [
            0.07414889000002348,
            0.6751299058136718,
            -0.5540438137671314
        ],
        "L_Shoulder": [
            0.3425611162405502,
            0.6833655113213447,
            -0.556187622925031
        ],
        "L_Elbow": [
            0.4724877459986576,
            0.874279778783224,
            -1.3142316309146764
        ],
        "L_Wrist": [
            0.3980227644236568,
            0.20400987346450178,
            -0.9992097959600987
        ],
        "L_Hand": [
            0.3550192808552184,
            -0.02028824255560019,
            -0.8955723141662518
        ],
        "R_Collar": [
            -0.3774412244995537,
            0.6595063431842173,
            -0.5415762557952599
        ],
        "R_Shoulder": [
            -0.6550959986145225,
            0.6282373681596396,
            -0.5156762787040016
        ],
        "R_Elbow": [
            -0.8896670780586732,
            1.2059755579060054,
            -0.9836716311998275
        ],
        "R_Wrist": [
            -0.8056475819432858,
            0.5297119555592593,
            -1.3357718242024041
        ],
        "R_Hand": [
            -0.7298835399077488,
            0.3280680849911992,
            -1.4634438848689797
        ]
    },
    "joints2D": {
        "Pelvis": [
            0.22691409920962385,
            0.8322361534524176
        ],
        "L_Hip": [
            0.2447982136122196,
            0.8346150547163679
        ],
        "L_Knee": [
            0.24288248436189105,
            0.8288960713821154
        ],
        "L_Ankle": [
            0.23378383936539104,
            0.8054837961461125
        ],
        "L_Foot": [
            0.23251357766025982,
            0.8158817636314768
        ],
        "R_Hip": [
            0.20893755896140243,
            0.8419026992502946
        ],
        "R_Knee": [
            0.21245596869291206,
            0.9284725228718321
        ],
        "R_Ankle": [
            0.22561764513485855,
            0.9051700316963078
        ],
        "R_Foot": [
            0.22508155023534795,
            0.9241793562636014
        ],
        "Spine1": [
            0.22468398061930336,
            0.8042092588578589
        ],
        "Spine2": [
            0.22374779039484788,
            0.7791205906654968
        ],
        "Spine3": [
            0.22346331687440507,
            0.7915406544864468
        ],
        "Neck": [
            0.21414910323921998,
            0.6089721155421344
        ],
        "Head": [
            0.21614475315907694,
            0.5108096315440234
        ],
        "L_Collar": [
            0.2629042556243094,
            0.7104294250753738
        ],
        "L_Shoulder": [
            0.31079893656252444,
            0.6991228297198332
        ],
        "L_Elbow": [
            0.30143576843929415,
            0.7909797690295987
        ],
        "L_Wrist": [
            0.3257698719702156,
            0.8845349329603592
        ],
        "L_Hand": [
            0.666394956307798,
            0.9259419901329771
        ],
        "R_Collar": [
            0.17884940917323586,
            0.6975661538946454
        ],
        "R_Shoulder": [
            0.13612480034351404,
            0.6744233398264781
        ],
        "R_Elbow": [
            0.1619408332199009,
            0.6890055485762604
        ],
        "R_Wrist": [
            0.1508859587592754,
            0.8214413084273345
        ],
        "R_Hand": [
            0.15625359649711415,
            0.8677642504881904
        ]
    }
}