{
    "joints3D": {
        "Pelvis": [
            -0.0834062876179292,
            1.3520055702611888,
            -1.4464886619684956
        ],
        "L_Hip": [
            0.09990382711453973,
            1.4091933069461775,
            -1.7123288035947248
        ],
        "L_Knee": [
            0.5341199270633125,
            0.33193303443644595,
            -1.6806257148846975
        ],
        "L_Ankle": [
            0.4645602641472268,
            0.4491024955161766,
            -2.8196841404136515
        ],
        "L_Foot": [
            0.7270451248990525,
            0.1371105591716778,
            -2.8467929159675354
        ],
        "R_Hip": [
            -0.2629521241797854,
            1.3430811051184344,
            -1.7123566204169087
        ],
        "R_Knee": [
            -0.23150106377004026,
            0.18898007949555354,
            -1.728857914444705
        ],
        "R_Ankle": [
            -0.13316995366700513,
            0.4086821621924819,
            -2.8402640513338433
        ],
        "R_Foot": [
            -0.19324742168952075,
            0.00907597881719863,
            -2.8614210133525293
        ],
        "Spine1": [
            -0.10836162684169087,
            1.4183806509226902,
            -1.11837484269346
        ],
        "Spine2": [
            -0.035157288226261546,
            1.0398685696822076,
            -0.8834791402048625
        ],
        "Spine3": [
            -0.01716188036263404,
            0.9117957774170463,
            -0.7555282684794854
        ],
        "Neck": [
            -0.047848250966930676,
            0.633136470298084,
            -0.18211261656665367
        ],
        "Head": [
            0.026909763823275687,
            0.43713194038247627,
            0.01005729936936759
        ],
        "L_Collar": [
            0.17217467460679048,
            0.8139094158850082,
            -0.39236426684073256
        ],
        "L_Shoulder": [
            0.44552680085039104,
            0.821662417977214,
            -0.3532943810493331
        ],
        "L_Elbow": [
            0.5929310515181231,
            1.3790174801434965,
            -0.7833664464859865
        ],
        "L_Wrist": [
            0.8152580385548552,
            1.7728077043653956,
            -1.334451873127439
        ],
        "L_Hand": [
            0.7844449401928891,
            1.9595836582772819,
            -1.507908106709104
        ],
        "R_Collar": [
            -0.2575269560830244,
            0.7888248566716693,
            -0.42983229330713835
        ],
        "R_Shoulder": [
            -0.5438853578710597,
            0.7152427037136226,
            -0.45197783756669635
        ],
        "R_Elbow": [
            -0.7107284379021676,
            1.1732114660566373,
            -0.9460779392930934
        ],
        "R_Wrist": [
            -0.9433358122012943,
            1.399698794231082,
            -1.606402344718829
        ],
        "R_Hand": [
            -1.002220276398281,
            1.5136301848582525,
            -1.825354470600294
        ]
    },
    "joints2D": {
        "Pelvis": [
            0.24131415803423045,
            0.7514273349482103
        ],
        "L_Hip": [
            0.25661319378810044,
            0.7705553411206892
        ],
        "L_Knee": [
            0.3118257826914709,
            0.8949066392003873
        ],
        "L_Ankle": [
            0.2832130270320943,
            0.9169540514892032
        ],
        "L_Foot": [
            0.3048575036428427,
            0.9375190463937738
        ],
        "R_Hip": [
            0.2272194860041447,
            0.7762823891811
        ],
        "R_Knee": [
            0.2195670797365372,
            0.9315372294476363
        ],
        "R_Ankle": [
            0.23859886898836555,
            0.9256550358670634
        ],
        "R_Foot": [
            0.23294724985253218,
            0.9620473845971241
        ],
        "Spine1": [
            0.23859452178361965,
            0.7046635644325924
        ],
        "Spine2": [
            0.24428531198367115,
            0.7162089584104102
        ],
        "Spine3": [
            0.2461977244782015,
            0.7124331200357071
        ],
        "Neck": [
            0.23722512240313942,
            0.584183622761339
        ],
        "Head": [
            0.25818946778778445,
            0.4901455160943227
        ],
        "L_Collar": [
            0.27891605381808676,
            0.6352672444362352
        ],
        "L_Shoulder": [
            0.32240665566458104,
            0.6142716835912424
        ],
        "L_Elbow": [
            0.30674130851600667,
            0.6508033045320972
        ],
        "L_Wrist": [
            0.307218286257635,
            0.6890456077339915
        ],
        "L_Hand": [
            0.2999023930594812,
            0.6943570170232335
        ],
        "R_Collar": [
            0.20340993548380726,
            0.6482718744715766
        ],
        "R_Shoulder": [
            0.1554882744681605,
            0.6521060633023438
        ],
        "R_Elbow": [
            0.17497543063335866,
            0.6934015601357295
        ],
        "R_Wrist": [
            0.17602429523844332,
            0.7446009701762172
        ],
        "R_Hand": [
            0.17848183111546165,
            0.7528470013457264
        ]
    }
}