{
    "joints2D": {
        "Pelvis": [
            0.7776778022161271,
            0.8307709219263223
        ],
        "L_Hip": [
            0.7528105972497103,
            0.8306221421420396
        ],
        "L_Knee": [
            0.7450222942264255,
            0.8125386887379183
        ],
        "L_Ankle": [
            0.7534870738059724,
            0.8047711469221256
        ],
        "L_Foot": [
            0.7429177262303157,
            0.7833386448690238
        ],
        "R_Hip": [
            0.7938975408145922,
            0.8019197042725531
        ],
        "R_Knee": [
            0.7868477074873632,
            0.7653031444261494
        ],
        "R_Ankle": [
            0.7800190563107099,
            0.7835984208847961
        ],
        "R_Foot": [
            0.7781484218204702,
            0.7557657713357054
        ],
        "Spine1": [
            0.7899531813038214,
            0.8688493780786742
        ],
        "Spine2": [
            0.8082731264327054,
            0.9269602561442004
        ],
        "Spine3": [
            0.8127435419866387,
            0.929335781612953
        ],
        "Neck": [
            0.1893480628642471,
            0.6300108631755099
        ],
        "Head": [
            0.19339023596804286,
            0.44727713931392293
        ],
        "L_Collar": [
            0.2594778292320105,
            0.8178125448931745
        ],
        "L_Shoulder": [
            0.3348873837571127,
            0.8187421917619935
        ],
        "L_Elbow": [
            0.6824790004748,
            0.9092493747177874
        ],
        "L_Wrist": [
            0.6967977753451557,
            0.8099953279219179
        ],
        "L_Hand": [
            0.7034066083009138,
            0.7936785221953325
        ],
        "R_Collar": [
            0.11882409585416673,
            0.75501812356917
        ],
        "R_Shoulder": [
            0.0678586393458663,
            0.701435849067755
        ],
        "R_Elbow": [
            0.8957826789347382,
            0.7958264127701753
        ],
        "R_Wrist": [
            0.825874730853037,
            0.7035959297707121
        ],
        "R_Hand": [
            0.7996011376664701,
            0.6748168251849718
        ]
    },
    "joints3D": {
        "Pelvis": [
            -0.20198722291173948,
            -0.6610852797808315,
            -1.2796858833202278
        ],
        "L_Hip": [
            -0.01332209119620069,
            -0.8090579896421234,
            -1.529297740083426
        ],
        "L_Knee": [
            0.09755007299051002,
            -1.481493388721919,
            -2.4267128573843895
        ],
        "L_Ankle": [
            -0.046656569454226964,
            -2.1835830745115943,
            -3.3702564355254467
        ],
        "L_Foot": [
            0.19552151208314245,
            -2.4979915513479205,
            -3.3130145329217116
        ],
        "R_Hip": [
            -0.397466319913435,
            -0.8959794024659203,
            -1.4232048945588351
        ],
        "R_Knee": [
            -0.5671083724647152,
            -1.777162730681596,
            -2.141461285413
        ],
        "R_Ankle": [
            -0.6356151959780946,
            -2.3461618537873057,
            -3.174884699541087
        ],
        "R_Foot": [
            -0.6294889669001342,
            -2.719807652229957,
            -3.036841399370576
        ],
        "Spine1": [
            -0.23220648402988858,
            -0.3833506820701679,
            -1.1177790252153923
        ],
        "Spine2": [
            -0.21988682455121972,
            -0.07223854518540111,
            -0.8300219485847715
        ],
        "Spine3": [
            -0.18671450256716654,
            -0.04538587759341882,
            -0.6570888263226545
        ],
        "Neck": [
            -0.1817333080821358,
            0.42345219688241637,
            -0.20340551603400167
        ],
        "Head": [
            -0.14328720119635335,
            0.3824376416327053,
            0.06484167602847384
        ],
        "L_Collar": [
            0.03138889496239802,
            0.2714467862741364,
            -0.46422079989369913
        ],
        "L_Shoulder": [
            0.29448818665577015,
            0.24620168881769625,
            -0.5488136408559664
        ],
        "L_Elbow": [
            0.4069304755149428,
            -0.15729202589954075,
            -1.2169176385148188
        ],
        "L_Wrist": [
            0.517457825859762,
            -0.8458142594306072,
            -1.4828896112727719
        ],
        "L_Hand": [
            0.5219699804275768,
            -1.0660273786235819,
            -1.6131703301564024
        ],
        "R_Collar": [
            -0.41054300689569306,
            0.22623990412175857,
            -0.40754039656133795
        ],
        "R_Shoulder": [
            -0.6883742640431864,
            0.1548826168304244,
            -0.38868172618114294
        ],
        "R_Elbow": [
            -0.9399423236946037,
            -0.2638826790308801,
            -0.9714936208947202
        ],
        "R_Wrist": [
            -0.5584172622163285,
            -0.8902004569359979,
            -0.773047838649358
        ],
        "R_Hand": [
            -0.3850589765170707,
            -1.0614831883567035,
            -0.7085166177727825
        ]
    }
}