{
    "joints3D": {
        "Pelvis": [
            -0.008756425457579866,
            -0.02239391747978088,
            -1.9263592447261326
        ],
        "L_Hip": [
            0.20721142843245519,
            -0.06994827713308259,
            -2.1665453343115804
        ],
        "L_Knee": [
            0.7752679902827876,
            -0.5000496191956991,
            -3.07782018831409
        ],
        "L_Ankle": [
            1.0962586796508864,
            -0.6263889325614226,
            -4.166573918088618
        ],
        "L_Foot": [
            1.357025784721246,
            -0.9361827399115448,
            -4.205610027793316
        ],
        "R_Hip": [
            -0.15341051173175826,
            -0.13579577411516802,
            -2.1877140028291286
        ],
        "R_Knee": [
            -0.24380338664939158,
            -0.7070410214550892,
            -3.18115598870007
        ],
        "R_Ankle": [
            -0.18621175680871355,
            -0.8010392370936311,
            -4.307908400599622
        ],
        "R_Foot": [
            -0.19669991247643845,
            -1.2036089633793028,
            -4.29689501284827
        ],
        "Spine1": [
            -0.07157190923566172,
            0.16483673703200316,
            -1.6567502398485474
        ],
        "Spine2": [
            -0.09319045050429718,
            0.27574685617985784,
            -1.221738216562611
        ],
        "Spine3": [
            -0.10771427703815328,
            0.2952449265081192,
            -1.0422552907509854
        ],
        "Neck": [
            -0.19834492851081179,
            0.5222901849143209,
            -0.45571378064979673
        ],
        "Head": [
            -0.14925007262064638,
            0.463061751352915,
            -0.18313027331473827
        ],
        "L_Collar": [
            0.04428779835240263,
            0.5015006331301438,
            -0.7104359845508031
        ],
        "L_Shoulder": [
            0.3153711590394651,
            0.5424341923786393,
            -0.688723854822926
        ],
        "L_Elbow": [
            0.46976717295968645,
            0.4183185624093897,
            -1.3768491559637133
        ],
        "L_Wrist": [
            0.508558901887026,
            -0.24076321023376737,
            -1.1164505124873463
        ],
        "L_Hand": [
            0.5955388669188862,
            -0.4358484762781625,
            -0.9760409157152068
        ],
        "R_Collar": [
            -0.37900075438849523,
            0.4383419753008342,
            -0.7536050607837458
        ],
        "R_Shoulder": [
            -0.668837387478609,
            0.38455208200470165,
            -0.7687661947728027
        ],
        "R_Elbow": [
            -0.6396425019895766,
            0.25356364162618583,
            -1.4465831641361369
        ],
        "R_Wrist": [
            -0.7477426227384967,
            -0.43733592391499826,
            -1.228375435456955
        ],
        "R_Hand": [
            -0.8248705120072132,
            -0.6543976604377048,
            -1.1246751016389651
        ]
    },
    "joints2D": {
        "Pelvis": [
            0.7524123425945632,
            0.9608741822165612
        ],
        "L_Hip": [
            0.7295470864755791,
            0.9533949037835
        ],
        "L_Knee": [
            0.6994259876742657,
            0.9096291496380252
        ],
        "L_Ankle": [
            0.6968547876721856,
            0.9115909569691495
        ],
        "L_Foot": [
            0.6882402031955857,
            0.8885084318205271
        ],
        "R_Hip": [
            0.7671100467286356,
            0.9465275909913389
        ],
        "R_Knee": [
            0.7669689778573596,
            0.9046497368130129
        ],
        "R_Ankle": [
            0.7603814081625908,
            0.9147537682610299
        ],
        "R_Foot": [
            0.7603587032373746,
            0.8904916063161086
        ],
        "Spine1": [
            0.23913573346986397,
            0.9373534968455605
        ],
        "Spine2": [
            0.23313829991563542,
            0.903775181354124
        ],
        "Spine3": [
            0.22843483169999432,
            0.8883227494034251
        ],
        "Neck": [
            0.20147799458502763,
            0.7140057723412584
        ],
        "Head": [
            0.20230423090480276,
            0.6109940565392239
        ],
        "L_Collar": [
            0.25784841693465593,
            0.7926716024517496
        ],
        "L_Shoulder": [
            0.3097739580492153,
            0.764291913167321
        ],
        "L_Elbow": [
            0.3118764036095248,
            0.86795641502917
        ],
        "L_Wrist": [
            0.6653148990548298,
            0.8750702767553962
        ],
        "L_Hand": [
            0.6554530122392987,
            0.811646208656442
        ],
        "R_Collar": [
            0.1732762798270912,
            0.7969942226028828
        ],
        "R_Shoulder": [
            0.12747672414098224,
            0.7758173766696942
        ],
        "R_Elbow": [
            0.16280569930706362,
            0.8855255436137865
        ],
        "R_Wrist": [
            0.8520909813463416,
            0.8282442565711711
        ],
        "R_Hand": [
            0.8540107606194716,
            0.7772058691831978
        ]
    }
}