{
    "joints2D": {
        "Pelvis": [
            0.1646981861517843,
            0.8365823882040672
        ],
        "L_Hip": [
            0.17980971055908324,
            0.867990748267307
        ],
        "L_Knee": [
            0.17017189568892083,
            0.9072552377569234
        ],
        "L_Ankle": [
            0.17648995824404864,
            0.8560144397945237
        ],
        "L_Foot": [
            0.17195595594955443,
            0.8622733601234541
        ],
        "R_Hip": [
            0.14101890489549385,
            0.8245602776592054
        ],
        "R_Knee": [
            0.12670337292584735,
            0.8708897618007667
        ],
        "R_Ankle": [
            0.13565452085533392,
            0.8874680113948545
        ],
        "R_Foot": [
            0.8729050453785562,
            0.8881827154828063
        ],
        "Spine1": [
            0.17566732430528892,
            0.803991500154392
        ],
        "Spine2": [
            0.1910235029956997,
            0.7721616280809583
        ],
        "Spine3": [
            0.1922241335432144,
            0.7711394497797982
        ],
        "Neck": [
            0.26085492437953095,
            0.5783209066518579
        ],
        "Head": [
            0.28596773348000026,
            0.49046451173907274
        ],
        "L_Collar": [
            0.27131894784726274,
            0.7330902268127424
        ],
        "L_Shoulder": [
            0.3139292083300558,
            0.7812273479394858
        ],
        "L_Elbow": [
            0.2673001113481375,
            0.8716502740258018
        ],
        "L_Wrist": [
            0.22917694208720238,
            0.9462081985785842
        ],
        "L_Hand": [
            0.21914006432084718,
            0.9575980104483921
        ],
        "R_Collar": [
            0.19299718959653944,
            0.6185078803378518
        ],
        "R_Shoulder": [
            0.16519077872722718,
            0.5616991289663558
        ],
        "R_Elbow": [
            0.16135558617578802,
            0.6425178878805804
        ],
        "R_Wrist": [
            0.1331887907891102,
            0.6928860904325476
        ],
        "R_Hand": [
            0.12980728570014965,
            0.7058042123730445
        ]
    },
    "joints3D": {
        "Pelvis": [
            -0.6934861352113331,
            0.5309479281455122,
            -1.4015424839224246
        ],
        "L_Hip": [
            -0.6453680371882453,
            0.5054831977878567,
            -1.737887874130501
        ],
        "L_Knee": [
            -1.0439444546987031,
            0.3068830379474643,
            -2.727105122884034
        ],
        "L_Ankle": [
            -1.382966777270194,
            1.1385673983581655,
            -3.4380107312583323
        ],
        "L_Foot": [
            -1.581372941764374,
            1.1056723853396175,
            -3.7633427398967227
        ],
        "R_Hip": [
            -1.0037513783229268,
            0.5248249804322871,
            -1.52619442136663
        ],
        "R_Knee": [
            -1.5800969149327584,
            0.2249757662269859,
            -2.4206393496019123
        ],
        "R_Ankle": [
            -2.0157137965059078,
            0.24065593645972777,
            -3.4805048657228923
        ],
        "R_Foot": [
            -2.18538362095605,
            -0.09955139609328946,
            -3.5141602060682633
        ],
        "Spine1": [
            -0.5453860992236182,
            0.6363727467093009,
            -1.1461260973594727
        ],
        "Spine2": [
            -0.34561643974309075,
            0.6204567706448572,
            -0.8244214965737794
        ],
        "Spine3": [
            -0.28690408207678114,
            0.5297415928264634,
            -0.6963362792845976
        ],
        "Neck": [
            0.04914765635424034,
            0.6098508367888704,
            -0.16304921919730656
        ],
        "Head": [
            0.11269727824983922,
            0.4600983248283719,
            0.010292720033962451
        ],
        "L_Collar": [
            0.0971523895905871,
            0.5274327961496723,
            -0.505107013969706
        ],
        "L_Shoulder": [
            0.3050725842280787,
            0.4556268802368666,
            -0.6633981954962274
        ],
        "L_Elbow": [
            0.13905042062096074,
            0.48916286944491644,
            -1.3949439889210378
        ],
        "L_Wrist": [
            -0.16586567830248877,
            0.11697201898932988,
            -1.9127610367156083
        ],
        "L_Hand": [
            -0.27020047252497525,
            0.020790297075161293,
            -2.1080035779914823
        ],
        "R_Collar": [
            -0.27108550166996953,
            0.6855113654982615,
            -0.2952910089871106
        ],
        "R_Shoulder": [
            -0.4971066405854567,
            0.8219076494250517,
            -0.19186146373456836
        ],
        "R_Elbow": [
            -0.8418985006110143,
            1.222512594064935,
            -0.7004202196092105
        ],
        "R_Wrist": [
            -1.3911152008981447,
            1.224385420803658,
            -1.1784367806527305
        ],
        "R_Hand": [
            -1.5491675032680126,
            1.2507552564146232,
            -1.3591852561348359
        ]
    }
}