{
    "joints3D": {
        "Pelvis": [
            0.030987840323948426,
            0.205223449436994,
            -1.7147234348417375
        ],
        "L_Hip": [
            0.19817437055584894,
            0.12445775092034986,
            -1.9562745406041542
        ],
        "L_Knee": [
            0.21898111654662708,
            -0.5242554226056336,
            -2.7578011403485605
        ],
        "L_Ankle": [
            0.005348906962266108,
            -1.1722003042358524,
            -3.627161706675529
        ],
        "L_Foot": [
            0.034914874801465254,
            -1.5378143015020693,
            -3.563239695080625
        ],
        "R_Hip": [
            -0.15070399881311944,
            0.16917443179734773,
            -1.9507381110650333
        ],
        "R_Knee": [
            -0.27205934750851263,
            0.07300129033013494,
            -2.9938532620869407
        ],
        "R_Ankle": [
            -0.1721787263794476,
            0.13220561935991257,
            -4.094472294885077
        ],
        "R_Foot": [
            -0.3242390237757035,
            -0.2011587230411548,
            -4.180137564016354
        ],
        "Spine1": [
            0.0482369772136421,
            0.37368385976865887,
            -1.4456118006406933
        ],
        "Spine2": [
            0.07334359032490745,
            0.3939482161268124,
            -1.064834179107343
        ],
        "Spine3": [
            0.07719101866603585,
            0.340109904142349,
            -0.9106499107351927
        ],
        "Neck": [
            0.06899090319804503,
            0.4382505478259956,
            -0.328935682572119
        ],
        "Head": [
            0.10391990856809655,
            0.32513099010508656,
            -0.13350999769104108
        ],
        "L_Collar": [
            0.2974445747221017,
            0.42881136734389086,
            -0.5786701673879587
        ],
        "L_Shoulder": [
            0.5601207526870394,
            0.4608724769605553,
            -0.6377868809924728
        ],
        "L_Elbow": [
            0.6977885202255295,
            0.5914602888013653,
            -1.3294005885803286
        ],
        "L_Wrist": [
            0.8533283791773798,
            0.29218700020314053,
            -1.9370083510908547
        ],
        "L_Hand": [
            0.9197745803574066,
            0.19773932211089848,
            -2.1485048683090953
        ],
        "R_Collar": [
            -0.1536628041744259,
            0.4323303410907822,
            -0.5863641980662063
        ],
        "R_Shoulder": [
            -0.4382028755946064,
            0.4034733010258758,
            -0.6303526482418865
        ],
        "R_Elbow": [
            -0.6635281552675591,
            0.4072536460413984,
            -1.2916543293693599
        ],
        "R_Wrist": [
            -0.8530866353373486,
            0.04743849192132611,
            -1.8705630152483614
        ],
        "R_Hand": [
            -0.9048798400620359,
            -0.06501292688993587,
            -2.0749966475184456
        ]
    },
    "joints2D": {
        "Pelvis": [
            0.2525726503404492,
            0.9323675344955408
        ],
        "L_Hip": [
            0.2713174598107408,
            0.9449770859023319
        ],
        "L_Knee": [
            0.7348592046595055,
            0.9128646989903039
        ],
        "L_Ankle": [
            0.7510765462641764,
            0.8799407715413375
        ],
        "L_Foot": [
            0.7496143393381375,
            0.8533233905046901
        ],
        "R_Hip": [
            0.23154611343181605,
            0.9398487077830029
        ],
        "R_Knee": [
            0.22781447285710926,
            0.9556566948532071
        ],
        "R_Ankle": [
            0.23901661608841304,
            0.9550397341401156
        ],
        "R_Foot": [
            0.7689143872328366,
            0.9499437657893062
        ],
        "Spine1": [
            0.2552962240593985,
            0.8961645877531895
        ],
        "Spine2": [
            0.26139608308080414,
            0.8676414711854848
        ],
        "Spine3": [
            0.26428715213796405,
            0.8664418746229111
        ],
        "Neck": [
            0.2695251445354249,
            0.6964230723917278
        ],
        "Head": [
            0.2944625799213108,
            0.615019401968671
        ],
        "L_Collar": [
            0.3184011445828002,
            0.7687142760134708
        ],
        "L_Shoulder": [
            0.3575912352800496,
            0.7453963816642932
        ],
        "L_Elbow": [
            0.33349322867476694,
            0.820596033530874
        ],
        "L_Wrist": [
            0.33538624842410847,
            0.8910950850899032
        ],
        "L_Hand": [
            0.3360835857489701,
            0.9057961103699627
        ],
        "R_Collar": [
            0.21134664443381138,
            0.7819091124240367
        ],
        "R_Shoulder": [
            0.15327925872635975,
            0.771638261509149
        ],
        "R_Elbow": [
            0.1587480480779462,
            0.8472632770978225
        ],
        "R_Wrist": [
            0.15308363779001888,
            0.9163411884043471
        ],
        "R_Hand": [
            0.8431159888263988,
            0.9181032907186506
        ]
    }
}