{
    "joints2D": {
        "Pelvis": [
            0.273257664878473,
            0.8813256868192024
        ],
        "L_Hip": [
            0.2932171896091803,
            0.87344551475415
        ],
        "L_Knee": [
            0.30013054311867277,
            0.8826037389250441
        ],
        "L_Ankle": [
            0.2928708238984777,
            0.8933957075341035
        ],
        "L_Foot": [
            0.3049561545848368,
            0.9071329169183358
        ],
        "R_Hip": [
            0.25507732312492054,
            0.9036331818949843
        ],
        "R_Knee": [
            0.2515174550810045,
            0.9238474307449548
        ],
        "R_Ankle": [
            0.26028841041064904,
            0.9250847567977488
        ],
        "R_Foot": [
            0.25946905107967083,
            0.9497095917395251
        ],
        "Spine1": [
            0.26507449530786836,
            0.8523977693283051
        ],
        "Spine2": [
            0.25895769230662075,
            0.8072600445086608
        ],
        "Spine3": [
            0.2621958999179107,
            0.8014623125571035
        ],
        "Neck": [
            0.2283957200801124,
            0.5459967417833331
        ],
        "Head": [
            0.21791990086359797,
            0.4246314914827316
        ],
        "L_Collar": [
            0.2901045605361548,
            0.6463632642981495
        ],
        "L_Shoulder": [
            0.3363726250924725,
            0.6115431348545711
        ],
        "L_Elbow": [
            0.33835013866212466,
            0.7588222687660848
        ],
        "L_Wrist": [
            0.34005638024705453,
            0.8487210244911444
        ],
        "L_Hand": [
            0.34213325795684674,
            0.8469441085624652
        ],
        "R_Collar": [
            0.19301588315420712,
            0.6927831345713776
        ],
        "R_Shoulder": [
            0.1326276925040191,
            0.6911566428371877
        ],
        "R_Elbow": [
            0.1698452078791961,
            0.8812139755677958
        ],
        "R_Wrist": [
            0.21902149566117132,
            0.9554562433801855
        ],
        "R_Hand": [
            0.24307283588985829,
            0.9579689506748261
        ]
    },
    "joints3D": {
        "Pelvis": [
            0.2035815585233342,
            0.4886252428455156,
            -1.588051334541377
        ],
        "L_Hip": [
            0.4331162686291722,
            0.57766144494662,
            -1.8274709892302519
        ],
        "L_Knee": [
            0.7686550737077426,
            0.7721453068597252,
            -2.87612566070137
        ],
        "L_Ankle": [
            0.8998726597357948,
            0.9580198600162506,
            -4.029563868535099
        ],
        "L_Foot": [
            1.1484838158461383,
            0.685859357698084,
            -4.1792390810972115
        ],
        "R_Hip": [
            0.059722683825411176,
            0.43267998948517433,
            -1.8853539467464273
        ],
        "R_Knee": [
            0.04079673540115802,
            0.46074676349658666,
            -3.025302529495105
        ],
        "R_Ankle": [
            0.2272539607505754,
            0.6072545794260209,
            -4.173557450641179
        ],
        "R_Foot": [
            0.20384306112759795,
            0.22197120625431202,
            -4.258693126297128
        ],
        "Spine1": [
            0.11902905742294649,
            0.5542904831558865,
            -1.2860868880998553
        ],
        "Spine2": [
            0.057902492573628055,
            0.551709024073454,
            -0.8699006981340802
        ],
        "Spine3": [
            0.0635258717946384,
            0.4709600249189621,
            -0.7127944456225848
        ],
        "Neck": [
            -0.08022629650529961,
            0.6073002944289667,
            -0.09651868855480218
        ],
        "Head": [
            -0.08595030239425785,
            0.4211432307747159,
            0.10162923541134718
        ],
        "L_Collar": [
            0.19018828431487075,
            0.6402967989878198,
            -0.3419098826294805
        ],
        "L_Shoulder": [
            0.4582770116041698,
            0.685636765366058,
            -0.2984280415932571
        ],
        "L_Elbow": [
            0.7104781426911051,
            0.75645451123323,
            -1.0356739854398413
        ],
        "L_Wrist": [
            0.8917479939475084,
            0.5214949236649273,
            -1.7141292024260393
        ],
        "L_Hand": [
            1.026638033768656,
            0.5844626134468235,
            -1.9198218715649333
        ],
        "R_Collar": [
            -0.23673292779246632,
            0.5418510700665818,
            -0.4160095409833629
        ],
        "R_Shoulder": [
            -0.5037404678604955,
            0.4416676230013979,
            -0.4209083533919481
        ],
        "R_Elbow": [
            -0.4713976741429683,
            0.24419758037138856,
            -1.1484347669818389
        ],
        "R_Wrist": [
            -0.2369957548074048,
            0.03277864471152244,
            -1.8329829124425816
        ],
        "R_Hand": [
            -0.04827067027213693,
            0.044269751214368776,
            -1.9967463837147348
        ]
    }
}