{
    "joints2D": {
        "Pelvis": [
            0.3022920255792642,
            0.8598254018264468
        ],
        "L_Hip": [
            0.31140035566050045,
            0.8867773704031571
        ],
        "L_Knee": [
            0.30802474234107335,
            0.9089514031526498
        ],
        "L_Ankle": [
            0.3062797175730792,
            0.9039682588207723
        ],
        "L_Foot": [
            0.29795585148878345,
            0.9149912901854327
        ],
        "R_Hip": [
            0.2837053684253625,
            0.8499769068706634
        ],
        "R_Knee": [
            0.26172821125581136,
            0.851301731165336
        ],
        "R_Ankle": [
            0.26601744253477777,
            0.8420682059314436
        ],
        "R_Foot": [
            0.2578256156917354,
            0.8533951471384192
        ],
        "Spine1": [
            0.31833440272897123,
            0.8289695284257111
        ],
        "Spine2": [
            0.32519806360224207,
            0.804144330972886
        ],
        "Spine3": [
            0.3263144610753151,
            0.7979455739900352
        ],
        "Neck": [
            0.37567884666280354,
            0.5421824701787173
        ],
        "Head": [
            0.42193703835644963,
            0.426959646665483
        ],
        "L_Collar": [
            0.40169136684170975,
            0.7200574950433077
        ],
        "L_Shoulder": [
            0.4608222923136892,
            0.6822876434230073
        ],
        "L_Elbow": [
            0.5837957089526713,
            0.7884681481959367
        ],
        "L_Wrist": [
            0.627065386011102,
            0.8545231773277459
        ],
        "L_Hand": [
            0.6316452388392513,
            0.8612060283075796
        ],
        "R_Collar": [
            0.313456249980221,
            0.6566120445604077
        ],
        "R_Shoulder": [
            0.2741286006472414,
            0.5730128170815093
        ],
        "R_Elbow": [
            0.26194551705034697,
            0.6654054534882354
        ],
        "R_Wrist": [
            0.24094280867119552,
            0.7185616346063888
        ],
        "R_Hand": [
            0.23919613888457447,
            0.7266070799543719
        ]
    },
    "joints3D": {
        "Pelvis": [
            0.558287964297071,
            0.6716849898336047,
            -1.8863052844568435
        ],
        "L_Hip": [
            0.7215043313114473,
            0.515300599951777,
            -2.238897431662829
        ],
        "L_Knee": [
            1.0150738877305066,
            0.5317081688728816,
            -3.518440980920588
        ],
        "L_Ankle": [
            1.3743039332367506,
            0.8425204365457778,
            -4.848413213369158
        ],
        "L_Foot": [
            1.2460866622856956,
            0.7720949601694289,
            -5.277359794439498
        ],
        "R_Hip": [
            0.4333931163518337,
            0.926302065289757,
            -2.1796572221004586
        ],
        "R_Knee": [
            0.2502627344762905,
            1.4800266173448613,
            -3.3849783707141556
        ],
        "R_Ankle": [
            0.4629289801325687,
            2.177805657018399,
            -4.592828486269202
        ],
        "R_Foot": [
            0.25804238858243306,
            2.1507583994609467,
            -5.002668495382853
        ],
        "Spine1": [
            0.6319678035329162,
            0.6786713707097891,
            -1.5038465715502871
        ],
        "Spine2": [
            0.5224102569962816,
            0.5700557418596858,
            -1.0469860059281724
        ],
        "Spine3": [
            0.4463517864948766,
            0.49276642943743304,
            -0.8638856546208853
        ],
        "Neck": [
            0.43760781747473654,
            0.4053859776172496,
            -0.0773335583736558
        ],
        "Head": [
            0.37299887821709976,
            0.16808361593037577,
            0.07568099151491954
        ],
        "L_Collar": [
            0.6194963416502087,
            0.26008862670894045,
            -0.450859754171707
        ],
        "L_Shoulder": [
            0.7118621877612769,
            0.010974521473392056,
            -0.3103437542412008
        ],
        "L_Elbow": [
            1.195653682483901,
            -0.13651788913892893,
            -1.038884151706906
        ],
        "L_Wrist": [
            1.2912333479018885,
            -0.2699707176990801,
            -1.855614500785509
        ],
        "L_Hand": [
            1.392113934266272,
            -0.29860742421429387,
            -2.1159812644926803
        ],
        "R_Collar": [
            0.3294858189471301,
            0.6720776269436791,
            -0.4049744171353975
        ],
        "R_Shoulder": [
            0.13918904419321967,
            0.8241910940908005,
            -0.20678567075046325
        ],
        "R_Elbow": [
            0.1346166044973253,
            1.413162848639201,
            -0.8505624124650422
        ],
        "R_Wrist": [
            -0.10912106342564754,
            1.8162910028933268,
            -1.5682416172856197
        ],
        "R_Hand": [
            -0.1480201338573413,
            1.9735359948133944,
            -1.7969319364784246
        ]
    }
}