{
    "joints2D": {
        "Pelvis": [
            0.22067965115625535,
            0.8096935886506479
        ],
        "L_Hip": [
            0.23953487702797982,
            0.8280903687294804
        ],
        "L_Knee": [
            0.24413204196015215,
            0.9185742657521997
        ],
        "L_Ankle": [
            0.758314225430955,
            0.9546532296688887
        ],
        "L_Foot": [
            0.752885058906057,
            0.9359878640784324
        ],
        "R_Hip": [
            0.20145050349485563,
            0.8235126335190005
        ],
        "R_Knee": [
            0.19542324583443846,
            0.9148289777396074
        ],
        "R_Ankle": [
            0.7976909906791454,
            0.9360964461828722
        ],
        "R_Foot": [
            0.7974191850571214,
            0.9138813872011313
        ],
        "Spine1": [
            0.22107070605268972,
            0.7673046346870005
        ],
        "Spine2": [
            0.22300953300450618,
            0.7524856833023131
        ],
        "Spine3": [
            0.224969682872781,
            0.7639121562179586
        ],
        "Neck": [
            0.2287556776166415,
            0.5767375287753131
        ],
        "Head": [
            0.2576799524889937,
            0.48223533626237663
        ],
        "L_Collar": [
            0.27046523341069856,
            0.6802395325185103
        ],
        "L_Shoulder": [
            0.32328427718997355,
            0.6852384633848747
        ],
        "L_Elbow": [
            0.59490707855681,
            0.8186344782468982
        ],
        "L_Wrist": [
            0.6315212550551635,
            0.6619776395708088
        ],
        "L_Hand": [
            0.6349776125856643,
            0.6190271628327753
        ],
        "R_Collar": [
            0.18109514572779697,
            0.6718971170239393
        ],
        "R_Shoulder": [
            0.12741319381513644,
            0.6739451754306346
        ],
        "R_Elbow": [
            0.8891438116602575,
            0.7736803334145
        ],
        "R_Wrist": [
            0.8339917835001671,
            0.6514727490640421
        ],
        "R_Hand": [
            0.8255625102530126,
            0.6197103271363649
        ]
    },
    "joints3D": {
        "Pelvis": [
            -0.3451367389452494,
            1.1778129623206857,
            -1.928078180743287
        ],
        "L_Hip": [
            -0.12679776252454794,
            1.2411076977364712,
            -2.303081237283466
        ],
        "L_Knee": [
            -0.07538377158845086,
            0.6066829549722172,
            -3.5214799358851407
        ],
        "L_Ankle": [
            -0.1454151322388761,
            -0.16483058852269966,
            -4.780988037309147
        ],
        "L_Foot": [
            -0.03517350833342586,
            -0.5364004155259671,
            -5.054761019982886
        ],
        "R_Hip": [
            -0.6456005390904375,
            1.165247645398512,
            -2.2315183900951228
        ],
        "R_Knee": [
            -0.8752885711862799,
            0.48152301435357686,
            -3.433736357298373
        ],
        "R_Ankle": [
            -0.9849458381251698,
            -0.32878745028502554,
            -4.6642181516496235
        ],
        "R_Foot": [
            -1.075194516459699,
            -0.7572259824607557,
            -4.862353049214315
        ],
        "Spine1": [
            -0.3127882218438335,
            1.2683626699501374,
            -1.531698885609647
        ],
        "Spine2": [
            -0.22207629818971744,
            1.0132566622155574,
            -1.1055528183394938
        ],
        "Spine3": [
            -0.17418062303182127,
            0.8348580875337055,
            -0.9809573196134314
        ],
        "Neck": [
            -0.08742015156370163,
            0.6645104910932407,
            -0.1746477807750743
        ],
        "Head": [
            0.02708305289972576,
            0.46455467737382655,
            0.022543530234950756
        ],
        "L_Collar": [
            0.13122443659309693,
            0.8182495978144515,
            -0.5500480500164507
        ],
        "L_Shoulder": [
            0.406464685823017,
            0.6705769731910263,
            -0.5117522421461848
        ],
        "L_Elbow": [
            0.8303861035311394,
            -0.08193875029067763,
            -0.8528071865708239
        ],
        "L_Wrist": [
            1.0353342177069187,
            -0.917893931671677,
            -0.7114404317293181
        ],
        "L_Hand": [
            1.1635678157877367,
            -1.1615167964772128,
            -0.6085956635256146
        ],
        "R_Collar": [
            -0.391402476867562,
            0.7440818182695699,
            -0.5059099766218033
        ],
        "R_Shoulder": [
            -0.5712924387359036,
            0.4838334261567048,
            -0.4162647926289231
        ],
        "R_Elbow": [
            -0.7828449633520644,
            -0.32474150170112387,
            -0.7851957197808871
        ],
        "R_Wrist": [
            -0.7952122901004551,
            -1.222467140630507,
            -0.7419176617168843
        ],
        "R_Hand": [
            -0.8279330737154726,
            -1.508049756193538,
            -0.6829969441722333
        ]
    }
}