{
    "joints3D": {
        "Pelvis": [
            0.23849464729585795,
            0.5772658144512524,
            -1.680622742934317
        ],
        "L_Hip": [
            0.378934851954452,
            0.5043711932939707,
            -1.9838680192518834
        ],
        "L_Knee": [
            0.2822584102001546,
            -0.1336207344861082,
            -2.965346878425063
        ],
        "L_Ankle": [
            0.1539288030925876,
            0.5546813682802464,
            -3.9994588518278733
        ],
        "L_Foot": [
            0.12927575598513874,
            0.3957730595184864,
            -4.3785973300657774
        ],
        "R_Hip": [
            0.03105297039787917,
            0.6912884918920582,
            -1.9210534179185907
        ],
        "R_Knee": [
            -0.417297049403545,
            0.7783072978540723,
            -3.0277940013274964
        ],
        "R_Ankle": [
            -0.009451426351625502,
            1.3168458142269834,
            -4.078592781180826
        ],
        "R_Foot": [
            -0.3353588705283246,
            1.1745818573487903,
            -4.296011697428139
        ],
        "Spine1": [
            0.32903997082780423,
            0.6514533544265673,
            -1.3522690921170886
        ],
        "Spine2": [
            0.3354808733673699,
            0.4820184314654326,
            -0.9783656683724515
        ],
        "Spine3": [
            0.3094846709787513,
            0.40916055815123703,
            -0.8196543280496322
        ],
        "Neck": [
            0.37180875345598136,
            0.4460748041172305,
            -0.2002000874944214
        ],
        "Head": [
            0.3518279135839932,
            0.25843372432499784,
            -0.0415479652399162
        ],
        "L_Collar": [
            0.556015444682536,
            0.3227049669254609,
            -0.47291244564700413
        ],
        "L_Shoulder": [
            0.7588743467061173,
            0.15518250980041046,
            -0.3758054921027657
        ],
        "L_Elbow": [
            1.1971595592097712,
            -0.46302044508134554,
            -0.6129829453877753
        ],
        "L_Wrist": [
            0.456516941510264,
            -0.6029845922409502,
            -0.7588607716205538
        ],
        "L_Hand": [
            0.2010512972385617,
            -0.5668149008086347,
            -0.7113909887410391
        ],
        "R_Collar": [
            0.18076709311370986,
            0.6039986165463396,
            -0.45392708322783604
        ],
        "R_Shoulder": [
            -0.023788359551447348,
            0.7739144174588213,
            -0.3079091396310087
        ],
        "R_Elbow": [
            -0.6620097992279763,
            1.1748050248382136,
            -0.4811144777582748
        ],
        "R_Wrist": [
            -1.1202165794943586,
            0.9165734352665666,
            0.10874116935060188
        ],
        "R_Hand": [
            -1.1950143498286832,
            0.8561892930422221,
            0.3525305539601748
        ]
    },
    "joints2D": {
        "Pelvis": [
            0.2752261363564573,
            0.8719582988831004
        ],
        "L_Hip": [
            0.2862881503463352,
            0.8914737126119544
        ],
        "L_Knee": [
            0.7298088446527207,
            0.9500789193277386
        ],
        "L_Ankle": [
            0.2569136493171982,
            0.927155415453313
        ],
        "L_Foot": [
            0.25517610254896017,
            0.9399526165089291
        ],
        "R_Hip": [
            0.25165987801052775,
            0.8707632244095097
        ],
        "R_Knee": [
            0.22133134287812894,
            0.8935899280626297
        ],
        "R_Ankle": [
            0.24819784442571338,
            0.8800168902278266
        ],
        "R_Foot": [
            0.23325255710789702,
            0.8915482385109607
        ],
        "Spine1": [
            0.28970833239843574,
            0.8348323148801767
        ],
        "Spine2": [
            0.30506049829999865,
            0.8263541402318585
        ],
        "Spine3": [
            0.31004351365393246,
            0.8225238327627075
        ],
        "Neck": [
            0.35234488801434577,
            0.608960810623624
        ],
        "Head": [
            0.3931583103399602,
            0.5314151337723159
        ],
        "L_Collar": [
            0.3832938441215686,
            0.7263369002840426
        ],
        "L_Shoulder": [
            0.4361656842206456,
            0.6830121492059003
        ],
        "L_Elbow": [
            0.5834022905286729,
            0.66928041987682
        ],
        "L_Wrist": [
            0.6738489505533698,
            0.7549690147212583
        ],
        "L_Hand": [
            0.7127563818307239,
            0.7704600372854155
        ],
        "R_Collar": [
            0.2877691120238979,
            0.6937915120094484
        ],
        "R_Shoulder": [
            0.24409551951993189,
            0.614961063342975
        ],
        "R_Elbow": [
            0.17209636756827673,
            0.6085404097937019
        ],
        "R_Wrist": [
            0.11176491192095143,
            0.4707089991964809
        ],
        "R_Hand": [
            0.10503781109562536,
            0.4125562302482769
        ]
    }
}