{
    "joints3D": {
        "Pelvis": [
            -0.403970436899862,
            1.0345995051081713,
            -1.470475957362444
        ],
        "L_Hip": [
            -0.3084691804349124,
            1.026540096476813,
            -1.784633892805521
        ],
        "L_Knee": [
            -0.5004202620226351,
            0.32976902831150146,
            -2.650582382439794
        ],
        "L_Ankle": [
            -0.8886125925431784,
            0.7175867719792485,
            -3.716895606958438
        ],
        "L_Foot": [
            -0.870078036727407,
            0.34894855601523056,
            -3.8588658092989547
        ],
        "R_Hip": [
            -0.6594034660681137,
            1.1118698440418837,
            -1.6542014471012818
        ],
        "R_Knee": [
            -1.3591157654588388,
            0.481806496219594,
            -2.313912536862094
        ],
        "R_Ankle": [
            -1.369389898618954,
            0.7810504115910216,
            -3.475514379714243
        ],
        "R_Foot": [
            -1.7144540101431687,
            0.5787718504943148,
            -3.4898831046167165
        ],
        "Spine1": [
            -0.28308410237368536,
            1.0964189147640708,
            -1.1645075375214293
        ],
        "Spine2": [
            -0.2104729339149698,
            0.845105718256552,
            -0.8695632548394902
        ],
        "Spine3": [
            -0.1723226869107978,
            0.7162862004482277,
            -0.7661466456424622
        ],
        "Neck": [
            0.029431715172271795,
            0.528416882570333,
            -0.23448003634598075
        ],
        "Head": [
            0.1017072738624668,
            0.36262286505970476,
            -0.08173001066980723
        ],
        "L_Collar": [
            0.15926431024374924,
            0.641078102666311,
            -0.5249149957484421
        ],
        "L_Shoulder": [
            0.4035759230062432,
            0.651299927344267,
            -0.6377250874452323
        ],
        "L_Elbow": [
            0.5243078022087105,
            0.922573667011755,
            -1.3400337972258036
        ],
        "L_Wrist": [
            0.906930856936688,
            0.9000738791602992,
            -1.969794461600932
        ],
        "L_Hand": [
            0.9985512391721022,
            0.9405948524383346,
            -2.200936677094461
        ],
        "R_Collar": [
            -0.2622622751461623,
            0.6457836657832229,
            -0.3654485194483475
        ],
        "R_Shoulder": [
            -0.519070560733851,
            0.5516540539615613,
            -0.2651741970156995
        ],
        "R_Elbow": [
            -1.1313524288247896,
            0.5690562971972576,
            -0.6850076377917181
        ],
        "R_Wrist": [
            -1.6103951690262959,
            0.09856495596208553,
            -1.0386571487956704
        ],
        "R_Hand": [
            -1.7607327358082168,
            -0.039535404672017826,
            -1.1858007430510775
        ]
    },
    "joints2D": {
        "Pelvis": [
            0.20874424750480508,
            0.7877378375852253
        ],
        "L_Hip": [
            0.2209720793323561,
            0.8174406010153374
        ],
        "L_Knee": [
            0.2083395576208522,
            0.924216160204147
        ],
        "L_Ankle": [
            0.20012096703853416,
            0.9031850910741824
        ],
        "L_Foot": [
            0.19987492595007914,
            0.9298482000538857
        ],
        "R_Hip": [
            0.1907932619569978,
            0.7875216515853656
        ],
        "R_Knee": [
            0.14241450372502862,
            0.8589876701167577
        ],
        "R_Ankle": [
            0.17316132722326003,
            0.8804192831248941
        ],
        "R_Foot": [
            0.1543920560619595,
            0.8809836088621191
        ],
        "Spine1": [
            0.21822035324916536,
            0.7475646030281907
        ],
        "Spine2": [
            0.21891676025184434,
            0.7428949145816341
        ],
        "Spine3": [
            0.2203305189055222,
            0.7490221061577877
        ],
        "Neck": [
            0.25678289962225426,
            0.6270094387283603
        ],
        "Head": [
            0.2904859854765833,
            0.5645337718671799
        ],
        "L_Collar": [
            0.28058781347610007,
            0.7078659048224586
        ],
        "L_Shoulder": [
            0.3198685725359737,
            0.7223872952954461
        ],
        "L_Elbow": [
            0.3049207236232411,
            0.7849621877505392
        ],
        "L_Wrist": [
            0.32392564109909233,
            0.8243079126506505
        ],
        "L_Hand": [
            0.32431283599058996,
            0.8308623848172221
        ],
        "R_Collar": [
            0.19347487682905967,
            0.6510255688583524
        ],
        "R_Shoulder": [
            0.1362528667032453,
            0.6121129071587997
        ],
        "R_Elbow": [
            0.0962196999562149,
            0.6818580964261711
        ],
        "R_Wrist": [
            0.0582512704337815,
            0.7428744653873727
        ],
        "R_Hand": [
            0.9428562673563389,
            0.755218362602155
        ]
    }
}