{
    "joints3D": {
        "Pelvis": [
            -0.3549000239247549,
            -0.34331347718832894,
            -1.2626286227224015
        ],
        "L_Hip": [
            -0.2761526855783532,
            -0.551286321814981,
            -1.4731515813965905
        ],
        "L_Knee": [
            -0.4155355551025029,
            -1.4569510056962416,
            -1.9578834965644831
        ],
        "L_Ankle": [
            -0.671255581845666,
            -2.1906794991571434,
            -2.751633743230201
        ],
        "L_Foot": [
            -0.7342266321055998,
            -2.555582502880754,
            -2.6974441656496597
        ],
        "R_Hip": [
            -0.6003219039546719,
            -0.4205267066483127,
            -1.4199315555718093
        ],
        "R_Knee": [
            -1.0355393913269544,
            -0.9055446561887761,
            -2.255885689608875
        ],
        "R_Ankle": [
            -1.2908694466739823,
            -1.3425718891642096,
            -3.2464539938583705
        ],
        "R_Foot": [
            -1.5012040614986997,
            -1.6189855440436463,
            -3.096786261318167
        ],
        "Spine1": [
            -0.2370808844703581,
            -0.09334216807904751,
            -1.1021051049305812
        ],
        "Spine2": [
            -0.08437628526408394,
            0.09612375845711658,
            -0.8049266592513425
        ],
        "Spine3": [
            -0.041178932516919786,
            0.12763530737778767,
            -0.6496816320267341
        ],
        "Neck": [
            0.16003035064986587,
            0.4397212142077365,
            -0.18731892921010865
        ],
        "Head": [
            0.19323080701753548,
            0.3374161877269254,
            0.015595814135723326
        ],
        "L_Collar": [
            0.289084681073221,
            0.25452564050546667,
            -0.4420179496382994
        ],
        "L_Shoulder": [
            0.5475045006662087,
            0.23180905551914874,
            -0.5255588049999677
        ],
        "L_Elbow": [
            0.48097800559714854,
            -0.02485972766809891,
            -1.1958631001735125
        ],
        "L_Wrist": [
            0.4202753443068055,
            -0.5388320650012667,
            -1.6649553595689115
        ],
        "L_Hand": [
            0.38876392387427694,
            -0.6546266069108767,
            -1.875337653378193
        ],
        "R_Collar": [
            -0.12916549243400827,
            0.4135504726033809,
            -0.3682865907003163
        ],
        "R_Shoulder": [
            -0.3792625617836694,
            0.55972739975383,
            -0.34233115568794686
        ],
        "R_Elbow": [
            -0.7256327125794174,
            0.3582390947019421,
            -0.9189974833110449
        ],
        "R_Wrist": [
            -1.178991144277587,
            -0.06419520621187291,
            -1.2678327483062264
        ],
        "R_Hand": [
            -1.2882866373360358,
            -0.2085893505016857,
            -1.4256678988091995
        ]
    },
    "joints2D": {
        "Pelvis": [
            0.8052382069332801,
            0.8806571284800897
        ],
        "L_Hip": [
            0.7855873171664853,
            0.8624715099531517
        ],
        "L_Knee": [
            0.7816020894659585,
            0.7822788786947522
        ],
        "L_Ankle": [
            0.7848476147661018,
            0.7718404443409651
        ],
        "L_Foot": [
            0.7851987115473795,
            0.7459294146014495
        ],
        "R_Hip": [
            0.8283477772119472,
            0.8614846330464678
        ],
        "R_Knee": [
            0.8290156340962939,
            0.8356283589436323
        ],
        "R_Ankle": [
            0.819252476263989,
            0.8387796296272169
        ],
        "R_Foot": [
            0.8270082481130213,
            0.8093927351520653
        ],
        "Spine1": [
            0.7981358509273437,
            0.932183480084469
        ],
        "Spine2": [
            0.22594576463029958,
            0.930301078460188
        ],
        "Spine3": [
            0.23550980980385122,
            0.9116348167221417
        ],
        "Neck": [
            0.30022329210975834,
            0.6180382362982488
        ],
        "Head": [
            0.32946910119418127,
            0.4842352554700212
        ],
        "L_Collar": [
            0.34283068936058636,
            0.785318617289878
        ],
        "L_Shoulder": [
            0.38827971970624175,
            0.7653651490895983
        ],
        "L_Elbow": [
            0.6652394293123653,
            0.9255219528291981
        ],
        "L_Wrist": [
            0.7042426702070693,
            0.8705906323476207
        ],
        "L_Hand": [
            0.7129941632325487,
            0.8674118711219598
        ],
        "R_Collar": [
            0.2097397409730833,
            0.7191208702656463
        ],
        "R_Shoulder": [
            0.1632869813813463,
            0.6513681787907253
        ],
        "R_Elbow": [
            0.12873022167981193,
            0.8010119783413101
        ],
        "R_Wrist": [
            0.906926793487268,
            0.8318641362742877
        ],
        "R_Hand": [
            0.8982132139593176,
            0.8223124063787464
        ]
    }
}