{
    "joints2D": {
        "Pelvis": [
            0.8035081327976039,
            0.7562042018841629
        ],
        "L_Hip": [
            0.7747862265395598,
            0.7440895548487533
        ],
        "L_Knee": [
            0.752658296991982,
            0.7092043763797429
        ],
        "L_Ankle": [
            0.7551433742559056,
            0.6999284293922444
        ],
        "L_Foot": [
            0.7458324010929409,
            0.6756804030332012
        ],
        "R_Hip": [
            0.8209181731778139,
            0.7242757466008858
        ],
        "R_Knee": [
            0.8222583219918902,
            0.6644692082091174
        ],
        "R_Ankle": [
            0.8175893503893816,
            0.6790612914311566
        ],
        "R_Foot": [
            0.8238620618816175,
            0.65259982742338
        ],
        "Spine1": [
            0.814129373117779,
            0.8141611933085329
        ],
        "Spine2": [
            0.8275555673880667,
            0.9075682821845509
        ],
        "Spine3": [
            0.8397455339278077,
            0.9194726717067485
        ],
        "Neck": [
            0.2301995245677297,
            0.5764845210307934
        ],
        "Head": [
            0.23081218242137122,
            0.4075088711538211
        ],
        "L_Collar": [
            0.28824646557761535,
            0.784272497355321
        ],
        "L_Shoulder": [
            0.3800234012545203,
            0.7414269315574754
        ],
        "L_Elbow": [
            0.5978314482211184,
            0.6916836509597782
        ],
        "L_Wrist": [
            0.6100926083226341,
            0.5267850484234908
        ],
        "L_Hand": [
            0.6166315450654694,
            0.49712122410946596
        ],
        "R_Collar": [
            0.14342535742863177,
            0.6894986641102969
        ],
        "R_Shoulder": [
            0.10693677993467646,
            0.6072181297092295
        ],
        "R_Elbow": [
            0.024237696374527412,
            0.5688790296146152
        ],
        "R_Wrist": [
            0.9599355284665538,
            0.40192093331091355
        ],
        "R_Hand": [
            0.9515131461016286,
            0.3715896323182657
        ]
    },
    "joints3D": {
        "Pelvis": [
            -0.35912870171037253,
            -0.7612682921662552,
            -0.8915357547125485
        ],
        "L_Hip": [
            -0.19964265573489293,
            -1.0210001487011484,
            -1.0516087764578355
        ],
        "L_Knee": [
            -0.0196865565825147,
            -1.9788803265786359,
            -1.6051114071625223
        ],
        "L_Ankle": [
            -0.084305259080804,
            -2.958620487504597,
            -2.257009141889014
        ],
        "L_Foot": [
            0.13050242911634197,
            -3.2590290186344952,
            -2.1064155430469067
        ],
        "R_Hip": [
            -0.5959301604876448,
            -0.9852429271435892,
            -0.9723481394149185
        ],
        "R_Knee": [
            -1.0853002974667867,
            -1.9717430381760253,
            -1.2796094672982907
        ],
        "R_Ankle": [
            -1.4633111366220561,
            -2.813116423205656,
            -2.0081242734409765
        ],
        "R_Foot": [
            -1.7051065134620915,
            -3.0690561717897364,
            -1.8263455552351773
        ],
        "Spine1": [
            -0.33116588291655347,
            -0.4461895329868744,
            -0.835894883468269
        ],
        "Spine2": [
            -0.24255273170096966,
            -0.07668310103978107,
            -0.653018349804689
        ],
        "Spine3": [
            -0.2051895790486898,
            -0.018061318203812828,
            -0.49005600266882926
        ],
        "Neck": [
            -0.061380137741361855,
            0.5035715993389699,
            -0.1318046399663936
        ],
        "Head": [
            -0.04689368584911987,
            0.39552534274293466,
            0.11806025734619685
        ],
        "L_Collar": [
            0.09580892659627155,
            0.25054399865706384,
            -0.34712891353898767
        ],
        "L_Shoulder": [
            0.36909385267140815,
            0.211922929598012,
            -0.34293930015791635
        ],
        "L_Elbow": [
            0.8313537301567349,
            -0.39459596062554236,
            -0.5263431551627834
        ],
        "L_Wrist": [
            1.1820945751281604,
            -0.9100867711641429,
            -0.12343611483331214
        ],
        "L_Hand": [
            1.2994437635898115,
            -1.098738064107392,
            0.0007782774041680143
        ],
        "R_Collar": [
            -0.337204463105162,
            0.34745682976636805,
            -0.3080146767869038
        ],
        "R_Shoulder": [
            -0.6009541804588902,
            0.4285906524907188,
            -0.23311256718033493
        ],
        "R_Elbow": [
            -1.2601375842501825,
            0.05898977151366584,
            -0.20102471103877373
        ],
        "R_Wrist": [
            -1.6408751298166664,
            -0.247894137954423,
            0.37510542126153085
        ],
        "R_Hand": [
            -1.7852666825169556,
            -0.3352836637586007,
            0.560555816893029
        ]
    }
}