{
    "joints3D": {
        "Pelvis": [
            -0.628110339638064,
            -0.31609003525555046,
            -1.2413037057100935
        ],
        "L_Hip": [
            -0.5655686357994903,
            -0.3223880584287528,
            -1.537002330521136
        ],
        "L_Knee": [
            -0.6629845474693006,
            -0.7594229041242275,
            -2.457220564883633
        ],
        "L_Ankle": [
            -1.2065955265063697,
            -1.0726766169931006,
            -3.356536833209049
        ],
        "L_Foot": [
            -0.9365511737503853,
            -1.279245813469462,
            -3.5011030407376595
        ],
        "R_Hip": [
            -0.769293606551828,
            -0.5473639909838562,
            -1.364611535958922
        ],
        "R_Knee": [
            -0.702897532904302,
            -1.334359199807827,
            -2.0510024511978484
        ],
        "R_Ankle": [
            -0.9982324871109335,
            -1.5317001863968125,
            -3.090124815268618
        ],
        "R_Foot": [
            -0.8763252453263565,
            -1.8800465124094663,
            -3.1467000653286847
        ],
        "Spine1": [
            -0.6607319597247002,
            -0.11506303945750274,
            -1.0003450394264046
        ],
        "Spine2": [
            -0.49098158235504014,
            0.004750564356598104,
            -0.6831567525103235
        ],
        "Spine3": [
            -0.40282381568245573,
            0.027291926489476634,
            -0.549013544331724
        ],
        "Neck": [
            -0.3462485265935625,
            0.35396245704537876,
            -0.06651641415513232
        ],
        "Head": [
            -0.2218473232875038,
            0.25580234371374094,
            0.09562670342387064
        ],
        "L_Collar": [
            -0.24796668235237776,
            0.36491019896636046,
            -0.38760663238373955
        ],
        "L_Shoulder": [
            -0.10221980403908297,
            0.5181686725381985,
            -0.5539092422579001
        ],
        "L_Elbow": [
            -0.28189853917014546,
            0.3202160261818455,
            -1.2133994218129776
        ],
        "L_Wrist": [
            0.06737202848052683,
            -0.08627936780111031,
            -1.6472917054354141
        ],
        "L_Hand": [
            0.07666609951245544,
            -0.21646604821765097,
            -1.847629325315522
        ],
        "R_Collar": [
            -0.5449596591622061,
            0.10424757598640297,
            -0.17718333930021057
        ],
        "R_Shoulder": [
            -0.7283832004293048,
            -0.07395512795897373,
            -0.04665308812485576
        ],
        "R_Elbow": [
            -0.9921803650584751,
            -0.32489886088882675,
            -0.636577526439433
        ],
        "R_Wrist": [
            -0.8181068816747782,
            -0.9079038590562338,
            -0.9867395905427728
        ],
        "R_Hand": [
            -0.8038617503264226,
            -1.0259804215294843,
            -1.191908901073758
        ]
    },
    "joints2D": {
        "Pelvis": [
            0.843264234655694,
            0.8605394409461475
        ],
        "L_Hip": [
            0.8230115766692117,
            0.8867336430729721
        ],
        "L_Knee": [
            0.8020128664049354,
            0.87276185793585
        ],
        "L_Ankle": [
            0.817038333005456,
            0.8627010395204754
        ],
        "L_Foot": [
            0.7998402443364271,
            0.859759112437346
        ],
        "R_Hip": [
            0.8437084673963509,
            0.8249119111934028
        ],
        "R_Knee": [
            0.802314039764396,
            0.7946503779179296
        ],
        "R_Ankle": [
            0.8046243807911675,
            0.8270607266702826
        ],
        "R_Foot": [
            0.7946830972354302,
            0.8084202782297257
        ],
        "Spine1": [
            0.8729892568890925,
            0.8655787892730132
        ],
        "Spine2": [
            0.1129030770478452,
            0.8750177005456251
        ],
        "Spine3": [
            0.11373371975128145,
            0.8650170290208241
        ],
        "Neck": [
            0.12913619388687697,
            0.5431979025412556
        ],
        "Head": [
            0.14064915995289082,
            0.40418315082408646
        ],
        "L_Collar": [
            0.17347793287837526,
            0.7322643491254468
        ],
        "L_Shoulder": [
            0.2253455497882364,
            0.7497529372631905
        ],
        "L_Elbow": [
            0.2034461420476234,
            0.886357230829185
        ],
        "L_Wrist": [
            0.7421054666800216,
            0.9497780338178693
        ],
        "L_Hand": [
            0.742324024877504,
            0.9327481605890088
        ],
        "R_Collar": [
            0.04947182260173844,
            0.6267949983529582
        ],
        "R_Shoulder": [
            0.9708964621409616,
            0.5254054834700808
        ],
        "R_Elbow": [
            0.9174576448341115,
            0.7104189736915375
        ],
        "R_Wrist": [
            0.8455691938165953,
            0.7245419814399258
        ],
        "R_Hand": [
            0.8335964599855286,
            0.7411551981639997
        ]
    }
}