{
    "joints3D": {
        "Pelvis": [
            0.04141429542832355,
            -0.05457638377391494,
            -1.6867574240947922
        ],
        "L_Hip": [
            0.26896678798658696,
            -0.03530903891014972,
            -1.9567363604881007
        ],
        "L_Knee": [
            0.3808332463639864,
            -0.19121564423598322,
            -3.0661249938612727
        ],
        "L_Ankle": [
            0.02089319242713635,
            0.17513352414376815,
            -4.138215789789779
        ],
        "L_Foot": [
            0.19409646610276415,
            -0.10934348761589908,
            -4.35417125621296
        ],
        "R_Hip": [
            -0.12354760648439346,
            -0.2164707307110343,
            -1.9456744818074458
        ],
        "R_Knee": [
            0.033724773323960795,
            -1.0223556649105594,
            -2.7470028550881587
        ],
        "R_Ankle": [
            0.2982435747576235,
            -1.4535891244621277,
            -3.8233930960884326
        ],
        "R_Foot": [
            0.4060861758653987,
            -1.8307560663569056,
            -3.7685876084416163
        ],
        "Spine1": [
            -0.032640954305122954,
            0.10457359282560277,
            -1.4128082794144916
        ],
        "Spine2": [
            -0.048769678795851985,
            0.20175388314603837,
            -1.031988709181236
        ],
        "Spine3": [
            -0.0408470830692314,
            0.15748326126965062,
            -0.8639884574865249
        ],
        "Neck": [
            -0.17359241237193435,
            0.5043793269042631,
            -0.31909923813809826
        ],
        "Head": [
            -0.1627332203737382,
            0.4379763427185387,
            -0.08173794811402389
        ],
        "L_Collar": [
            0.10418371984039794,
            0.44111010416425567,
            -0.552889021537061
        ],
        "L_Shoulder": [
            0.361052650770206,
            0.4604029942503968,
            -0.4399734708427444
        ],
        "L_Elbow": [
            0.5880205690525749,
            -0.2766363207966831,
            -0.5520692338751659
        ],
        "L_Wrist": [
            0.3599990838803149,
            -0.6534672796274329,
            0.034572372177878945
        ],
        "L_Hand": [
            0.285495034477575,
            -0.8015075397718979,
            0.22240139857037342
        ],
        "R_Collar": [
            -0.3497269099632529,
            0.326971411737597,
            -0.5892068127677774
        ],
        "R_Shoulder": [
            -0.6033558714421634,
            0.20403118837800147,
            -0.5047013584792235
        ],
        "R_Elbow": [
            -0.33349662413927783,
            -0.5061087149389264,
            -0.5530913640215985
        ],
        "R_Wrist": [
            -0.07218572151521632,
            -0.515446988109992,
            0.15587528331501543
        ],
        "R_Hand": [
            0.00045224451682014563,
            -0.5400003238635497,
            0.394546275111951
        ]
    },
    "joints2D": {
        "Pelvis": [
            0.745736135174304,
            0.9552836699419052
        ],
        "L_Hip": [
            0.7199053488011962,
            0.9549295018534901
        ],
        "L_Knee": [
            0.7236033267382374,
            0.944204883225877
        ],
        "L_Ankle": [
            0.24979119201336025,
            0.9527882295425265
        ],
        "L_Foot": [
            0.7411149895517084,
            0.9568772788647151
        ],
        "R_Hip": [
            0.7652186578053629,
            0.9338264713836477
        ],
        "R_Knee": [
            0.7490846647337357,
            0.8677384374421926
        ],
        "R_Ankle": [
            0.7370185025004072,
            0.8649565512950668
        ],
        "R_Foot": [
            0.7329359677533617,
            0.839218228272951
        ],
        "Spine1": [
            0.24347709906457302,
            0.9443303213681282
        ],
        "Spine2": [
            0.2388370730525711,
            0.9122066454627359
        ],
        "Spine3": [
            0.23875188214879972,
            0.9156403463430659
        ],
        "Neck": [
            0.20225513603096207,
            0.6678176080980799
        ],
        "Head": [
            0.1939083395692852,
            0.552265361755175
        ],
        "L_Collar": [
            0.27462412539388575,
            0.7730572983868165
        ],
        "L_Shoulder": [
            0.33619467076948234,
            0.7106651080420963
        ],
        "L_Elbow": [
            0.6136770392641577,
            0.7558103220484818
        ],
        "L_Wrist": [
            0.6731209596961687,
            0.4822555475338805
        ],
        "L_Hand": [
            0.6993483667575741,
            0.41625023692476804
        ],
        "R_Collar": [
            0.1605269782071241,
            0.7941860484109354
        ],
        "R_Shoulder": [
            0.09568007816528977,
            0.7531837851089958
        ],
        "R_Elbow": [
            0.8238312642254872,
            0.7376685610861178
        ],
        "R_Wrist": [
            0.7723680439846922,
            0.4065489274397319
        ],
        "R_Hand": [
            0.7512462156584818,
            0.3010234573504467
        ]
    }
}