{
    "joints3D": {
        "Pelvis": [
            -0.8751710466371857,
            0.7938083614974613,
            -1.2765096710690944
        ],
        "L_Hip": [
            -0.8645692759930943,
            0.8903797730292279,
            -1.5884081809311505
        ],
        "L_Knee": [
            -1.3823997070207128,
            1.0732561875812892,
            -2.5666275628684994
        ],
        "L_Ankle": [
            -2.0818161392331658,
            1.5244320528068207,
            -3.420966270578035
        ],
        "L_Foot": [
            -2.087909638627824,
            1.2315741182202504,
            -3.683466375985483
        ],
        "R_Hip": [
            -1.1784425493807162,
            0.8243088909388752,
            -1.3810934380687871
        ],
        "R_Knee": [
            -1.8664512187268756,
            1.0457069440043287,
            -2.2672040949177927
        ],
        "R_Ankle": [
            -2.4130725012270298,
            1.5481209569965815,
            -3.2011553450247234
        ],
        "R_Foot": [
            -2.5544265252802307,
            1.206896882584248,
            -3.349657430017411
        ],
        "Spine1": [
            -0.7019008041399873,
            0.8181306632634814,
            -0.9932582388620682
        ],
        "Spine2": [
            -0.4540134368184715,
            0.7148041945817222,
            -0.7075573665625479
        ],
        "Spine3": [
            -0.3656915951663393,
            0.6202315364054958,
            -0.5994335925352788
        ],
        "Neck": [
            -0.02969501206094086,
            0.5265866363870904,
            -0.1165830587888997
        ],
        "Head": [
            0.0856749757880483,
            0.3523885944414859,
            -0.008022496177573491
        ],
        "L_Collar": [
            0.014887030152778126,
            0.6234073191814306,
            -0.43488078353809273
        ],
        "L_Shoulder": [
            0.2246121122138259,
            0.696268190256816,
            -0.5846962394633525
        ],
        "L_Elbow": [
            -0.11748821035134888,
            0.915430936204383,
            -1.2250702729903338
        ],
        "L_Wrist": [
            -0.40245037343717505,
            0.8911896465664346,
            -1.9002462413765415
        ],
        "L_Hand": [
            -0.5102787133276686,
            0.9731422915868367,
            -2.1110457444635458
        ],
        "R_Collar": [
            -0.35628081016042434,
            0.5829439083200101,
            -0.18679518011725355
        ],
        "R_Shoulder": [
            -0.5982769193733652,
            0.5851370577504545,
            -0.027467818543037106
        ],
        "R_Elbow": [
            -1.0887485802933379,
            0.7636986061539429,
            -0.5500272189977361
        ],
        "R_Wrist": [
            -1.6283208166772045,
            0.6867501323106713,
            -1.0721877523998493
        ],
        "R_Hand": [
            -1.7742227509415864,
            0.7125055477062098,
            -1.2739099332466406
        ]
    },
    "joints2D": {
        "Pelvis": [
            0.1533552710976874,
            0.775247798309696
        ],
        "L_Hip": [
            0.16695192553068008,
            0.7974461264410478
        ],
        "L_Knee": [
            0.16056696310329788,
            0.8243284416362187
        ],
        "L_Ankle": [
            0.15288700874736885,
            0.8119811157720587
        ],
        "L_Foot": [
            0.15228261175381688,
            0.8372724220835698
        ],
        "R_Hip": [
            0.13481986556401046,
            0.7640720967338855
        ],
        "R_Knee": [
            0.12964647450987057,
            0.7863719379808632
        ],
        "R_Ankle": [
            0.13817235594519917,
            0.7903763839208161
        ],
        "R_Foot": [
            0.12981303772580266,
            0.808925149396943
        ],
        "Spine1": [
            0.16138433233498264,
            0.7442368957935436
        ],
        "Spine2": [
            0.17610677252252244,
            0.7233655311871265
        ],
        "Spine3": [
            0.1801845784573435,
            0.7217081173818412
        ],
        "Neck": [
            0.24002514632340685,
            0.564936937674126
        ],
        "Head": [
            0.28570129975569974,
            0.504223110721263
        ],
        "L_Collar": [
            0.25188361340064935,
            0.68671164684418
        ],
        "L_Shoulder": [
            0.28947339958903984,
            0.7098657352388836
        ],
        "L_Elbow": [
            0.23488213298071817,
            0.784221217640599
        ],
        "L_Wrist": [
            0.21242584772947481,
            0.8392789881796936
        ],
        "L_Hand": [
            0.20727537207338328,
            0.839548013906294
        ],
        "R_Collar": [
            0.1654432312144077,
            0.5845227777598664
        ],
        "R_Shoulder": [
            0.12499821045584401,
            0.5086358999798349
        ],
        "R_Elbow": [
            0.10936298155782367,
            0.6380072350004949
        ],
        "R_Wrist": [
            0.09187389338254782,
            0.703733446013328
        ],
        "R_Hand": [
            0.09353390201559651,
            0.7200199853257818
        ]
    }
}