{
    "joints3D": {
        "Pelvis": [
            -0.07629722032742005,
            0.8552198912698822,
            -1.4903064104994228
        ],
        "L_Hip": [
            0.14544338245426272,
            0.9564312120213203,
            -1.7092282799196206
        ],
        "L_Knee": [
            0.6478480445732299,
            0.4922173313806923,
            -2.602489005614672
        ],
        "L_Ankle": [
            0.8074484413921084,
            0.31734289540135885,
            -3.7750295756070877
        ],
        "L_Foot": [
            1.0385866268486117,
            -0.0012973049659511435,
            -3.7494922797426065
        ],
        "R_Hip": [
            -0.20645547598701455,
            0.8253010439550253,
            -1.7846001745387152
        ],
        "R_Knee": [
            -0.27738204714195813,
            1.225781588132216,
            -2.856863973654297
        ],
        "R_Ankle": [
            -0.3048164775954693,
            1.9868641313943263,
            -3.779768250334607
        ],
        "R_Foot": [
            -0.2653465289057464,
            1.9136437554425885,
            -4.170241806059233
        ],
        "Spine1": [
            -0.17211242451126998,
            0.9103017672670748,
            -1.1752267797259233
        ],
        "Spine2": [
            -0.1536378067042484,
            0.8003607203961218,
            -0.7981129639625216
        ],
        "Spine3": [
            -0.116789498584085,
            0.7083496307125877,
            -0.6610843401363595
        ],
        "Neck": [
            -0.15833277275609212,
            0.6124872497321833,
            -0.07290535152102545
        ],
        "Head": [
            -0.09264183216913435,
            0.45066315592126543,
            0.08603020134904223
        ],
        "L_Collar": [
            0.020286177807435957,
            0.8075114680187101,
            -0.2812105420144236
        ],
        "L_Shoulder": [
            0.2283178888524728,
            0.9773905055046787,
            -0.2768698005118248
        ],
        "L_Elbow": [
            0.3327720993252018,
            1.4138384654513576,
            -0.8909454703118055
        ],
        "L_Wrist": [
            0.5672176919039457,
            1.8041135825461048,
            -1.4684390697965366
        ],
        "L_Hand": [
            0.6101920783922369,
            1.9797501562056554,
            -1.642936691854213
        ],
        "R_Collar": [
            -0.34790097433351996,
            0.5587833461573283,
            -0.349692388175037
        ],
        "R_Shoulder": [
            -0.5336813564024636,
            0.3436736352073658,
            -0.410136745143591
        ],
        "R_Elbow": [
            -0.5819607462289209,
            0.14552790107771477,
            -1.1222411809244144
        ],
        "R_Wrist": [
            -0.5443310756510107,
            -0.26379359754951126,
            -1.7579000746827913
        ],
        "R_Hand": [
            -0.5402229984726968,
            -0.369071460849512,
            -1.985729652115496
        ]
    },
    "joints2D": {
        "Pelvis": [
            0.24037078102191756,
            0.8203773132705415
        ],
        "L_Hip": [
            0.26250196641571455,
            0.8230593499275088
        ],
        "L_Knee": [
            0.29918143308464884,
            0.903335017070449
        ],
        "L_Ankle": [
            0.2951802906159716,
            0.9324461202583822
        ],
        "L_Foot": [
            0.6890852009304297,
            0.9469205717806647
        ],
        "R_Hip": [
            0.22856208191273134,
            0.8444120194411013
        ],
        "R_Knee": [
            0.23138471835383675,
            0.8527469896277381
        ],
        "R_Ankle": [
            0.23519722329423182,
            0.8306996937702944
        ],
        "R_Foot": [
            0.23753563645980236,
            0.8463606290627257
        ],
        "Spine1": [
            0.22806908355900943,
            0.778227169881223
        ],
        "Spine2": [
            0.22535843014767998,
            0.7391809296371383
        ],
        "Spine3": [
            0.22813591031925248,
            0.7294232556709597
        ],
        "Neck": [
            0.2095004669369735,
            0.5333279132853896
        ],
        "Head": [
            0.21749388042802595,
            0.43943359840336316
        ],
        "L_Collar": [
            0.2523977501236633,
            0.6014276243509681
        ],
        "L_Shoulder": [
            0.28343692358258027,
            0.5816724583445922
        ],
        "L_Elbow": [
            0.28086354517147294,
            0.669822671779902
        ],
        "L_Wrist": [
            0.2888270163162564,
            0.7053518221362877
        ],
        "L_Hand": [
            0.28785641185078065,
            0.7084552583353176
        ],
        "R_Collar": [
            0.16935462168682533,
            0.6566725009678238
        ],
        "R_Shoulder": [
            0.11482185306032598,
            0.7029644206215194
        ],
        "R_Elbow": [
            0.1482037577838656,
            0.8846460231371893
        ],
        "R_Wrist": [
            0.8147978290722868,
            0.9070319776570053
        ],
        "R_Hand": [
            0.806425182665966,
            0.9021049002688094
        ]
    }
}