{
    "joints2D": {
        "Pelvis": [
            0.7464810021976178,
            0.760964466512352
        ],
        "L_Hip": [
            0.7241016621414073,
            0.731557600915682
        ],
        "L_Knee": [
            0.72421518762224,
            0.6034807381400767
        ],
        "L_Ankle": [
            0.726788564453511,
            0.5964740325842517
        ],
        "L_Foot": [
            0.7304357706694937,
            0.5650488088756519
        ],
        "R_Hip": [
            0.7678960314649155,
            0.7318531938251694
        ],
        "R_Knee": [
            0.7745627682911607,
            0.6406507488272642
        ],
        "R_Ankle": [
            0.76265860300894,
            0.6315669382834054
        ],
        "R_Foot": [
            0.7719563554597167,
            0.6061411068101203
        ],
        "Spine1": [
            0.7482354708012455,
            0.8235432450623036
        ],
        "Spine2": [
            0.7410093231959118,
            0.8932252154975778
        ],
        "Spine3": [
            0.7296263374406939,
            0.9161614335059166
        ],
        "Neck": [
            0.24968426499508461,
            0.6895282994794077
        ],
        "Head": [
            0.2805596040116515,
            0.5495914212977961
        ],
        "L_Collar": [
            0.31311379796997507,
            0.8203195501903554
        ],
        "L_Shoulder": [
            0.3530563666223541,
            0.7195871647695075
        ],
        "L_Elbow": [
            0.5515525118484771,
            0.5063311266194459
        ],
        "L_Wrist": [
            0.599569900510361,
            0.36407299973365953
        ],
        "L_Hand": [
            0.6135953298577971,
            0.36635223634550684
        ],
        "R_Collar": [
            0.1744172204797903,
            0.8380031635413205
        ],
        "R_Shoulder": [
            0.09647897330141085,
            0.6777648999418205
        ],
        "R_Elbow": [
            0.6457315844776923,
            0.336837717931784
        ],
        "R_Wrist": [
            0.637862707588758,
            0.2860901865968088
        ],
        "R_Hand": [
            0.6438195675372975,
            0.28819035452407454
        ]
    },
    "joints3D": {
        "Pelvis": [
            0.04447936798398969,
            -1.0558574340062687,
            -1.2022488184016629
        ],
        "L_Hip": [
            0.3019334139023421,
            -1.3624850764719894,
            -1.2975632173067797
        ],
        "L_Knee": [
            0.4857101059313893,
            -2.6435050063009555,
            -0.9501628279823421
        ],
        "L_Ankle": [
            0.6587350677209834,
            -3.989325508430761,
            -1.3296809203882716
        ],
        "L_Foot": [
            0.5880638499511814,
            -4.2720701472247224,
            -0.9523250837873116
        ],
        "R_Hip": [
            -0.18298979150072248,
            -1.3725592203482184,
            -1.2977913416978877
        ],
        "R_Knee": [
            -0.4399653091539041,
            -2.71355123548581,
            -1.3591796810238619
        ],
        "R_Ankle": [
            -0.3125504752204129,
            -4.021335607732762,
            -1.8571227932313998
        ],
        "R_Foot": [
            -0.594106409698568,
            -4.271628347780139,
            -1.5699242555768809
        ],
        "Spine1": [
            0.022971082507277887,
            -0.672508625157525,
            -1.1998111494642423
        ],
        "Spine2": [
            0.04846108068921848,
            -0.24932854778827046,
            -0.9270033858390011
        ],
        "Spine3": [
            0.07820591108173591,
            -0.13126903054995837,
            -0.7536871932708356
        ],
        "Neck": [
            0.004250279164083247,
            0.5509196382731018,
            -0.39172036647343933
        ],
        "Head": [
            0.10507065051188734,
            0.4995207718941236,
            -0.08609670667765407
        ],
        "L_Collar": [
            0.2676892225997551,
            0.3366967414452504,
            -0.6706232602581733
        ],
        "L_Shoulder": [
            0.5274919529337866,
            0.5084418695737423,
            -0.5615275319243034
        ],
        "L_Elbow": [
            0.8010265072954776,
            -0.20508983448036702,
            -0.018137833801525623
        ],
        "L_Wrist": [
            1.2430252870594671,
            -0.7291373307743976,
            0.5454385228644835
        ],
        "L_Hand": [
            1.3584947605271427,
            -0.9922718101780341,
            0.6455570528707294
        ],
        "R_Collar": [
            -0.22859080642229584,
            0.21025726516812693,
            -0.5246651917947377
        ],
        "R_Shoulder": [
            -0.34644347646648727,
            0.1776040882429677,
            -0.20546120708707663
        ],
        "R_Elbow": [
            0.2857085591758402,
            -0.31192753909819704,
            0.21699201113030356
        ],
        "R_Wrist": [
            0.8454871739232085,
            -0.734200619503141,
            0.7866378678274409
        ],
        "R_Hand": [
            0.9836220207054025,
            -0.93917968941141,
            0.9562461085903294
        ]
    }
}