{
    "joints3D": {
        "Pelvis": [
            -0.20287048863514065,
            0.3937298488422269,
            -1.8057524359542265
        ],
        "L_Hip": [
            -0.04587479697391566,
            0.3631622624414981,
            -2.1447118107651466
        ],
        "L_Knee": [
            -0.18105760466222692,
            0.3127685669721868,
            -3.310699330603728
        ],
        "L_Ankle": [
            -0.3581907439653753,
            0.7710137074290625,
            -4.4751009318762485
        ],
        "L_Foot": [
            -0.40067083995420255,
            0.4117314889197694,
            -4.658385538919813
        ],
        "R_Hip": [
            -0.48125016299906265,
            0.4263529692804127,
            -2.0397658216429293
        ],
        "R_Knee": [
            -1.0479500535529649,
            -0.023404319426589812,
            -2.9949498650083006
        ],
        "R_Ankle": [
            -1.11040019875878,
            0.11366762090212493,
            -4.248641315748871
        ],
        "R_Foot": [
            -1.3940994821537915,
            -0.15983103443959493,
            -4.364514321422662
        ],
        "Spine1": [
            -0.11833418178335263,
            0.49452263907030375,
            -1.4829228657359605
        ],
        "Spine2": [
            -0.03173675242500394,
            0.39813525999981336,
            -1.071321041570509
        ],
        "Spine3": [
            -0.004826213166463397,
            0.28176102028835276,
            -0.9230074687072767
        ],
        "Neck": [
            0.1310403255656635,
            0.48527881010238333,
            -0.25838115616617546
        ],
        "Head": [
            0.14390778334634702,
            0.295566103541289,
            -0.08222351916887552
        ],
        "L_Collar": [
            0.2940656532730659,
            0.4060209222477425,
            -0.608053662039607
        ],
        "L_Shoulder": [
            0.5549519365830344,
            0.41415106595830825,
            -0.672956638998554
        ],
        "L_Elbow": [
            0.5015258038184192,
            0.6195687921046144,
            -1.437710361149912
        ],
        "L_Wrist": [
            0.587899668847803,
            0.04404179955976047,
            -1.903612430319655
        ],
        "L_Hand": [
            0.5269867667955451,
            -0.05805524630118111,
            -2.1248812022886856
        ],
        "R_Collar": [
            -0.14935602431312806,
            0.44871592631833196,
            -0.5273152644743866
        ],
        "R_Shoulder": [
            -0.417532452786447,
            0.454034717275262,
            -0.4434279767572239
        ],
        "R_Elbow": [
            -0.5439966555692415,
            0.8294513624962115,
            -1.1163100482961181
        ],
        "R_Wrist": [
            -0.8790092315965221,
            0.4878356599849256,
            -1.7173492152604972
        ],
        "R_Hand": [
            -0.8767273773427745,
            0.5064713893436784,
            -1.9674325225133613
        ]
    },
    "joints2D": {
        "Pelvis": [
            0.22576328911303317,
            0.9045575358470753
        ],
        "L_Hip": [
            0.2441274112178817,
            0.9193444180951788
        ],
        "L_Knee": [
            0.23657820043731398,
            0.9384384509596759
        ],
        "L_Ankle": [
            0.23182572570234133,
            0.917457685434773
        ],
        "L_Foot": [
            0.22964008873575784,
            0.9391165491904168
        ],
        "R_Hip": [
            0.20119187753509307,
            0.899508837424634
        ],
        "R_Knee": [
            0.8280996593000554,
            0.9359205722867543
        ],
        "R_Ankle": [
            0.1905033875694491,
            0.9421801429581457
        ],
        "R_Foot": [
            0.8209563747099087,
            0.9330622225234572
        ],
        "Spine1": [
            0.23351416804773284,
            0.8764186448678914
        ],
        "Spine2": [
            0.2431536523065914,
            0.8677702390532083
        ],
        "Spine3": [
            0.2476291065090911,
            0.8844458494135897
        ],
        "Neck": [
            0.28649751261101325,
            0.646569949319794
        ],
        "Head": [
            0.31764031331065107,
            0.576129509178221
        ],
        "L_Collar": [
            0.31773917511611066,
            0.7830365748059351
        ],
        "L_Shoulder": [
            0.3586524754989139,
            0.7640903918920394
        ],
        "L_Elbow": [
            0.3082569775433562,
            0.8390798617485484
        ],
        "L_Wrist": [
            0.31663355518503067,
            0.9375988759688765
        ],
        "L_Hand": [
            0.696033418302593,
            0.9434404603107077
        ],
        "R_Collar": [
            0.21127225083873724,
            0.7611524114026413
        ],
        "R_Shoulder": [
            0.14994515224876195,
            0.7069172598320768
        ],
        "R_Elbow": [
            0.18219442932590346,
            0.7699876465133243
        ],
        "R_Wrist": [
            0.15739977355432969,
            0.8538057615248414
        ],
        "R_Hand": [
            0.1662025707515271,
            0.8672782305587549
        ]
    }
}