{
    "joints3D": {
        "Pelvis": [
            -0.48460079216241675,
            -0.2689907653963965,
            -1.2007162896866455
        ],
        "L_Hip": [
            -0.411656038093868,
            -0.3703060519794878,
            -1.475510764600957
        ],
        "L_Knee": [
            -0.3290593664041282,
            -0.9446498790737248,
            -2.3164995074500037
        ],
        "L_Ankle": [
            -0.5918733947231815,
            -1.394605595400219,
            -3.2793337883881466
        ],
        "L_Foot": [
            -0.3538311162210042,
            -1.6763620824249224,
            -3.282256597452973
        ],
        "R_Hip": [
            -0.6788016750581889,
            -0.4795040347490587,
            -1.2801710429449378
        ],
        "R_Knee": [
            -0.9229995512403428,
            -1.418351081054068,
            -1.6679203514655048
        ],
        "R_Ankle": [
            -1.2743546497886027,
            -2.1644833538398296,
            -2.3903713556054544
        ],
        "R_Foot": [
            -1.1623690721640891,
            -2.5017503007171533,
            -2.27779395278794
        ],
        "Spine1": [
            -0.4710799946401562,
            -0.009796941680451683,
            -1.0222338443733685
        ],
        "Spine2": [
            -0.31101154258168184,
            0.20887197536782037,
            -0.7578800106601482
        ],
        "Spine3": [
            -0.2394109619359109,
            0.2377167512660483,
            -0.6156408185903344
        ],
        "Neck": [
            -0.11136904758740189,
            0.5683494343670812,
            -0.15097539386038136
        ],
        "Head": [
            0.008132350521046645,
            0.49278994141910654,
            0.02579559804877548
        ],
        "L_Collar": [
            0.021990116856490056,
            0.49841886611326575,
            -0.45071486423339674
        ],
        "L_Shoulder": [
            0.2776275048611057,
            0.5340698265641551,
            -0.5251115929096348
        ],
        "L_Elbow": [
            0.3514019364388306,
            0.12431341173594261,
            -1.1008207328240163
        ],
        "L_Wrist": [
            0.5190951061026507,
            -0.4506052511001395,
            -1.440415390376154
        ],
        "L_Hand": [
            0.5334012760745377,
            -0.6203068778302505,
            -1.6077016315114976
        ],
        "R_Collar": [
            -0.38112233150429026,
            0.4111536023525888,
            -0.2784514542755116
        ],
        "R_Shoulder": [
            -0.635410967506975,
            0.35628149385049096,
            -0.15802569461516622
        ],
        "R_Elbow": [
            -0.9664049492114778,
            0.2493438874172102,
            -0.7563979538132571
        ],
        "R_Wrist": [
            -1.392607854157478,
            -0.04651299654224968,
            -1.2276303859142388
        ],
        "R_Hand": [
            -1.4729707637199625,
            -0.10453386211955142,
            -1.4426553481977529
        ]
    },
    "joints2D": {
        "Pelvis": [
            0.8284849310906186,
            0.8794806106424184
        ],
        "L_Hip": [
            0.8055574682554386,
            0.8858150970059103
        ],
        "L_Knee": [
            0.7768678120666539,
            0.856438807501767
        ],
        "L_Ankle": [
            0.783257727610191,
            0.8507621678359086
        ],
        "L_Foot": [
            0.7694821922695616,
            0.8335219252185219
        ],
        "R_Hip": [
            0.840534250670619,
            0.8336399497802052
        ],
        "R_Knee": [
            0.8211340960073831,
            0.7494600016915937
        ],
        "R_Ankle": [
            0.8167137750688279,
            0.7424622528501338
        ],
        "R_Foot": [
            0.8075727005523657,
            0.7175980377448051
        ],
        "Spine1": [
            0.8485342416072463,
            0.9190204581095911
        ],
        "Spine2": [
            0.1727173657987043,
            0.8673089741438519
        ],
        "Spine3": [
            0.1809536295289327,
            0.8453977927041025
        ],
        "Neck": [
            0.21922614125712467,
            0.5770348545717022
        ],
        "Head": [
            0.25120194661727974,
            0.4810380312986049
        ],
        "L_Collar": [
            0.25421402702855955,
            0.7257224085247154
        ],
        "L_Shoulder": [
            0.3094511543842939,
            0.7273171453185338
        ],
        "L_Elbow": [
            0.3152895198527954,
            0.9148542258421877
        ],
        "L_Wrist": [
            0.6852568909108168,
            0.8641288985632427
        ],
        "L_Hand": [
            0.6927957051357172,
            0.8503069437418359
        ],
        "R_Collar": [
            0.14165708865840107,
            0.6536098977614205
        ],
        "R_Shoulder": [
            0.08854408398915956,
            0.5769144556321245
        ],
        "R_Elbow": [
            0.0858956587763882,
            0.7520422172897411
        ],
        "R_Wrist": [
            0.9239139211386431,
            0.8015090101525525
        ],
        "R_Hand": [
            0.9132833481597756,
            0.81446672626116
        ]
    }
}