{
    "joints2D": {
        "Pelvis": [
            0.3047541324683203,
            0.9189727614140126
        ],
        "L_Hip": [
            0.3316828709921641,
            0.9143323745158444
        ],
        "L_Knee": [
            0.6669583188055883,
            0.9025624835454049
        ],
        "L_Ankle": [
            0.6696078888048185,
            0.9021476065426662
        ],
        "L_Foot": [
            0.6709564820074669,
            0.8846515963846963
        ],
        "R_Hip": [
            0.2842339902675242,
            0.930200881397626
        ],
        "R_Knee": [
            0.7108174887493952,
            0.9249126870953449
        ],
        "R_Ankle": [
            0.6940665795718406,
            0.9264873887819532
        ],
        "R_Foot": [
            0.6911810125900966,
            0.9143903991368056
        ],
        "Spine1": [
            0.30039740699268264,
            0.8902807418852601
        ],
        "Spine2": [
            0.30001525184835015,
            0.8749115427245152
        ],
        "Spine3": [
            0.2947174984052806,
            0.8803339447227456
        ],
        "Neck": [
            0.2667645840899139,
            0.5929137939898915
        ],
        "Head": [
            0.280719679985395,
            0.46565864072788266
        ],
        "L_Collar": [
            0.3534706189639198,
            0.7379125844320996
        ],
        "L_Shoulder": [
            0.39194031465247015,
            0.5831831252318533
        ],
        "L_Elbow": [
            0.6521936928901608,
            0.16328389503194243
        ],
        "L_Wrist": [
            0.7349945279488552,
            0.10695623286442352
        ],
        "L_Hand": [
            0.7443027383911329,
            0.10304836909117963
        ],
        "R_Collar": [
            0.23544305911880017,
            0.7515761213807315
        ],
        "R_Shoulder": [
            0.18694720834922593,
            0.6707215801617731
        ],
        "R_Elbow": [
            0.1788447344686241,
            0.7842419452300394
        ],
        "R_Wrist": [
            0.14642628577729164,
            0.8976322559138928
        ],
        "R_Hand": [
            0.8540489341050395,
            0.8989669609388685
        ]
    },
    "joints3D": {
        "Pelvis": [
            0.5762037941448267,
            0.2577615040118521,
            -2.1650973056291827
        ],
        "L_Hip": [
            0.9668061130985124,
            0.17614227776068836,
            -2.4277375738115157
        ],
        "L_Knee": [
            1.5328248177512418,
            -0.4183155127058672,
            -3.6802149084832565
        ],
        "L_Ankle": [
            2.090168738848619,
            -0.636552165938472,
            -5.175705259606358
        ],
        "L_Foot": [
            2.2535165971643423,
            -1.0567596406482573,
            -5.428597070980506
        ],
        "R_Hip": [
            0.4284852483680645,
            0.28007497214949445,
            -2.6058597266344203
        ],
        "R_Knee": [
            0.7390167969734751,
            -0.47330117490951995,
            -3.8975876024894203
        ],
        "R_Ankle": [
            1.4287443069066674,
            -0.4715409847394629,
            -5.351730115759604
        ],
        "R_Foot": [
            1.6563739849089418,
            -0.7384041556996068,
            -5.740387946449187
        ],
        "Spine1": [
            0.4653187474189257,
            0.420135840882001,
            -1.7666457647380245
        ],
        "Spine2": [
            0.3358920611861839,
            0.3693819183803292,
            -1.2345027702339038
        ],
        "Spine3": [
            0.2459782085585233,
            0.2927822084296034,
            -1.022461635008343
        ],
        "Neck": [
            0.07274795147114547,
            0.6011824160498205,
            -0.19193470845007188
        ],
        "Head": [
            0.07641301363537199,
            0.36364970023544413,
            0.0376652908306188
        ],
        "L_Collar": [
            0.4178928522678407,
            0.37729015741609284,
            -0.4796251280946914
        ],
        "L_Shoulder": [
            0.4809296040808592,
            0.3456346788468353,
            -0.1441464994080203
        ],
        "L_Elbow": [
            0.4032404499654335,
            -0.23709803820218356,
            0.6790792509170506
        ],
        "L_Wrist": [
            0.1311376737645372,
            -0.45104338721443493,
            1.563980944935842
        ],
        "L_Hand": [
            0.06695747870593972,
            -0.5173848097879039,
            1.8705421338942914
        ],
        "R_Collar": [
            -0.06935349730045255,
            0.6223148644634445,
            -0.668124593061106
        ],
        "R_Shoulder": [
            -0.35760443600691155,
            0.7559118490109447,
            -0.5026619206331208
        ],
        "R_Elbow": [
            -0.6918308021561238,
            0.9383100304271714,
            -1.4221852758980025
        ],
        "R_Wrist": [
            -0.9763600011692222,
            0.1396585280065462,
            -1.912074113435518
        ],
        "R_Hand": [
            -1.0510599027615308,
            -0.13597940887666002,
            -2.0556691783482863
        ]
    }
}