{
    "joints2D": {
        "Pelvis": [
            0.31930574410511126,
            0.9005472209260101
        ],
        "L_Hip": [
            0.34438543209678096,
            0.8998079654724347
        ],
        "L_Knee": [
            0.6407794023278013,
            0.8796377127084749
        ],
        "L_Ankle": [
            0.6285552629688709,
            0.886800208095367
        ],
        "L_Foot": [
            0.6363356353153877,
            0.8703372713883999
        ],
        "R_Hip": [
            0.29963884181876016,
            0.918221869003772
        ],
        "R_Knee": [
            0.724138403226072,
            0.9462372015932857
        ],
        "R_Ankle": [
            0.2848852890667724,
            0.9232941597018275
        ],
        "R_Foot": [
            0.27644403976669346,
            0.9469135531338414
        ],
        "Spine1": [
            0.31563851351238403,
            0.8661817015632892
        ],
        "Spine2": [
            0.310794257213847,
            0.8273253018824649
        ],
        "Spine3": [
            0.3010272034112232,
            0.8356828509436462
        ],
        "Neck": [
            0.2754645907196594,
            0.6132140140397294
        ],
        "Head": [
            0.249493908676557,
            0.52609331227327
        ],
        "L_Collar": [
            0.3441572865284196,
            0.7376420000712376
        ],
        "L_Shoulder": [
            0.4091310523566993,
            0.7063854480461028
        ],
        "L_Elbow": [
            0.5981710492137033,
            0.838851331661774
        ],
        "L_Wrist": [
            0.6870919927006038,
            0.8103567912902688
        ],
        "L_Hand": [
            0.7258854344352286,
            0.7715118482399427
        ],
        "R_Collar": [
            0.25925839028956843,
            0.7227347938594698
        ],
        "R_Shoulder": [
            0.23546619000642297,
            0.689052022720208
        ],
        "R_Elbow": [
            0.2746463531430439,
            0.7577799339733907
        ],
        "R_Wrist": [
            0.19941816958736888,
            0.7735864422170657
        ],
        "R_Hand": [
            0.17784725289510483,
            0.7672272809169244
        ]
    },
    "joints3D": {
        "Pelvis": [
            0.6117023358735105,
            0.2766383813858559,
            -1.7454175404468837
        ],
        "L_Hip": [
            0.9204001459887943,
            0.17006218737568582,
            -1.9347630285638386
        ],
        "L_Knee": [
            1.605322692503362,
            -0.3037437014612966,
            -2.7753990218844162
        ],
        "L_Ankle": [
            2.3762040977064545,
            -0.10442304917885478,
            -3.768515649759311
        ],
        "L_Foot": [
            2.4004082911608684,
            -0.49284068284316535,
            -3.892625977616698
        ],
        "R_Hip": [
            0.5084451507689602,
            0.275111457459712,
            -2.0983809835319924
        ],
        "R_Knee": [
            0.38937005055783225,
            -0.17701233203568137,
            -3.211013860510472
        ],
        "R_Ankle": [
            0.7140587252614397,
            0.558389030801693,
            -4.196520711188543
        ],
        "R_Foot": [
            0.5410406899333478,
            0.22764069733865444,
            -4.374904712238038
        ],
        "Spine1": [
            0.5250251477033934,
            0.4372069790909333,
            -1.4454430500587032
        ],
        "Spine2": [
            0.3902344271839668,
            0.493506114007806,
            -1.0361054091801758
        ],
        "Spine3": [
            0.27906259919299736,
            0.41434411227460594,
            -0.9013384599449245
        ],
        "Neck": [
            0.10618025999532493,
            0.5802996043186971,
            -0.22945784104187303
        ],
        "Head": [
            0.0023849663496060803,
            0.4333206007176538,
            -0.04029568946909501
        ],
        "L_Collar": [
            0.36205284882812294,
            0.3783429761690438,
            -0.45554053051346477
        ],
        "L_Shoulder": [
            0.5547596871631951,
            0.21285372263970231,
            -0.36139948869686767
        ],
        "L_Elbow": [
            0.9199727572504348,
            -0.04089512648150318,
            -1.0256503287419736
        ],
        "L_Wrist": [
            0.3243902153133003,
            -0.4328090031320603,
            -0.7901307896363945
        ],
        "L_Hand": [
            0.1278497218301189,
            -0.5552105176012005,
            -0.6881751750360845
        ],
        "R_Collar": [
            0.05706506876391433,
            0.6821590626325861,
            -0.6058839741875873
        ],
        "R_Shoulder": [
            -0.08979463553704177,
            0.9194138642848879,
            -0.653499627907335
        ],
        "R_Elbow": [
            0.26227609695192966,
            1.1618550904862617,
            -1.3136337923893187
        ],
        "R_Wrist": [
            -0.5006463156465211,
            1.070833154258752,
            -1.405137004425727
        ],
        "R_Hand": [
            -0.7516801401110677,
            1.0694212965313972,
            -1.433115105532799
        ]
    }
}