{
    "joints2D": {
        "Pelvis": [
            0.2057146679619489,
            0.8558222729018838
        ],
        "L_Hip": [
            0.2234102521611771,
            0.8729921002565267
        ],
        "L_Knee": [
            0.2263675360148783,
            0.8768645367569476
        ],
        "L_Ankle": [
            0.22237094793959705,
            0.8631740693040595
        ],
        "L_Foot": [
            0.22130173244986934,
            0.8857449528413903
        ],
        "R_Hip": [
            0.18341341481355647,
            0.8538325584320646
        ],
        "R_Knee": [
            0.16709598046901003,
            0.896472734816474
        ],
        "R_Ankle": [
            0.17515661612517688,
            0.9194989626124257
        ],
        "R_Foot": [
            0.8306243358180998,
            0.9325361244131037
        ],
        "Spine1": [
            0.21068245876700678,
            0.825459235023832
        ],
        "Spine2": [
            0.21872825503034468,
            0.7896745054691994
        ],
        "Spine3": [
            0.2188122315597946,
            0.7938629887852374
        ],
        "Neck": [
            0.2457185025381616,
            0.5955455663222352
        ],
        "Head": [
            0.25566581940926303,
            0.5123233943517266
        ],
        "L_Collar": [
            0.2802154826296234,
            0.721412134217565
        ],
        "L_Shoulder": [
            0.3307998248538792,
            0.7486297585803198
        ],
        "L_Elbow": [
            0.28298806580053265,
            0.8726595686675308
        ],
        "L_Wrist": [
            0.24982168738884186,
            0.9509526779868162
        ],
        "L_Hand": [
            0.24219604797092892,
            0.9620076407621052
        ],
        "R_Collar": [
            0.1902972532791402,
            0.6641122670906178
        ],
        "R_Shoulder": [
            0.14402237705272541,
            0.6296673966579169
        ],
        "R_Elbow": [
            0.14163338068917816,
            0.75285004039662
        ],
        "R_Wrist": [
            0.12714130888464584,
            0.8177242380554085
        ],
        "R_Hand": [
            0.12742461570216362,
            0.82985005711216
        ]
    },
    "joints3D": {
        "Pelvis": [
            -0.38327979153474717,
            0.6246227636563261,
            -1.600649612033359
        ],
        "L_Hip": [
            -0.2574586615590037,
            0.6526709072499849,
            -1.9168773088952082
        ],
        "L_Knee": [
            -0.3466761947410379,
            0.9667834079620362,
            -2.9539684629408436
        ],
        "L_Ankle": [
            -0.5668761137863467,
            1.4977884542781699,
            -3.947702993331535
        ],
        "L_Foot": [
            -0.5908934846395231,
            1.2083857436848433,
            -4.1979418887804085
        ],
        "R_Hip": [
            -0.6564733850639591,
            0.6402619633335314,
            -1.794213749050344
        ],
        "R_Knee": [
            -1.1304926316369566,
            0.40250762258438083,
            -2.7670593158257772
        ],
        "R_Ankle": [
            -1.3539319807877632,
            0.3063672042017909,
            -3.8896009373237823
        ],
        "R_Foot": [
            -1.4471107035158288,
            -0.055112200211715846,
            -3.9730961613325797
        ],
        "Spine1": [
            -0.30161052805346206,
            0.6874032479590295,
            -1.303800524582623
        ],
        "Spine2": [
            -0.19246786930058368,
            0.664536792006177,
            -0.9406604585088681
        ],
        "Spine3": [
            -0.1637426634967124,
            0.5580181731327107,
            -0.814018955966697
        ],
        "Neck": [
            -0.011731759824849527,
            0.6028262047187931,
            -0.19720759285535996
        ],
        "Head": [
            0.020154722412216844,
            0.4450127163571651,
            -0.021577493756403263
        ],
        "L_Collar": [
            0.14523787718228678,
            0.5757861753550622,
            -0.5154860438512544
        ],
        "L_Shoulder": [
            0.38877079198706616,
            0.4852586609765988,
            -0.5946822674171371
        ],
        "L_Elbow": [
            0.2437504841688309,
            0.44326577929188615,
            -1.3319787931819562
        ],
        "L_Wrist": [
            0.00989801689348323,
            0.09374970380711944,
            -1.9021088298792692
        ],
        "L_Hand": [
            -0.058803339374504916,
            0.01412160599540519,
            -2.119960958759188
        ],
        "R_Collar": [
            -0.28891117402131333,
            0.6567815898628212,
            -0.4130579860808914
        ],
        "R_Shoulder": [
            -0.5679559829155207,
            0.6564036245874838,
            -0.35934574323288826
        ],
        "R_Elbow": [
            -0.8629413487676154,
            0.7111010679638026,
            -1.0304830552390856
        ],
        "R_Wrist": [
            -1.2319124865363797,
            0.5024510284667643,
            -1.6245105315002852
        ],
        "R_Hand": [
            -1.3408371327201463,
            0.4781309928779783,
            -1.8393456748944197
        ]
    }
}