{
    "joints3D": {
        "Pelvis": [
            -0.38282237621050796,
            -0.35734897529897697,
            -1.7918875309089914
        ],
        "L_Hip": [
            -0.3373783895165936,
            -0.48841191134300316,
            -2.0907398429438904
        ],
        "L_Knee": [
            -0.5756722082496005,
            -1.0143232641004587,
            -3.0637723687001026
        ],
        "L_Ankle": [
            -1.003927264726997,
            -1.1355542311490672,
            -4.181365747087255
        ],
        "L_Foot": [
            -1.0723499298123655,
            -1.5258026186570366,
            -4.201264725498474
        ],
        "R_Hip": [
            -0.6647370358961128,
            -0.3396386754586137,
            -1.9526321907989008
        ],
        "R_Knee": [
            -1.482011306768783,
            -0.5285840005426085,
            -2.744102571607636
        ],
        "R_Ankle": [
            -1.9628517016355824,
            -0.5425701548844089,
            -3.8470839651360618
        ],
        "R_Foot": [
            -2.224861136265202,
            -0.8332370301955312,
            -3.757317181195079
        ],
        "Spine1": [
            -0.21518654274797616,
            -0.19214252445227264,
            -1.5523928363640775
        ],
        "Spine2": [
            -0.031271630282723145,
            -0.1274119803999681,
            -1.2083285588440116
        ],
        "Spine3": [
            0.011089949551557657,
            -0.14412678369724594,
            -1.0444664067730347
        ],
        "Neck": [
            0.19179289974473654,
            0.1456947539998837,
            -0.5502373699584231
        ],
        "Head": [
            0.22141746679101357,
            0.09543335486266327,
            -0.32004043134856436
        ],
        "L_Collar": [
            0.333866400896423,
            -0.0023888314802235212,
            -0.8194962440601274
        ],
        "L_Shoulder": [
            0.5732711645788601,
            -0.040795369003252015,
            -0.9385871939006049
        ],
        "L_Elbow": [
            0.47624752848067087,
            -0.2190520498175868,
            -1.6760492506423113
        ],
        "L_Wrist": [
            0.5366082738314301,
            -0.7428487467446598,
            -1.1574954459556852
        ],
        "L_Hand": [
            0.555081101598342,
            -0.8899496517145259,
            -0.9528496998068396
        ],
        "R_Collar": [
            -0.09409991483775361,
            0.11642465281083623,
            -0.7350269480348437
        ],
        "R_Shoulder": [
            -0.3801062101334873,
            0.17606759621156906,
            -0.728725249506611
        ],
        "R_Elbow": [
            -0.6764051020096611,
            0.08045431715750447,
            -1.4054572592590102
        ],
        "R_Wrist": [
            -1.1312228909571294,
            -0.47441992679942147,
            -1.1509593733158434
        ],
        "R_Hand": [
            -1.2857950329325605,
            -0.6481458641098227,
            -1.0527389633691435
        ]
    },
    "joints2D": {
        "Pelvis": [
            0.7947585017777952,
            0.9035680103494219
        ],
        "L_Hip": [
            0.783716642107081,
            0.8983281409009211
        ],
        "L_Knee": [
            0.7866394746872624,
            0.8728167213553033
        ],
        "L_Ankle": [
            0.7977753653547806,
            0.8839342708379698
        ],
        "L_Foot": [
            0.7977907855566123,
            0.8611069462993745
        ],
        "R_Hip": [
            0.8195777968118928,
            0.8980630850602991
        ],
        "R_Knee": [
            0.8516508033453789,
            0.8686857543746364
        ],
        "R_Ankle": [
            0.849887801039525,
            0.8835061233086298
        ],
        "R_Foot": [
            0.8574772556878589,
            0.855705956891738
        ],
        "Spine1": [
            0.7811799259864344,
            0.927553607534909
        ],
        "Spine2": [
            0.7570361948855975,
            0.936037122261958
        ],
        "Spine3": [
            0.7490741403762022,
            0.9276076032459253
        ],
        "Neck": [
            0.3146734543301808,
            0.8761637517134411
        ],
        "Head": [
            0.36313507848308213,
            0.8282649597452904
        ],
        "L_Collar": [
            0.6634592813030528,
            0.928791977238172
        ],
        "L_Shoulder": [
            0.6322832915423477,
            0.8871945955932524
        ],
        "L_Elbow": [
            0.6921056456670753,
            0.9143389673611508
        ],
        "L_Wrist": [
            0.6837449735028336,
            0.7889761187981812
        ],
        "L_Hand": [
            0.681798927925283,
            0.7360945718713033
        ],
        "R_Collar": [
            0.22163517061063234,
            0.919179612392116
        ],
        "R_Shoulder": [
            0.1537250022972146,
            0.8612224973377558
        ],
        "R_Elbow": [
            0.15040149051029097,
            0.9055345840163394
        ],
        "R_Wrist": [
            0.8880553105514963,
            0.7754457390152699
        ],
        "R_Hand": [
            0.8929918818093397,
            0.7292056909208174
        ]
    }
}