{
    "joints3D": {
        "Pelvis": [
            0.3857584727747204,
            -0.08613571311935748,
            -1.6244782362104733
        ],
        "L_Hip": [
            0.5926077773654956,
            -0.22205162080673646,
            -1.800102532888032
        ],
        "L_Knee": [
            0.7892094410519328,
            -0.8712643072615052,
            -2.571693844311171
        ],
        "L_Ankle": [
            0.9885225989024481,
            -1.0804651485444583,
            -3.6339203117475765
        ],
        "L_Foot": [
            1.0296468486952788,
            -1.4413745663179387,
            -3.7088541557858212
        ],
        "R_Hip": [
            0.2739355311232361,
            -0.1159673992019171,
            -1.9000215865171386
        ],
        "R_Knee": [
            0.19903932060537421,
            -0.5782300094261649,
            -2.8403253215686384
        ],
        "R_Ankle": [
            0.7808307031030939,
            -0.105521305636735,
            -3.648681271596691
        ],
        "R_Foot": [
            0.6921394075177164,
            -0.16423845238045537,
            -4.00810305844679
        ],
        "Spine1": [
            0.3615319674927603,
            0.10556782348897334,
            -1.3735226416365052
        ],
        "Spine2": [
            0.30153894449604934,
            0.17141631664412618,
            -1.0034304881648233
        ],
        "Spine3": [
            0.26131623399239773,
            0.14442259176928526,
            -0.8480815101689952
        ],
        "Neck": [
            0.1709822283855888,
            0.3306107312438131,
            -0.2980155379848811
        ],
        "Head": [
            0.14223909334940657,
            0.280150449398279,
            -0.07794458444066409
        ],
        "L_Collar": [
            0.4326741315018115,
            0.24895465105241868,
            -0.4945117063525971
        ],
        "L_Shoulder": [
            0.7024264255048083,
            0.2548429158559004,
            -0.48217954847644706
        ],
        "L_Elbow": [
            0.9222103377472791,
            0.10404251006873723,
            -1.1449862030178601
        ],
        "L_Wrist": [
            1.1065695292714206,
            -0.45518324743922695,
            -1.5089762016415298
        ],
        "L_Hand": [
            1.164878016340392,
            -0.6021443190908288,
            -1.6895860679886732
        ],
        "R_Collar": [
            -0.0009680836204449336,
            0.3184368849128043,
            -0.5900226424968217
        ],
        "R_Shoulder": [
            -0.275463675383501,
            0.3304590609081512,
            -0.6771491594215613
        ],
        "R_Elbow": [
            -0.26587586508823413,
            0.16860210902488465,
            -1.3539373818418006
        ],
        "R_Wrist": [
            -0.26559983369718837,
            -0.26381140887897925,
            -1.9104292041666346
        ],
        "R_Hand": [
            -0.3352438662274567,
            -0.3849804913267993,
            -2.1031653313054792
        ]
    },
    "joints2D": {
        "Pelvis": [
            0.6990198213915456,
            0.9380939875492808
        ],
        "L_Hip": [
            0.6832198881572742,
            0.9112388362187666
        ],
        "L_Knee": [
            0.6952527978080121,
            0.862932548014834
        ],
        "L_Ankle": [
            0.6999348060027664,
            0.8753626188310385
        ],
        "L_Foot": [
            0.7018827165351824,
            0.8537139249127569
        ],
        "R_Hip": [
            0.71919809518304,
            0.9434155719965519
        ],
        "R_Knee": [
            0.7369107159395519,
            0.909632917151862
        ],
        "R_Ankle": [
            0.7033103293351424,
            0.9463253361782157
        ],
        "R_Foot": [
            0.7125587891149687,
            0.9466545773195927
        ],
        "Spine1": [
            0.3055423592598931,
            0.9296365595605435
        ],
        "Spine2": [
            0.3096024294494655,
            0.9030030148743395
        ],
        "Spine3": [
            0.3110484678729918,
            0.9023577980872589
        ],
        "Neck": [
            0.3108163800510294,
            0.7140202054610312
        ],
        "Head": [
            0.3202074188671263,
            0.5757166161810227
        ],
        "L_Collar": [
            0.3700748248760029,
            0.7748600882475604
        ],
        "L_Shoulder": [
            0.4088818591685474,
            0.7172763776246711
        ],
        "L_Elbow": [
            0.3891557809557202,
            0.8461989685649638
        ],
        "L_Wrist": [
            0.6322057653480871,
            0.8222489690166357
        ],
        "L_Hand": [
            0.6406260859337052,
            0.818504697236949
        ],
        "R_Collar": [
            0.24836980630048633,
            0.8282250850294521
        ],
        "R_Shoulder": [
            0.18247636763389707,
            0.8225779944966457
        ],
        "R_Elbow": [
            0.20677973176995282,
            0.923631558849943
        ],
        "R_Wrist": [
            0.7810104531475734,
            0.9238460043539668
        ],
        "R_Hand": [
            0.7843495967498033,
            0.9112219909003976
        ]
    }
}