{
    "joints3D": {
        "Pelvis": [
            -0.12317878991125662,
            0.07821611721862046,
            -1.5050973787607047
        ],
        "L_Hip": [
            0.01069173317748686,
            -0.0004727994440512526,
            -1.7647723557306598
        ],
        "L_Knee": [
            -0.012848389161333186,
            -0.42023076493313566,
            -2.698754470600373
        ],
        "L_Ankle": [
            -0.16517008749294973,
            -0.5276405956202709,
            -3.780289796688019
        ],
        "L_Foot": [
            -0.11016804920248018,
            -0.8797680846043767,
            -3.878816102257297
        ],
        "R_Hip": [
            -0.33306424352461833,
            0.03150027486162589,
            -1.7113539408201082
        ],
        "R_Knee": [
            -0.5455004962928622,
            -0.35906697516947406,
            -2.6595599457541335
        ],
        "R_Ankle": [
            -0.5668848464261844,
            -0.5090584380785725,
            -3.748154561262277
        ],
        "R_Foot": [
            -0.6983727055287806,
            -0.8578408504274174,
            -3.7747351765264714
        ],
        "Spine1": [
            -0.07533779762019392,
            0.25104920263364516,
            -1.2452002169842877
        ],
        "Spine2": [
            0.011034688004233309,
            0.3339502093465878,
            -0.8850741921536331
        ],
        "Spine3": [
            0.02971983746142698,
            0.31532623590557207,
            -0.7250021483260405
        ],
        "Neck": [
            0.11374131643077005,
            0.4953582526029093,
            -0.17379410403806933
        ],
        "Head": [
            0.14074991478779117,
            0.37290309649719205,
            0.015320160953948586
        ],
        "L_Collar": [
            0.3012081453399066,
            0.4172170905302979,
            -0.44178749578919285
        ],
        "L_Shoulder": [
            0.5699700824614833,
            0.4036462003621924,
            -0.4514280429796994
        ],
        "L_Elbow": [
            0.631409689193926,
            0.35366907185805424,
            -1.1592321966713863
        ],
        "L_Wrist": [
            0.6944359563788436,
            0.1759892727386212,
            -1.823128210784809
        ],
        "L_Hand": [
            0.7982059483791072,
            0.1262637720433835,
            -2.0329536358290197
        ],
        "R_Collar": [
            -0.13949397298227675,
            0.48496755825640864,
            -0.39751057161919046
        ],
        "R_Shoulder": [
            -0.41257163903443284,
            0.5476962118617844,
            -0.33369376714292703
        ],
        "R_Elbow": [
            -0.6275710638544377,
            0.4633156723039132,
            -0.9879461481657534
        ],
        "R_Wrist": [
            -0.8578807718184519,
            0.20016513199933253,
            -1.5973373542889273
        ],
        "R_Hand": [
            -0.9894323020241658,
            0.09789342261669472,
            -1.7663634301921236
        ]
    },
    "joints2D": {
        "Pelvis": [
            0.23016543587678734,
            0.9487886062155506
        ],
        "L_Hip": [
            0.7499453349671376,
            0.9638598837216914
        ],
        "L_Knee": [
            0.7523720495278463,
            0.9229847364769733
        ],
        "L_Ankle": [
            0.760742883006276,
            0.9268391736085941
        ],
        "L_Foot": [
            0.7571396891222147,
            0.9043590836076515
        ],
        "R_Hip": [
            0.20452155252408943,
            0.950675685974306
        ],
        "R_Knee": [
            0.7947438072954818,
            0.9203264224144436
        ],
        "R_Ankle": [
            0.7836089870482646,
            0.9237504444840097
        ],
        "R_Foot": [
            0.7884788259472153,
            0.8985544810717253
        ],
        "Spine1": [
            0.23614502842463136,
            0.9103651776739283
        ],
        "Spine2": [
            0.25094275526918347,
            0.8664738018168626
        ],
        "Spine3": [
            0.2559183386261648,
            0.8523226045963888
        ],
        "Neck": [
            0.28243662472974446,
            0.6005595464130019
        ],
        "Head": [
            0.30470816086135516,
            0.48507722630143546
        ],
        "L_Collar": [
            0.32788052786244115,
            0.7297258454832722
        ],
        "L_Shoulder": [
            0.37700162066862375,
            0.7006106365202306
        ],
        "L_Elbow": [
            0.3435067193931499,
            0.8456175973827134
        ],
        "L_Wrist": [
            0.3274675832058201,
            0.9111736562922692
        ],
        "L_Hand": [
            0.33113389565656126,
            0.9174839709395725
        ],
        "R_Collar": [
            0.21182547382642608,
            0.7071079011053298
        ],
        "R_Shoulder": [
            0.15568143525333925,
            0.6476571181207353
        ],
        "R_Elbow": [
            0.15087232401545372,
            0.8051058755499835
        ],
        "R_Wrist": [
            0.14511867248237958,
            0.8827920461958394
        ],
        "R_Hand": [
            0.137724349271563,
            0.893306981124497
        ]
    }
}