{
    "joints3D": {
        "Pelvis": [
            -0.36903499559515734,
            0.09351341267539691,
            -1.508806990524494
        ],
        "L_Hip": [
            -0.315355899442834,
            -0.05199270498065528,
            -1.7998693944628523
        ],
        "L_Knee": [
            -0.5686117935604692,
            -1.1300810920984206,
            -2.0371188497695343
        ],
        "L_Ankle": [
            -1.0728427538892307,
            -0.912120900409297,
            -3.108674352160035
        ],
        "L_Foot": [
            -1.2382059660599534,
            -1.167891020138797,
            -3.363468778606528
        ],
        "R_Hip": [
            -0.6495115067518958,
            0.09316973570061461,
            -1.673642713042855
        ],
        "R_Knee": [
            -1.0624447798173349,
            0.20130891824624506,
            -2.7462540284501897
        ],
        "R_Ankle": [
            -1.122779524805205,
            0.6874310262492076,
            -3.8466583042605387
        ],
        "R_Foot": [
            -1.3426881016967451,
            0.3850051679293006,
            -3.9939438866240033
        ],
        "Spine1": [
            -0.20988508545691248,
            0.2770249013333474,
            -1.2764897760639813
        ],
        "Spine2": [
            -0.03784482931360544,
            0.23745894631726694,
            -0.9221708830462384
        ],
        "Spine3": [
            0.019345476656613944,
            0.19844680541343956,
            -0.7666413885909736
        ],
        "Neck": [
            0.242679422282865,
            0.41528004759989445,
            -0.25211812720033183
        ],
        "Head": [
            0.30187867221893305,
            0.27712642662561277,
            -0.06795653589205747
        ],
        "L_Collar": [
            0.3568355363947283,
            0.33717385357737556,
            -0.5614873484051455
        ],
        "L_Shoulder": [
            0.6015030285764734,
            0.4015724448770385,
            -0.6569223737028081
        ],
        "L_Elbow": [
            0.6183550182099732,
            0.7071085912822668,
            -1.358751733158484
        ],
        "L_Wrist": [
            0.5268436922183154,
            0.188140018603638,
            -1.8786435169427596
        ],
        "L_Hand": [
            0.4338820406390993,
            0.044680257744396566,
            -2.0650945598671866
        ],
        "R_Collar": [
            -0.06368220332584756,
            0.38380428900522656,
            -0.4008541185225661
        ],
        "R_Shoulder": [
            -0.31237721281416714,
            0.4209658808228134,
            -0.2514019684973468
        ],
        "R_Elbow": [
            -0.7725356498415367,
            0.04632289987306218,
            -0.702953703607999
        ],
        "R_Wrist": [
            -0.4975990306027606,
            -0.6253377739921046,
            -0.47069109729072894
        ],
        "R_Hand": [
            -0.3810008486622029,
            -0.8399859609507528,
            -0.4060540643274412
        ]
    },
    "joints2D": {
        "Pelvis": [
            0.19508984030328158,
            0.9351750810500554
        ],
        "L_Hip": [
            0.7909803288686903,
            0.949557420177135
        ],
        "L_Knee": [
            0.7960083609095436,
            0.8172079980800175
        ],
        "L_Ankle": [
            0.8156666226090082,
            0.8699605290089071
        ],
        "L_Foot": [
            0.8173408197140573,
            0.8557509416087588
        ],
        "R_Hip": [
            0.1666972599806073,
            0.9195847582550859
        ],
        "R_Knee": [
            0.16770237555672263,
            0.9157116197341874
        ],
        "R_Ankle": [
            0.1895811151953673,
            0.9019646714433118
        ],
        "R_Foot": [
            0.1781237409350702,
            0.9168040015434571
        ],
        "Spine1": [
            0.2153410654270418,
            0.9023367785079749
        ],
        "Spine2": [
            0.24045319697852205,
            0.8963243980327197
        ],
        "Spine3": [
            0.25367385759095123,
            0.8961524504628694
        ],
        "Neck": [
            0.32413683394923154,
            0.6541462715151387
        ],
        "Head": [
            0.3758589890401121,
            0.554559083991833
        ],
        "L_Collar": [
            0.3393979060680433,
            0.7828970077827239
        ],
        "L_Shoulder": [
            0.3673153313480917,
            0.7564986718246646
        ],
        "L_Elbow": [
            0.3203193988934212,
            0.8122884947164677
        ],
        "L_Wrist": [
            0.3082166085445967,
            0.9221553390795161
        ],
        "L_Hand": [
            0.2960436437695348,
            0.9485126855181825
        ],
        "R_Collar": [
            0.2288295929986406,
            0.7466962807906906
        ],
        "R_Shoulder": [
            0.15651582635820843,
            0.6455682426360961
        ],
        "R_Elbow": [
            0.08038385245475765,
            0.8034877630911506
        ],
        "R_Wrist": [
            0.8450339325133065,
            0.6745020055008469
        ],
        "R_Hand": [
            0.81365098546655,
            0.630059412444014
        ]
    }
}