{
    "joints2D": {
        "Pelvis": [
            0.7853290393926379,
            0.9328918505831874
        ],
        "L_Hip": [
            0.7580481155047505,
            0.9424329605308258
        ],
        "L_Knee": [
            0.7488282445295094,
            0.9245885107950412
        ],
        "L_Ankle": [
            0.7562957940101741,
            0.9231697451936277
        ],
        "L_Foot": [
            0.7447500286365025,
            0.9039316224118942
        ],
        "R_Hip": [
            0.7988387278198296,
            0.9040992764846542
        ],
        "R_Knee": [
            0.7701776076385976,
            0.8547429256260264
        ],
        "R_Ankle": [
            0.7618458699719286,
            0.8650010353219315
        ],
        "R_Foot": [
            0.7574551041190337,
            0.8404208447636072
        ],
        "Spine1": [
            0.1972451462882015,
            0.9474240994617859
        ],
        "Spine2": [
            0.18734178324802625,
            0.898126245917757
        ],
        "Spine3": [
            0.18611514287544148,
            0.9007385290522743
        ],
        "Neck": [
            0.17201687947282196,
            0.6249641839502378
        ],
        "Head": [
            0.17687562070806004,
            0.5066216196738845
        ],
        "L_Collar": [
            0.228712504265647,
            0.7753293977039787
        ],
        "L_Shoulder": [
            0.2818073975620695,
            0.7500953680524226
        ],
        "L_Elbow": [
            0.3002627818540645,
            0.888653673467769
        ],
        "L_Wrist": [
            0.6768775662429316,
            0.914337996938708
        ],
        "L_Hand": [
            0.6861577949586241,
            0.9016909095326447
        ],
        "R_Collar": [
            0.1211962101538232,
            0.7496730168931316
        ],
        "R_Shoulder": [
            0.0698420005337318,
            0.6896589451772983
        ],
        "R_Elbow": [
            0.903737755011277,
            0.8240065965875786
        ],
        "R_Wrist": [
            0.8626006774256292,
            0.8204359185992263
        ],
        "R_Hand": [
            0.8510843261643806,
            0.8321904950077359
        ]
    },
    "joints3D": {
        "Pelvis": [
            -0.2671351877335216,
            -0.16971075092724702,
            -1.7127668400875367
        ],
        "L_Hip": [
            -0.06089527629735311,
            -0.1639782204401909,
            -2.026151315530442
        ],
        "L_Knee": [
            0.03739059711713265,
            -0.4719595689275792,
            -3.1569909981796838
        ],
        "L_Ankle": [
            -0.10194774164973774,
            -0.6799136214895366,
            -4.3971406497589935
        ],
        "L_Foot": [
            0.14290511627540017,
            -1.0037692351119678,
            -4.3966676222748315
        ],
        "R_Hip": [
            -0.45543325309501265,
            -0.3730415453832032,
            -1.9511132360882568
        ],
        "R_Knee": [
            -0.2969874314046167,
            -1.1840812354402541,
            -2.8205993372735616
        ],
        "R_Ankle": [
            -0.22998670395234616,
            -1.538588063671364,
            -4.032084637089285
        ],
        "R_Foot": [
            -0.14177737649516273,
            -1.9379924560765678,
            -3.9899917426260796
        ],
        "Spine1": [
            -0.3267963114931523,
            0.027474683750890894,
            -1.431085361105646
        ],
        "Spine2": [
            -0.3159984109068041,
            0.19526936523606522,
            -1.0331724466335372
        ],
        "Spine3": [
            -0.26499921394802295,
            0.15073063573134313,
            -0.8549661392887639
        ],
        "Neck": [
            -0.2898270556636889,
            0.505269024379127,
            -0.24147375382526337
        ],
        "Head": [
            -0.20608083997502769,
            0.4141340063722876,
            -0.013408854548023154
        ],
        "L_Collar": [
            -0.0820534748389205,
            0.45256167489129845,
            -0.5724053909883648
        ],
        "L_Shoulder": [
            0.16026921119981932,
            0.5634609047904879,
            -0.6108362124779679
        ],
        "L_Elbow": [
            0.35468601523515186,
            0.32863821958634576,
            -1.344535745083867
        ],
        "L_Wrist": [
            0.6473056815209062,
            -0.17389023865932124,
            -1.8122867124859823
        ],
        "L_Hand": [
            0.6467473600400763,
            -0.33454971186525867,
            -2.0057238332789806
        ],
        "R_Collar": [
            -0.5004139410392631,
            0.2961449740414634,
            -0.49550623994341325
        ],
        "R_Shoulder": [
            -0.7457849098332635,
            0.19587162356683507,
            -0.40120785063624104
        ],
        "R_Elbow": [
            -1.0012023075732608,
            -0.11068886124442127,
            -1.0733653692074494
        ],
        "R_Wrist": [
            -1.1479230505848677,
            -0.5766576017824085,
            -1.6673342536568587
        ],
        "R_Hand": [
            -1.1349898927972464,
            -0.6540495580361455,
            -1.9058143028525498
        ]
    }
}