{
    "joints2D": {
        "Pelvis": [
            0.742719192186273,
            0.8904198797418547
        ],
        "L_Hip": [
            0.7204635945202439,
            0.8738725210447393
        ],
        "L_Knee": [
            0.725823985822183,
            0.8585942374074509
        ],
        "L_Ankle": [
            0.7324887891576072,
            0.8951525069236451
        ],
        "L_Foot": [
            0.7321254590306676,
            0.8900224989294826
        ],
        "R_Hip": [
            0.7695360851169682,
            0.877084993978999
        ],
        "R_Knee": [
            0.7707214789603993,
            0.7855976538076501
        ],
        "R_Ankle": [
            0.7601178291108857,
            0.7681276802703476
        ],
        "R_Foot": [
            0.7628619625446307,
            0.7441653266904661
        ],
        "Spine1": [
            0.7389225402088682,
            0.9314033243249831
        ],
        "Spine2": [
            0.2699718022910895,
            0.9345624247703244
        ],
        "Spine3": [
            0.2646233657035998,
            0.9211310978992051
        ],
        "Neck": [
            0.2642913808001894,
            0.5902499381882006
        ],
        "Head": [
            0.25631671574662585,
            0.46639101879042305
        ],
        "L_Collar": [
            0.339096288473272,
            0.7454278284944474
        ],
        "L_Shoulder": [
            0.4057615387160055,
            0.643568172711312
        ],
        "L_Elbow": [
            0.5933358235454721,
            0.7846341263393745
        ],
        "L_Wrist": [
            0.7061611909267336,
            0.7780107194956641
        ],
        "L_Hand": [
            0.7343551610610441,
            0.7300732252650411
        ],
        "R_Collar": [
            0.21630232719929166,
            0.749650936308413
        ],
        "R_Shoulder": [
            0.1866284438855689,
            0.6825511473234032
        ],
        "R_Elbow": [
            0.22095820805417662,
            0.7920720000942083
        ],
        "R_Wrist": [
            0.1915823088619406,
            0.9032580840205039
        ],
        "R_Hand": [
            0.17601021339883563,
            0.9234854085580295
        ]
    },
    "joints3D": {
        "Pelvis": [
            0.06889697529803118,
            -0.43969758969851147,
            -1.5675651360584903
        ],
        "L_Hip": [
            0.30146125721263534,
            -0.6093750902119645,
            -1.8373021008340682
        ],
        "L_Knee": [
            0.414659894144214,
            -1.1701205493017035,
            -2.9336820882675627
        ],
        "L_Ankle": [
            0.4042576984019041,
            -1.096783663598837,
            -4.2618645028092645
        ],
        "L_Foot": [
            0.4545504271046382,
            -1.2865566682182448,
            -4.640926755073487
        ],
        "R_Hip": [
            -0.1741374634112499,
            -0.5987773422999676,
            -1.8192332870151404
        ],
        "R_Knee": [
            -0.31595007137025843,
            -1.7330200099434991,
            -2.3522744026567235
        ],
        "R_Ankle": [
            -0.2098209123088963,
            -2.7128579651320885,
            -3.2439829967226474
        ],
        "R_Foot": [
            -0.29842180301377474,
            -3.1339722863935324,
            -3.202359230892322
        ],
        "Spine1": [
            0.0761470224768491,
            -0.16094098560356307,
            -1.329068297730491
        ],
        "Spine2": [
            0.09341635211987166,
            0.09974876363849049,
            -0.9575277000564631
        ],
        "Spine3": [
            0.05742559849849951,
            0.12081842280375406,
            -0.7614710212711636
        ],
        "Neck": [
            0.06154808106118152,
            0.5907877746802361,
            -0.18280935396915826
        ],
        "Head": [
            0.02207502313672609,
            0.4450286036137066,
            0.044423192872425514
        ],
        "L_Collar": [
            0.2902205378999106,
            0.3201638503609064,
            -0.3980811000277365
        ],
        "L_Shoulder": [
            0.5220017608153459,
            0.2714309537435258,
            -0.24300282616401628
        ],
        "L_Elbow": [
            0.9088865304090338,
            -0.18450773446535568,
            -0.826367475787376
        ],
        "L_Wrist": [
            0.28264614191652704,
            -0.6545181923378767,
            -0.8777776331585506
        ],
        "L_Hand": [
            0.11345059010132953,
            -0.8307014836273967,
            -0.7766100829890648
        ],
        "R_Collar": [
            -0.1355110017194322,
            0.4897514537078454,
            -0.5287533480107751
        ],
        "R_Shoulder": [
            -0.340540756708401,
            0.7020434402138138,
            -0.5086968079544828
        ],
        "R_Elbow": [
            -0.24401431997699335,
            0.9051517509040427,
            -1.2992194246539535
        ],
        "R_Wrist": [
            -0.5034873790959139,
            0.31817659771972545,
            -1.7911595385436656
        ],
        "R_Hand": [
            -0.6472110768189179,
            0.1247610356885607,
            -1.8989331527175763
        ]
    }
}