{
    "joints2D": {
        "Pelvis": [
            0.2613147708367188,
            0.947129838924463
        ],
        "L_Hip": [
            0.28753034877660194,
            0.9529206792236934
        ],
        "L_Knee": [
            0.7167051390868564,
            0.910440693261519
        ],
        "L_Ankle": [
            0.7299708450553395,
            0.8937826794576387
        ],
        "L_Foot": [
            0.7235675626710932,
            0.8676701255286857
        ],
        "R_Hip": [
            0.7651523123852029,
            0.9609953620702134
        ],
        "R_Knee": [
            0.7617467853571617,
            0.9010498477686709
        ],
        "R_Ankle": [
            0.7492132502220172,
            0.8907454708875864
        ],
        "R_Foot": [
            0.7538272536638028,
            0.8643897165473508
        ],
        "Spine1": [
            0.25846451282561916,
            0.9077248098470475
        ],
        "Spine2": [
            0.26136267424563914,
            0.8630505551082358
        ],
        "Spine3": [
            0.2649105215805315,
            0.8626912736967512
        ],
        "Neck": [
            0.25207493189397534,
            0.5976938619185145
        ],
        "Head": [
            0.26236968368696595,
            0.46577133915515867
        ],
        "L_Collar": [
            0.3162974222987851,
            0.7143318387384663
        ],
        "L_Shoulder": [
            0.36422865407520083,
            0.6699450287975945
        ],
        "L_Elbow": [
            0.3565835467103949,
            0.7918357398648874
        ],
        "L_Wrist": [
            0.36411049016119845,
            0.8996558276002852
        ],
        "L_Hand": [
            0.6559289634381511,
            0.8986181600154588
        ],
        "R_Collar": [
            0.1967058197178117,
            0.7406810562030463
        ],
        "R_Shoulder": [
            0.1363095788954557,
            0.7272765421962365
        ],
        "R_Elbow": [
            0.15150691291163704,
            0.8600086300480819
        ],
        "R_Wrist": [
            0.821344137322972,
            0.8809780947255992
        ],
        "R_Hand": [
            0.8117760137668809,
            0.8618561209538419
        ]
    },
    "joints3D": {
        "Pelvis": [
            0.08668615936124167,
            0.09416954624569546,
            -1.5384712904714932
        ],
        "L_Hip": [
            0.30539187832504017,
            0.030524220091869385,
            -1.7890406956360354
        ],
        "L_Knee": [
            0.45551452633727246,
            -0.500193743032286,
            -2.715442913322675
        ],
        "L_Ankle": [
            0.4042746422718458,
            -0.9782086411179065,
            -3.7473359826954526
        ],
        "L_Foot": [
            0.5508594846514062,
            -1.3204788437342672,
            -3.6708017046814385
        ],
        "R_Hip": [
            -0.10627311197954241,
            -0.014438659075264699,
            -1.7863406791532366
        ],
        "R_Knee": [
            -0.13832894076871632,
            -0.64098332410733,
            -2.6883043987992656
        ],
        "R_Ankle": [
            0.04075342597602039,
            -1.0477111684116946,
            -3.7369768075344156
        ],
        "R_Foot": [
            -0.04881272148479358,
            -1.4002893902026032,
            -3.629547477968479
        ],
        "Spine1": [
            0.061500554287273065,
            0.273375174636358,
            -1.2848359540960483
        ],
        "Spine2": [
            0.06381903786439191,
            0.35662306059895055,
            -0.9174703121280402
        ],
        "Spine3": [
            0.06788434016574096,
            0.29614626878743466,
            -0.762345408498765
        ],
        "Neck": [
            0.01114999784699329,
            0.48692368676372705,
            -0.16303242594037418
        ],
        "Head": [
            0.03226847607257538,
            0.36304353243937915,
            0.03703352821424857
        ],
        "L_Collar": [
            0.2575342004333793,
            0.45066648580321245,
            -0.4131008518274318
        ],
        "L_Shoulder": [
            0.5237351654747635,
            0.48528309142381426,
            -0.39117334802057224
        ],
        "L_Elbow": [
            0.7951652260165809,
            0.5296169612615808,
            -1.0849246874701601
        ],
        "L_Wrist": [
            0.8934986344383689,
            0.0185497858677331,
            -1.5567786292653703
        ],
        "L_Hand": [
            0.8048490015209405,
            -0.15832336136703315,
            -1.6924207490709986
        ],
        "R_Collar": [
            -0.18999766274408228,
            0.42265603419049524,
            -0.4452171426856891
        ],
        "R_Shoulder": [
            -0.46782219962288446,
            0.38981494562675056,
            -0.47892199392852963
        ],
        "R_Elbow": [
            -0.6324137734530323,
            0.2817758753764863,
            -1.1808018174684891
        ],
        "R_Wrist": [
            -0.5510635372676188,
            -0.3571699989596582,
            -1.5106041107797006
        ],
        "R_Hand": [
            -0.5470753919497585,
            -0.5521484045584237,
            -1.650596247374629
        ]
    }
}