{
    "joints3D": {
        "Pelvis": [
            -0.7929619694568769,
            0.2262558225793788,
            -1.2567054229277228
        ],
        "L_Hip": [
            -0.7754622388552712,
            0.11866329085073253,
            -1.5425992181844097
        ],
        "L_Knee": [
            -1.0360685856515108,
            -0.22570773390847457,
            -2.4840476717815525
        ],
        "L_Ankle": [
            -1.4242942291923752,
            -0.007930102407618028,
            -3.5007036084907583
        ],
        "L_Foot": [
            -1.4317122093964663,
            -0.3309083671754086,
            -3.688993299210187
        ],
        "R_Hip": [
            -1.0716838812604448,
            0.1999891618621355,
            -1.3681089583795034
        ],
        "R_Knee": [
            -1.7776133199663502,
            -0.07196800255381522,
            -2.1092627820285936
        ],
        "R_Ankle": [
            -2.307129468043785,
            -0.3101115721409602,
            -3.0570244270768296
        ],
        "R_Foot": [
            -2.5619357528905566,
            -0.5628058491406283,
            -2.938589555882998
        ],
        "Spine1": [
            -0.630624306931178,
            0.40317145869454435,
            -1.046200977467123
        ],
        "Spine2": [
            -0.40545379867490505,
            0.4400747528046316,
            -0.7376205379368236
        ],
        "Spine3": [
            -0.32455261244194467,
            0.38723746435590295,
            -0.6050373946715145
        ],
        "Neck": [
            0.02531552936379351,
            0.4775097818047398,
            -0.1354419540218024
        ],
        "Head": [
            0.1190117073624113,
            0.3473901736717509,
            0.028706929238596756
        ],
        "L_Collar": [
            0.060663856412639244,
            0.4182273261031533,
            -0.46840917925644443
        ],
        "L_Shoulder": [
            0.23380328996640484,
            0.38808904601841493,
            -0.676415604438079
        ],
        "L_Elbow": [
            -0.01932514485778806,
            0.5348879305768164,
            -1.3345367793281557
        ],
        "L_Wrist": [
            -0.3280004753253226,
            0.30427173179209765,
            -1.9164504413553514
        ],
        "L_Hand": [
            -0.4075605922730316,
            0.23511621415774492,
            -2.1342858048628766
        ],
        "R_Collar": [
            -0.3022537581850722,
            0.5269743992104556,
            -0.21985161878250123
        ],
        "R_Shoulder": [
            -0.5642395700999413,
            0.5737709802190389,
            -0.10313573141911336
        ],
        "R_Elbow": [
            -1.080997793994173,
            0.7418217215408126,
            -0.5469975103019613
        ],
        "R_Wrist": [
            -1.5989018886030422,
            0.4860054129660155,
            -0.9607143925341339
        ],
        "R_Hand": [
            -1.7866715764926484,
            0.38516314130822565,
            -1.0710969622354145
        ]
    },
    "joints2D": {
        "Pelvis": [
            0.13481471935899747,
            0.8580728915557015
        ],
        "L_Hip": [
            0.14790906000824278,
            0.8980486900810886
        ],
        "L_Knee": [
            0.8369268055903244,
            0.9075937931370752
        ],
        "L_Ankle": [
            0.8391870507699959,
            0.9290207052027322
        ],
        "L_Foot": [
            0.8317950591124955,
            0.9117921782453129
        ],
        "R_Hip": [
            0.11409785361878146,
            0.8407982730671383
        ],
        "R_Knee": [
            0.8995091652965244,
            0.8488644383894133
        ],
        "R_Ankle": [
            0.8854918158849739,
            0.8527444331934192
        ],
        "R_Foot": [
            0.8922110415000521,
            0.8204033051949268
        ],
        "Spine1": [
            0.1503136261770215,
            0.8235323643226424
        ],
        "Spine2": [
            0.16801532793151033,
            0.7906397127121764
        ],
        "Spine3": [
            0.17170302886310138,
            0.7841423162761848
        ],
        "Neck": [
            0.25666278584802077,
            0.5831149144652445
        ],
        "Head": [
            0.2998330010628873,
            0.4725866111711748
        ],
        "L_Collar": [
            0.26550009531740143,
            0.7576291447813293
        ],
        "L_Shoulder": [
            0.3026044754963973,
            0.8095239893460373
        ],
        "L_Elbow": [
            0.24600980965507754,
            0.8607289350153751
        ],
        "L_Wrist": [
            0.21275079699724622,
            0.9166867487918853
        ],
        "L_Hand": [
            0.20754799542183042,
            0.9276719425929911
        ],
        "R_Collar": [
            0.1710551094747912,
            0.6101510186068164
        ],
        "R_Shoulder": [
            0.12866304849796362,
            0.5411435706954401
        ],
        "R_Elbow": [
            0.10810122036625161,
            0.6395124568279124
        ],
        "R_Wrist": [
            0.07783267796014037,
            0.7025463674157169
        ],
        "R_Hand": [
            0.06934691301203552,
            0.712254045452488
        ]
    }
}