{
    "joints3D": {
        "Pelvis": [
            -0.23670998676361818,
            -0.21964161393647116,
            -1.6696813106243586
        ],
        "L_Hip": [
            -0.12333089487026638,
            -0.4668547849283869,
            -1.8596052112737538
        ],
        "L_Knee": [
            -0.3741631164735256,
            -1.5398054823839853,
            -2.268548102079557
        ],
        "L_Ankle": [
            -0.5642916148891098,
            -2.1451400776929463,
            -3.2401387413038703
        ],
        "L_Foot": [
            -0.634841574393554,
            -2.520057377153909,
            -3.081054773437444
        ],
        "R_Hip": [
            -0.4630815251740806,
            -0.31437309867206603,
            -1.8822250134681089
        ],
        "R_Knee": [
            -0.8814700377971412,
            -1.1040336929834764,
            -2.6342511682722956
        ],
        "R_Ankle": [
            -0.7886499032979158,
            -1.1060922428563105,
            -3.7807931029272623
        ],
        "R_Foot": [
            -0.8978441451977368,
            -1.4707402411243071,
            -3.9312956388096247
        ],
        "Spine1": [
            -0.13952831780635136,
            0.05421002032991986,
            -1.4940016251945927
        ],
        "Spine2": [
            -0.01844415685526509,
            0.19285313849223,
            -1.0760855682764359
        ],
        "Spine3": [
            0.009032958948924636,
            0.2159107355043735,
            -0.8955873335539115
        ],
        "Neck": [
            0.16454700511165318,
            0.47810317199344754,
            -0.3264431944686597
        ],
        "Head": [
            0.18252506720207526,
            0.3726199773596525,
            -0.05930168469126692
        ],
        "L_Collar": [
            0.31030683655715785,
            0.32174949421513255,
            -0.6136899270549443
        ],
        "L_Shoulder": [
            0.5809387188701949,
            0.2960918317720819,
            -0.6783375827494573
        ],
        "L_Elbow": [
            0.6697213776263947,
            0.3133523548787893,
            -1.4002536415718405
        ],
        "L_Wrist": [
            0.6214536165406895,
            -0.1087354435074006,
            -1.982923035035817
        ],
        "L_Hand": [
            0.5524288358487704,
            -0.1866330620727545,
            -2.2208710852390223
        ],
        "R_Collar": [
            -0.09038675687898835,
            0.4940385990336189,
            -0.5859259453264466
        ],
        "R_Shoulder": [
            -0.35097292504219435,
            0.6413066343123885,
            -0.5671286440459269
        ],
        "R_Elbow": [
            -0.6048883815999158,
            0.5676970376938644,
            -1.2175106685191748
        ],
        "R_Wrist": [
            -0.9854414240649702,
            0.015503581572204416,
            -1.5404044584339402
        ],
        "R_Hand": [
            -1.0565897609426578,
            -0.17434186748310831,
            -1.697817818936649
        ]
    },
    "joints2D": {
        "Pelvis": [
            0.7817043224920237,
            0.9253805245159543
        ],
        "L_Hip": [
            0.7646308024223357,
            0.8975209908193981
        ],
        "L_Knee": [
            0.7760131601984896,
            0.7962422671540768
        ],
        "L_Ankle": [
            0.7776612940259482,
            0.7993394379631569
        ],
        "L_Foot": [
            0.7793563085480596,
            0.7690423117054183
        ],
        "R_Hip": [
            0.8020081488992574,
            0.9090186104042346
        ],
        "R_Knee": [
            0.8091579102616704,
            0.8427456240711727
        ],
        "R_Ankle": [
            0.791376392448337,
            0.8809728403416058
        ],
        "R_Foot": [
            0.7928066996954389,
            0.8602506324984149
        ],
        "Spine1": [
            0.227386973899732,
            0.9524447540021875
        ],
        "Spine2": [
            0.2450460593526813,
            0.916796635175969
        ],
        "Spine3": [
            0.25067627545608656,
            0.9008036163768014
        ],
        "Neck": [
            0.2943341488289421,
            0.6785817834409338
        ],
        "Head": [
            0.31896886766814914,
            0.5429809124854507
        ],
        "L_Collar": [
            0.32703211779091534,
            0.807347659903803
        ],
        "L_Shoulder": [
            0.37241450900347817,
            0.7863320857852623
        ],
        "L_Elbow": [
            0.3378858778208803,
            0.870467766496847
        ],
        "L_Wrist": [
            0.6836402995423497,
            0.9294318921428046
        ],
        "L_Hand": [
            0.6976282108333663,
            0.9292965528867572
        ],
        "R_Collar": [
            0.22793519018269157,
            0.7657345353974072
        ],
        "R_Shoulder": [
            0.1828650711113574,
            0.7098550512073498
        ],
        "R_Elbow": [
            0.16868293270041126,
            0.8191607385438722
        ],
        "R_Wrist": [
            0.12350395854727787,
            0.888502463433655
        ],
        "R_Hand": [
            0.8685750523533531,
            0.8739889263880435
        ]
    }
}