{
    "joints3D": {
        "Pelvis": [
            0.12598344739174122,
            2.0909631221067038,
            -1.3785571659854499
        ],
        "L_Hip": [
            0.41054355202359244,
            2.2938961994826013,
            -1.6361193566591783
        ],
        "L_Knee": [
            0.8690451417335322,
            2.0970342553012613,
            -2.9586250071349407
        ],
        "L_Ankle": [
            0.8793844630881593,
            2.925546014829598,
            -4.192559041393772
        ],
        "L_Foot": [
            1.1454618407001573,
            2.594727685302385,
            -4.46226580792603
        ],
        "R_Hip": [
            -0.09509202781754295,
            2.251733140185676,
            -1.7020213365853625
        ],
        "R_Knee": [
            0.054211543185116604,
            2.0310132222268047,
            -3.1189795516664005
        ],
        "R_Ankle": [
            0.30210567783202,
            2.8977527051712366,
            -4.295632508899726
        ],
        "R_Foot": [
            0.24745704951764366,
            2.5032135741055446,
            -4.5974071820280376
        ],
        "Spine1": [
            0.07008269693221242,
            1.9837852655588417,
            -0.9919796997763148
        ],
        "Spine2": [
            0.06374753364694147,
            1.5427486630007188,
            -0.6948768523248411
        ],
        "Spine3": [
            0.0755569621910003,
            1.3481934168697152,
            -0.5856503809336162
        ],
        "Neck": [
            -0.0022866579903540484,
            0.871293814364851,
            0.07485569902064268
        ],
        "Head": [
            0.04362903109268797,
            0.5337015801005116,
            0.12086015652999822
        ],
        "L_Collar": [
            0.3088839994293994,
            1.13093724113741,
            -0.15012330634539056
        ],
        "L_Shoulder": [
            0.4872374804411079,
            1.065569441486599,
            0.1415891673237455
        ],
        "L_Elbow": [
            1.0661926518078677,
            1.7827839438739774,
            0.500490081987562
        ],
        "L_Wrist": [
            1.6349430284133446,
            1.91869679623361,
            1.2315834562896362
        ],
        "L_Hand": [
            1.800712123985066,
            2.0702049181761497,
            1.4609463325820864
        ],
        "R_Collar": [
            -0.2491446076865527,
            1.1252161080324885,
            -0.21449576798147718
        ],
        "R_Shoulder": [
            -0.5029766877052202,
            1.0092906741866101,
            0.013884032135416929
        ],
        "R_Elbow": [
            -1.2902819701677586,
            1.5354479682903435,
            0.12908271204228466
        ],
        "R_Wrist": [
            -2.1768125667257863,
            1.3027368232420087,
            0.39010708605072514
        ],
        "R_Hand": [
            -2.4638731483259613,
            1.2519764176324242,
            0.512665604736233
        ]
    },
    "joints2D": {
        "Pelvis": [
            0.2569181570796691,
            0.6784193354881655
        ],
        "L_Hip": [
            0.2726401718218491,
            0.6885656597561691
        ],
        "L_Knee": [
            0.29104052625315285,
            0.7859750878042391
        ],
        "L_Ankle": [
            0.27946487076538673,
            0.7911918770448472
        ],
        "L_Foot": [
            0.2891317487621742,
            0.8127520887569623
        ],
        "R_Hip": [
            0.24302004899733307,
            0.6985086581241341
        ],
        "R_Knee": [
            0.2513075488931392,
            0.8040793434123548
        ],
        "R_Ankle": [
            0.25924678919654975,
            0.7988808164205135
        ],
        "R_Foot": [
            0.2575108942020467,
            0.8268518505250669
        ],
        "Spine1": [
            0.25373258442302643,
            0.6414108087093997
        ],
        "Spine2": [
            0.254673567871334,
            0.6287913918534219
        ],
        "Spine3": [
            0.2568522872073337,
            0.6245710835116182
        ],
        "Neck": [
            0.24823460388546148,
            0.47065523588280045
        ],
        "Head": [
            0.2611088102672082,
            0.428208202080753
        ],
        "L_Collar": [
            0.2898513834996173,
            0.5373403219371967
        ],
        "L_Shoulder": [
            0.3149836678931349,
            0.4587249837602082
        ],
        "L_Elbow": [
            0.33083282775370326,
            0.4201182384135299
        ],
        "L_Wrist": [
            0.3500319521323176,
            0.3445298310590489
        ],
        "L_Hand": [
            0.3500908498427894,
            0.3326673551425358
        ],
        "R_Collar": [
            0.21516156404221046,
            0.5549299539491216
        ],
        "R_Shoulder": [
            0.1767680110637023,
            0.49331466688829806
        ],
        "R_Elbow": [
            0.14015116432544594,
            0.47557541317138197
        ],
        "R_Wrist": [
            0.09113736407576015,
            0.4408299732044283
        ],
        "R_Hand": [
            0.08193200638294608,
            0.42790718397917543
        ]
    }
}