{
    "joints3D": {
        "Pelvis": [
            0.41782642797329705,
            0.9471322172935116,
            -1.5522160062830546
        ],
        "L_Hip": [
            0.6378190618363649,
            0.9090036050980829,
            -1.8195515125560904
        ],
        "L_Knee": [
            0.7965768184221342,
            1.0196619941886325,
            -2.9369153194670026
        ],
        "L_Ankle": [
            0.8575201588352047,
            1.249702459510067,
            -4.105336337778284
        ],
        "L_Foot": [
            0.8019401888557178,
            1.17503483825022,
            -4.497965995147572
        ],
        "R_Hip": [
            0.3206148640865738,
            1.1680013608613442,
            -1.7913814735512545
        ],
        "R_Knee": [
            0.46854768181468265,
            1.490953059202813,
            -2.892181502816707
        ],
        "R_Ankle": [
            0.6987785678620214,
            1.765889275219243,
            -4.026008666031857
        ],
        "R_Foot": [
            0.5981153446094654,
            1.761446279347498,
            -4.414040804653794
        ],
        "Spine1": [
            0.401987740584054,
            0.9108161917792038,
            -1.22969674965821
        ],
        "Spine2": [
            0.3375788448630997,
            0.7502116181750617,
            -0.8397117679800518
        ],
        "Spine3": [
            0.2707480254020919,
            0.6388717720863353,
            -0.7161497923802527
        ],
        "Neck": [
            0.25526634792404024,
            0.5013034280161264,
            -0.07435019741357306
        ],
        "Head": [
            0.23188230296057255,
            0.3003990244310038,
            0.11316496227759656
        ],
        "L_Collar": [
            0.45222444292612435,
            0.43171079007249985,
            -0.38200398632063765
        ],
        "L_Shoulder": [
            0.5667960682576313,
            0.18521107932968375,
            -0.44606942067390026
        ],
        "L_Elbow": [
            0.46829472934954924,
            0.23054701872899702,
            -1.2321716169374777
        ],
        "L_Wrist": [
            -0.1214915844537786,
            0.3597518584768304,
            -1.6788890053892118
        ],
        "L_Hand": [
            -0.30214081128737535,
            0.35868029606547774,
            -1.862421234900063
        ],
        "R_Collar": [
            0.14134766974960222,
            0.7515181146466884,
            -0.3172936644566956
        ],
        "R_Shoulder": [
            -0.0783444412067113,
            0.9178664369381545,
            -0.2292518706100452
        ],
        "R_Elbow": [
            -0.008814832940237409,
            1.4373922622429374,
            -0.7868606831005229
        ],
        "R_Wrist": [
            -0.3745295443706795,
            1.3134596355488335,
            -1.4467426563697685
        ],
        "R_Hand": [
            -0.4858704558149631,
            1.3030315647961472,
            -1.6744639816025195
        ]
    },
    "joints2D": {
        "Pelvis": [
            0.2902295415201443,
            0.8062813846950192
        ],
        "L_Hip": [
            0.3059710077892558,
            0.8243796017234577
        ],
        "L_Knee": [
            0.2983354780717007,
            0.8637195341060502
        ],
        "L_Ankle": [
            0.28841104659091144,
            0.8780740485059682
        ],
        "L_Foot": [
            0.28369331777944845,
            0.8904859090611348
        ],
        "R_Hip": [
            0.2758408453271355,
            0.8012283034047796
        ],
        "R_Knee": [
            0.27566288395570515,
            0.830872190938882
        ],
        "R_Ankle": [
            0.2790735941254412,
            0.8479535308068854
        ],
        "R_Foot": [
            0.2731317863945692,
            0.8587579931820656
        ],
        "Spine1": [
            0.2946378678363283,
            0.7786933031366275
        ],
        "Spine2": [
            0.2994466224752362,
            0.7500343682133872
        ],
        "Spine3": [
            0.29663366635033594,
            0.7511697425566832
        ],
        "Neck": [
            0.3214361358223754,
            0.5396878073035867
        ],
        "Head": [
            0.3477875890765962,
            0.40051036322418243
        ],
        "L_Collar": [
            0.3598238989751109,
            0.6851194008967875
        ],
        "L_Shoulder": [
            0.4056124661354913,
            0.7443557241333759
        ],
        "L_Elbow": [
            0.3233700523148671,
            0.8905334246600226
        ],
        "L_Wrist": [
            0.23382355860749213,
            0.9068146848463933
        ],
        "L_Hand": [
            0.2152741392125045,
            0.9086386028207439
        ],
        "R_Collar": [
            0.2760293758930345,
            0.620242705574162
        ],
        "R_Shoulder": [
            0.23567176400767134,
            0.5731856680100433
        ],
        "R_Elbow": [
            0.2477688780242292,
            0.6530377948902155
        ],
        "R_Wrist": [
            0.21560445830147984,
            0.7525138187593666
        ],
        "R_Hand": [
            0.20857165256283625,
            0.7734681139731032
        ]
    }
}