{
    "joints3D": {
        "Pelvis": [
            0.10424398943459796,
            -0.20205594591040038,
            -1.4596901351684513
        ],
        "L_Hip": [
            0.25113132460692084,
            -0.40504900511811764,
            -1.6675218261301958
        ],
        "L_Knee": [
            0.3290419366279884,
            -1.090568881192009,
            -2.547143973581682
        ],
        "L_Ankle": [
            0.2985403286438854,
            -1.5960786948442416,
            -3.6224389984117242
        ],
        "L_Foot": [
            0.20461643569402635,
            -1.9763097715629596,
            -3.637759679578624
        ],
        "R_Hip": [
            -0.10553075605890819,
            -0.27447741936409564,
            -1.6917856335735046
        ],
        "R_Knee": [
            -0.32096963651291455,
            -0.7397867389978153,
            -2.70939727172919
        ],
        "R_Ankle": [
            -0.2587603114984912,
            -1.0033413468133259,
            -3.8670833799524833
        ],
        "R_Foot": [
            -0.5255932934312517,
            -1.2968337104913243,
            -3.8722369064623554
        ],
        "Spine1": [
            0.1736541094842348,
            0.04695184499020983,
            -1.251721508397553
        ],
        "Spine2": [
            0.21744525956818594,
            0.21052304743437678,
            -0.899577085323115
        ],
        "Spine3": [
            0.20507754481219895,
            0.22811209825957637,
            -0.7329183054404975
        ],
        "Neck": [
            0.23822997989032346,
            0.501404290465419,
            -0.20703861125816028
        ],
        "Head": [
            0.22693806297034075,
            0.40362023136900543,
            0.0059527441255376986
        ],
        "L_Collar": [
            0.4442093136632532,
            0.3392410416022658,
            -0.4148035830448621
        ],
        "L_Shoulder": [
            0.7016509390801173,
            0.27051829569920754,
            -0.39932946629132376
        ],
        "L_Elbow": [
            0.8321071498314752,
            -0.11585857781352946,
            -1.0355944205787784
        ],
        "L_Wrist": [
            0.7965792199811291,
            -0.665171330044101,
            -1.5161180574771558
        ],
        "L_Hand": [
            0.7942901535944625,
            -0.7927748897399295,
            -1.7307213229533251
        ],
        "R_Collar": [
            0.03070288161013977,
            0.49780659833526775,
            -0.4732801111426692
        ],
        "R_Shoulder": [
            -0.23157816248904195,
            0.6159681706518696,
            -0.4980605550101762
        ],
        "R_Elbow": [
            -0.4059125483352763,
            0.46370497343939776,
            -1.19673050686026
        ],
        "R_Wrist": [
            -0.6595164324901978,
            0.11995576881844594,
            -1.8158152427142666
        ],
        "R_Hand": [
            -0.6416065206554492,
            0.021742139455336953,
            -2.044375098027692
        ]
    },
    "joints2D": {
        "Pelvis": [
            0.7360318369327663,
            0.9265153078121088
        ],
        "L_Hip": [
            0.7212937996757581,
            0.8965467810921339
        ],
        "L_Knee": [
            0.7284438583794437,
            0.8520543454717411
        ],
        "L_Ankle": [
            0.7368103505447721,
            0.8503370380171181
        ],
        "L_Foot": [
            0.7420830900282234,
            0.8270940828133678
        ],
        "R_Hip": [
            0.764559795934042,
            0.9205418108141501
        ],
        "R_Knee": [
            0.7746420178126994,
            0.8903650835607244
        ],
        "R_Ankle": [
            0.7646771343333193,
            0.8953615302467566
        ],
        "R_Foot": [
            0.7769461308287666,
            0.8743064865525535
        ],
        "Spine1": [
            0.2800321306870225,
            0.949820963380679
        ],
        "Spine2": [
            0.2964597038279678,
            0.8929347053620621
        ],
        "Spine3": [
            0.300992973643555,
            0.8714776165629843
        ],
        "Neck": [
            0.3145870198954139,
            0.6119055404667414
        ],
        "Head": [
            0.32828156407798004,
            0.493104569260047
        ],
        "L_Collar": [
            0.3680738188724258,
            0.7203352707315392
        ],
        "L_Shoulder": [
            0.4136305105333522,
            0.685082689847891
        ],
        "L_Elbow": [
            0.6124042089284385,
            0.8431527077439109
        ],
        "L_Wrist": [
            0.6661262152240024,
            0.8217261779461288
        ],
        "L_Hand": [
            0.6763376991138315,
            0.824217137068036
        ],
        "R_Collar": [
            0.2562978307094935,
            0.7333309179996242
        ],
        "R_Shoulder": [
            0.20091874969387555,
            0.7025586312875906
        ],
        "R_Elbow": [
            0.18893389193272014,
            0.8493470236337433
        ],
        "R_Wrist": [
            0.1717777026256464,
            0.9205324103421845
        ],
        "R_Hand": [
            0.17917352867678618,
            0.9399782052184733
        ]
    }
}