{
    "joints2D": {
        "Pelvis": [
            0.13875693815036255,
            0.8531196081814477
        ],
        "L_Hip": [
            0.15923016946282265,
            0.8659017146219817
        ],
        "L_Knee": [
            0.21525442194473357,
            0.886879638759469
        ],
        "L_Ankle": [
            0.21350378945888376,
            0.8828313372275501
        ],
        "L_Foot": [
            0.23046942693377578,
            0.8888297324745756
        ],
        "R_Hip": [
            0.12321513560597817,
            0.8758743107403858
        ],
        "R_Knee": [
            0.8228947884409704,
            0.817411334312685
        ],
        "R_Ankle": [
            0.8389991502939058,
            0.8647287204318463
        ],
        "R_Foot": [
            0.8313957360887616,
            0.8424112738479985
        ],
        "Spine1": [
            0.12969232585424487,
            0.8048064553214409
        ],
        "Spine2": [
            0.138277845015984,
            0.7691307478487367
        ],
        "Spine3": [
            0.14567991835604455,
            0.7844213593948755
        ],
        "Neck": [
            0.1720759545892539,
            0.5526474383211829
        ],
        "Head": [
            0.1897744826234762,
            0.45980611046776926
        ],
        "L_Collar": [
            0.19533504345728342,
            0.6908089495239266
        ],
        "L_Shoulder": [
            0.23546263429445052,
            0.7203950217644635
        ],
        "L_Elbow": [
            0.24348399863962084,
            0.8747210342390767
        ],
        "L_Wrist": [
            0.701170731844029,
            0.9217629082807707
        ],
        "L_Hand": [
            0.6658166811934803,
            0.8697172126541383
        ],
        "R_Collar": [
            0.1070115801867621,
            0.6444995193667225
        ],
        "R_Shoulder": [
            0.05551221001826654,
            0.6037661482309669
        ],
        "R_Elbow": [
            0.05861903030782443,
            0.7300593743302874
        ],
        "R_Wrist": [
            0.8866948370446852,
            0.7762429594920703
        ],
        "R_Hand": [
            0.8717227036932151,
            0.7655787107124747
        ]
    },
    "joints3D": {
        "Pelvis": [
            -0.9571614987821027,
            0.3357936369509299,
            -1.5497813180170674
        ],
        "L_Hip": [
            -0.9250095227246059,
            0.46029952317397266,
            -1.9067881404180422
        ],
        "L_Knee": [
            -0.5074134177076748,
            0.8209653157375721,
            -2.960545374777638
        ],
        "L_Ankle": [
            -0.7570966052773712,
            1.2099615301107236,
            -4.153646529401628
        ],
        "L_Foot": [
            -0.4050425927174871,
            1.2330153405093633,
            -4.363700529474941
        ],
        "R_Hip": [
            -1.1593755170172915,
            0.09962186603053513,
            -1.7497542765576086
        ],
        "R_Knee": [
            -0.9358349889944421,
            -1.0419889791732033,
            -2.0939615985117115
        ],
        "R_Ankle": [
            -1.5276008069539426,
            -0.8061898761549471,
            -3.2023508954563216
        ],
        "R_Foot": [
            -1.5325667858574716,
            -1.2093222094002873,
            -3.3042996478541546
        ],
        "Spine1": [
            -0.9438060816869022,
            0.46089693479262495,
            -1.2200309762426063
        ],
        "Spine2": [
            -0.6990634459630712,
            0.5060556790878818,
            -0.860969283155542
        ],
        "Spine3": [
            -0.552399763239002,
            0.41983509410427716,
            -0.7702663303097658
        ],
        "Neck": [
            -0.3116505214630741,
            0.5740197609055887,
            -0.1126781114297666
        ],
        "Head": [
            -0.17134082854107588,
            0.42834951415267225,
            0.054540521036211376
        ],
        "L_Collar": [
            -0.2752839277735734,
            0.662895237159135,
            -0.4997038841295505
        ],
        "L_Shoulder": [
            -0.07827877067838893,
            0.7566840574786041,
            -0.6626224553532247
        ],
        "L_Elbow": [
            -0.03876963699335106,
            0.4874812134647532,
            -1.4186817277846495
        ],
        "L_Wrist": [
            0.2625877299249775,
            -0.13206809609165956,
            -1.1104586618818102
        ],
        "L_Hand": [
            0.47771494565396805,
            -0.24791288044506327,
            -1.0399426393891964
        ],
        "R_Collar": [
            -0.6058370854110038,
            0.4047055806730817,
            -0.3148684522704619
        ],
        "R_Shoulder": [
            -0.7821820127360306,
            0.2046700276738137,
            -0.21563169849194788
        ],
        "R_Elbow": [
            -1.307341031964011,
            0.12218065634158584,
            -0.8007445930732482
        ],
        "R_Wrist": [
            -1.197153415937477,
            -0.5144190690396995,
            -1.2338106193617548
        ],
        "R_Hand": [
            -1.203200914446768,
            -0.7445131934084923,
            -1.340991050992056
        ]
    }
}