{
    "joints2D": {
        "Pelvis": [
            0.2818515058079353,
            0.7635851998844864
        ],
        "L_Hip": [
            0.28616854072891895,
            0.7906958551300032
        ],
        "L_Knee": [
            0.23398712955372816,
            0.8836878702883924
        ],
        "L_Ankle": [
            0.2534323918327299,
            0.7923553765100976
        ],
        "L_Foot": [
            0.24713135224368196,
            0.8034539759743294
        ],
        "R_Hip": [
            0.25809569876479205,
            0.7594967491506649
        ],
        "R_Knee": [
            0.1901612424198735,
            0.825525654347284
        ],
        "R_Ankle": [
            0.20031767920863142,
            0.8082024357351082
        ],
        "R_Foot": [
            0.18531944373416334,
            0.8228939826278577
        ],
        "Spine1": [
            0.29912260494622467,
            0.7295876376965222
        ],
        "Spine2": [
            0.307123867928582,
            0.7178943035357662
        ],
        "Spine3": [
            0.305608147947531,
            0.7385115538157424
        ],
        "Neck": [
            0.3352299055217917,
            0.5968978791142764
        ],
        "Head": [
            0.36464063322984996,
            0.5482531305736407
        ],
        "L_Collar": [
            0.3581697217210046,
            0.6803332064195449
        ],
        "L_Shoulder": [
            0.38938369902314585,
            0.6958312486563775
        ],
        "L_Elbow": [
            0.3600128209733676,
            0.6909017888607594
        ],
        "L_Wrist": [
            0.3246017074888018,
            0.7401046114196376
        ],
        "L_Hand": [
            0.3180704888620092,
            0.7397002593024524
        ],
        "R_Collar": [
            0.2789688443118942,
            0.6607567768295247
        ],
        "R_Shoulder": [
            0.22892806705333407,
            0.6828843142873815
        ],
        "R_Elbow": [
            0.16524260677788458,
            0.8044287686714364
        ],
        "R_Wrist": [
            0.1270295566436715,
            0.8917152892592969
        ],
        "R_Hand": [
            0.8733002141244495,
            0.8734512734254708
        ]
    },
    "joints3D": {
        "Pelvis": [
            0.3939031938825218,
            1.3307442750590934,
            -1.5792954664016725
        ],
        "L_Hip": [
            0.4997359981599865,
            1.3518666007665445,
            -1.9536365546772292
        ],
        "L_Knee": [
            -0.21335182909872769,
            0.8572487673998951,
            -2.812859492005884
        ],
        "L_Ankle": [
            0.09719678874033781,
            2.1208908229050927,
            -2.9930705259145327
        ],
        "L_Foot": [
            -0.033368709945056585,
            2.2134645624796865,
            -3.383068747731733
        ],
        "R_Hip": [
            0.1256937756229664,
            1.5435869365152068,
            -1.7430352427637694
        ],
        "R_Knee": [
            -0.8607470176023091,
            1.1888139913235682,
            -2.4156457199158123
        ],
        "R_Ankle": [
            -1.0615001841867096,
            2.0157917846646396,
            -3.414907850135502
        ],
        "R_Foot": [
            -1.365392164804216,
            1.731549750692021,
            -3.510535022420378
        ],
        "Spine1": [
            0.5445057605343354,
            1.2853846256759658,
            -1.252854274678516
        ],
        "Spine2": [
            0.48482853217916055,
            0.9970973120750323,
            -0.9144507152392074
        ],
        "Spine3": [
            0.40783471446912073,
            0.8220040177852875,
            -0.8634982363253919
        ],
        "Neck": [
            0.33858534276827174,
            0.5220656066708302,
            -0.19476160847015148
        ],
        "Head": [
            0.2775092480100533,
            0.2963150108175976,
            -0.06096928031120938
        ],
        "L_Collar": [
            0.6001989343795926,
            0.5931583859034734,
            -0.501544605164414
        ],
        "L_Shoulder": [
            0.8451202415152039,
            0.4970821443821324,
            -0.5961156016394964
        ],
        "L_Elbow": [
            1.1841112219515781,
            1.1119224705821835,
            -1.029287608560718
        ],
        "L_Wrist": [
            1.0559521680412929,
            1.4997885276512053,
            -1.6877768522940182
        ],
        "L_Hand": [
            1.0656455498766262,
            1.695440536419601,
            -1.8603941007539204
        ],
        "R_Collar": [
            0.1702933831891034,
            0.7797704209056516,
            -0.45896517140072113
        ],
        "R_Shoulder": [
            -0.11279748037595919,
            0.7766414772160134,
            -0.5309986490670696
        ],
        "R_Elbow": [
            -0.6186572871576768,
            0.5951566632226019,
            -1.1392156929798551
        ],
        "R_Wrist": [
            -0.9693010232878646,
            0.022881309540830484,
            -1.5719040639831832
        ],
        "R_Hand": [
            -1.1116798660505351,
            -0.1423476987354303,
            -1.7146708358988085
        ]
    }
}