{
    "joints3D": {
        "Pelvis": [
            -0.5566522108248182,
            0.6721572880216171,
            -1.538937187530469
        ],
        "L_Hip": [
            -0.4915159190738811,
            0.7107214664717997,
            -1.874224082533455
        ],
        "L_Knee": [
            -0.6880117864983928,
            1.0428336861043515,
            -2.924664245480698
        ],
        "L_Ankle": [
            -0.9018579322497453,
            1.7512999866475134,
            -3.8395492623812926
        ],
        "L_Foot": [
            -1.114242855177181,
            1.6738534856968945,
            -4.167361600617398
        ],
        "R_Hip": [
            -0.8492619556106992,
            0.7422784765047915,
            -1.686849852991168
        ],
        "R_Knee": [
            -1.5142487521272583,
            0.7559906679121359,
            -2.6145191411525337
        ],
        "R_Ankle": [
            -1.891234367261763,
            0.8677328689283474,
            -3.7202258623468722
        ],
        "R_Foot": [
            -2.0971490812775153,
            0.5368959224075815,
            -3.788534315398881
        ],
        "Spine1": [
            -0.4165903440387068,
            0.700806708271191,
            -1.2519005859973305
        ],
        "Spine2": [
            -0.21767854737740475,
            0.6744490679422452,
            -0.8817498569631476
        ],
        "Spine3": [
            -0.1697220343401695,
            0.560776793021161,
            -0.7549850858774331
        ],
        "Neck": [
            0.11546256656939433,
            0.5369484436020846,
            -0.1736898414565758
        ],
        "Head": [
            0.18276764311118657,
            0.34085053050250236,
            0.002657595582722366
        ],
        "L_Collar": [
            0.19386208264986082,
            0.5331609752520955,
            -0.5321735402271557
        ],
        "L_Shoulder": [
            0.4108487581386678,
            0.4385841084783387,
            -0.6733339639040355
        ],
        "L_Elbow": [
            0.12295396760100494,
            0.5058440574750716,
            -1.3984853657310365
        ],
        "L_Wrist": [
            -0.196383625655058,
            0.33735659117818917,
            -2.0457774107077213
        ],
        "L_Hand": [
            -0.2895340323276304,
            0.3252398967539025,
            -2.2819169065460283
        ],
        "R_Collar": [
            -0.18817957737984378,
            0.6488544705200361,
            -0.3360661650846995
        ],
        "R_Shoulder": [
            -0.44957255713820177,
            0.6842767022118507,
            -0.22689213163277394
        ],
        "R_Elbow": [
            -0.8702702505705292,
            0.8185906750693405,
            -0.8395348841155993
        ],
        "R_Wrist": [
            -1.3779475217144839,
            0.7453439498441833,
            -1.3928592441802705
        ],
        "R_Hand": [
            -1.5283705082889523,
            0.7629928996113053,
            -1.5922116886353148
        ]
    },
    "joints2D": {
        "Pelvis": [
            0.1872333909665626,
            0.8368228806045583
        ],
        "L_Hip": [
            0.20148373358267926,
            0.8569204205018189
        ],
        "L_Knee": [
            0.2055123239458415,
            0.8639559401735761
        ],
        "L_Ankle": [
            0.20827299432387839,
            0.8410088419159544
        ],
        "L_Foot": [
            0.20129644311013906,
            0.8514301013930532
        ],
        "R_Hip": [
            0.16649184953444496,
            0.823621955135842
        ],
        "R_Knee": [
            0.1481068759626299,
            0.8444503867620581
        ],
        "R_Ankle": [
            0.15526449580334484,
            0.8646435493637854
        ],
        "R_Foot": [
            0.1435426329294025,
            0.8770075664740254
        ],
        "Spine1": [
            0.19609076798265118,
            0.8131230894530453
        ],
        "Spine2": [
            0.2140689704495994,
            0.777366712865927
        ],
        "Spine3": [
            0.21662147229737194,
            0.782154231220996
        ],
        "Neck": [
            0.28052034602917436,
            0.5931936188167222
        ],
        "Head": [
            0.3251686171051223,
            0.4950570654334055
        ],
        "L_Collar": [
            0.29197934500110634,
            0.7352183432726902
        ],
        "L_Shoulder": [
            0.33387918869968014,
            0.7766728291039924
        ],
        "L_Elbow": [
            0.26499284397520545,
            0.8692492775593613
        ],
        "L_Wrist": [
            0.22840740684575542,
            0.918845763996787
        ],
        "L_Hand": [
            0.22161296863463936,
            0.923321756659653
        ],
        "R_Collar": [
            0.20794126834264057,
            0.6426533785689716
        ],
        "R_Shoulder": [
            0.1605588874766438,
            0.5861902032805484
        ],
        "R_Elbow": [
            0.14013978054524942,
            0.706621751685419
        ],
        "R_Wrist": [
            0.1190770906761736,
            0.759215243841248
        ],
        "R_Hand": [
            0.11809662901776319,
            0.7692778569974881
        ]
    }
}