{
    "joints3D": {
        "Pelvis": [
            0.1968378621645697,
            -0.2875475419272742,
            -1.3770757032643013
        ],
        "L_Hip": [
            0.4140385726811961,
            -0.4052475347413651,
            -1.5604051633469462
        ],
        "L_Knee": [
            0.8005187627734401,
            -1.0772275275975902,
            -2.2558282417772033
        ],
        "L_Ankle": [
            0.9854038508814906,
            -1.4803516427936563,
            -3.2797830556986147
        ],
        "L_Foot": [
            1.1699295018564242,
            -1.8069668038874978,
            -3.2548523372783924
        ],
        "R_Hip": [
            0.06311441515079774,
            -0.44406781747185664,
            -1.5993292261027234
        ],
        "R_Knee": [
            0.05826106065027409,
            -1.1682806981940805,
            -2.379928817011847
        ],
        "R_Ankle": [
            0.23338556886872128,
            -1.5886740002383506,
            -3.4004341465260253
        ],
        "R_Foot": [
            0.14134390643934958,
            -1.9537475842041392,
            -3.3492960525356468
        ],
        "Spine1": [
            0.13908485398691312,
            -0.036400975430838985,
            -1.1855886486491267
        ],
        "Spine2": [
            0.10284766323480464,
            0.12630487806409663,
            -0.8375855880464761
        ],
        "Spine3": [
            0.07899516188650861,
            0.13309537034046065,
            -0.6745097153707822
        ],
        "Neck": [
            -0.02575149857475558,
            0.48494940265635494,
            -0.20532536438176585
        ],
        "Head": [
            -0.02582392714291913,
            0.4414736742910106,
            0.021256928362279593
        ],
        "L_Collar": [
            0.2429731472973063,
            0.38215637982330564,
            -0.390023326738139
        ],
        "L_Shoulder": [
            0.5075174871829063,
            0.3400730831098885,
            -0.3333963695658003
        ],
        "L_Elbow": [
            1.053400698202545,
            -0.08444159262127626,
            -0.5483533186019516
        ],
        "L_Wrist": [
            0.7345056906927082,
            -0.6620573038408255,
            -0.7872437366687746
        ],
        "L_Hand": [
            0.5958162175522236,
            -0.8604063906368973,
            -0.8122696165664494
        ],
        "R_Collar": [
            -0.20520649196857044,
            0.3438894714105728,
            -0.46232067056049203
        ],
        "R_Shoulder": [
            -0.47927970883714816,
            0.24262634010986145,
            -0.46276184488918387
        ],
        "R_Elbow": [
            -0.8919864974357286,
            -0.2496585191060375,
            -0.7542980864985819
        ],
        "R_Wrist": [
            -0.35015710180868276,
            -0.7152008584499441,
            -0.7596312597842088
        ],
        "R_Hand": [
            -0.1455247361912471,
            -0.8278874578764512,
            -0.6990756746053086
        ]
    },
    "joints2D": {
        "Pelvis": [
            0.7221798071792724,
            0.905553029055095
        ],
        "L_Hip": [
            0.6999393651506107,
            0.8848551398774861
        ],
        "L_Knee": [
            0.6925557460513408,
            0.8286910917392976
        ],
        "L_Ankle": [
            0.7001568804065541,
            0.838119202572107
        ],
        "L_Foot": [
            0.6947273707132008,
            0.8123898011346881
        ],
        "R_Hip": [
            0.7435860677019397,
            0.8912018429856737
        ],
        "R_Knee": [
            0.7471724076964465,
            0.839297231530989
        ],
        "R_Ankle": [
            0.7394489943225615,
            0.8443319594541012
        ],
        "R_Foot": [
            0.7445832007540596,
            0.8183879026966653
        ],
        "Spine1": [
            0.7246404843279661,
            0.952785952879627
        ],
        "Spine2": [
            0.2746791749870568,
            0.9213845183529985
        ],
        "Spine3": [
            0.27278962295091824,
            0.9096692693130669
        ],
        "Neck": [
            0.2408396890417065,
            0.6216924173788404
        ],
        "Head": [
            0.23957225277102404,
            0.48235225525909053
        ],
        "L_Collar": [
            0.32053295667346693,
            0.7280852444325023
        ],
        "L_Shoulder": [
            0.38504353067797537,
            0.6764922249458803
        ],
        "L_Elbow": [
            0.5526986885032379,
            0.7041096487374665
        ],
        "L_Wrist": [
            0.6440968328044128,
            0.7272092948475022
        ],
        "L_Hand": [
            0.6721192197996985,
            0.7133351993150913
        ],
        "R_Collar": [
            0.1875992671293995,
            0.7723323433163662
        ],
        "R_Shoulder": [
            0.11467307374375554,
            0.755984925558995
        ],
        "R_Elbow": [
            0.908123058421362,
            0.7624145567865779
        ],
        "R_Wrist": [
            0.8074085884818193,
            0.7404720255661208
        ],
        "R_Hand": [
            0.7739071370762395,
            0.7139202376292139
        ]
    }
}