{
    "joints3D": {
        "Pelvis": [
            0.19953902671476642,
            0.11907402667528603,
            -1.8472764435006288
        ],
        "L_Hip": [
            0.3954593235373251,
            -0.01890750899285459,
            -2.1078137094186347
        ],
        "L_Knee": [
            0.637269282281478,
            -0.836113175438534,
            -3.0279650968435132
        ],
        "L_Ankle": [
            0.8268846915162019,
            -0.47798633973824983,
            -4.1980641998422366
        ],
        "L_Foot": [
            0.9200916551036198,
            -0.8986841661281334,
            -4.292251742418298
        ],
        "R_Hip": [
            0.017560532171870702,
            0.10173284741188228,
            -2.1415459673471022
        ],
        "R_Knee": [
            -0.47534581977203344,
            -0.46795024501958105,
            -3.1344577105482547
        ],
        "R_Ankle": [
            -0.17970146764540212,
            -0.09605968768245421,
            -4.266269779791788
        ],
        "R_Foot": [
            -0.462555064180929,
            -0.4139571244393915,
            -4.364843229279215
        ],
        "Spine1": [
            0.21918133775541848,
            0.31129608360403327,
            -1.5407474197081823
        ],
        "Spine2": [
            0.19504938680164427,
            0.3321977111565274,
            -1.054494062822936
        ],
        "Spine3": [
            0.1712709053193452,
            0.33210832562409176,
            -0.8595627431830304
        ],
        "Neck": [
            0.17048208731213882,
            0.5645805307584055,
            -0.2110032802419538
        ],
        "Head": [
            0.1268855848726874,
            0.44675112708278036,
            0.06920492510864439
        ],
        "L_Collar": [
            0.4043058559989903,
            0.43099510361130966,
            -0.4820500541288874
        ],
        "L_Shoulder": [
            0.6109771055409106,
            0.25892444000666665,
            -0.35325633569243603
        ],
        "L_Elbow": [
            0.5775561264737605,
            -0.5145836728299636,
            -0.2955244882038922
        ],
        "L_Wrist": [
            0.24527233050130187,
            -1.0611650238279304,
            0.13220494239712174
        ],
        "L_Hand": [
            0.09724520389987171,
            -1.263862769690775,
            0.2497174639789766
        ],
        "R_Collar": [
            -0.02794356979404734,
            0.5949032550124768,
            -0.5436786902564594
        ],
        "R_Shoulder": [
            -0.33392076502790746,
            0.5707109195797477,
            -0.4530421330282194
        ],
        "R_Elbow": [
            -0.7174870746259822,
            -0.07249950600703571,
            -0.4733190733635603
        ],
        "R_Wrist": [
            -0.863024981846772,
            -0.711613928742537,
            -0.024774998406483582
        ],
        "R_Hand": [
            -0.895706280992742,
            -0.9376228252061419,
            0.12646117661504758
        ]
    },
    "joints2D": {
        "Pelvis": [
            0.27279283788867853,
            0.9444588801145445
        ],
        "L_Hip": [
            0.7085472723945823,
            0.9536557398430253
        ],
        "L_Knee": [
            0.7105734263356724,
            0.8848624760747966
        ],
        "L_Ankle": [
            0.7091088371195006,
            0.9262846699847254
        ],
        "L_Foot": [
            0.7080831610626472,
            0.9010456201644617
        ],
        "R_Hip": [
            0.2505032256013927,
            0.9514134873122607
        ],
        "R_Knee": [
            0.7834324301749329,
            0.9202747138083209
        ],
        "R_Ankle": [
            0.7610534823908743,
            0.9576080164598099
        ],
        "R_Foot": [
            0.7746388320824869,
            0.9366428221849642
        ],
        "Spine1": [
            0.2778057311521947,
            0.9073085334050034
        ],
        "Spine2": [
            0.28374760983023034,
            0.8768725300573689
        ],
        "Spine3": [
            0.284677083587871,
            0.8589904329003096
        ],
        "Neck": [
            0.29240270271457935,
            0.6056083424890621
        ],
        "Head": [
            0.29133232608766585,
            0.4507142145745786
        ],
        "L_Collar": [
            0.34499493935633063,
            0.7270456669456948
        ],
        "L_Shoulder": [
            0.4095691925468293,
            0.683374020568025
        ],
        "L_Elbow": [
            0.6272026357026022,
            0.6243391990153669
        ],
        "L_Wrist": [
            0.7162301291305626,
            0.4594131098900507
        ],
        "L_Hand": [
            0.7395752447872588,
            0.43676479704219023
        ],
        "R_Collar": [
            0.24272934220190753,
            0.7273325171381638
        ],
        "R_Shoulder": [
            0.17689759809959413,
            0.6919570651184658
        ],
        "R_Elbow": [
            0.9368531335652895,
            0.7420202731696734
        ],
        "R_Wrist": [
            0.887932514859612,
            0.5051239023416162
        ],
        "R_Hand": [
            0.8694247814751902,
            0.4639440546442872
        ]
    }
}