{
    "joints2D": {
        "Pelvis": [
            0.7212572857572535,
            0.9577194486443112
        ],
        "L_Hip": [
            0.6997491021521711,
            0.9215744687299652
        ],
        "L_Knee": [
            0.7145565349327146,
            0.8829201873042877
        ],
        "L_Ankle": [
            0.7250338109535235,
            0.8873689967590725
        ],
        "L_Foot": [
            0.7309873362275748,
            0.8624449280455313
        ],
        "R_Hip": [
            0.7476849481373857,
            0.9566069668271531
        ],
        "R_Knee": [
            0.7539258383717801,
            0.9242792908818558
        ],
        "R_Ankle": [
            0.2786963209807418,
            0.9526696506839748
        ],
        "R_Foot": [
            0.7271073143863405,
            0.9556638098790415
        ],
        "Spine1": [
            0.28297177475922514,
            0.9194063642577539
        ],
        "Spine2": [
            0.2878878279931012,
            0.8713393328510218
        ],
        "Spine3": [
            0.28862682869764705,
            0.8656910378260576
        ],
        "Neck": [
            0.3052309079183803,
            0.5775135926995318
        ],
        "Head": [
            0.2984552089706856,
            0.4687042461614461
        ],
        "L_Collar": [
            0.3614840736708508,
            0.7077703064401044
        ],
        "L_Shoulder": [
            0.41117491768446174,
            0.6858981108422673
        ],
        "L_Elbow": [
            0.3832249317882438,
            0.8718737294716028
        ],
        "L_Wrist": [
            0.6624162713094113,
            0.8574967222896276
        ],
        "L_Hand": [
            0.6773722556198278,
            0.8690294797685566
        ],
        "R_Collar": [
            0.24780894407475956,
            0.706964913086379
        ],
        "R_Shoulder": [
            0.1957205123931186,
            0.6763280038617634
        ],
        "R_Elbow": [
            0.1940529245067282,
            0.8383110627040229
        ],
        "R_Wrist": [
            0.17849602681427967,
            0.9210308017326159
        ],
        "R_Hand": [
            0.18856203729619486,
            0.9397157488533504
        ]
    },
    "joints3D": {
        "Pelvis": [
            0.19217286631387137,
            -0.012954499810279005,
            -1.4697561941171124
        ],
        "L_Hip": [
            0.4042992618621976,
            -0.19483339556121687,
            -1.6619089029058343
        ],
        "L_Knee": [
            0.4934629054922066,
            -0.7470753803168374,
            -2.585416675094514
        ],
        "L_Ankle": [
            0.49762019699999427,
            -1.0409802832396544,
            -3.6869081763743985
        ],
        "L_Foot": [
            0.40558657071175275,
            -1.406713402176017,
            -3.6351263990616625
        ],
        "R_Hip": [
            0.028108172410743894,
            -0.04854504212814912,
            -1.757165972735442
        ],
        "R_Knee": [
            -0.03355744904984897,
            -0.42050815669760117,
            -2.790830306683628
        ],
        "R_Ankle": [
            0.48345086520596764,
            0.10269551569721609,
            -3.662570913564702
        ],
        "R_Foot": [
            0.4217525537851024,
            -0.08702228068542095,
            -3.985823324598445
        ],
        "Spine1": [
            0.19977467395871443,
            0.1844178086634161,
            -1.2282039049725084
        ],
        "Spine2": [
            0.18167728749039563,
            0.2874940397141781,
            -0.8657787327397104
        ],
        "Spine3": [
            0.15321331055412896,
            0.24980098610090262,
            -0.7058188679645057
        ],
        "Neck": [
            0.21408539450720088,
            0.5485679016945924,
            -0.1517618147011458
        ],
        "Head": [
            0.14355959448405645,
            0.4311804219505801,
            0.04118025044905075
        ],
        "L_Collar": [
            0.4055984099568733,
            0.3564093172953738,
            -0.37828509541555966
        ],
        "L_Shoulder": [
            0.6602311284288609,
            0.26757598420302114,
            -0.38308945228305735
        ],
        "L_Elbow": [
            0.7768227820380426,
            0.027238945156769338,
            -1.081078442088911
        ],
        "L_Wrist": [
            0.7918819497348456,
            -0.4436465308936055,
            -1.6035489065124489
        ],
        "L_Hand": [
            0.7275974014300677,
            -0.50052499320057,
            -1.827916421334447
        ],
        "R_Collar": [
            -0.0034100849495150992,
            0.5374427963187691,
            -0.4295222234406878
        ],
        "R_Shoulder": [
            -0.26161730093627195,
            0.650536283085312,
            -0.44256114939205404
        ],
        "R_Elbow": [
            -0.3685434432423243,
            0.5114618149681195,
            -1.1511955570920631
        ],
        "R_Wrist": [
            -0.5756149432508532,
            0.14108559936545473,
            -1.7386472807878806
        ],
        "R_Hand": [
            -0.532870515062872,
            0.06329082192576727,
            -1.9620710009170732
        ]
    }
}