{
    "joints2D": {
        "Pelvis": [
            0.10328801694155654,
            0.768576662018445
        ],
        "L_Hip": [
            0.11281099279928325,
            0.814747728048547
        ],
        "L_Knee": [
            0.8854267039350395,
            0.8401162750536196
        ],
        "L_Ankle": [
            0.9066662377310222,
            0.84406171961672
        ],
        "L_Foot": [
            0.8977992694279083,
            0.8342003251398803
        ],
        "R_Hip": [
            0.07858916994420974,
            0.7506379530548865
        ],
        "R_Knee": [
            0.9015127898399498,
            0.7238375932557596
        ],
        "R_Ankle": [
            0.8820957611685574,
            0.7267762194933959
        ],
        "R_Foot": [
            0.8721325117608094,
            0.7005165133004465
        ],
        "Spine1": [
            0.11909653727192085,
            0.7334083553795555
        ],
        "Spine2": [
            0.12983183103121035,
            0.7080392025544837
        ],
        "Spine3": [
            0.12909146948146547,
            0.7086280319873212
        ],
        "Neck": [
            0.19971368406328388,
            0.5471458563029244
        ],
        "Head": [
            0.2269601909378238,
            0.47693222111240346
        ],
        "L_Collar": [
            0.20017508744650503,
            0.700924035630243
        ],
        "L_Shoulder": [
            0.23792745427998915,
            0.7720310586967669
        ],
        "L_Elbow": [
            0.18704344055391184,
            0.8275311873868982
        ],
        "L_Wrist": [
            0.16112882464540304,
            0.8738391770281663
        ],
        "L_Hand": [
            0.15625253340702558,
            0.8788312717456487
        ],
        "R_Collar": [
            0.13486482219567866,
            0.55700281563148
        ],
        "R_Shoulder": [
            0.10580197705714052,
            0.48626639145188294
        ],
        "R_Elbow": [
            0.07706185514383244,
            0.596394126290587
        ],
        "R_Wrist": [
            0.046896971929738004,
            0.648045324731464
        ],
        "R_Hand": [
            0.042085451436403194,
            0.6592744354806243
        ]
    },
    "joints3D": {
        "Pelvis": [
            -1.16992727970497,
            0.4226287006459923,
            -1.091803011365465
        ],
        "L_Hip": [
            -1.2158685071473574,
            0.3476191176444529,
            -1.4208751947131297
        ],
        "L_Knee": [
            -1.67306260908622,
            -0.32412658618653145,
            -2.1391463767749643
        ],
        "L_Ankle": [
            -2.5337397043110044,
            -0.015953183071152715,
            -2.828735778718001
        ],
        "L_Foot": [
            -2.647205309917888,
            -0.309993959252469,
            -3.045229696185328
        ],
        "R_Hip": [
            -1.4802769131189537,
            0.29877312578336573,
            -1.1027090850272245
        ],
        "R_Knee": [
            -1.732529401429742,
            -0.7576527620697707,
            -1.3070345298077202
        ],
        "R_Ankle": [
            -2.3115910738553396,
            -1.4330937990883776,
            -2.0288637355120076
        ],
        "R_Foot": [
            -2.1987473841149887,
            -1.750658859007338,
            -1.8499871516493192
        ],
        "Spine1": [
            -1.0007044498660584,
            0.6156756649364892,
            -0.9120093801090211
        ],
        "Spine2": [
            -0.7305557887393812,
            0.5861001349546192,
            -0.6479678991937385
        ],
        "Spine3": [
            -0.6259968689000521,
            0.4956695538890559,
            -0.5533323127749815
        ],
        "Neck": [
            -0.19222279756461044,
            0.5849918002453611,
            -0.09794930649585366
        ],
        "Head": [
            -0.060840689062287324,
            0.4326261264032369,
            0.02855322925155386
        ],
        "L_Collar": [
            -0.21496085595342604,
            0.5639947128330781,
            -0.4516025619511839
        ],
        "L_Shoulder": [
            -0.052021109313749175,
            0.5428621726048257,
            -0.6670206816781017
        ],
        "L_Elbow": [
            -0.4780090088502939,
            0.6107501160299391,
            -1.2813901818297901
        ],
        "L_Wrist": [
            -0.8550561570247625,
            0.39725945804462126,
            -1.8396062671043076
        ],
        "L_Hand": [
            -0.9875340507363002,
            0.3681386056777136,
            -2.03916716792465
        ],
        "R_Collar": [
            -0.5437697595212259,
            0.5950346716601829,
            -0.1427098199460373
        ],
        "R_Shoulder": [
            -0.7683926142602362,
            0.5814510618676096,
            0.02963042506484315
        ],
        "R_Elbow": [
            -1.3659962033929964,
            0.6069116820703542,
            -0.3945284746375323
        ],
        "R_Wrist": [
            -1.9292275794854277,
            0.2811471512740058,
            -0.7208519472350257
        ],
        "R_Hand": [
            -2.126162181059326,
            0.1987503059007559,
            -0.8337233994977095
        ]
    }
}