{
    "joints2D": {
        "Pelvis": [
            0.23896717463564768,
            0.894971856543355
        ],
        "L_Hip": [
            0.2611943473582747,
            0.9060850321992816
        ],
        "L_Knee": [
            0.272280981691759,
            0.929367341581971
        ],
        "L_Ankle": [
            0.26438822155452096,
            0.9393647459046186
        ],
        "L_Foot": [
            0.27183507581117833,
            0.9604277893440633
        ],
        "R_Hip": [
            0.2171216627021974,
            0.8973150921928463
        ],
        "R_Knee": [
            0.20300318628384642,
            0.9206694707375214
        ],
        "R_Ankle": [
            0.2099605441865752,
            0.9327093904356619
        ],
        "R_Foot": [
            0.2001588104083121,
            0.951828058242247
        ],
        "Spine1": [
            0.23989136989383888,
            0.8626669620761384
        ],
        "Spine2": [
            0.24503351383013233,
            0.8107932141294544
        ],
        "Spine3": [
            0.24484565818037218,
            0.8019568850448289
        ],
        "Neck": [
            0.2508037823408317,
            0.526699990119286
        ],
        "Head": [
            0.2539423320821105,
            0.3927366095238606
        ],
        "L_Collar": [
            0.3030438403470395,
            0.6648579467960588
        ],
        "L_Shoulder": [
            0.3570120006962699,
            0.663405537865506
        ],
        "L_Elbow": [
            0.3359338201861869,
            0.8268534100847348
        ],
        "L_Wrist": [
            0.32480676940108705,
            0.9274682535759744
        ],
        "L_Hand": [
            0.6799542146312048,
            0.9278384154403218
        ],
        "R_Collar": [
            0.20152583892453702,
            0.6494960890868616
        ],
        "R_Shoulder": [
            0.15470733866316408,
            0.6433597750167014
        ],
        "R_Elbow": [
            0.16621640286021275,
            0.7953708875419857
        ],
        "R_Wrist": [
            0.16040074885288613,
            0.8941208723900268
        ],
        "R_Hand": [
            0.15526983277578565,
            0.9164331430399
        ]
    },
    "joints3D": {
        "Pelvis": [
            -0.07651801643256947,
            0.4126154427420629,
            -1.5727715725973277
        ],
        "L_Hip": [
            0.11413291787431218,
            0.40534345847086933,
            -1.8584264146041551
        ],
        "L_Knee": [
            0.32346732837940023,
            0.3614305644824486,
            -2.956159091065909
        ],
        "L_Ankle": [
            0.2943455411278736,
            0.36889927715191273,
            -4.13175811467456
        ],
        "L_Foot": [
            0.4274640171034837,
            0.019457833023966132,
            -4.267910885793356
        ],
        "R_Hip": [
            -0.2885564545463259,
            0.4365992680433549,
            -1.8311114770767192
        ],
        "R_Knee": [
            -0.6291633648956146,
            0.38046929612504155,
            -2.918388334959636
        ],
        "R_Ankle": [
            -0.7261597157946478,
            0.38478969203699726,
            -4.087166161672952
        ],
        "R_Foot": [
            -0.8868546343983327,
            0.030419982260037653,
            -4.157332943494944
        ],
        "Spine1": [
            -0.060512529253221974,
            0.49488148929549375,
            -1.2634569715279942
        ],
        "Spine2": [
            -0.019463608908525828,
            0.523595932502581,
            -0.8456765689294206
        ],
        "Spine3": [
            -0.017040945107888502,
            0.45228961976340376,
            -0.6839333001546197
        ],
        "Neck": [
            0.00864326577545418,
            0.6190593870513604,
            -0.05878955690757673
        ],
        "Head": [
            0.016236621062979715,
            0.45776393633954493,
            0.16010798823259928
        ],
        "L_Collar": [
            0.2254239977613463,
            0.5532056463817467,
            -0.3471851260881394
        ],
        "L_Shoulder": [
            0.4962983997167542,
            0.5160094294755315,
            -0.3803913174008228
        ],
        "L_Elbow": [
            0.6109655426586561,
            0.47262521022371484,
            -1.1533428815820819
        ],
        "L_Wrist": [
            0.629315804850341,
            0.07371584732323132,
            -1.7772006325544785
        ],
        "L_Hand": [
            0.649860115164756,
            -0.10216552489573671,
            -1.9592681170372002
        ],
        "R_Collar": [
            -0.21328304844534382,
            0.6244818548565653,
            -0.344521218464559
        ],
        "R_Shoulder": [
            -0.49449063635793356,
            0.6513618108889748,
            -0.3844923952958049
        ],
        "R_Elbow": [
            -0.623812617416727,
            0.6408329472134621,
            -1.1280039532490245
        ],
        "R_Wrist": [
            -0.7759402917922779,
            0.23464734593007264,
            -1.7447918159525377
        ],
        "R_Hand": [
            -0.8507493430416587,
            0.06183190916703843,
            -1.909534227774281
        ]
    }
}