{
    "joints2D": {
        "Pelvis": [
            0.7903271754593802,
            0.8842864809328542
        ],
        "L_Hip": [
            0.764298229362364,
            0.8744960101846647
        ],
        "L_Knee": [
            0.7328544817547014,
            0.7015065970700738
        ],
        "L_Ankle": [
            0.7645546958844729,
            0.7525030958025978
        ],
        "L_Foot": [
            0.7623268953313603,
            0.7196989728763089
        ],
        "R_Hip": [
            0.8084048027081827,
            0.8585935245752523
        ],
        "R_Knee": [
            0.8038774952410739,
            0.8335982715718739
        ],
        "R_Ankle": [
            0.7964026449824436,
            0.8628200574354119
        ],
        "R_Foot": [
            0.7949509565150591,
            0.8370895513082184
        ],
        "Spine1": [
            0.798030241630417,
            0.9247712970572998
        ],
        "Spine2": [
            0.2045064178156154,
            0.9513151856295569
        ],
        "Spine3": [
            0.209056753879891,
            0.9523115162208412
        ],
        "Neck": [
            0.24181308160399775,
            0.6531644565749073
        ],
        "Head": [
            0.2827710033467152,
            0.4701459810510122
        ],
        "L_Collar": [
            0.29487929560665255,
            0.8262979193013839
        ],
        "L_Shoulder": [
            0.34809934044716445,
            0.8030713183818338
        ],
        "L_Elbow": [
            0.3182326776259449,
            0.9336219985181159
        ],
        "L_Wrist": [
            0.6955412664558246,
            0.8731216855952684
        ],
        "L_Hand": [
            0.7054287094479617,
            0.865436609457907
        ],
        "R_Collar": [
            0.15238122538802626,
            0.7755776447768479
        ],
        "R_Shoulder": [
            0.09101316087829207,
            0.6966700078756441
        ],
        "R_Elbow": [
            0.9060573829971252,
            0.7949546536431412
        ],
        "R_Wrist": [
            0.8682492364559956,
            0.7267769758033874
        ],
        "R_Hand": [
            0.8580162856799198,
            0.7248968227345283
        ]
    },
    "joints3D": {
        "Pelvis": [
            -0.29252483704161214,
            -0.40790975642579247,
            -1.4525617270772406
        ],
        "L_Hip": [
            -0.11604786892832555,
            -0.578835907928122,
            -1.6915142521531241
        ],
        "L_Knee": [
            0.21204960118953553,
            -1.5091946160354541,
            -1.1701554988522769
        ],
        "L_Ankle": [
            -0.22219644486809184,
            -1.9892281053334724,
            -2.1487224876619417
        ],
        "L_Foot": [
            -0.20426331958168112,
            -2.378185182218001,
            -2.0710556976383874
        ],
        "R_Hip": [
            -0.5157001588211302,
            -0.579216018901992,
            -1.6331359519412743
        ],
        "R_Knee": [
            -0.7960772598677163,
            -1.1940988440576623,
            -2.5489277501468597
        ],
        "R_Ankle": [
            -0.9132222662529657,
            -1.3277983670077849,
            -3.705458139236964
        ],
        "R_Foot": [
            -0.9422685784941294,
            -1.7198193024183859,
            -3.6725487327337825
        ],
        "Spine1": [
            -0.2778997710724003,
            -0.14396068477618604,
            -1.2727134503657014
        ],
        "Spine2": [
            -0.17455837620341944,
            0.014325715758798525,
            -0.8978746248185576
        ],
        "Spine3": [
            -0.12668407130309808,
            0.013451669887576715,
            -0.7281239004164811
        ],
        "Neck": [
            -0.018580234024757874,
            0.3867760876240245,
            -0.21208455863761208
        ],
        "Head": [
            0.06354504066251895,
            0.2839536991956846,
            0.02526242770524305
        ],
        "L_Collar": [
            0.14485611046541133,
            0.2635323054897969,
            -0.5153757427645346
        ],
        "L_Shoulder": [
            0.3997695933243392,
            0.28986966617773324,
            -0.6145558112183179
        ],
        "L_Elbow": [
            0.4324862553061184,
            0.04678546527963022,
            -1.3558490072663147
        ],
        "L_Wrist": [
            0.5341398708550908,
            -0.536369764081418,
            -1.7982791297255543
        ],
        "L_Hand": [
            0.4979390861637794,
            -0.6911348640113707,
            -1.995627278136261
        ],
        "R_Collar": [
            -0.28696904115920474,
            0.2556765191774878,
            -0.41482440346293004
        ],
        "R_Shoulder": [
            -0.5654864014104333,
            0.24212686189939733,
            -0.3576482611770134
        ],
        "R_Elbow": [
            -0.911474211541717,
            -0.17938154692401925,
            -0.8769317863102661
        ],
        "R_Wrist": [
            -1.1175502366040033,
            -0.8686032540655269,
            -1.0970583355028427
        ],
        "R_Hand": [
            -1.1637975275267518,
            -1.0666503691303428,
            -1.2418096989603766
        ]
    }
}