{
    "joints2D": {
        "Pelvis": [
            0.7477899593186752,
            0.844001945740613
        ],
        "L_Hip": [
            0.7203140616396086,
            0.8363776260092264
        ],
        "L_Knee": [
            0.724569366352891,
            0.7762569379802736
        ],
        "L_Ankle": [
            0.732963844317552,
            0.7763391450530023
        ],
        "L_Foot": [
            0.7326097095221474,
            0.7607366003667247
        ],
        "R_Hip": [
            0.7683220246316966,
            0.8370941318183682
        ],
        "R_Knee": [
            0.7587486018916721,
            0.7670366130658283
        ],
        "R_Ankle": [
            0.7418354737388482,
            0.7824836328775389
        ],
        "R_Foot": [
            0.7458535703147207,
            0.7665506682452642
        ],
        "Spine1": [
            0.7540860264996457,
            0.8747061323973405
        ],
        "Spine2": [
            0.7627875158503706,
            0.9441032370314903
        ],
        "Spine3": [
            0.7718236654456632,
            0.9478176803108139
        ],
        "Neck": [
            0.23787646138167448,
            0.664754177676721
        ],
        "Head": [
            0.248297433600085,
            0.5516427026382152
        ],
        "L_Collar": [
            0.3096793774626936,
            0.8010070334611619
        ],
        "L_Shoulder": [
            0.3520104974428465,
            0.6577456408680193
        ],
        "L_Elbow": [
            0.30956484640448206,
            0.3158427335649944
        ],
        "L_Wrist": [
            0.26036277554523435,
            0.22746360828451023
        ],
        "L_Hand": [
            0.25228742195926274,
            0.19546260561913384
        ],
        "R_Collar": [
            0.1712943684492694,
            0.7849186943360246
        ],
        "R_Shoulder": [
            0.14554688432566587,
            0.6590833666707969
        ],
        "R_Elbow": [
            0.16037927960743212,
            0.3589331893686637
        ],
        "R_Wrist": [
            0.20297796805288448,
            0.24976258211165672
        ],
        "R_Hand": [
            0.21463707733816556,
            0.2186008572074094
        ]
    },
    "joints3D": {
        "Pelvis": [
            0.032812614423019526,
            -0.7503893242403239,
            -1.5939490699649879
        ],
        "L_Hip": [
            0.3407296126543355,
            -0.9070963193417991,
            -1.8608644871687756
        ],
        "L_Knee": [
            0.5054520155592522,
            -2.0520128465977012,
            -2.631796702539642
        ],
        "L_Ankle": [
            0.4979625254874802,
            -2.96982306462202,
            -3.7771356525385915
        ],
        "L_Foot": [
            0.5592676530893294,
            -3.431641785632504,
            -3.9293136865392877
        ],
        "R_Hip": [
            -0.19012785861037595,
            -0.9442764902802765,
            -1.9043324957160055
        ],
        "R_Knee": [
            -0.1419042227547375,
            -2.1829025875651324,
            -2.5899673882551806
        ],
        "R_Ankle": [
            0.254685074703587,
            -2.891203817552182,
            -3.813648616528795
        ],
        "R_Foot": [
            0.16186022675434583,
            -3.348996065038727,
            -3.9584738316389703
        ],
        "Spine1": [
            -0.01915812860775389,
            -0.4559959167286517,
            -1.3256052915932934
        ],
        "Spine2": [
            -0.052493349517768656,
            -0.07510380307156801,
            -1.0261387880913064
        ],
        "Spine3": [
            -0.07401527830895016,
            -0.044312892989144835,
            -0.814720936557352
        ],
        "Neck": [
            -0.049922276042044855,
            0.6488836605899492,
            -0.3883271647415475
        ],
        "Head": [
            -0.0012617820987620143,
            0.5644237603899813,
            -0.09973310302537317
        ],
        "L_Collar": [
            0.23202050797478957,
            0.34580253865561866,
            -0.5772650718005657
        ],
        "L_Shoulder": [
            0.4379968264586064,
            0.49360859642604016,
            -0.3399576641312088
        ],
        "L_Elbow": [
            0.3813558579005159,
            0.8073516853937954,
            0.5678688147634959
        ],
        "L_Wrist": [
            0.11859500803870875,
            1.147833255719802,
            1.364981664154545
        ],
        "L_Hand": [
            0.04018248533825305,
            1.1230184835669788,
            1.6631221398855325
        ],
        "R_Collar": [
            -0.3417725520250309,
            0.403475510623384,
            -0.6354881282739657
        ],
        "R_Shoulder": [
            -0.5497028802591242,
            0.6204717505435119,
            -0.43136351447502336
        ],
        "R_Elbow": [
            -0.6032603044504932,
            0.871402929135022,
            0.47280080572155414
        ],
        "R_Wrist": [
            -0.48815166520280745,
            1.2379043238574998,
            1.3230232715322345
        ],
        "R_Hand": [
            -0.39481326622393165,
            1.2508021849525326,
            1.6178466946303574
        ]
    }
}