{
    "joints3D": {
        "Pelvis": [
            -0.01844745195292666,
            -0.30029922429821554,
            -1.406856686564592
        ],
        "L_Hip": [
            0.15923451056786891,
            -0.4239020020960788,
            -1.6181978754704327
        ],
        "L_Knee": [
            0.32507908168670546,
            -1.0760656639645514,
            -2.3901433425464065
        ],
        "L_Ankle": [
            0.2687328342078342,
            -1.5168098697609882,
            -3.3934490524444563
        ],
        "L_Foot": [
            0.39842229017434144,
            -1.8629208699787476,
            -3.38517147945444
        ],
        "R_Hip": [
            -0.1900475987113613,
            -0.42479430246836064,
            -1.6161424640819595
        ],
        "R_Knee": [
            -0.33517273413184095,
            -1.110546646775302,
            -2.394011865174115
        ],
        "R_Ankle": [
            -0.26547062825756623,
            -1.510199184322466,
            -3.4152891849162463
        ],
        "R_Foot": [
            -0.36637219806134397,
            -1.867186508647309,
            -3.3708274980858266
        ],
        "Spine1": [
            -0.026315157290432347,
            -0.06260195773099389,
            -1.199224127183465
        ],
        "Spine2": [
            -0.013343366746731969,
            0.09983484769286013,
            -0.8565563355016671
        ],
        "Spine3": [
            -0.023556718111599168,
            0.11049098681181257,
            -0.6950251678938352
        ],
        "Neck": [
            -0.06049122914814976,
            0.42035881155140536,
            -0.19923912833296842
        ],
        "Head": [
            -0.05019386824219774,
            0.3454049944476478,
            0.014647559553658951
        ],
        "L_Collar": [
            0.17989807741331082,
            0.3094528701118342,
            -0.40647119337490145
        ],
        "L_Shoulder": [
            0.44864551836773026,
            0.3000897502733224,
            -0.4196198820182688
        ],
        "L_Elbow": [
            0.6008651193602925,
            -0.0487782587166025,
            -1.021457912245367
        ],
        "L_Wrist": [
            0.7129044506017466,
            -0.5984368844346457,
            -1.4232824808208535
        ],
        "L_Hand": [
            0.7343980048136501,
            -0.7323624336050306,
            -1.620387169017447
        ],
        "R_Collar": [
            -0.2656281975599679,
            0.3255866270750711,
            -0.4506026271327942
        ],
        "R_Shoulder": [
            -0.5478652423741791,
            0.3109777519665798,
            -0.5023710460264482
        ],
        "R_Elbow": [
            -0.646276557162531,
            -0.010955395571908038,
            -1.1089215485790116
        ],
        "R_Wrist": [
            -0.8063630237999475,
            -0.5486577169596376,
            -1.5316881299886556
        ],
        "R_Hand": [
            -0.84146639461493,
            -0.6996119987653837,
            -1.7114012602135853
        ]
    },
    "joints2D": {
        "Pelvis": [
            0.7540509704175374,
            0.9079241179280318
        ],
        "L_Hip": [
            0.7318461455113953,
            0.8938695931403384
        ],
        "L_Knee": [
            0.7275998747339057,
            0.8466559817832462
        ],
        "L_Ankle": [
            0.7374363413586928,
            0.8488942762782644
        ],
        "L_Foot": [
            0.7321065063754086,
            0.824432789114756
        ],
        "R_Hip": [
            0.7746238039243164,
            0.892970106617468
        ],
        "R_Knee": [
            0.7755841645374013,
            0.843349302341608
        ],
        "R_Ankle": [
            0.7650692358754201,
            0.8500557953276647
        ],
        "R_Foot": [
            0.7691054940913498,
            0.8238433930472213
        ],
        "Spine1": [
            0.7563267276546423,
            0.9500850583428552
        ],
        "Spine2": [
            0.24524591286053915,
            0.9332061870768547
        ],
        "Spine3": [
            0.24144517972165058,
            0.9219162697003985
        ],
        "Neck": [
            0.22786901570938334,
            0.6341174107020104
        ],
        "Head": [
            0.22622881286777813,
            0.4842017956323591
        ],
        "L_Collar": [
            0.3088702017359441,
            0.769451296088099
        ],
        "L_Shoulder": [
            0.37376082638369984,
            0.7313321508192046
        ],
        "L_Elbow": [
            0.6358034052341763,
            0.8901656764461647
        ],
        "L_Wrist": [
            0.6686074900415979,
            0.8277009168235452
        ],
        "L_Hand": [
            0.6768797426577966,
            0.8259456470016064
        ],
        "R_Collar": [
            0.16920321963233226,
            0.7667947312489661
        ],
        "R_Shoulder": [
            0.1162580033211663,
            0.740063249880316
        ],
        "R_Elbow": [
            0.8682797556913464,
            0.8985234753902231
        ],
        "R_Wrist": [
            0.840851281209075,
            0.837265288887364
        ],
        "R_Hand": [
            0.8333812133695421,
            0.8309226472895459
        ]
    }
}