{
    "joints2D": {
        "Pelvis": [
            0.7399396272557973,
            0.9413795057819073
        ],
        "L_Hip": [
            0.7204982821668287,
            0.9260184895162614
        ],
        "L_Knee": [
            0.7197491033839749,
            0.9231497114576356
        ],
        "L_Ankle": [
            0.7342224029147519,
            0.9530940454134055
        ],
        "L_Foot": [
            0.7253038008693198,
            0.9333571511689961
        ],
        "R_Hip": [
            0.7660068905717723,
            0.9419750066032373
        ],
        "R_Knee": [
            0.7699512138460912,
            0.9393148608805705
        ],
        "R_Ankle": [
            0.7549630326255032,
            0.9631420612524161
        ],
        "R_Foot": [
            0.7661963282389838,
            0.9431234547453539
        ],
        "Spine1": [
            0.26770030109785564,
            0.9580492393773853
        ],
        "Spine2": [
            0.2840513977172269,
            0.9042141004480405
        ],
        "Spine3": [
            0.2809287296882164,
            0.9044935853964553
        ],
        "Neck": [
            0.2963630242950576,
            0.6302854718233099
        ],
        "Head": [
            0.3020484895085752,
            0.5206692248710468
        ],
        "L_Collar": [
            0.3566569052529519,
            0.7659895002187531
        ],
        "L_Shoulder": [
            0.422174653319166,
            0.7409160264710941
        ],
        "L_Elbow": [
            0.6428464739959476,
            0.8809958611159293
        ],
        "L_Wrist": [
            0.692799297519159,
            0.8479866556661375
        ],
        "L_Hand": [
            0.6976930862304833,
            0.8401151063614082
        ],
        "R_Collar": [
            0.24535052531025042,
            0.7578632983828796
        ],
        "R_Shoulder": [
            0.20042853025856103,
            0.7308154377354101
        ],
        "R_Elbow": [
            0.20992544877411598,
            0.8527426056367858
        ],
        "R_Wrist": [
            0.17582538035998427,
            0.9039781290791236
        ],
        "R_Hand": [
            0.1716909486428595,
            0.9148344402132381
        ]
    },
    "joints3D": {
        "Pelvis": [
            0.08268757393960538,
            -0.13432447954620616,
            -1.6078936450639507
        ],
        "L_Hip": [
            0.2697975691816065,
            -0.24100168996541402,
            -1.8741145273582382
        ],
        "L_Knee": [
            0.43981308360551946,
            -0.41117763865810414,
            -2.962738685185961
        ],
        "L_Ankle": [
            0.308113102404359,
            -0.14915969703036405,
            -4.0977788495583045
        ],
        "L_Foot": [
            0.5094766669051545,
            -0.44810967108534616,
            -4.263494561638211
        ],
        "R_Hip": [
            -0.12322663368322465,
            -0.14946644844520446,
            -1.870467573631089
        ],
        "R_Knee": [
            -0.25191659385671095,
            -0.2631726311875223,
            -2.994625531189905
        ],
        "R_Ankle": [
            -0.06376450449334693,
            -0.011605670928992146,
            -4.1207713617832535
        ],
        "R_Foot": [
            -0.28185951206295684,
            -0.3195257487190831,
            -4.234654099637706
        ],
        "Spine1": [
            0.11007475785015369,
            0.021887746332699576,
            -1.3305730611881312
        ],
        "Spine2": [
            0.16601442584262072,
            0.19780322615236137,
            -0.953915840545793
        ],
        "Spine3": [
            0.12461427853733824,
            0.16483706919306162,
            -0.7858214388277079
        ],
        "Neck": [
            0.1695155291995385,
            0.5003803671931407,
            -0.2362242051739653
        ],
        "Head": [
            0.12040890152864485,
            0.33583412211276087,
            -0.02636308912064562
        ],
        "L_Collar": [
            0.36347788472863346,
            0.2780342727376631,
            -0.4521060463692162
        ],
        "L_Shoulder": [
            0.5795235528560234,
            0.11475826131256785,
            -0.40681317078424667
        ],
        "L_Elbow": [
            0.6474949485333226,
            -0.1289678853345271,
            -1.1448129474969841
        ],
        "L_Wrist": [
            0.5526176375974773,
            -0.654496586008339,
            -1.654774879110651
        ],
        "L_Hand": [
            0.579655343027423,
            -0.8115551319708433,
            -1.8515087332174378
        ],
        "R_Collar": [
            -0.013808205345307264,
            0.49022842547586937,
            -0.546702107789317
        ],
        "R_Shoulder": [
            -0.2535257636896682,
            0.627687942279202,
            -0.6140135052101907
        ],
        "R_Elbow": [
            -0.2966508867732671,
            0.5567756311668682,
            -1.361813160815358
        ],
        "R_Wrist": [
            -0.6922769208933671,
            0.2705465736197875,
            -1.933271647004062
        ],
        "R_Hand": [
            -0.7912731983851653,
            0.18804303459039948,
            -2.146822910626125
        ]
    }
}