{
    "joints3D": {
        "Pelvis": [
            0.08246682880837207,
            0.38206047646207125,
            -1.653376672343534
        ],
        "L_Hip": [
            0.2892658687757233,
            0.3906333976937864,
            -1.9185799553545313
        ],
        "L_Knee": [
            0.5095119786322597,
            -0.08904584149973609,
            -2.946199284735163
        ],
        "L_Ankle": [
            0.4274054376197523,
            0.6064076145351185,
            -3.9552889807777154
        ],
        "L_Foot": [
            0.5641528390280981,
            0.49181179491905086,
            -4.318926295520136
        ],
        "R_Hip": [
            -0.10247265031616537,
            0.3569057061961707,
            -1.9277582850939052
        ],
        "R_Knee": [
            -0.033501396787841864,
            0.11485678988687502,
            -3.078099251062028
        ],
        "R_Ankle": [
            0.20117548674159672,
            0.16218745310633023,
            -4.283187208879502
        ],
        "R_Foot": [
            0.04962604291581849,
            -0.19599928226966656,
            -4.412742418446546
        ],
        "Spine1": [
            0.05736701643656818,
            0.5004467537271583,
            -1.3325922280701181
        ],
        "Spine2": [
            0.06686492048353007,
            0.44009958435981256,
            -0.9334505404784866
        ],
        "Spine3": [
            0.06338283296020722,
            0.3753339278689339,
            -0.7723662103013824
        ],
        "Neck": [
            0.006653639691538263,
            0.43121086252503643,
            -0.16415466933099918
        ],
        "Head": [
            0.018037984747908145,
            0.35998819561562706,
            0.06734226221572852
        ],
        "L_Collar": [
            0.2547746771261535,
            0.46778411857873764,
            -0.40203432246784465
        ],
        "L_Shoulder": [
            0.5018815693390729,
            0.5862533960831104,
            -0.4333216283438798
        ],
        "L_Elbow": [
            0.7735993081186394,
            0.7254217511922614,
            -1.1521556607489811
        ],
        "L_Wrist": [
            1.1326364876728605,
            0.5679158708808372,
            -1.7974832865664987
        ],
        "L_Hand": [
            1.2187763640837728,
            0.5926498571467524,
            -2.0394414001037684
        ],
        "R_Collar": [
            -0.20311240702851405,
            0.4256711068000874,
            -0.4428499027396685
        ],
        "R_Shoulder": [
            -0.4833926282289634,
            0.4536624272518232,
            -0.5412771311727893
        ],
        "R_Elbow": [
            -0.5560120973210244,
            0.5777695130179241,
            -1.2881533386844346
        ],
        "R_Wrist": [
            -0.6834564135073813,
            0.5981319123979767,
            -2.054640648840508
        ],
        "R_Hand": [
            -0.6959800951043593,
            0.6443629181182785,
            -2.307891727311904
        ]
    },
    "joints2D": {
        "Pelvis": [
            0.25875866669011727,
            0.9029684128936424
        ],
        "L_Hip": [
            0.27948835712092424,
            0.9064738996191971
        ],
        "L_Knee": [
            0.7122655802697946,
            0.9493862427920101
        ],
        "L_Ankle": [
            0.2715550977439228,
            0.9213795740132966
        ],
        "L_Foot": [
            0.2769374922411761,
            0.9305309821899882
        ],
        "R_Hip": [
            0.23754479839439885,
            0.9147868153559265
        ],
        "R_Knee": [
            0.24615542501186224,
            0.9540864470978687
        ],
        "R_Ankle": [
            0.2593546870629645,
            0.9534756027084103
        ],
        "R_Foot": [
            0.7488006001181613,
            0.9522137702442276
        ],
        "Spine1": [
            0.256592289027012,
            0.8666732811460232
        ],
        "Spine2": [
            0.26103366257255617,
            0.8432832738882957
        ],
        "Spine3": [
            0.26269278170723587,
            0.839737680845445
        ],
        "Neck": [
            0.2509326734993673,
            0.6103452218891071
        ],
        "Head": [
            0.2563333466687932,
            0.4398483067830597
        ],
        "L_Collar": [
            0.31465194353024206,
            0.7056121247898378
        ],
        "L_Shoulder": [
            0.3480789220943731,
            0.6689903304887165
        ],
        "L_Elbow": [
            0.3419508765711336,
            0.7752227534473389
        ],
        "L_Wrist": [
            0.3544140398878406,
            0.8330032505376412
        ],
        "L_Hand": [
            0.35159381413111573,
            0.8418341062207505
        ],
        "R_Collar": [
            0.193499099300123,
            0.7377378373986234
        ],
        "R_Shoulder": [
            0.14463402563907277,
            0.730206150152297
        ],
        "R_Elbow": [
            0.17714799549200577,
            0.8285500215449445
        ],
        "R_Wrist": [
            0.186376649570695,
            0.871648810146868
        ],
        "R_Hand": [
            0.1913570615816059,
            0.8771952841168151
        ]
    }
}