{
    "joints2D": {
        "Pelvis": [
            0.7523836620910542,
            0.880964652019452
        ],
        "L_Hip": [
            0.7287211296504306,
            0.8700650482544287
        ],
        "L_Knee": [
            0.7292544840171579,
            0.7960545123886315
        ],
        "L_Ankle": [
            0.7431659203607952,
            0.8131513742412524
        ],
        "L_Foot": [
            0.7374818229643536,
            0.7862603905669343
        ],
        "R_Hip": [
            0.7717510243529943,
            0.857433533690681
        ],
        "R_Knee": [
            0.7736675655501841,
            0.7485780090419523
        ],
        "R_Ankle": [
            0.7777833055643226,
            0.8242853761166008
        ],
        "R_Foot": [
            0.7786594044426937,
            0.8219110475766513
        ],
        "Spine1": [
            0.7594573531152141,
            0.921134196112073
        ],
        "Spine2": [
            0.23815240290277648,
            0.96247050180499
        ],
        "Spine3": [
            0.2347742278030583,
            0.9549860778251715
        ],
        "Neck": [
            0.21324995269713404,
            0.6647551446873166
        ],
        "Head": [
            0.20394806655738354,
            0.522681287234693
        ],
        "L_Collar": [
            0.28970368502007593,
            0.8024706224113917
        ],
        "L_Shoulder": [
            0.3397064808187049,
            0.7137960573864134
        ],
        "L_Elbow": [
            0.4172447760645882,
            0.661973171023845
        ],
        "L_Wrist": [
            0.4607062265417142,
            0.5641607146791167
        ],
        "L_Hand": [
            0.46901893346713075,
            0.5551083845467468
        ],
        "R_Collar": [
            0.1608890118272656,
            0.8009967517508273
        ],
        "R_Shoulder": [
            0.1163948496407855,
            0.7288798771295226
        ],
        "R_Elbow": [
            0.06518424098764179,
            0.7504340142680976
        ],
        "R_Wrist": [
            0.9363567495884315,
            0.6192422785603221
        ],
        "R_Hand": [
            0.9238869303911998,
            0.5911725059110529
        ]
    },
    "joints3D": {
        "Pelvis": [
            -0.008202663604780454,
            -0.4898767072148415,
            -1.5352769677112679
        ],
        "L_Hip": [
            0.21576608847446152,
            -0.629517934413948,
            -1.7765560314516589
        ],
        "L_Knee": [
            0.3513769037744869,
            -1.6191179239777194,
            -2.3746955600113635
        ],
        "L_Ankle": [
            0.18059687840418304,
            -2.113799815022214,
            -3.481415699448405
        ],
        "L_Foot": [
            0.32442428508514687,
            -2.488283440385058,
            -3.377973279648502
        ],
        "R_Hip": [
            -0.19631441243722408,
            -0.7066020824179733,
            -1.7335640834947335
        ],
        "R_Knee": [
            -0.34996510401455233,
            -1.8599690845858194,
            -1.9710684880639229
        ],
        "R_Ankle": [
            -0.512996126084408,
            -1.7309894362862162,
            -3.1741462497182136
        ],
        "R_Foot": [
            -0.5909358425762138,
            -1.9506889237246763,
            -3.513362629635449
        ],
        "Spine1": [
            -0.05147620468350745,
            -0.2178711502773544,
            -1.3470301200445336
        ],
        "Spine2": [
            -0.04370791174002357,
            0.003670585379687903,
            -0.9692335980593372
        ],
        "Spine3": [
            -0.04765136569052285,
            0.024275751233783463,
            -0.7864020694953494
        ],
        "Neck": [
            -0.12137176553094811,
            0.4711584418335249,
            -0.2871667289211331
        ],
        "Head": [
            -0.10498733890225428,
            0.3541372546651109,
            -0.029831578593058673
        ],
        "L_Collar": [
            0.1415008557873124,
            0.3308166052882883,
            -0.5258385462534976
        ],
        "L_Shoulder": [
            0.38682245804366994,
            0.46375283579005316,
            -0.4598479224868951
        ],
        "L_Elbow": [
            1.1922689989145514,
            0.4680602576630836,
            -0.582299551362642
        ],
        "L_Wrist": [
            1.8804625915684279,
            0.26978919181373096,
            -0.2965171589808502
        ],
        "L_Hand": [
            2.1286734197419164,
            0.180352729184225,
            -0.27927560642632493
        ],
        "R_Collar": [
            -0.3185910970311399,
            0.2889321027851557,
            -0.5513281718375028
        ],
        "R_Shoulder": [
            -0.6055511265785786,
            0.3625598796446992,
            -0.5302372268630101
        ],
        "R_Elbow": [
            -1.269106096821638,
            0.12227128706051786,
            -0.8756163059260116
        ],
        "R_Wrist": [
            -1.6004885871202286,
            -0.49836866790979767,
            -0.5275597649654494
        ],
        "R_Hand": [
            -1.6741676286582128,
            -0.737589868542428,
            -0.45554116638890935
        ]
    }
}