{
    "joints3D": {
        "Pelvis": [
            -0.11040081011053494,
            0.15168916508122826,
            -1.7196381592858039
        ],
        "L_Hip": [
            0.029738733851884355,
            0.0012979954266644814,
            -1.9763842454152236
        ],
        "L_Knee": [
            -0.013736829203790395,
            -1.0026761997013318,
            -2.566389842712203
        ],
        "L_Ankle": [
            -0.313511505463325,
            -1.110977685771172,
            -3.6718984679578073
        ],
        "L_Foot": [
            -0.24676615374223207,
            -1.5019150002438584,
            -3.7751717265707443
        ],
        "R_Hip": [
            -0.33325431733091154,
            0.05659997090410091,
            -1.9315366036545487
        ],
        "R_Knee": [
            -0.770165297349628,
            -0.952823579085894,
            -2.2937626859259987
        ],
        "R_Ankle": [
            -0.7517188176443508,
            -1.236565546299499,
            -3.398253517048976
        ],
        "R_Foot": [
            -0.91403046690383,
            -1.608148646816115,
            -3.3814084703102636
        ],
        "Spine1": [
            -0.05842539425926322,
            0.386499255254365,
            -1.4840299990128198
        ],
        "Spine2": [
            0.012067353885563266,
            0.391720347178809,
            -1.036809896293634
        ],
        "Spine3": [
            0.02286237546232972,
            0.38413348739361164,
            -0.8548261702752074
        ],
        "Neck": [
            0.08202920536098751,
            0.5763317093552863,
            -0.24708631667276768
        ],
        "Head": [
            0.1143074409095115,
            0.4546449148009555,
            0.008963404262244082
        ],
        "L_Collar": [
            0.27433330739262146,
            0.4956848312519709,
            -0.5343926655827806
        ],
        "L_Shoulder": [
            0.5411580088055469,
            0.4599614249243957,
            -0.5998462359317704
        ],
        "L_Elbow": [
            0.6965222832340141,
            0.4332259281841794,
            -1.303776661505169
        ],
        "L_Wrist": [
            0.576970106077031,
            -0.17395495729840169,
            -1.661849455201958
        ],
        "L_Hand": [
            0.5765860589557211,
            -0.4168799844148147,
            -1.7472646216042058
        ],
        "R_Collar": [
            -0.1491801957243141,
            0.5868081230609422,
            -0.524145324805871
        ],
        "R_Shoulder": [
            -0.44251379420425635,
            0.6311700668973328,
            -0.544372053853748
        ],
        "R_Elbow": [
            -0.715217720842634,
            0.46979474272276794,
            -1.1641501078419927
        ],
        "R_Wrist": [
            -0.9838314763879058,
            -0.21100550018612177,
            -1.0694600352787331
        ],
        "R_Hand": [
            -1.0988734741948223,
            -0.4191375226128393,
            -0.9788392595317644
        ]
    },
    "joints2D": {
        "Pelvis": [
            0.23443504807543594,
            0.9398449479055928
        ],
        "L_Hip": [
            0.2521505053683564,
            0.9637133347322099
        ],
        "L_Knee": [
            0.7523380381292409,
            0.8632148843896614
        ],
        "L_Ankle": [
            0.7678680454845024,
            0.884003065839435
        ],
        "L_Foot": [
            0.7632429701448109,
            0.8609076551213847
        ],
        "R_Hip": [
            0.20961691778067515,
            0.9496520285028666
        ],
        "R_Knee": [
            0.8094774996957614,
            0.8434699649024009
        ],
        "R_Ankle": [
            0.7918178407211526,
            0.8630854296448554
        ],
        "R_Foot": [
            0.7969604268743726,
            0.8346851041242396
        ],
        "Spine1": [
            0.2408006415343454,
            0.8955949855267151
        ],
        "Spine2": [
            0.2507891007668423,
            0.8663538406455392
        ],
        "Spine3": [
            0.253344781667845,
            0.8490094457492148
        ],
        "Neck": [
            0.2694225478304488,
            0.6224760903441591
        ],
        "Head": [
            0.2869175222817818,
            0.49127975862321643
        ],
        "L_Collar": [
            0.3109995643574583,
            0.7402264721614106
        ],
        "L_Shoulder": [
            0.3572727919562576,
            0.7381076094728318
        ],
        "L_Elbow": [
            0.34058555916919414,
            0.8414920517560943
        ],
        "L_Wrist": [
            0.6791017369623142,
            0.9135266607480189
        ],
        "L_Hand": [
            0.6875437444644297,
            0.8840474456453699
        ],
        "R_Collar": [
            0.21680244962777212,
            0.721014542651946
        ],
        "R_Shoulder": [
            0.1666055128569158,
            0.6991203497483586
        ],
        "R_Elbow": [
            0.1498388886432033,
            0.8189212917027626
        ],
        "R_Wrist": [
            0.8963977570850474,
            0.8126079128347058
        ],
        "R_Hand": [
            0.8978449116645336,
            0.7582525248513076
        ]
    }
}