{
    "joints2D": {
        "Pelvis": [
            0.8024724994218804,
            0.898960209162981
        ],
        "L_Hip": [
            0.777649185295907,
            0.9067319548333096
        ],
        "L_Knee": [
            0.7709427807950913,
            0.8878251507875987
        ],
        "L_Ankle": [
            0.779546692291683,
            0.8653670626526231
        ],
        "L_Foot": [
            0.774460144590075,
            0.8415079876222337
        ],
        "R_Hip": [
            0.8228308391525039,
            0.8768307964083439
        ],
        "R_Knee": [
            0.8279947473403051,
            0.8504339315624251
        ],
        "R_Ankle": [
            0.8212258019453308,
            0.8673476446222115
        ],
        "R_Foot": [
            0.8266911118965101,
            0.841449553095082
        ],
        "Spine1": [
            0.8096592207980859,
            0.9251375094450162
        ],
        "Spine2": [
            0.19666028338404612,
            0.9411429293124123
        ],
        "Spine3": [
            0.7966287604807535,
            0.9546740907867178
        ],
        "Neck": [
            0.26254089156675053,
            0.6577281110457193
        ],
        "Head": [
            0.2764372185975611,
            0.49573326354988584
        ],
        "L_Collar": [
            0.29533829029218306,
            0.8388055842398547
        ],
        "L_Shoulder": [
            0.3428294333469422,
            0.8266844470307859
        ],
        "L_Elbow": [
            0.3047271541135797,
            0.9359352178622528
        ],
        "L_Wrist": [
            0.6805633798036758,
            0.8781612961796502
        ],
        "L_Hand": [
            0.6800312085271717,
            0.8634852315039139
        ],
        "R_Collar": [
            0.16059793932927674,
            0.7790989813727348
        ],
        "R_Shoulder": [
            0.09683869715009315,
            0.6569897851257547
        ],
        "R_Elbow": [
            0.9670834686244835,
            0.4952257569479876
        ],
        "R_Wrist": [
            0.9141621197325248,
            0.18330242573197478
        ],
        "R_Hand": [
            0.13229790576261588,
            0.10957182245421092
        ]
    },
    "joints3D": {
        "Pelvis": [
            -0.407402289639975,
            -0.32832305028293196,
            -1.600784544081102
        ],
        "L_Hip": [
            -0.2483170013522063,
            -0.40004261113824796,
            -1.9336504419719107
        ],
        "L_Knee": [
            -0.30250494765361785,
            -0.8615676102843193,
            -3.0162514712810293
        ],
        "L_Ankle": [
            -0.6224586974815479,
            -1.4984929208946076,
            -4.064094598552019
        ],
        "L_Foot": [
            -0.5370024332057795,
            -1.8910295065423297,
            -4.0008284015355455
        ],
        "R_Hip": [
            -0.681682715196976,
            -0.4510047917144401,
            -1.810015948009765
        ],
        "R_Knee": [
            -1.202888082001686,
            -0.9485330778820764,
            -2.7715514308350038
        ],
        "R_Ankle": [
            -1.504060997246465,
            -1.1588872683778304,
            -3.9832792319056307
        ],
        "R_Foot": [
            -1.719800084258881,
            -1.5054558874917205,
            -3.9285766306597254
        ],
        "Spine1": [
            -0.36065381950472664,
            -0.12082083159544915,
            -1.3233800532917983
        ],
        "Spine2": [
            -0.22166704242249133,
            0.03980223571995797,
            -0.9463954602620532
        ],
        "Spine3": [
            -0.15301088334756283,
            -0.0011671517151939615,
            -0.7729818255773943
        ],
        "Neck": [
            0.04274438493898057,
            0.4336768652620982,
            -0.24670316485521052
        ],
        "Head": [
            0.06525536042332857,
            0.36094835922629753,
            0.0018186679344083772
        ],
        "L_Collar": [
            0.15995285973404866,
            0.2667589778501666,
            -0.5849154447384431
        ],
        "L_Shoulder": [
            0.40221267283566464,
            0.27218226584146893,
            -0.7033242683640043
        ],
        "L_Elbow": [
            0.377260716328118,
            0.08030333163292318,
            -1.4752954465748054
        ],
        "L_Wrist": [
            0.6982726721923477,
            -0.46128940018204084,
            -1.8783529369352152
        ],
        "L_Hand": [
            0.7973979010847567,
            -0.6199965160379918,
            -2.046961238710759
        ],
        "R_Collar": [
            -0.2639580203544848,
            0.265829379152258,
            -0.42244916365731894
        ],
        "R_Shoulder": [
            -0.494108245635117,
            0.27173889763086867,
            -0.2599185686528661
        ],
        "R_Elbow": [
            -1.100142405797814,
            -0.14716540193068484,
            0.005244714825440078
        ],
        "R_Wrist": [
            -0.6289250359003042,
            -0.0475228058755548,
            0.606467581864109
        ],
        "R_Hand": [
            -0.45886844035388347,
            0.0490285484275938,
            0.7645824600038976
        ]
    }
}