{
    "joints2D": {
        "Pelvis": [
            0.7393754032760939,
            0.8565789802395486
        ],
        "L_Hip": [
            0.7152087934376428,
            0.8340591579811583
        ],
        "L_Knee": [
            0.7112084580864693,
            0.7444665461817164
        ],
        "L_Ankle": [
            0.7198943224711826,
            0.7324942317476114
        ],
        "L_Foot": [
            0.7185070927328912,
            0.7034121501512128
        ],
        "R_Hip": [
            0.7611227925976349,
            0.8371967847465496
        ],
        "R_Knee": [
            0.7741153670510682,
            0.7291715219676437
        ],
        "R_Ankle": [
            0.7677367134010449,
            0.85230849822105
        ],
        "R_Foot": [
            0.7691840878008409,
            0.845152655813947
        ],
        "Spine1": [
            0.7414157805379991,
            0.9046508358901207
        ],
        "Spine2": [
            0.7427405786468668,
            0.945856199282727
        ],
        "Spine3": [
            0.7478576772710194,
            0.9385724147226346
        ],
        "Neck": [
            0.21628338971953678,
            0.6696155230140447
        ],
        "Head": [
            0.21726163251602018,
            0.5017006862525143
        ],
        "L_Collar": [
            0.3131324840411114,
            0.8286545159079433
        ],
        "L_Shoulder": [
            0.3829713165110806,
            0.7460379817081757
        ],
        "L_Elbow": [
            0.6175448642954402,
            0.8662760181220533
        ],
        "L_Wrist": [
            0.6315511796083217,
            0.7636455312373919
        ],
        "L_Hand": [
            0.6363947371329954,
            0.7494405827331083
        ],
        "R_Collar": [
            0.16687303235107256,
            0.8367194778973873
        ],
        "R_Shoulder": [
            0.11007900390828777,
            0.7888540391701583
        ],
        "R_Elbow": [
            0.8454314224577495,
            0.8854333520035166
        ],
        "R_Wrist": [
            0.8344487472147442,
            0.7791335082751485
        ],
        "R_Hand": [
            0.8290134304605777,
            0.7625483623797551
        ]
    },
    "joints3D": {
        "Pelvis": [
            0.09774821701955688,
            -0.6091384798959261,
            -1.4653977637279598
        ],
        "L_Hip": [
            0.3540488904046575,
            -0.8108246758468769,
            -1.6491796143906872
        ],
        "L_Knee": [
            0.6488421105689705,
            -1.89202433912954,
            -1.9972901459766468
        ],
        "L_Ankle": [
            0.7424217080460589,
            -2.8819002303657917,
            -2.774983215683744
        ],
        "L_Foot": [
            0.8158414616466526,
            -3.216982333386332,
            -2.5595254332468085
        ],
        "R_Hip": [
            -0.09625613036719555,
            -0.8355013592079215,
            -1.6754659148905136
        ],
        "R_Knee": [
            -0.3642250878591123,
            -1.9879398384267675,
            -1.855714272302341
        ],
        "R_Ankle": [
            -0.26409797902920645,
            -1.234831200811631,
            -2.862422710867052
        ],
        "R_Foot": [
            -0.32713603301259403,
            -1.470742454171521,
            -3.1920988404929127
        ],
        "Spine1": [
            0.0642978118611455,
            -0.29585784801879655,
            -1.317163293138109
        ],
        "Spine2": [
            0.0366814772593659,
            -0.06439049211088727,
            -0.9546367235522013
        ],
        "Spine3": [
            0.012158187678427556,
            -0.07365821067030887,
            -0.7662462315441484
        ],
        "Neck": [
            -0.09449845361851117,
            0.39986888644174906,
            -0.2516415859571793
        ],
        "Head": [
            -0.06695927935910255,
            0.32708616911803384,
            -0.004713740968129886
        ],
        "L_Collar": [
            0.1807077752687137,
            0.21597325376644466,
            -0.4642610076577536
        ],
        "L_Shoulder": [
            0.44315838686124936,
            0.2354599044249012,
            -0.4103253921146206
        ],
        "L_Elbow": [
            0.7754391644755548,
            -0.054299084726217674,
            -1.0691418749523618
        ],
        "L_Wrist": [
            1.1085346376420318,
            -0.6999580158205329,
            -1.2322788067528399
        ],
        "L_Hand": [
            1.2215661383442924,
            -0.8965175252127018,
            -1.339670478318952
        ],
        "R_Collar": [
            -0.26374176166200414,
            0.21067477066802692,
            -0.547423075418882
        ],
        "R_Shoulder": [
            -0.5429354066190647,
            0.19391768308004545,
            -0.5712392644356192
        ],
        "R_Elbow": [
            -0.6055691565462722,
            -0.18628750625746532,
            -1.2493106462383365
        ],
        "R_Wrist": [
            -0.8262556412279515,
            -0.9052871972283821,
            -1.4013765269321252
        ],
        "R_Hand": [
            -0.8793064126675326,
            -1.1285321634086636,
            -1.5018393846235598
        ]
    }
}