{
    "joints3D": {
        "Pelvis": [
            0.24918704035181685,
            0.28420225924570247,
            -1.623628808335295
        ],
        "L_Hip": [
            0.4599284207499065,
            0.22311146097636714,
            -1.87693426712226
        ],
        "L_Knee": [
            0.6588677403088431,
            -0.29326105159979515,
            -2.8859892687296904
        ],
        "L_Ankle": [
            0.643418747068561,
            -0.4624510891752084,
            -4.0977118495081575
        ],
        "L_Foot": [
            0.7937746733207978,
            -0.8293356740445581,
            -4.1725444049562235
        ],
        "R_Hip": [
            0.07109762446319053,
            0.2644636580269709,
            -1.9014310396568157
        ],
        "R_Knee": [
            -0.17654290696354766,
            -0.22330605327178382,
            -2.9391172858865326
        ],
        "R_Ankle": [
            -0.2401570937428654,
            -0.46934505283227085,
            -4.13638090514452
        ],
        "R_Foot": [
            -0.371595802428215,
            -0.850227702668676,
            -4.202852345578025
        ],
        "Spine1": [
            0.23922390635489732,
            0.43996640266957815,
            -1.3198387208955749
        ],
        "Spine2": [
            0.22152579215204754,
            0.39993719178765036,
            -0.9199822209500597
        ],
        "Spine3": [
            0.1911556912791522,
            0.34229684869648147,
            -0.7597330512728314
        ],
        "Neck": [
            0.12902248571899025,
            0.4453614465273566,
            -0.160646010462532
        ],
        "Head": [
            0.10511795106568007,
            0.32993051679433466,
            0.05018118708630084
        ],
        "L_Collar": [
            0.38466169659743943,
            0.3852418730602872,
            -0.3833792681394429
        ],
        "L_Shoulder": [
            0.6128831326139632,
            0.23838545246033357,
            -0.3404504880388702
        ],
        "L_Elbow": [
            1.066879241618615,
            -0.05709147972244105,
            -0.89887967345171
        ],
        "L_Wrist": [
            0.5575201843985511,
            -0.38113658558107705,
            -1.347608235944949
        ],
        "L_Hand": [
            0.37600555865349716,
            -0.48786724041503615,
            -1.4950130433870037
        ],
        "R_Collar": [
            -0.05694695978601858,
            0.49484308193606047,
            -0.450026493950827
        ],
        "R_Shoulder": [
            -0.3533971234776319,
            0.47408494670458784,
            -0.4441240868987731
        ],
        "R_Elbow": [
            -0.8425984478370078,
            0.41423794646803785,
            -1.0196084779685692
        ],
        "R_Wrist": [
            -0.44472137596226263,
            -0.16525716801925355,
            -1.3443005057862443
        ],
        "R_Hand": [
            -0.2605886493927832,
            -0.3258967506670643,
            -1.4231230080908772
        ]
    },
    "joints2D": {
        "Pelvis": [
            0.2805880943449514,
            0.9135942154303989
        ],
        "L_Hip": [
            0.30055665741874904,
            0.9210081310701509
        ],
        "L_Knee": [
            0.7023294568209051,
            0.9268008517794619
        ],
        "L_Ankle": [
            0.7174417971949256,
            0.9292926405451638
        ],
        "L_Foot": [
            0.7125431240096365,
            0.9053573476002844
        ],
        "R_Hip": [
            0.25667648900747464,
            0.9270677002957284
        ],
        "R_Knee": [
            0.7647499023591625,
            0.9431609256253334
        ],
        "R_Ankle": [
            0.7640185946196147,
            0.933381859680501
        ],
        "R_Foot": [
            0.7695793326088884,
            0.9094435979804907
        ],
        "Spine1": [
            0.28265617211175426,
            0.8726141568259049
        ],
        "Spine2": [
            0.29056857482334636,
            0.8455250687336083
        ],
        "Spine3": [
            0.291924385321286,
            0.8413329161325838
        ],
        "Neck": [
            0.29082218478919825,
            0.6023215113790489
        ],
        "Head": [
            0.29624311924387053,
            0.45183431837550797
        ],
        "L_Collar": [
            0.3531150982846732,
            0.7055335835837301
        ],
        "L_Shoulder": [
            0.4140555331827967,
            0.681054528458732
        ],
        "L_Elbow": [
            0.577041710892646,
            0.7910178098792633
        ],
        "L_Wrist": [
            0.6752189771095382,
            0.8653643917840171
        ],
        "L_Hand": [
            0.7044861986989202,
            0.8700164298241243
        ],
        "R_Collar": [
            0.23416531028277876,
            0.7260772934347546
        ],
        "R_Shoulder": [
            0.1641865147707051,
            0.7095560190509062
        ],
        "R_Elbow": [
            0.12595949230731246,
            0.794191334246144
        ],
        "R_Wrist": [
            0.8198172285725777,
            0.911154508741636
        ],
        "R_Hand": [
            0.78806802226853,
            0.8982355085321715
        ]
    }
}