{
    "joints3D": {
        "Pelvis": [
            -0.24924640975078907,
            0.266085706246848,
            -1.6220733546972934
        ],
        "L_Hip": [
            -0.0976132487627652,
            0.22164970248581253,
            -1.9166350024159493
        ],
        "L_Knee": [
            -0.10386104846267162,
            -0.26639613479660385,
            -2.9555829764275514
        ],
        "L_Ankle": [
            -0.4024458670859816,
            -0.4973393646071402,
            -4.116185480301859
        ],
        "L_Foot": [
            -0.21323900057945175,
            -0.839550812411333,
            -4.2114281280829955
        ],
        "R_Hip": [
            -0.47338230798000475,
            0.15179124823212714,
            -1.8351952817808115
        ],
        "R_Knee": [
            -0.8328649905284264,
            -0.3661401549850014,
            -2.820854915605712
        ],
        "R_Ankle": [
            -1.0857922442258028,
            0.13559505322230264,
            -3.9046707260026507
        ],
        "R_Foot": [
            -1.2435680246654013,
            -0.14030318435230937,
            -4.159426709111069
        ],
        "Spine1": [
            -0.233219741050035,
            0.4627237189025304,
            -1.3443495036157627
        ],
        "Spine2": [
            -0.14983979444818252,
            0.4934600111619442,
            -0.953098752610093
        ],
        "Spine3": [
            -0.12138690010449878,
            0.4529990983205853,
            -0.7877962152955036
        ],
        "Neck": [
            -0.08604631554027894,
            0.5632871901881431,
            -0.18940890384234915
        ],
        "Head": [
            -0.03364437349929483,
            0.4002352017661555,
            -0.01995718370729329
        ],
        "L_Collar": [
            0.11862462469340194,
            0.5861880503790288,
            -0.4642818822118184
        ],
        "L_Shoulder": [
            0.37496840916863156,
            0.6678797473150505,
            -0.4120969312058477
        ],
        "L_Elbow": [
            1.0702695915011373,
            0.9022498167930135,
            -0.6646754571387212
        ],
        "L_Wrist": [
            1.8090728935982443,
            1.0227543984737184,
            -0.7153275100647681
        ],
        "L_Hand": [
            2.041540043459875,
            1.1032020997351557,
            -0.7875542943869086
        ],
        "R_Collar": [
            -0.33436955155490755,
            0.5239433131313359,
            -0.42803929093470144
        ],
        "R_Shoulder": [
            -0.6076030784858298,
            0.5101065018482978,
            -0.31380718268960317
        ],
        "R_Elbow": [
            -1.346636894113725,
            0.5365982355745145,
            -0.4696126766094894
        ],
        "R_Wrist": [
            -2.117003988106247,
            0.5282219247997632,
            -0.4153403022135515
        ],
        "R_Hand": [
            -2.3689924568596865,
            0.5434444789890198,
            -0.45842309521989105
        ]
    },
    "joints2D": {
        "Pelvis": [
            0.21644143203263658,
            0.9163903901023901
        ],
        "L_Hip": [
            0.23754666935831856,
            0.9329686662634884
        ],
        "L_Knee": [
            0.7591363892693312,
            0.9399436291840297
        ],
        "L_Ankle": [
            0.7725231633332181,
            0.9302197149843829
        ],
        "L_Foot": [
            0.7618364224018725,
            0.9111486747730663
        ],
        "R_Hip": [
            0.19299693712391902,
            0.9287236594723384
        ],
        "R_Knee": [
            0.8127906059821187,
            0.9134136940455762
        ],
        "R_Ankle": [
            0.18731050258136653,
            0.9383920152755805
        ],
        "R_Foot": [
            0.8169761610236619,
            0.9362309133109521
        ],
        "Spine1": [
            0.2162790309725476,
            0.8703745772576051
        ],
        "Spine2": [
            0.22244532011090346,
            0.8305366683605406
        ],
        "Spine3": [
            0.22392721769725138,
            0.8180695125715557
        ],
        "Neck": [
            0.2258981667528688,
            0.5974089821434516
        ],
        "Head": [
            0.23562284049923873,
            0.5127272044833229
        ],
        "L_Collar": [
            0.27501897462553115,
            0.7037603857431833
        ],
        "L_Shoulder": [
            0.3213902680650936,
            0.6571874111442711
        ],
        "L_Elbow": [
            0.3733746402394165,
            0.6522102787192331
        ],
        "L_Wrist": [
            0.4039856130492598,
            0.6201323379015412
        ],
        "L_Hand": [
            0.4067918350532342,
            0.6193004256036464
        ],
        "R_Collar": [
            0.1718451262024265,
            0.6939020765089701
        ],
        "R_Shoulder": [
            0.12076359485629448,
            0.629371945189272
        ],
        "R_Elbow": [
            0.07420692810215361,
            0.6189436068154899
        ],
        "R_Wrist": [
            0.05112166654297003,
            0.5747863512675938
        ],
        "R_Hand": [
            0.04853920004652837,
            0.5747260178109456
        ]
    }
}