{
    "joints3D": {
        "Pelvis": [
            -0.19451702063426127,
            0.04309426916751605,
            -1.8061015365922086
        ],
        "L_Hip": [
            -0.024511990586063095,
            -0.03684059347894686,
            -2.1394591338259237
        ],
        "L_Knee": [
            -0.13877259131022895,
            -0.38628447897543094,
            -3.281200239150223
        ],
        "L_Ankle": [
            -0.42352133314814694,
            -0.5480104574002341,
            -4.529211371694436
        ],
        "L_Foot": [
            -0.2991640034739431,
            -0.9305629281892641,
            -4.627340035249639
        ],
        "R_Hip": [
            -0.4736258649068944,
            -0.053612586254759835,
            -2.0334961261676687
        ],
        "R_Knee": [
            -0.7198854535221704,
            -0.9812092125015227,
            -2.792096028143052
        ],
        "R_Ankle": [
            -0.8074151770791896,
            -1.4522481285773907,
            -3.9889033802993596
        ],
        "R_Foot": [
            -0.9050975096938292,
            -1.8597674869142093,
            -3.9734976130889317
        ],
        "Spine1": [
            -0.14184383092696934,
            0.24410264256259723,
            -1.5171602154653943
        ],
        "Spine2": [
            -0.06157060783459388,
            0.3085756647510234,
            -1.088811216862175
        ],
        "Spine3": [
            -0.042327372763454905,
            0.2534229747072849,
            -0.9033760787402461
        ],
        "Neck": [
            0.05408624389903104,
            0.5017032882367556,
            -0.23114789536475114
        ],
        "Head": [
            0.08329794206280343,
            0.377158623177132,
            0.0005110537293455288
        ],
        "L_Collar": [
            0.24299942673290045,
            0.39213079624872516,
            -0.5687848074191321
        ],
        "L_Shoulder": [
            0.515154186061925,
            0.41660345412945116,
            -0.5416998523839401
        ],
        "L_Elbow": [
            0.6596112328634849,
            0.41514197921114177,
            -1.3389946591298838
        ],
        "L_Wrist": [
            0.8369282258838526,
            0.1204724694270622,
            -2.017962740379924
        ],
        "L_Hand": [
            0.8142711677694877,
            -0.03964635429966411,
            -2.216989925146175
        ],
        "R_Collar": [
            -0.21267189077771864,
            0.4548488124390123,
            -0.5233330919717311
        ],
        "R_Shoulder": [
            -0.471327268914995,
            0.5353523732826426,
            -0.42877052410041633
        ],
        "R_Elbow": [
            -0.7606950014596697,
            0.6340360273131528,
            -1.164993494079445
        ],
        "R_Wrist": [
            -1.1357548085120106,
            0.4532225107783374,
            -1.8296653714696152
        ],
        "R_Hand": [
            -1.2359348905855732,
            0.35508282258163865,
            -2.0438793339765797
        ]
    },
    "joints2D": {
        "Pelvis": [
            0.2239907707004146,
            0.9550458065200591
        ],
        "L_Hip": [
            0.7540058187747309,
            0.959375780854138
        ],
        "L_Knee": [
            0.76056388634416,
            0.9325857707220201
        ],
        "L_Ankle": [
            0.7716059441673614,
            0.9303378578319806
        ],
        "L_Foot": [
            0.7647131449899758,
            0.9104043569804926
        ],
        "R_Hip": [
            0.8035201853541827,
            0.9451896809372443
        ],
        "R_Knee": [
            0.7985921579514377,
            0.8636752391786552
        ],
        "R_Ankle": [
            0.7884841434011991,
            0.8641070832043576
        ],
        "R_Foot": [
            0.7902432531868796,
            0.8386992956169061
        ],
        "Spine1": [
            0.228881988513827,
            0.9199735029312078
        ],
        "Spine2": [
            0.23755225804294727,
            0.8894787693537348
        ],
        "Spine3": [
            0.23943232893281113,
            0.8903695194341446
        ],
        "Neck": [
            0.2642948954431813,
            0.6310798323796059
        ],
        "Head": [
            0.2824231801542608,
            0.49686808816398886
        ],
        "L_Collar": [
            0.309618864961138,
            0.782740978179412
        ],
        "L_Shoulder": [
            0.36131775719742143,
            0.7342478495000226
        ],
        "L_Elbow": [
            0.335708532495726,
            0.850771293141417
        ],
        "L_Wrist": [
            0.3352468379573489,
            0.9149211457402661
        ],
        "L_Hand": [
            0.6716764523555199,
            0.9311791718900345
        ],
        "R_Collar": [
            0.19655219818352201,
            0.7536395055786604
        ],
        "R_Shoulder": [
            0.1486313244597483,
            0.6792425092573019
        ],
        "R_Elbow": [
            0.1528768978747446,
            0.7906062411408282
        ],
        "R_Wrist": [
            0.14014307160979567,
            0.8468571080834325
        ],
        "R_Hand": [
            0.13802301453558524,
            0.8631440116372776
        ]
    }
}