{
    "joints3D": {
        "Pelvis": [
            -0.12542024211707875,
            -0.23410678788683445,
            -1.4777759596362257
        ],
        "L_Hip": [
            0.05008652382625139,
            -0.3273177022264026,
            -1.7197210414898856
        ],
        "L_Knee": [
            0.2648334071249634,
            -0.741747815404963,
            -2.6713035835142405
        ],
        "L_Ankle": [
            0.2151741508197283,
            -0.8761024466364408,
            -3.797913399118814
        ],
        "L_Foot": [
            0.41755495345950816,
            -1.1983205870564626,
            -3.838262344458658
        ],
        "R_Hip": [
            -0.3107621645412568,
            -0.3384895539448853,
            -1.7009719998041994
        ],
        "R_Knee": [
            -0.6380629502843648,
            -0.8151263863807168,
            -2.617564220998641
        ],
        "R_Ankle": [
            -0.7593919702223669,
            -1.051250985329883,
            -3.7234925140732016
        ],
        "R_Foot": [
            -0.9230664847460263,
            -1.4011134485509753,
            -3.704985517553509
        ],
        "Spine1": [
            -0.12813329638979828,
            -0.018510347731623314,
            -1.232257275739283
        ],
        "Spine2": [
            -0.10056156086441813,
            0.17952335955064389,
            -0.8942529237232564
        ],
        "Spine3": [
            -0.09945690642093627,
            0.155975998810676,
            -0.7280377433907507
        ],
        "Neck": [
            -0.0854499369878487,
            0.4602286722849565,
            -0.20377551312866582
        ],
        "Head": [
            -0.057238078298753915,
            0.384548691568746,
            0.016706722438700427
        ],
        "L_Collar": [
            0.13950489196061197,
            0.3581726805868784,
            -0.44884414176873233
        ],
        "L_Shoulder": [
            0.3916845371563731,
            0.32017963344503314,
            -0.5611284011284501
        ],
        "L_Elbow": [
            0.5497054295713342,
            0.04251743841078177,
            -1.225297790047987
        ],
        "L_Wrist": [
            0.5309115197937555,
            -0.6700024429741013,
            -1.1805928401543435
        ],
        "L_Hand": [
            0.5658539004822414,
            -0.9134824177875333,
            -1.15195357752098
        ],
        "R_Collar": [
            -0.3240542963427451,
            0.36459686164670213,
            -0.441056213245599
        ],
        "R_Shoulder": [
            -0.6069672606741406,
            0.3057765313087493,
            -0.5112571936161528
        ],
        "R_Elbow": [
            -0.829702210459935,
            0.03842066835277518,
            -1.139267548966234
        ],
        "R_Wrist": [
            -0.7337453688965376,
            -0.6822232985545224,
            -1.148080208117809
        ],
        "R_Hand": [
            -0.7152812193835176,
            -0.924337666506242,
            -1.1111337193247854
        ]
    },
    "joints2D": {
        "Pelvis": [
            0.7693353962198185,
            0.9209069851762102
        ],
        "L_Hip": [
            0.745293183605058,
            0.9138013805321783
        ],
        "L_Knee": [
            0.7318980859979132,
            0.8898705142106778
        ],
        "L_Ankle": [
            0.7398670749912482,
            0.9029463923746244
        ],
        "L_Foot": [
            0.7304924347468891,
            0.8808976650557531
        ],
        "R_Hip": [
            0.7886747016866466,
            0.9057845992958352
        ],
        "R_Knee": [
            0.7972859268977741,
            0.8741027240915917
        ],
        "R_Ankle": [
            0.7907688544356506,
            0.8837587289678802
        ],
        "R_Foot": [
            0.7962958403034244,
            0.8580182065846798
        ],
        "Spine1": [
            0.7752872599119074,
            0.9575243762585619
        ],
        "Spine2": [
            0.22549295772759703,
            0.9089802089826753
        ],
        "Spine3": [
            0.22082782552292687,
            0.9044793150525565
        ],
        "Neck": [
            0.22173108884697149,
            0.6256301105286709
        ],
        "Head": [
            0.2256932194492309,
            0.4838863768061232
        ],
        "L_Collar": [
            0.29090175283841097,
            0.7692208105312389
        ],
        "L_Shoulder": [
            0.3480766678880689,
            0.7821853876720254
        ],
        "L_Elbow": [
            0.34244220096914707,
            0.9154485031975529
        ],
        "L_Wrist": [
            0.6824663186480289,
            0.8036758361920281
        ],
        "L_Hand": [
            0.6864308832399594,
            0.7616399833646952
        ],
        "R_Collar": [
            0.1587244543583811,
            0.7420464387753584
        ],
        "R_Shoulder": [
            0.1081976333415243,
            0.733878029081532
        ],
        "R_Elbow": [
            0.11339320475909678,
            0.8687020625148203
        ],
        "R_Wrist": [
            0.8428574114747246,
            0.7836159040240992
        ],
        "R_Hand": [
            0.8317314651573022,
            0.7469882961723523
        ]
    }
}