{
    "joints3D": {
        "Pelvis": [
            0.9696916034182657,
            1.1457442078042572,
            -0.9437259537324835
        ],
        "L_Hip": [
            1.2578049104840332,
            1.0698908974509724,
            -1.1097503511108537
        ],
        "L_Knee": [
            1.1549295156565598,
            0.3555106461875145,
            -1.9211177653989693
        ],
        "L_Ankle": [
            1.4696543911390418,
            0.24909434010432208,
            -3.01852448207775
        ],
        "L_Foot": [
            1.292277635648534,
            -0.0632781907236097,
            -3.1509831495490754
        ],
        "R_Hip": [
            0.9326620280799642,
            1.2960645289757846,
            -1.2405410149076326
        ],
        "R_Knee": [
            0.9589982665551766,
            0.8837359860055792,
            -2.267128709697281
        ],
        "R_Ankle": [
            1.622639215606192,
            1.1523821382492352,
            -3.163450018475866
        ],
        "R_Foot": [
            1.3914096941684408,
            0.9117351819152528,
            -3.3494030803178427
        ],
        "Spine1": [
            0.8638717717662212,
            1.1769467038018306,
            -0.6499349183264104
        ],
        "Spine2": [
            0.6252873111387253,
            0.9302370883926065,
            -0.48820044473433094
        ],
        "Spine3": [
            0.547039028681748,
            0.7850170994589808,
            -0.45774643008416244
        ],
        "Neck": [
            0.21309838081088295,
            0.4956369205401927,
            -0.0002491249052690499
        ],
        "Head": [
            0.17176808096189736,
            0.2837865103146421,
            0.09993832816934264
        ],
        "L_Collar": [
            0.5503784001908982,
            0.5486708676356826,
            -0.09917229564479867
        ],
        "L_Shoulder": [
            0.7712463529185437,
            0.419311521147339,
            -0.009309925636517087
        ],
        "L_Elbow": [
            1.361718148689072,
            0.7886046220375941,
            -0.2920730562485754
        ],
        "L_Wrist": [
            1.7410987277753198,
            0.35161103136572436,
            -0.6992010061581295
        ],
        "L_Hand": [
            1.8784858897300598,
            0.1759305982523476,
            -0.7921279599835421
        ],
        "R_Collar": [
            0.17061736116136889,
            0.7418887003248257,
            -0.2523834926715697
        ],
        "R_Shoulder": [
            -0.07967249519055564,
            0.7971379910830733,
            -0.37425413034264116
        ],
        "R_Elbow": [
            -0.07910129622509866,
            1.2408764570775206,
            -0.9592181763862669
        ],
        "R_Wrist": [
            -0.28728988462656796,
            0.8575337827494776,
            -1.5431037435400607
        ],
        "R_Hand": [
            -0.42007390178761067,
            0.708121563467004,
            -1.6791496679984161
        ]
    },
    "joints2D": {
        "Pelvis": [
            0.34511568898312717,
            0.6850647454693631
        ],
        "L_Hip": [
            0.3647233042901544,
            0.7021188899343305
        ],
        "L_Knee": [
            0.3581165446517106,
            0.8614863564880931
        ],
        "L_Ankle": [
            0.346503792153969,
            0.8992823129811344
        ],
        "L_Foot": [
            0.6637509436687272,
            0.9245136349931523
        ],
        "R_Hip": [
            0.3301615157938681,
            0.7141439428081785
        ],
        "R_Knee": [
            0.32143958801568295,
            0.8414815184870893
        ],
        "R_Ankle": [
            0.33590854970397704,
            0.8375499537457592
        ],
        "R_Foot": [
            0.32553921994408536,
            0.8675001175251578
        ],
        "Spine1": [
            0.34090819871952777,
            0.6361168163121309
        ],
        "Spine2": [
            0.33516729160622444,
            0.632394979307169
        ],
        "Spine3": [
            0.33655530588882737,
            0.6444103939170563
        ],
        "Neck": [
            0.3117590496194494,
            0.49743018562469077
        ],
        "Head": [
            0.3307603539180256,
            0.4017253843389149
        ],
        "L_Collar": [
            0.37013809455589275,
            0.5410674505216732
        ],
        "L_Shoulder": [
            0.41365870657362935,
            0.5012665490738201
        ],
        "L_Elbow": [
            0.4075417400125729,
            0.5654472812874249
        ],
        "L_Wrist": [
            0.4423254836449039,
            0.6528443478216878
        ],
        "L_Hand": [
            0.4531655343108078,
            0.6697719118450758
        ],
        "R_Collar": [
            0.28256018491998885,
            0.59763072670711
        ],
        "R_Shoulder": [
            0.2341547174153096,
            0.6333813961402984
        ],
        "R_Elbow": [
            0.24021012166739938,
            0.7017632951431719
        ],
        "R_Wrist": [
            0.2184908787521049,
            0.8211731255271725
        ],
        "R_Hand": [
            0.20477956678579137,
            0.8479372042404233
        ]
    }
}