{
    "joints2D": {
        "Pelvis": [
            0.8016217454115779,
            0.9033077124269053
        ],
        "L_Hip": [
            0.7809146998610618,
            0.8815660467214418
        ],
        "L_Knee": [
            0.7880380758687509,
            0.8066832265758634
        ],
        "L_Ankle": [
            0.7959196147011048,
            0.8680049924272921
        ],
        "L_Foot": [
            0.8016191642084384,
            0.8535298448985237
        ],
        "R_Hip": [
            0.8298175861659352,
            0.8721465032053526
        ],
        "R_Knee": [
            0.8248790451352042,
            0.8052923784450863
        ],
        "R_Ankle": [
            0.8102017779390228,
            0.8049068577372356
        ],
        "R_Foot": [
            0.8179043211067686,
            0.7759715253747868
        ],
        "Spine1": [
            0.7942811030360034,
            0.954377303450049
        ],
        "Spine2": [
            0.22658553343595195,
            0.91627216098892
        ],
        "Spine3": [
            0.23346392894354542,
            0.9117533279062845
        ],
        "Neck": [
            0.29180869100289986,
            0.6594229531329626
        ],
        "Head": [
            0.3117401995769131,
            0.5507328992811856
        ],
        "L_Collar": [
            0.3253554387399012,
            0.8060516418398549
        ],
        "L_Shoulder": [
            0.37148070551435236,
            0.7984175934492623
        ],
        "L_Elbow": [
            0.3315080828490652,
            0.9104802070771215
        ],
        "L_Wrist": [
            0.6855008203601481,
            0.8793354780487752
        ],
        "L_Hand": [
            0.6898516092789784,
            0.8631515591892562
        ],
        "R_Collar": [
            0.2126859910201774,
            0.7477331497018576
        ],
        "R_Shoulder": [
            0.16415598276955615,
            0.6892499253428432
        ],
        "R_Elbow": [
            0.15080533855877423,
            0.8071601662796697
        ],
        "R_Wrist": [
            0.10595462163275204,
            0.8387686840263268
        ],
        "R_Hand": [
            0.09549311436492493,
            0.8394562890177795
        ]
    },
    "joints3D": {
        "Pelvis": [
            -0.3453848478789674,
            -0.2646426494207045,
            -1.3950100457346741
        ],
        "L_Hip": [
            -0.2506717331467605,
            -0.4926422746175536,
            -1.6296011251844598
        ],
        "L_Knee": [
            -0.5252866058442093,
            -1.3627812882703811,
            -2.2154681929296385
        ],
        "L_Ankle": [
            -0.7935040205919559,
            -1.115712211010549,
            -3.30075891939607
        ],
        "L_Foot": [
            -0.9915373387180774,
            -1.3636218063160195,
            -3.514018538395011
        ],
        "R_Hip": [
            -0.6350521364055071,
            -0.3783487934297717,
            -1.517088219772366
        ],
        "R_Knee": [
            -1.0317923893497738,
            -1.183690831773781,
            -2.1613209030392078
        ],
        "R_Ankle": [
            -1.187227142604625,
            -1.8166079038294507,
            -3.103337248762352
        ],
        "R_Foot": [
            -1.3983769799799646,
            -2.08167023766556,
            -2.9281576587296803
        ],
        "Spine1": [
            -0.23540675677489117,
            -0.007609951420131157,
            -1.2534616088621309
        ],
        "Spine2": [
            -0.09940701640004293,
            0.16383237541370435,
            -0.9442086940121454
        ],
        "Spine3": [
            -0.05730618862633124,
            0.15262746453095566,
            -0.7824718234378216
        ],
        "Neck": [
            0.15725766212678516,
            0.4990971049075606,
            -0.2953365199795594
        ],
        "Head": [
            0.1785901281406052,
            0.4111221903218282,
            -0.07564073990651005
        ],
        "L_Collar": [
            0.27999189417993237,
            0.30154718631899285,
            -0.5634739095947005
        ],
        "L_Shoulder": [
            0.5313484488632987,
            0.2516936282328003,
            -0.6512878015026741
        ],
        "L_Elbow": [
            0.5575687133969058,
            0.12204097925774852,
            -1.3900990087650291
        ],
        "L_Wrist": [
            0.6189310391866686,
            -0.4535117306959476,
            -1.7952627412017998
        ],
        "L_Hand": [
            0.6549219723962569,
            -0.636867984236329,
            -1.9478699839718236
        ],
        "R_Collar": [
            -0.13900329068120815,
            0.45178835045828286,
            -0.48412106766402196
        ],
        "R_Shoulder": [
            -0.3993082618806116,
            0.5596202386687954,
            -0.4536535703261776
        ],
        "R_Elbow": [
            -0.7059618295898793,
            0.5136178762765686,
            -1.118002596164571
        ],
        "R_Wrist": [
            -1.2316758549493032,
            0.15773084028244716,
            -1.4738591779657264
        ],
        "R_Hand": [
            -1.4210007767064914,
            0.060019976568737816,
            -1.5874463340394307
        ]
    }
}