{
    "joints3D": {
        "Pelvis": [
            -0.3307257596746577,
            1.1240098791772242,
            -1.4380010198460387
        ],
        "L_Hip": [
            -0.21981689932798087,
            1.1633354572167613,
            -1.7451392681920361
        ],
        "L_Knee": [
            -0.3928426608435283,
            1.3641165555294756,
            -2.879945905540041
        ],
        "L_Ankle": [
            -0.7120553130939777,
            2.324882205459732,
            -3.4266187005925253
        ],
        "L_Foot": [
            -0.7543164811238245,
            2.12593859009891,
            -3.7824237825812297
        ],
        "R_Hip": [
            -0.5749416189487229,
            1.1726198263343153,
            -1.6419817109088282
        ],
        "R_Knee": [
            -0.9808923853401017,
            0.7083479960931561,
            -2.622167813430131
        ],
        "R_Ankle": [
            -1.1266602947418176,
            0.7129005968037159,
            -3.753341432474179
        ],
        "R_Foot": [
            -1.224905629792357,
            0.3197277717443257,
            -3.775136772173402
        ],
        "Spine1": [
            -0.24878139547678882,
            1.1684904610767353,
            -1.1144868836191402
        ],
        "Spine2": [
            -0.16111736721607473,
            0.948740935134327,
            -0.7284314483074246
        ],
        "Spine3": [
            -0.14100821715026088,
            0.8372527230315375,
            -0.5853931503515808
        ],
        "Neck": [
            -0.03077212297072252,
            0.6552990727972088,
            0.01838872960801659
        ],
        "Head": [
            0.005115025645545006,
            0.42457762777483316,
            0.18238596279175245
        ],
        "L_Collar": [
            0.13628903796986594,
            0.7268617770365086,
            -0.2865806101742416
        ],
        "L_Shoulder": [
            0.3907941784965115,
            0.6987322508302641,
            -0.39239164994561526
        ],
        "L_Elbow": [
            0.4883482685470577,
            0.8918968917836733,
            -1.0805560241433103
        ],
        "L_Wrist": [
            0.5008355941373147,
            0.24242697716749229,
            -1.3792853616521232
        ],
        "L_Hand": [
            0.5785439185504472,
            0.006101397114580308,
            -1.4457979310310183
        ],
        "R_Collar": [
            -0.2681738994901195,
            0.8407123117541305,
            -0.18060617015625074
        ],
        "R_Shoulder": [
            -0.5442456713105591,
            0.940442730344801,
            -0.13301446635842387
        ],
        "R_Elbow": [
            -0.6878544665173633,
            1.4164050301790159,
            -0.6202494787486121
        ],
        "R_Wrist": [
            -1.204295111922233,
            1.4159334164800081,
            -1.1474380094131422
        ],
        "R_Hand": [
            -1.4215515257994022,
            1.4237475420102004,
            -1.279755282423838
        ]
    },
    "joints2D": {
        "Pelvis": [
            0.21672156505274187,
            0.7748577071984374
        ],
        "L_Hip": [
            0.22960121415030746,
            0.7996033963620299
        ],
        "L_Knee": [
            0.2251844335243619,
            0.8412092023082774
        ],
        "L_Ankle": [
            0.2177046779992153,
            0.795034821002794
        ],
        "L_Foot": [
            0.2165309514812198,
            0.8193091463334782
        ],
        "R_Hip": [
            0.19871979604596265,
            0.7824253115757287
        ],
        "R_Knee": [
            0.17848552341506718,
            0.8723700972668916
        ],
        "R_Ankle": [
            0.18842908279931472,
            0.898463030041966
        ],
        "R_Foot": [
            0.1799039128621691,
            0.9209773781690707
        ],
        "Spine1": [
            0.22244874775122228,
            0.7319565940185657
        ],
        "Spine2": [
            0.22626339202763904,
            0.69962920066335
        ],
        "Spine3": [
            0.22593466775710336,
            0.6858150190241529
        ],
        "Neck": [
            0.24135486513287288,
            0.4885741838231464
        ],
        "Head": [
            0.2504099791400979,
            0.37115168493969725
        ],
        "L_Collar": [
            0.2761223912170606,
            0.6128538499421843
        ],
        "L_Shoulder": [
            0.3221810205934472,
            0.6449632660952569
        ],
        "L_Elbow": [
            0.30766858101776573,
            0.7584989721087684
        ],
        "L_Wrist": [
            0.3208662377539819,
            0.895092966264198
        ],
        "L_Hand": [
            0.33513469360560477,
            0.929581555161383
        ],
        "R_Collar": [
            0.2013104269807192,
            0.5610341408742957
        ],
        "R_Shoulder": [
            0.16747959754019484,
            0.5369546968309961
        ],
        "R_Elbow": [
            0.1817550629573911,
            0.6179074163469489
        ],
        "R_Wrist": [
            0.15146246590353787,
            0.6824642835819917
        ],
        "R_Hand": [
            0.1415624326157806,
            0.6900786477389911
        ]
    }
}