{
    "joints3D": {
        "Pelvis": [
            0.07015169560255023,
            -0.18789679981452342,
            -1.735403072767265
        ],
        "L_Hip": [
            0.31011207766648,
            -0.15912766514939575,
            -2.0211181262139473
        ],
        "L_Knee": [
            0.4760892596516603,
            -0.23074026190371943,
            -3.18017127963296
        ],
        "L_Ankle": [
            0.39243366127916224,
            -0.2763658415064103,
            -4.438418705919225
        ],
        "L_Foot": [
            0.5964580763135173,
            -0.6152805736951732,
            -4.524932977360792
        ],
        "R_Hip": [
            -0.07135675131399591,
            -0.3995339082800888,
            -1.9963539048748284
        ],
        "R_Knee": [
            0.07574789344185319,
            -1.057317456645508,
            -2.9848160410329467
        ],
        "R_Ankle": [
            0.3834694937656458,
            -1.4901456190459015,
            -4.128265011762411
        ],
        "R_Foot": [
            0.526870240251426,
            -1.872596019304883,
            -4.165153150000836
        ],
        "Spine1": [
            -0.037713867195977316,
            -0.0027641464082327704,
            -1.4611034348712086
        ],
        "Spine2": [
            -0.10162709161951118,
            0.17675509743191986,
            -1.0746852963699536
        ],
        "Spine3": [
            -0.07552208620431272,
            0.13947183736831958,
            -0.8900758521473502
        ],
        "Neck": [
            -0.22492177421669934,
            0.4556933812198603,
            -0.2754676767807836
        ],
        "Head": [
            -0.18878269196375638,
            0.38048564450141287,
            -0.03048110546886934
        ],
        "L_Collar": [
            0.03999621926078655,
            0.42980110386552983,
            -0.5649485937771799
        ],
        "L_Shoulder": [
            0.2880528873585161,
            0.5321204116761936,
            -0.5756976145557047
        ],
        "L_Elbow": [
            0.4756278026111521,
            0.3542761996653064,
            -1.3247921534889575
        ],
        "L_Wrist": [
            0.7986930639445742,
            -0.031842741183168655,
            -1.8730457551160236
        ],
        "L_Hand": [
            0.8915055970870891,
            -0.11654056921716319,
            -2.0900969484351624
        ],
        "R_Collar": [
            -0.3767851666249313,
            0.25498243929024994,
            -0.5729020809312436
        ],
        "R_Shoulder": [
            -0.6246566178573776,
            0.1235130262296173,
            -0.5768653675567889
        ],
        "R_Elbow": [
            -0.6848162155721358,
            -0.07066206427135638,
            -1.3295249163602072
        ],
        "R_Wrist": [
            -0.7439200449928699,
            -0.48062737660246907,
            -1.97512304200253
        ],
        "R_Hand": [
            -0.7602435109284956,
            -0.5589611692773391,
            -2.2123935601835854
        ]
    },
    "joints2D": {
        "Pelvis": [
            0.7425096209412518,
            0.9350970139663674
        ],
        "L_Hip": [
            0.717526128107213,
            0.9382819792201326
        ],
        "L_Knee": [
            0.7182121863165575,
            0.9401053562045526
        ],
        "L_Ankle": [
            0.7315279619389218,
            0.9458531985788139
        ],
        "L_Foot": [
            0.7231841400794425,
            0.9247660503534181
        ],
        "R_Hip": [
            0.7587557489667192,
            0.9111785890235325
        ],
        "R_Knee": [
            0.7466026956907973,
            0.8720992360851956
        ],
        "R_Ankle": [
            0.7340802827435037,
            0.8693062957388776
        ],
        "R_Foot": [
            0.7292335466333358,
            0.8471016992029259
        ],
        "Spine1": [
            0.7573729143237269,
            0.9632860293159532
        ],
        "Spine2": [
            0.22870113411504783,
            0.9190088908274221
        ],
        "Spine3": [
            0.2306502460795978,
            0.9213547529900843
        ],
        "Neck": [
            0.18346706537441126,
            0.6569238551555445
        ],
        "Head": [
            0.17716187235239614,
            0.5203649377253268
        ],
        "L_Collar": [
            0.25871764084536314,
            0.7819401208265764
        ],
        "L_Shoulder": [
            0.3096826236306508,
            0.7412748992969107
        ],
        "L_Elbow": [
            0.31635917236425154,
            0.8745191777382952
        ],
        "L_Wrist": [
            0.6606449327892134,
            0.92275526178698
        ],
        "L_Hand": [
            0.6624647976608572,
            0.9140985334262012
        ],
        "R_Collar": [
            0.1468333796271774,
            0.80688063480803
        ],
        "R_Shoulder": [
            0.09126357135526714,
            0.7879567525137682
        ],
        "R_Elbow": [
            0.855352757140774,
            0.9010776496383567
        ],
        "R_Wrist": [
            0.8230837228944786,
            0.8781454579979397
        ],
        "R_Hand": [
            0.8170189754015158,
            0.8794401095203049
        ]
    }
}