{
    "joints3D": {
        "Pelvis": [
            -0.06053922706509884,
            0.9177533618543755,
            -1.5468322528600484
        ],
        "L_Hip": [
            0.12277224702184701,
            0.9102163773628572,
            -1.8197952362810683
        ],
        "L_Knee": [
            0.20491264922693486,
            0.9316735953840533,
            -2.946024279585142
        ],
        "L_Ankle": [
            0.049495018156759954,
            1.3412961566538764,
            -4.064064686132552
        ],
        "L_Foot": [
            0.1704324978199906,
            1.0349279716225015,
            -4.283890490564281
        ],
        "R_Hip": [
            -0.24378477103642074,
            1.023160485235133,
            -1.7929268435115935
        ],
        "R_Knee": [
            -0.4397663837999273,
            1.0973415927061907,
            -2.9249223192992058
        ],
        "R_Ankle": [
            -0.21738882200217058,
            1.3842134194603681,
            -4.069939699613575
        ],
        "R_Foot": [
            -0.5872853500690087,
            1.3244885498763999,
            -4.2121701643823
        ],
        "Spine1": [
            -0.030917919407841592,
            0.959590717634588,
            -1.2155870472274524
        ],
        "Spine2": [
            -0.03232276400665508,
            0.8271340391616009,
            -0.8437117635056596
        ],
        "Spine3": [
            -0.06108804019733838,
            0.7195591202767087,
            -0.715563904922114
        ],
        "Neck": [
            -0.0539418038800548,
            0.6463057734112596,
            -0.1204085214310383
        ],
        "Head": [
            -0.04147162238975875,
            0.47075624019710505,
            0.03840147597936891
        ],
        "L_Collar": [
            0.16600593073477052,
            0.6314636406544745,
            -0.3765500864220497
        ],
        "L_Shoulder": [
            0.40500865870789465,
            0.528598900591148,
            -0.4473231556401448
        ],
        "L_Elbow": [
            0.46364464213256024,
            0.6577955302258138,
            -1.1975404863730175
        ],
        "L_Wrist": [
            0.5217892258745078,
            0.3499270817184817,
            -1.8659661045665359
        ],
        "L_Hand": [
            0.6001314132407274,
            0.282747328512073,
            -2.096143685412312
        ],
        "R_Collar": [
            -0.254213867762611,
            0.7944270482839195,
            -0.3533769810221589
        ],
        "R_Shoulder": [
            -0.5394154302792646,
            0.8501240284459032,
            -0.37887805136849173
        ],
        "R_Elbow": [
            -0.6533922631593877,
            1.0935709388172963,
            -1.072179900332086
        ],
        "R_Wrist": [
            -1.0246228368161037,
            0.9332068654878829,
            -1.7155465042004225
        ],
        "R_Hand": [
            -1.1486813654285524,
            0.9029318062774352,
            -1.9327706879788045
        ]
    },
    "joints2D": {
        "Pelvis": [
            0.2423996255060517,
            0.8162437389416257
        ],
        "L_Hip": [
            0.2600910324408755,
            0.8367104703806649
        ],
        "L_Knee": [
            0.2619842886521504,
            0.8809461440699825
        ],
        "L_Ankle": [
            0.25096083210758646,
            0.8781981516333309
        ],
        "L_Foot": [
            0.2566606510385464,
            0.9004217220494835
        ],
        "R_Hip": [
            0.22673397133358741,
            0.8195196808801835
        ],
        "R_Knee": [
            0.22107854364919866,
            0.8639269767908548
        ],
        "R_Ankle": [
            0.23854609317058073,
            0.875286411907239
        ],
        "R_Foot": [
            0.2220167293652527,
            0.8791999862286596
        ],
        "Spine1": [
            0.2450857493801686,
            0.7768671762971495
        ],
        "Spine2": [
            0.24391086516870797,
            0.7442371810922616
        ],
        "Spine3": [
            0.23827729469317752,
            0.7400833662637084
        ],
        "Neck": [
            0.23584605819176968,
            0.554405528589942
        ],
        "Head": [
            0.2350181018402244,
            0.47205325649230384
        ],
        "L_Collar": [
            0.28487480388573777,
            0.661658993587258
        ],
        "L_Shoulder": [
            0.33728525728727,
            0.6930932014063981
        ],
        "L_Elbow": [
            0.30950862312133187,
            0.8117090978834873
        ],
        "L_Wrist": [
            0.3050884181225952,
            0.9010027155177192
        ],
        "L_Hand": [
            0.30816653292437635,
            0.9131029748707207
        ],
        "R_Collar": [
            0.20312448211389042,
            0.6238264307799023
        ],
        "R_Shoulder": [
            0.16471236063460265,
            0.6151837025928701
        ],
        "R_Elbow": [
            0.17968683654783577,
            0.7235834040425688
        ],
        "R_Wrist": [
            0.15950993293758978,
            0.7957514835697812
        ],
        "R_Hand": [
            0.15584105426483927,
            0.8095739169656057
        ]
    }
}