{
    "joints2D": {
        "Pelvis": [
            0.210085993135294,
            0.8875100793143299
        ],
        "L_Hip": [
            0.230047569142796,
            0.8927176138435832
        ],
        "L_Knee": [
            0.22227693922243563,
            0.9051420111471711
        ],
        "L_Ankle": [
            0.20710984882836184,
            0.9033042010963214
        ],
        "L_Foot": [
            0.21235535066060154,
            0.9245841209656408
        ],
        "R_Hip": [
            0.18815096445731488,
            0.8946695765566492
        ],
        "R_Knee": [
            0.18452458940798533,
            0.945354761020914
        ],
        "R_Ankle": [
            0.19208968482382915,
            0.9380958473895709
        ],
        "R_Foot": [
            0.8108481671053955,
            0.9387849656161525
        ],
        "Spine1": [
            0.2087622381915861,
            0.8566902280139028
        ],
        "Spine2": [
            0.21525849714474485,
            0.8228917401323461
        ],
        "Spine3": [
            0.21798664414397403,
            0.8251511811521229
        ],
        "Neck": [
            0.23510073620097896,
            0.5897644893603043
        ],
        "Head": [
            0.2544709596228839,
            0.4742822143175988
        ],
        "L_Collar": [
            0.2741119389686417,
            0.726296818903208
        ],
        "L_Shoulder": [
            0.3236690954587022,
            0.7138637124838771
        ],
        "L_Elbow": [
            0.31063194086892265,
            0.8495839272493311
        ],
        "L_Wrist": [
            0.3065380611115726,
            0.9378934213790586
        ],
        "L_Hand": [
            0.6995904248911624,
            0.9516797019882935
        ],
        "R_Collar": [
            0.17542675132858943,
            0.6994200003030432
        ],
        "R_Shoulder": [
            0.12444360029284042,
            0.6512145094181858
        ],
        "R_Elbow": [
            0.132740390926063,
            0.762333206791132
        ],
        "R_Wrist": [
            0.13355271607644498,
            0.8457997766310924
        ],
        "R_Hand": [
            0.1401396909835954,
            0.8643198850489919
        ]
    },
    "joints3D": {
        "Pelvis": [
            -0.35165255763611497,
            0.4780762610423491,
            -1.7795795674750796
        ],
        "L_Hip": [
            -0.19851215940686537,
            0.5636983114658837,
            -2.1108899290914094
        ],
        "L_Knee": [
            -0.42112872540699564,
            0.6937280957320657,
            -3.25745204716215
        ],
        "L_Ankle": [
            -0.9019893405884922,
            0.8953994065109949,
            -4.409033391841182
        ],
        "L_Foot": [
            -0.7915490892891253,
            0.596944243712826,
            -4.6606205503737215
        ],
        "R_Hip": [
            -0.6159186272449053,
            0.4129201729864597,
            -2.0231167172558293
        ],
        "R_Knee": [
            -0.8919590702709416,
            0.007338613081500831,
            -3.11667574342614
        ],
        "R_Ankle": [
            -1.1149185201977632,
            0.1969966455916308,
            -4.345329522876514
        ],
        "R_Foot": [
            -1.214888015724683,
            -0.16672782589916013,
            -4.508158412187992
        ],
        "Spine1": [
            -0.3202548149645561,
            0.5641583949639618,
            -1.4431383645076608
        ],
        "Spine2": [
            -0.21033434141170632,
            0.5584344980055237,
            -1.025779255197769
        ],
        "Spine3": [
            -0.16204921246307874,
            0.4656191474443623,
            -0.8666030483562264
        ],
        "Neck": [
            -0.05103893018851403,
            0.5669231919744225,
            -0.17429757007813368
        ],
        "Head": [
            0.015952322568940108,
            0.42410938729392245,
            0.03146924586616349
        ],
        "L_Collar": [
            0.11790446676669811,
            0.5771696544844005,
            -0.5300574315971585
        ],
        "L_Shoulder": [
            0.3851071128938799,
            0.5949582132032473,
            -0.5558401916963962
        ],
        "L_Elbow": [
            0.47176540473634065,
            0.5116113360265896,
            -1.340553859937062
        ],
        "L_Wrist": [
            0.5126508096906336,
            0.08489294900546515,
            -1.9507093532226705
        ],
        "L_Hand": [
            0.49781149052643037,
            -0.005218071054770639,
            -2.1847754520057214
        ],
        "R_Collar": [
            -0.3258009384415224,
            0.5353519718433838,
            -0.44975041958192463
        ],
        "R_Shoulder": [
            -0.5927969049964017,
            0.5045222041936409,
            -0.36735926409771763
        ],
        "R_Elbow": [
            -0.9280842782858033,
            0.6317389123450731,
            -1.06120515266135
        ],
        "R_Wrist": [
            -1.158436322856178,
            0.3920669140076267,
            -1.7540181547946594
        ],
        "R_Hand": [
            -1.183066357968768,
            0.35591388413605596,
            -2.0010276359506776
        ]
    }
}