{
    "joints3D": {
        "Pelvis": [
            0.0715766274180282,
            -0.4092395492909434,
            -1.4176140531977008
        ],
        "L_Hip": [
            0.277724689980714,
            -0.592322439860935,
            -1.5902477574119063
        ],
        "L_Knee": [
            0.4518168825143258,
            -1.5406573865628648,
            -2.1543741406706087
        ],
        "L_Ankle": [
            0.5020678645925701,
            -2.1697891975952284,
            -3.160506217501403
        ],
        "L_Foot": [
            0.5779306375365004,
            -2.497752020895294,
            -2.9602830003367484
        ],
        "R_Hip": [
            -0.1020911500513498,
            -0.6010204945647789,
            -1.60741682411046
        ],
        "R_Knee": [
            -0.20234982038845717,
            -1.7351154786815293,
            -1.5898283739216548
        ],
        "R_Ankle": [
            0.04189073409444335,
            -2.244607212256091,
            -2.634927755561364
        ],
        "R_Foot": [
            -0.07015778522906051,
            -2.6209790606756,
            -2.580891426323315
        ],
        "Spine1": [
            0.051180707992699186,
            -0.1104195716593741,
            -1.275484001566794
        ],
        "Spine2": [
            0.056054596866373034,
            0.06906690504107232,
            -0.9287663485826824
        ],
        "Spine3": [
            0.03761102322699466,
            0.10066445470094701,
            -0.7648855067382528
        ],
        "Neck": [
            -0.016661263189107635,
            0.44427443490626684,
            -0.28446849985204303
        ],
        "Head": [
            -0.016488200685832663,
            0.3869648586428341,
            -0.05711734855139374
        ],
        "L_Collar": [
            0.23015282831666428,
            0.31331273008487054,
            -0.4679250323306287
        ],
        "L_Shoulder": [
            0.4881147702917614,
            0.29021553384551263,
            -0.4042473233478696
        ],
        "L_Elbow": [
            0.6654590967701453,
            -0.17754567166973306,
            -0.96996756944967
        ],
        "L_Wrist": [
            0.7518583042822454,
            -0.8854699371376327,
            -1.1264792677459827
        ],
        "L_Hand": [
            0.7714368524803793,
            -1.1051861811612325,
            -1.2430608883110543
        ],
        "R_Collar": [
            -0.2078590392733371,
            0.3497828529055085,
            -0.5458313541208804
        ],
        "R_Shoulder": [
            -0.49471393397498215,
            0.3602431405889778,
            -0.5749630881826867
        ],
        "R_Elbow": [
            -0.5035223440992022,
            0.1453258668957013,
            -1.278273312937251
        ],
        "R_Wrist": [
            -0.7060966580030292,
            -0.29174735260167034,
            -1.855192208361534
        ],
        "R_Hand": [
            -0.7074396719565168,
            -0.42443475881140874,
            -2.066157234656496
        ]
    },
    "joints2D": {
        "Pelvis": [
            0.7414886772583744,
            0.8882447784736015
        ],
        "L_Hip": [
            0.7193792104631591,
            0.8635107939430605
        ],
        "L_Knee": [
            0.7208897998038154,
            0.7878490034049438
        ],
        "L_Ankle": [
            0.7277232176823938,
            0.7948522415887139
        ],
        "L_Foot": [
            0.7252461302203834,
            0.7647907784386976
        ],
        "R_Hip": [
            0.7630923500803396,
            0.866773471060218
        ],
        "R_Knee": [
            0.7659910747345411,
            0.7272108725158649
        ],
        "R_Ankle": [
            0.7492257473990367,
            0.7656075581079363
        ],
        "R_Foot": [
            0.7546422370038915,
            0.738865597524547
        ],
        "Spine1": [
            0.7424602718718725,
            0.9408011771591839
        ],
        "Spine2": [
            0.2621090842711064,
            0.943576810496039
        ],
        "Spine3": [
            0.2592512024277187,
            0.9288240331499182
        ],
        "Neck": [
            0.2434555837639238,
            0.6743609176343098
        ],
        "Head": [
            0.24207115571095025,
            0.5428023687807352
        ],
        "L_Collar": [
            0.3187028837038433,
            0.782167804546409
        ],
        "L_Shoulder": [
            0.3833413346606027,
            0.7203945898236526
        ],
        "L_Elbow": [
            0.6305889650656018,
            0.8493484910577976
        ],
        "L_Wrist": [
            0.6663440473265977,
            0.7520307128212045
        ],
        "L_Hand": [
            0.6759468823640018,
            0.7403134551317231
        ],
        "R_Collar": [
            0.19207335902574735,
            0.7943739288800306
        ],
        "R_Shoulder": [
            0.13587342054536156,
            0.7594032657708588
        ],
        "R_Elbow": [
            0.16823052771192878,
            0.9055542615856976
        ],
        "R_Wrist": [
            0.8274799803829954,
            0.8972834094995672
        ],
        "R_Hand": [
            0.8186767291788117,
            0.8905024054006937
        ]
    }
}