{
    "joints3D": {
        "Pelvis": [
            0.07247379114789557,
            0.00770783609280757,
            -1.5474944614828219
        ],
        "L_Hip": [
            0.25471313145672175,
            0.01754611024144023,
            -1.7902614515308928
        ],
        "L_Knee": [
            0.16817263219782605,
            0.12289025371324581,
            -2.80933002962253
        ],
        "L_Ankle": [
            -0.11822574021260532,
            0.2953376034836035,
            -3.8590422689338135
        ],
        "L_Foot": [
            0.05659181269268453,
            0.013369856233939527,
            -4.02548736525973
        ],
        "R_Hip": [
            -0.06418417257502228,
            -0.12768356534031783,
            -1.7765095484303366
        ],
        "R_Knee": [
            0.12017794495274599,
            -0.6189936203915831,
            -2.6874266759912246
        ],
        "R_Ankle": [
            0.41568283209778134,
            -0.8783286038491182,
            -3.718272808066414
        ],
        "R_Foot": [
            0.35064357190805806,
            -1.2454779414090797,
            -3.7592940359627827
        ],
        "Spine1": [
            0.0004830591425749149,
            0.170081518654939,
            -1.2849676685147757
        ],
        "Spine2": [
            -0.016896816330007298,
            0.23308584882946606,
            -0.9096649654878344
        ],
        "Spine3": [
            -0.027174287286431575,
            0.21936039350614636,
            -0.7477203437061919
        ],
        "Neck": [
            -0.08455057359703283,
            0.4572700698746702,
            -0.21290184238386528
        ],
        "Head": [
            -0.0929658583227175,
            0.3305511426066176,
            -0.02381526028294541
        ],
        "L_Collar": [
            0.16492726054690693,
            0.35232183923719873,
            -0.41459621860218204
        ],
        "L_Shoulder": [
            0.42597001756393194,
            0.29453432822123166,
            -0.37483064255229065
        ],
        "L_Elbow": [
            0.6746352344396783,
            -0.03599022446850146,
            -0.957971350276574
        ],
        "L_Wrist": [
            0.929547341797938,
            -0.5964647802875098,
            -1.2755045008968504
        ],
        "L_Hand": [
            1.0292039780193398,
            -0.7774761124606844,
            -1.3980134282444532
        ],
        "R_Collar": [
            -0.27239846013119196,
            0.42198983294723874,
            -0.4933062544631028
        ],
        "R_Shoulder": [
            -0.5341752262897755,
            0.5427465411378751,
            -0.5033289229459496
        ],
        "R_Elbow": [
            -0.6411760710751842,
            0.6751422318595001,
            -1.1786736400858795
        ],
        "R_Wrist": [
            -1.0669858335382025,
            0.8245547243793963,
            -1.720690112781399
        ],
        "R_Hand": [
            -1.1980432941793095,
            0.9099363835961102,
            -1.900410620897301
        ]
    },
    "joints2D": {
        "Pelvis": [
            0.2595261662292089,
            0.9621199853156144
        ],
        "L_Hip": [
            0.28132768628170796,
            0.956757699214785
        ],
        "L_Knee": [
            0.26224030924970665,
            0.9516263665895832
        ],
        "L_Ankle": [
            0.24180487192193273,
            0.9435827401693776
        ],
        "L_Foot": [
            0.2519150522699461,
            0.9630189147264739
        ],
        "R_Hip": [
            0.7594416860999955,
            0.944729670310169
        ],
        "R_Knee": [
            0.7422816463342092,
            0.903245690956344
        ],
        "R_Ankle": [
            0.7288511321916106,
            0.8999418225433654
        ],
        "R_Foot": [
            0.7336678258615769,
            0.8766147089984857
        ],
        "Spine1": [
            0.24872247217163077,
            0.9291056304347766
        ],
        "Spine2": [
            0.24493016402194415,
            0.8968720071397395
        ],
        "Spine3": [
            0.2415550225046285,
            0.8872510402165975
        ],
        "Neck": [
            0.22199155893137185,
            0.6314929317447955
        ],
        "Head": [
            0.20610142323463715,
            0.5190776710851012
        ],
        "L_Collar": [
            0.30031351038343046,
            0.7570710894859637
        ],
        "L_Shoulder": [
            0.37461663736177114,
            0.7189856068991297
        ],
        "L_Elbow": [
            0.6193407997683522,
            0.8722092520855028
        ],
        "L_Wrist": [
            0.6426764941248724,
            0.7955452812504956
        ],
        "L_Hand": [
            0.6469639465861048,
            0.7808906478201029
        ],
        "R_Collar": [
            0.1792049529619915,
            0.7487773227937634
        ],
        "R_Shoulder": [
            0.1434381547769182,
            0.6955388563012713
        ],
        "R_Elbow": [
            0.16758548175149834,
            0.7952923622710195
        ],
        "R_Wrist": [
            0.15327902827915488,
            0.8048573119502624
        ],
        "R_Hand": [
            0.15199741793808633,
            0.8038876689137401
        ]
    }
}