{
    "joints3D": {
        "Pelvis": [
            -0.2295012142469149,
            0.05785787745726056,
            -1.6765270328859398
        ],
        "L_Hip": [
            -0.0806139775441468,
            0.008715634932935406,
            -1.96333248544683
        ],
        "L_Knee": [
            -0.024723996036588466,
            -0.4362783615359136,
            -3.0310652383114394
        ],
        "L_Ankle": [
            -0.19605452283902797,
            -0.4979321985728312,
            -4.159891024168783
        ],
        "L_Foot": [
            -0.051484648950018086,
            -0.878449786466687,
            -4.173482066919778
        ],
        "R_Hip": [
            -0.44093227805649926,
            -0.0283610742460843,
            -1.9005601864872923
        ],
        "R_Knee": [
            -0.6379222198782354,
            -0.5038149877701774,
            -2.9299374428391824
        ],
        "R_Ankle": [
            -0.6857137065274264,
            -0.5529081021789999,
            -4.061307493608056
        ],
        "R_Foot": [
            -0.6944264226542499,
            -0.9540454637352516,
            -4.020288571156186
        ],
        "Spine1": [
            -0.21076990199399548,
            0.23282287705068766,
            -1.3919482791316162
        ],
        "Spine2": [
            -0.11848767441306092,
            0.3529026096487861,
            -0.9682307385414773
        ],
        "Spine3": [
            -0.09536884968202065,
            0.3443614578727863,
            -0.7885814791336119
        ],
        "Neck": [
            -0.05607025926273275,
            0.5321133722058353,
            -0.18200523367333704
        ],
        "Head": [
            0.023115696999859423,
            0.41024015307671063,
            0.06147421678122521
        ],
        "L_Collar": [
            0.1309333284869467,
            0.5182872518830248,
            -0.4808570722114392
        ],
        "L_Shoulder": [
            0.40059078899618444,
            0.5588114397713732,
            -0.5189473567835585
        ],
        "L_Elbow": [
            0.42802768934415975,
            0.4405438249045766,
            -1.2254929082081814
        ],
        "L_Wrist": [
            0.5745600148413664,
            0.036565291334248365,
            -1.7913520542031107
        ],
        "L_Hand": [
            0.5660994344037622,
            -0.0506812214521128,
            -2.0317816472238857
        ],
        "R_Collar": [
            -0.2962625318396262,
            0.47906341362447374,
            -0.44318316301223626
        ],
        "R_Shoulder": [
            -0.5865800393907478,
            0.4250770774630283,
            -0.4317184858758225
        ],
        "R_Elbow": [
            -0.7208873971355403,
            0.3289991729657654,
            -1.1034944323553033
        ],
        "R_Wrist": [
            -0.9833182746929812,
            -0.01928420786875311,
            -1.6931671035153002
        ],
        "R_Hand": [
            -1.0111314613800342,
            -0.1101929313214464,
            -1.9275346250500598
        ]
    },
    "joints2D": {
        "Pelvis": [
            0.21760648956665155,
            0.9507068409985687
        ],
        "L_Hip": [
            0.23909291477784983,
            0.9623797046966471
        ],
        "L_Knee": [
            0.7531074315802581,
            0.9260589824467269
        ],
        "L_Ankle": [
            0.7616023219656991,
            0.9319817784930237
        ],
        "L_Foot": [
            0.7538963282706558,
            0.9086970571440204
        ],
        "R_Hip": [
            0.8036581768280702,
            0.9481378381425355
        ],
        "R_Knee": [
            0.7962993341297461,
            0.9101017746612817
        ],
        "R_Ankle": [
            0.7872635766091548,
            0.9225935240225551
        ],
        "R_Foot": [
            0.7858604941089475,
            0.8967696716732736
        ],
        "Spine1": [
            0.2169632956092227,
            0.915692916171826
        ],
        "Spine2": [
            0.2259848909900766,
            0.8675597020176338
        ],
        "Spine3": [
            0.2272949964945396,
            0.8502973106053804
        ],
        "Neck": [
            0.2329141826091404,
            0.5993837405504507
        ],
        "Head": [
            0.25732415043834383,
            0.4511000373589758
        ],
        "L_Collar": [
            0.27990073795157194,
            0.7268852606007955
        ],
        "L_Shoulder": [
            0.3305975983577644,
            0.7096239970476385
        ],
        "L_Elbow": [
            0.3110609644111828,
            0.8547120584474541
        ],
        "L_Wrist": [
            0.31912197800721426,
            0.9367691593781697
        ],
        "L_Hand": [
            0.6895826727803432,
            0.9407219830580951
        ],
        "R_Collar": [
            0.17631471826539052,
            0.7136712623053643
        ],
        "R_Shoulder": [
            0.11929240711591799,
            0.687682234706341
        ],
        "R_Elbow": [
            0.1388895004568172,
            0.8332865533225503
        ],
        "R_Wrist": [
            0.8678869329463521,
            0.8985805060193447
        ],
        "R_Hand": [
            0.8566514861673297,
            0.8987249675539218
        ]
    }
}