{
    "joints3D": {
        "Pelvis": [
            -0.9935553645695677,
            0.9267237474784472,
            -1.550922709489105
        ],
        "L_Hip": [
            -0.854609559954971,
            1.1112119668879465,
            -1.8480148925696536
        ],
        "L_Knee": [
            -0.5003572044427905,
            0.6367425516033628,
            -2.8895890782832145
        ],
        "L_Ankle": [
            -0.956034287123052,
            1.1568816548841614,
            -3.94891802209539
        ],
        "L_Foot": [
            -0.6876078286153803,
            0.9075042242786234,
            -4.159145610379602
        ],
        "R_Hip": [
            -1.2510920525236868,
            0.8804302938156331,
            -1.8115967844164733
        ],
        "R_Knee": [
            -1.1410915730489322,
            0.07654871356370462,
            -2.7239418834894376
        ],
        "R_Ankle": [
            -1.5388134897553678,
            0.4349194877502301,
            -3.870823654620164
        ],
        "R_Foot": [
            -1.423945469650541,
            0.05652829956955378,
            -4.016764894485388
        ],
        "Spine1": [
            -0.972179425049432,
            0.9285055722968161,
            -1.2053427577284932
        ],
        "Spine2": [
            -0.8082008962070091,
            0.6921679307181082,
            -0.901234627215985
        ],
        "Spine3": [
            -0.7078387488704503,
            0.5706702759297403,
            -0.8041801667962576
        ],
        "Neck": [
            -0.4728247778885041,
            0.4740297708647023,
            -0.150037339332739
        ],
        "Head": [
            -0.31534096729883776,
            0.3139055785716074,
            -0.014057631241433933
        ],
        "L_Collar": [
            -0.3796454348113348,
            0.6695343014511619,
            -0.4770075046932511
        ],
        "L_Shoulder": [
            -0.08232587175879512,
            0.7018664807600713,
            -0.4652049420704265
        ],
        "L_Elbow": [
            0.5887984534056502,
            0.5077553133483751,
            -0.9120572447949391
        ],
        "L_Wrist": [
            0.1303384171520713,
            -0.08010519614660808,
            -1.1437321745257323
        ],
        "L_Hand": [
            -0.05017882709603831,
            -0.24546744255471556,
            -1.2492219276485366
        ],
        "R_Collar": [
            -0.7987334989132464,
            0.42346128558114743,
            -0.36128722787334505
        ],
        "R_Shoulder": [
            -0.8924703581951655,
            0.198609891695641,
            -0.16454114867324213
        ],
        "R_Elbow": [
            -1.2880322445302923,
            -0.4606224719223413,
            0.09075514511342138
        ],
        "R_Wrist": [
            -1.3200085863316193,
            -0.8787377458245851,
            -0.5954002989673391
        ],
        "R_Hand": [
            -1.346686631694903,
            -0.9698609624965976,
            -0.8447063764849583
        ]
    },
    "joints2D": {
        "Pelvis": [
            0.15713980220001078,
            0.7829471276425002
        ],
        "L_Hip": [
            0.1794721432138813,
            0.7964265590367063
        ],
        "L_Knee": [
            0.21368806623641048,
            0.9009961725279372
        ],
        "L_Ankle": [
            0.2024785053825262,
            0.8786352677786335
        ],
        "L_Foot": [
            0.21518730182901774,
            0.9019902398054171
        ],
        "R_Hip": [
            0.14530493375978554,
            0.7965472971619214
        ],
        "R_Knee": [
            0.1598065778201284,
            0.9214039290390624
        ],
        "R_Ankle": [
            0.16752320234692814,
            0.9053812770961795
        ],
        "R_Foot": [
            0.17126343951967635,
            0.9338283861518986
        ],
        "Spine1": [
            0.14890007901356656,
            0.7446080725060028
        ],
        "Spine2": [
            0.14054833267087008,
            0.7383541776363466
        ],
        "Spine3": [
            0.13878946709251397,
            0.7468893699751777
        ],
        "Neck": [
            0.12904919379208624,
            0.5731808395502168
        ],
        "Head": [
            0.12634618713780546,
            0.5081862326370172
        ],
        "L_Collar": [
            0.17715531903468093,
            0.6769204936696014
        ],
        "L_Shoulder": [
            0.2325855666110794,
            0.6787373175046905
        ],
        "L_Elbow": [
            0.34287439741184916,
            0.7892194326847799
        ],
        "L_Wrist": [
            0.7259774698746916,
            0.9427280143543492
        ],
        "L_Hand": [
            0.7596891148892997,
            0.9120608320927576
        ],
        "R_Collar": [
            0.09197154832863526,
            0.639013941914505
        ],
        "R_Shoulder": [
            0.0473954509129829,
            0.5714883760599837
        ],
        "R_Elbow": [
            0.9380404625424301,
            0.470975300138585
        ],
        "R_Wrist": [
            0.8954720276971626,
            0.6272895220949402
        ],
        "R_Hand": [
            0.8849910928857075,
            0.6649238927055319
        ]
    }
}