{
    "joints2D": {
        "Pelvis": [
            0.7046507319786169,
            0.9403780852062179
        ],
        "L_Hip": [
            0.6754535739462539,
            0.9274792767244332
        ],
        "L_Knee": [
            0.37540760177662486,
            0.8360597243279677
        ],
        "L_Ankle": [
            0.37409662103284197,
            0.751151628459129
        ],
        "L_Foot": [
            0.3791739689095988,
            0.7426332283304309
        ],
        "R_Hip": [
            0.7204275057164349,
            0.9497133467672974
        ],
        "R_Knee": [
            0.7583123357735175,
            0.8758900394152459
        ],
        "R_Ankle": [
            0.7409064369853363,
            0.8660594301295832
        ],
        "R_Foot": [
            0.7587581825488492,
            0.8545487862489168
        ],
        "Spine1": [
            0.7143000632307107,
            0.9558852988772489
        ],
        "Spine2": [
            0.276018981700902,
            0.9385313069562732
        ],
        "Spine3": [
            0.2699058840105017,
            0.9325303224316568
        ],
        "Neck": [
            0.27754305231416115,
            0.664166265815262
        ],
        "Head": [
            0.25862282169317946,
            0.5261206791146289
        ],
        "L_Collar": [
            0.3441761602863514,
            0.7962715211072365
        ],
        "L_Shoulder": [
            0.3969537283908591,
            0.6950971580145185
        ],
        "L_Elbow": [
            0.4732503557739772,
            0.5096652888279327
        ],
        "L_Wrist": [
            0.5433267831331345,
            0.3325921161312602
        ],
        "L_Hand": [
            0.5488300495691338,
            0.284197353476591
        ],
        "R_Collar": [
            0.22881964064184696,
            0.7894014933400857
        ],
        "R_Shoulder": [
            0.20364836123424004,
            0.7248005353104384
        ],
        "R_Elbow": [
            0.13955090490894523,
            0.6626301817037179
        ],
        "R_Wrist": [
            0.12801858747051295,
            0.5613648377695929
        ],
        "R_Hand": [
            0.13197224699885277,
            0.5496261895792319
        ]
    },
    "joints3D": {
        "Pelvis": [
            0.3802447095476207,
            -0.09672825389795023,
            -1.8035972617557066
        ],
        "L_Hip": [
            0.7028239305919289,
            -0.08388707887586754,
            -1.9916476408729467
        ],
        "L_Knee": [
            1.7319928833891054,
            0.47847943420612465,
            -2.314335770750999
        ],
        "L_Ankle": [
            2.4721071092224833,
            1.5047414850252676,
            -2.5012547301775387
        ],
        "L_Foot": [
            2.8431525499315224,
            1.647939907343589,
            -2.672010267253011
        ],
        "R_Hip": [
            0.2950236465124521,
            -0.08282958999931482,
            -2.157656501698168
        ],
        "R_Knee": [
            -0.10684946557656175,
            -0.9848375424631912,
            -2.9088363022651635
        ],
        "R_Ankle": [
            0.2278250080744093,
            -1.5163208987910832,
            -4.019063486603336
        ],
        "R_Foot": [
            -0.1631500287817894,
            -1.6762995291639835,
            -3.938650609460834
        ],
        "Spine1": [
            0.24164572290984224,
            -0.012101507442953028,
            -1.4951898027023136
        ],
        "Spine2": [
            0.13187119560217497,
            0.08954689135539083,
            -1.0626904657964704
        ],
        "Spine3": [
            0.08562165824468868,
            0.09810123432590306,
            -0.8762607017974128
        ],
        "Neck": [
            0.10936139913586987,
            0.5238057307111348,
            -0.31573575163636713
        ],
        "Head": [
            0.028831200921068573,
            0.44688802223988117,
            -0.0416487881380327
        ],
        "L_Collar": [
            0.3366614015446941,
            0.27302917961895307,
            -0.5268130951261347
        ],
        "L_Shoulder": [
            0.6073219133990928,
            0.3135760825073709,
            -0.4050136438861497
        ],
        "L_Elbow": [
            1.3409141794336337,
            0.08794700717282859,
            -0.036962248990720974
        ],
        "L_Wrist": [
            1.6745389025980408,
            -0.13117520008653086,
            0.6628325273456975
        ],
        "L_Hand": [
            1.7502146429501821,
            -0.0673674794253922,
            0.9207214413714689
        ],
        "R_Collar": [
            -0.08837291051975207,
            0.4668480502577833,
            -0.6511914548834055
        ],
        "R_Shoulder": [
            -0.26610241383337896,
            0.7202910294432725,
            -0.6728062810840958
        ],
        "R_Elbow": [
            -1.0139234550370837,
            1.045063431937909,
            -0.7683984262990173
        ],
        "R_Wrist": [
            -1.553786034445828,
            1.5496579325478175,
            -0.41273350148679483
        ],
        "R_Hand": [
            -1.6870717655059844,
            1.7844199662956512,
            -0.37845243383610566
        ]
    }
}