{
    "joints3D": {
        "Pelvis": [
            0.8407748445127752,
            0.4036312158217178,
            -1.6015777617122577
        ],
        "L_Hip": [
            1.1140442850239183,
            0.2713229469464173,
            -1.7554926390196024
        ],
        "L_Knee": [
            1.601623324861334,
            -0.5111859217084607,
            -2.5330035117908283
        ],
        "L_Ankle": [
            2.121744794438259,
            -0.4981720624412682,
            -3.604091781367467
        ],
        "L_Foot": [
            2.217450547434953,
            -0.9083690560312601,
            -3.554288904477752
        ],
        "R_Hip": [
            0.7734765374905388,
            0.33136875251306497,
            -1.9197397027009744
        ],
        "R_Knee": [
            0.6200772916859998,
            -0.6430318014124606,
            -2.600517245477462
        ],
        "R_Ankle": [
            0.9660421734083948,
            -1.267126943734201,
            -3.5407878778772894
        ],
        "R_Foot": [
            0.8190201302489583,
            -1.6597055890782646,
            -3.5670089070306767
        ],
        "Spine1": [
            0.7419728451608715,
            0.6209973089354952,
            -1.347800236375972
        ],
        "Spine2": [
            0.5578462723701961,
            0.6073535519309597,
            -0.9171043820165359
        ],
        "Spine3": [
            0.4655667146003944,
            0.5444156894698784,
            -0.7648411432659338
        ],
        "Neck": [
            0.140935484770619,
            0.5997314002305332,
            -0.18995065672408343
        ],
        "Head": [
            0.06831433325004517,
            0.46294529769201925,
            0.06148268298813705
        ],
        "L_Collar": [
            0.4801712909103958,
            0.5957119625637574,
            -0.33101617565049335
        ],
        "L_Shoulder": [
            0.7591889578311899,
            0.5427370713855368,
            -0.2915248537313478
        ],
        "L_Elbow": [
            1.256366873315252,
            0.4301786870201449,
            -0.8369956116723658
        ],
        "L_Wrist": [
            1.5764246508619404,
            -0.027444758067933835,
            -1.322474907061056
        ],
        "L_Hand": [
            1.6829436142199892,
            -0.13901367977740114,
            -1.5398048824201442
        ],
        "R_Collar": [
            0.0978379163939056,
            0.6623173001636371,
            -0.5557751968692036
        ],
        "R_Shoulder": [
            -0.10607357077719004,
            0.633780127200686,
            -0.7845075294655688
        ],
        "R_Elbow": [
            0.0012074234505229453,
            0.4720235759645562,
            -1.4782891021557398
        ],
        "R_Wrist": [
            0.07248920396849448,
            -0.0030879272409123494,
            -2.0720426684220072
        ],
        "R_Hand": [
            0.14959270067195862,
            -0.13075718921246043,
            -2.289135203460403
        ]
    },
    "joints2D": {
        "Pelvis": [
            0.34350116980582385,
            0.8586765109706092
        ],
        "L_Hip": [
            0.36446169932075373,
            0.8622983509898683
        ],
        "L_Knee": [
            0.6386411229555753,
            0.853813389746486
        ],
        "L_Ankle": [
            0.640940430789467,
            0.872405537662139
        ],
        "L_Foot": [
            0.6429025834842468,
            0.8449650916688742
        ],
        "R_Hip": [
            0.3279729464380134,
            0.8910789182646653
        ],
        "R_Knee": [
            0.7045434930897735,
            0.8899554036726134
        ],
        "R_Ankle": [
            0.7017246489249012,
            0.8611251733776115
        ],
        "R_Foot": [
            0.7121022736928632,
            0.8392229386468876
        ],
        "Spine1": [
            0.33612034785298767,
            0.8150955213464842
        ],
        "Spine2": [
            0.33312251645920726,
            0.7750583819251643
        ],
        "Spine3": [
            0.3307777571525629,
            0.7671530117845163
        ],
        "Neck": [
            0.2834324310631266,
            0.5910644888019722
        ],
        "Head": [
            0.2712803581883479,
            0.4565324555664844
        ],
        "L_Collar": [
            0.34773878240910266,
            0.633912469020116
        ],
        "L_Shoulder": [
            0.39029547498078604,
            0.6060716287366718
        ],
        "L_Elbow": [
            0.41188874644344664,
            0.7147945402068987
        ],
        "L_Wrist": [
            0.5739469644583836,
            0.7949467724649317
        ],
        "L_Hand": [
            0.585133479609898,
            0.8014572668132023
        ],
        "R_Collar": [
            0.2676616463283177,
            0.713375401722176
        ],
        "R_Shoulder": [
            0.2300458991774542,
            0.7723414242466557
        ],
        "R_Elbow": [
            0.24879797327739717,
            0.8809126783800812
        ],
        "R_Wrist": [
            0.7432076884336969,
            0.9632619221018409
        ],
        "R_Hand": [
            0.7366328502929171,
            0.947965708354503
        ]
    }
}