{
    "joints3D": {
        "Pelvis": [
            -0.5672267794203425,
            0.12714337102798978,
            -1.4536698032945876
        ],
        "L_Hip": [
            -0.49833720296430073,
            0.11230391206099413,
            -1.7487154111918148
        ],
        "L_Knee": [
            -0.34567767564610863,
            -0.349101061331312,
            -2.65331400274617
        ],
        "L_Ankle": [
            -0.5982846426224699,
            -0.4976482100757499,
            -3.713884480484217
        ],
        "L_Foot": [
            -0.35844474167661433,
            -0.7082025256673994,
            -3.9025036561408166
        ],
        "R_Hip": [
            -0.806855279035419,
            0.03125770902991236,
            -1.6040666157760946
        ],
        "R_Knee": [
            -1.285014385544738,
            -0.24243710610602817,
            -2.4978748886454563
        ],
        "R_Ankle": [
            -1.3053729054771002,
            -0.25716460813446046,
            -3.599514402387732
        ],
        "R_Foot": [
            -1.398253047478531,
            -0.617757611074362,
            -3.5581276769438444
        ],
        "Spine1": [
            -0.4959293112596648,
            0.28833185331451794,
            -1.1906924222402382
        ],
        "Spine2": [
            -0.33374517100109813,
            0.3023407357210288,
            -0.8467906274287926
        ],
        "Spine3": [
            -0.25723696159103965,
            0.2816408915392398,
            -0.7047584619713306
        ],
        "Neck": [
            -0.14240615156496034,
            0.511120051643251,
            -0.1763361043179122
        ],
        "Head": [
            -0.023385354336988826,
            0.413518939611914,
            -0.008814971413132784
        ],
        "L_Collar": [
            -0.009055950523658304,
            0.5175564741540981,
            -0.48590262994941463
        ],
        "L_Shoulder": [
            0.19540328638802062,
            0.6135823368842256,
            -0.6337556554654847
        ],
        "L_Elbow": [
            0.10848510837161429,
            0.46885584227616256,
            -1.327572473308671
        ],
        "L_Wrist": [
            0.16228068659622932,
            0.11828390077045207,
            -1.9216843090036644
        ],
        "L_Hand": [
            0.16020026526536932,
            0.02605086693669975,
            -2.143161940486555
        ],
        "R_Collar": [
            -0.4049648224807351,
            0.3676649022373154,
            -0.33558332084575354
        ],
        "R_Shoulder": [
            -0.6497056861419843,
            0.24331419840023522,
            -0.24814921079309596
        ],
        "R_Elbow": [
            -0.9214956594633299,
            -0.03713902926209819,
            -0.8237850088024653
        ],
        "R_Wrist": [
            -1.1252488676252337,
            -0.47974324578868466,
            -1.3324969729265836
        ],
        "R_Hand": [
            -1.1702815806743228,
            -0.5905073216002211,
            -1.5382392647473004
        ]
    },
    "joints2D": {
        "Pelvis": [
            0.16772458114495314,
            0.9120239480300429
        ],
        "L_Hip": [
            0.18692388810903635,
            0.9304278616437571
        ],
        "L_Knee": [
            0.7792843244996832,
            0.925979439742646
        ],
        "L_Ankle": [
            0.7856995222956956,
            0.9236277094468115
        ],
        "L_Foot": [
            0.7705287817492409,
            0.9147044446662981
        ],
        "R_Hip": [
            0.1448224679527542,
            0.9100761638153297
        ],
        "R_Knee": [
            0.8528977599279312,
            0.892035977567009
        ],
        "R_Ankle": [
            0.8278909483867125,
            0.9193519573228401
        ],
        "R_Foot": [
            0.8289281206700994,
            0.8920636800312228
        ],
        "Spine1": [
            0.17019367689659223,
            0.87397740542648
        ],
        "Spine2": [
            0.17889865441852795,
            0.8511898854063777
        ],
        "Spine3": [
            0.18526405582974773,
            0.8445550373024403
        ],
        "Neck": [
            0.20787628689384657,
            0.5982381403393451
        ],
        "Head": [
            0.23986812922695805,
            0.5038966019478766
        ],
        "L_Collar": [
            0.24645817971372228,
            0.7315564153926154
        ],
        "L_Shoulder": [
            0.2863356583415895,
            0.7417924167367324
        ],
        "L_Elbow": [
            0.2639312228437916,
            0.8714994061724972
        ],
        "L_Wrist": [
            0.2675956585620565,
            0.9461873532437378
        ],
        "L_Hand": [
            0.26591502219659074,
            0.959458805505963
        ],
        "R_Collar": [
            0.13427728954071308,
            0.6868232983739496
        ],
        "R_Shoulder": [
            0.07301693923491119,
            0.6314388844629057
        ],
        "R_Elbow": [
            0.9223620117233741,
            0.8030246201490879
        ],
        "R_Wrist": [
            0.8787289505517462,
            0.7989411732632429
        ],
        "R_Hand": [
            0.8685509738892736,
            0.8053619066807146
        ]
    }
}