{
    "joints2D": {
        "Pelvis": [
            0.7641561990927168,
            0.8994494357059419
        ],
        "L_Hip": [
            0.7435964416100147,
            0.8879596449307104
        ],
        "L_Knee": [
            0.7138744443926917,
            0.7965040776377109
        ],
        "L_Ankle": [
            0.7324146688699211,
            0.8522596636296452
        ],
        "L_Foot": [
            0.7226698538755301,
            0.8289997477543763
        ],
        "R_Hip": [
            0.7836134332216403,
            0.8801063316134269
        ],
        "R_Knee": [
            0.8070847541613642,
            0.7770910086798457
        ],
        "R_Ankle": [
            0.7987419084989728,
            0.8388579793769624
        ],
        "R_Foot": [
            0.8030893911156841,
            0.8121112629479917
        ],
        "Spine1": [
            0.7667095573122958,
            0.9341884355142015
        ],
        "Spine2": [
            0.7622857704764222,
            0.95713045053486
        ],
        "Spine3": [
            0.7595362471117634,
            0.9532006118486074
        ],
        "Neck": [
            0.2508153337039275,
            0.7893639281937945
        ],
        "Head": [
            0.26819179404332405,
            0.6241109341548692
        ],
        "L_Collar": [
            0.30883541769596007,
            0.8823019863105113
        ],
        "L_Shoulder": [
            0.3792018278865302,
            0.8505951298971689
        ],
        "L_Elbow": [
            0.6437863438876055,
            0.7311967140472163
        ],
        "L_Wrist": [
            0.6482189591030186,
            0.5214107385313704
        ],
        "L_Hand": [
            0.6684440808764476,
            0.465836888297272
        ],
        "R_Collar": [
            0.18390538159581932,
            0.8679359183271792
        ],
        "R_Shoulder": [
            0.10959383346732088,
            0.8249252102359322
        ],
        "R_Elbow": [
            0.8704246352005176,
            0.7298383846831915
        ],
        "R_Wrist": [
            0.8561169784574495,
            0.5129813614579838
        ],
        "R_Hand": [
            0.8347830801996247,
            0.4545236017458262
        ]
    },
    "joints3D": {
        "Pelvis": [
            -0.1146383393435041,
            -0.4390497169122331,
            -1.8012785619360638
        ],
        "L_Hip": [
            0.08173489399169043,
            -0.597344677892395,
            -2.0568732978995294
        ],
        "L_Knee": [
            0.6002700950255498,
            -1.5888261357822222,
            -2.395855506785635
        ],
        "L_Ankle": [
            0.3848354720948819,
            -1.5506842549449604,
            -3.605562958936269
        ],
        "L_Foot": [
            0.6258886022598332,
            -1.889490537668504,
            -3.6184447271782343
        ],
        "R_Hip": [
            -0.33825460330090606,
            -0.6129203513141763,
            -2.0073312680167317
        ],
        "R_Knee": [
            -0.894543277071268,
            -1.6404188229051757,
            -2.245813985145294
        ],
        "R_Ankle": [
            -0.9622463882045936,
            -1.5771189277721713,
            -3.4683134278002123
        ],
        "R_Foot": [
            -1.133789487003044,
            -1.9527112564775324,
            -3.4500736477668665
        ],
        "Spine1": [
            -0.112158587495938,
            -0.17424688908023458,
            -1.5960908739087745
        ],
        "Spine2": [
            -0.05631251291094721,
            -0.028337698218408994,
            -1.1849094083796994
        ],
        "Spine3": [
            -0.03593000570220692,
            -0.03975272267101279,
            -1.0015917682679374
        ],
        "Neck": [
            0.00625440056804136,
            0.3042165440350344,
            -0.42014004214261724
        ],
        "Head": [
            0.04270051559204645,
            0.3186441607591635,
            -0.13850381686427865
        ],
        "L_Collar": [
            0.22244425857068217,
            0.18009207642235245,
            -0.7114096813217519
        ],
        "L_Shoulder": [
            0.490079956059439,
            0.08556079854772514,
            -0.6631077303177292
        ],
        "L_Elbow": [
            0.7576153699050416,
            -0.6707117136828372,
            -0.8237103611892163
        ],
        "L_Wrist": [
            0.6843414068862695,
            -0.8736113110062744,
            -0.08004615325656084
        ],
        "L_Hand": [
            0.6150163749643304,
            -1.0379435383207813,
            0.11662378833855168
        ],
        "R_Collar": [
            -0.24087689360063674,
            0.2072775991506225,
            -0.6895848087997597
        ],
        "R_Shoulder": [
            -0.5074932078567312,
            0.11000139082345996,
            -0.5979123310667634
        ],
        "R_Elbow": [
            -0.8038307048197204,
            -0.5968793617881596,
            -0.7850081813114171
        ],
        "R_Wrist": [
            -0.6887379373103806,
            -0.8618086902728798,
            -0.051606070213902996
        ],
        "R_Hand": [
            -0.5968281693760351,
            -0.99641522211655,
            0.1529515619482123
        ]
    }
}