{
    "joints3D": {
        "Pelvis": [
            -0.1545704132087511,
            0.3503504986696603,
            -1.5864628271797063
        ],
        "L_Hip": [
            0.06241708781916078,
            0.29254528435647287,
            -1.792896165100975
        ],
        "L_Knee": [
            0.5176794857608733,
            -0.5904203453249623,
            -1.5112616375402608
        ],
        "L_Ankle": [
            0.7587655274574637,
            -1.4240932499358008,
            -2.1975556237009237
        ],
        "L_Foot": [
            0.8928643656918397,
            -1.6973255516182182,
            -1.982331302782676
        ],
        "R_Hip": [
            -0.2621737722886179,
            0.155944471936833,
            -1.7885866002670887
        ],
        "R_Knee": [
            -0.028554499808551518,
            -0.872976005155034,
            -1.8263661367751514
        ],
        "R_Ankle": [
            -0.10263038290077374,
            -1.031024833709532,
            -2.920559906774181
        ],
        "R_Foot": [
            0.029072137079195776,
            -1.3795586646929023,
            -2.976279450171974
        ],
        "Spine1": [
            -0.25788364137268854,
            0.5799389461938098,
            -1.3916526655268548
        ],
        "Spine2": [
            -0.21133775391563447,
            0.5056879904759412,
            -1.0192326394555613
        ],
        "Spine3": [
            -0.19165091936696266,
            0.463186031594257,
            -0.8625323318463792
        ],
        "Neck": [
            -0.2294515831232196,
            0.5149617301096633,
            -0.27533551628666636
        ],
        "Head": [
            -0.14077416261884992,
            0.4014666647474964,
            -0.09761303556249556
        ],
        "L_Collar": [
            -0.010466445892988037,
            0.5958625905685588,
            -0.5211358878135344
        ],
        "L_Shoulder": [
            0.2236414717304971,
            0.729127837768872,
            -0.4875452171352288
        ],
        "L_Elbow": [
            0.3790224388061282,
            1.0864633630474672,
            -1.0906322633323324
        ],
        "L_Wrist": [
            0.5385622643245193,
            1.1947754595912201,
            -1.759136043259613
        ],
        "L_Hand": [
            0.5938101168017714,
            1.2839341009211873,
            -1.9763945657299937
        ],
        "R_Collar": [
            -0.43933161598311404,
            0.4549019450348467,
            -0.5370513411955073
        ],
        "R_Shoulder": [
            -0.7225546448255754,
            0.405812183314097,
            -0.5009577709072732
        ],
        "R_Elbow": [
            -1.053502729356783,
            0.6757496581523168,
            -1.0549089810492613
        ],
        "R_Wrist": [
            -1.165920718548662,
            0.6632574490541708,
            -1.7541367023225218
        ],
        "R_Hand": [
            -1.2161149647616811,
            0.6376616205028686,
            -1.9866896985350353
        ]
    },
    "joints2D": {
        "Pelvis": [
            0.2288091220813973,
            0.9043853561671268
        ],
        "L_Hip": [
            0.2560135337099808,
            0.9208089926867528
        ],
        "L_Knee": [
            0.6912271686209892,
            0.848366522617331
        ],
        "L_Ankle": [
            0.6999610319407554,
            0.7950009969113015
        ],
        "L_Foot": [
            0.6936069911903342,
            0.7537224800641352
        ],
        "R_Hip": [
            0.21644881749579667,
            0.9365260166855822
        ],
        "R_Knee": [
            0.7540560901017297,
            0.8423371474355299
        ],
        "R_Ankle": [
            0.7579481211657053,
            0.8723140841623528
        ],
        "R_Foot": [
            0.7496568183284552,
            0.8457442640255893
        ],
        "Spine1": [
            0.21572541491776606,
            0.8525396154580949
        ],
        "Spine2": [
            0.2137949854553291,
            0.8333939273982063
        ],
        "Spine3": [
            0.2123704162628042,
            0.8237596616776994
        ],
        "Neck": [
            0.18810433637391008,
            0.6425679634938063
        ],
        "Head": [
            0.19712398715405804,
            0.5687269934004671
        ],
        "L_Collar": [
            0.24639797632611793,
            0.7206781628699813
        ],
        "L_Shoulder": [
            0.2897666718288882,
            0.6765917150360241
        ],
        "L_Elbow": [
            0.2902148638051202,
            0.7365373894337518
        ],
        "L_Wrist": [
            0.2936041227813173,
            0.7910117455192147
        ],
        "L_Hand": [
            0.2936614713007241,
            0.7969663318130464
        ],
        "R_Collar": [
            0.15179651278681158,
            0.7340542103899916
        ],
        "R_Shoulder": [
            0.1052629931987425,
            0.6960951958516957
        ],
        "R_Elbow": [
            0.12466438978394562,
            0.745567415126225
        ],
        "R_Wrist": [
            0.14215564720388202,
            0.8176995915924677
        ],
        "R_Hand": [
            0.14548621320342514,
            0.8343184365019237
        ]
    }
}