{
    "joints2D": {
        "Pelvis": [
            0.23041923715856755,
            0.8673775023966589
        ],
        "L_Hip": [
            0.25155976517792206,
            0.8779570098154611
        ],
        "L_Knee": [
            0.2517487617789224,
            0.9000845855864601
        ],
        "L_Ankle": [
            0.24638039698082417,
            0.877294623058325
        ],
        "L_Foot": [
            0.24863321591261323,
            0.8996012235956145
        ],
        "R_Hip": [
            0.21118780299508239,
            0.8660600382422526
        ],
        "R_Knee": [
            0.19410707473360322,
            0.9115725976672265
        ],
        "R_Ankle": [
            0.2002848236008155,
            0.9268432667928775
        ],
        "R_Foot": [
            0.19066283630902742,
            0.9420246364220471
        ],
        "Spine1": [
            0.2312936511556169,
            0.8398031989667871
        ],
        "Spine2": [
            0.23325608108646428,
            0.8144201284398692
        ],
        "Spine3": [
            0.2315998714492537,
            0.8174472668356431
        ],
        "Neck": [
            0.24193723740619977,
            0.5791860912729186
        ],
        "Head": [
            0.25306230447113426,
            0.4812701760804667
        ],
        "L_Collar": [
            0.28671753666420874,
            0.7187775898252674
        ],
        "L_Shoulder": [
            0.3382233978139132,
            0.7038928933441303
        ],
        "L_Elbow": [
            0.3582821119040685,
            0.7124410419214788
        ],
        "L_Wrist": [
            0.2980879514131334,
            0.8190570740934768
        ],
        "L_Hand": [
            0.2763704825134272,
            0.8479192989758763
        ],
        "R_Collar": [
            0.19344716245148028,
            0.6870869390929473
        ],
        "R_Shoulder": [
            0.15097171060611467,
            0.6469040660853147
        ],
        "R_Elbow": [
            0.1442933486828207,
            0.650573154901659
        ],
        "R_Wrist": [
            0.18158774067476635,
            0.7764615231927096
        ],
        "R_Hand": [
            0.19551568830813765,
            0.8133798420507702
        ]
    },
    "joints3D": {
        "Pelvis": [
            -0.1758888708435541,
            0.6577225798905637,
            -1.7861742106956877
        ],
        "L_Hip": [
            0.03213882354946663,
            0.6936848034514915,
            -2.0960410503412854
        ],
        "L_Knee": [
            0.050403279535593114,
            0.7963926612206692,
            -3.2667447726796524
        ],
        "L_Ankle": [
            -0.05169508768645325,
            1.4495408958363736,
            -4.344440354147285
        ],
        "L_Foot": [
            -0.00018437449656669188,
            1.1272049674499889,
            -4.585391990521111
        ],
        "R_Hip": [
            -0.41666054183183865,
            0.7296701057931028,
            -2.0512768908184222
        ],
        "R_Knee": [
            -0.8286021277311324,
            0.47321623965124504,
            -3.147395395405238
        ],
        "R_Ankle": [
            -0.9906270348765746,
            0.45119343594371264,
            -4.399972810850087
        ],
        "R_Foot": [
            -1.1877764549479308,
            0.12599050101514322,
            -4.555605959661686
        ],
        "Spine1": [
            -0.1459630987854885,
            0.6973241307500875,
            -1.4409835785817515
        ],
        "Spine2": [
            -0.09903299160351896,
            0.6107041063488681,
            -1.0206896837456074
        ],
        "Spine3": [
            -0.09189848731599377,
            0.5036516271962421,
            -0.8632680112707025
        ],
        "Neck": [
            -0.027390788967058204,
            0.6198110586782021,
            -0.16731642348404271
        ],
        "Head": [
            0.012780220064371338,
            0.448486589592298,
            0.02314435725856259
        ],
        "L_Collar": [
            0.1727507500080769,
            0.5661866933641613,
            -0.5024581186923615
        ],
        "L_Shoulder": [
            0.4414871718734441,
            0.5546263929925134,
            -0.5091184338305021
        ],
        "L_Elbow": [
            0.9885364410731917,
            0.8992550322449178,
            -0.9699488565826097
        ],
        "L_Wrist": [
            0.455243066316619,
            0.7974474924413308,
            -1.4812490126643343
        ],
        "L_Hand": [
            0.24125389065311065,
            0.6733147923513664,
            -1.5253330847138713
        ],
        "R_Collar": [
            -0.2733351348953628,
            0.63744905773521,
            -0.46997915422165004
        ],
        "R_Shoulder": [
            -0.5465857294345349,
            0.6792435837975307,
            -0.41866127570192285
        ],
        "R_Elbow": [
            -1.0425922650105026,
            1.1728566779533836,
            -0.7658010008681733
        ],
        "R_Wrist": [
            -0.6848727193732278,
            1.0080407114589272,
            -1.425740944176582
        ],
        "R_Hand": [
            -0.5253221521397635,
            0.871317022472758,
            -1.5628325023796705
        ]
    }
}