{
    "joints3D": {
        "Pelvis": [
            -0.23310153690522992,
            -0.0939299478480854,
            -1.5222686885435013
        ],
        "L_Hip": [
            -0.025877285525776842,
            -0.04678272821433194,
            -1.7862110086943173
        ],
        "L_Knee": [
            0.45037488191780023,
            -0.190694838731569,
            -2.7435713223247635
        ],
        "L_Ankle": [
            0.7525956289312145,
            -0.5647394934855773,
            -3.7762935656219243
        ],
        "L_Foot": [
            1.1328432457410342,
            -0.5712344356968639,
            -3.768058485014541
        ],
        "R_Hip": [
            -0.2976857969107143,
            -0.3527271347854768,
            -1.7209582157255285
        ],
        "R_Knee": [
            0.0349655361935764,
            -1.2045908489824946,
            -2.3312897134128736
        ],
        "R_Ankle": [
            0.517646555597101,
            -1.9264072220423523,
            -3.069563845457668
        ],
        "R_Foot": [
            0.5713521249416376,
            -2.251622538772552,
            -2.881337578216809
        ],
        "Spine1": [
            -0.37678110561314704,
            0.07126354794944068,
            -1.3002674551932454
        ],
        "Spine2": [
            -0.3854581805815075,
            0.1781469706597418,
            -0.9388889075000679
        ],
        "Spine3": [
            -0.3272562971587605,
            0.1555103614009246,
            -0.7843667113526955
        ],
        "Neck": [
            -0.41690737676139755,
            0.3864154831939835,
            -0.20298846109187307
        ],
        "Head": [
            -0.3356291216804305,
            0.27712866117144747,
            -0.009732542659279069
        ],
        "L_Collar": [
            -0.2149220009814808,
            0.4407451661680348,
            -0.4875589659262503
        ],
        "L_Shoulder": [
            0.00837835494862456,
            0.5890675228068225,
            -0.5155278413344082
        ],
        "L_Elbow": [
            0.2838278003795516,
            0.6712400798114995,
            -1.2047988721991534
        ],
        "L_Wrist": [
            0.5051352125319197,
            0.4940842540190369,
            -1.848104996355989
        ],
        "L_Hand": [
            0.5339966086924822,
            0.44116736973672915,
            -2.0804622675327797
        ],
        "R_Collar": [
            -0.5802050301045438,
            0.18250450730451326,
            -0.4399461898938191
        ],
        "R_Shoulder": [
            -0.7943072305003739,
            0.006321401701459065,
            -0.3886309964207072
        ],
        "R_Elbow": [
            -1.057813625466513,
            -0.3509303287541442,
            -0.967496893560337
        ],
        "R_Wrist": [
            -1.0774903348264369,
            -0.7771951439430378,
            -1.5525540541985623
        ],
        "R_Hand": [
            -1.0741256362611733,
            -0.8729020080762118,
            -1.7728732461229553
        ]
    },
    "joints2D": {
        "Pelvis": [
            0.7854602929987209,
            0.9426833088297909
        ],
        "L_Hip": [
            0.7546886833728652,
            0.9569954885176647
        ],
        "L_Knee": [
            0.7150253660414496,
            0.9399497518546266
        ],
        "L_Ankle": [
            0.7095248644786147,
            0.9171012241993683
        ],
        "L_Foot": [
            0.6896785028161636,
            0.9076034096481813
        ],
        "R_Hip": [
            0.7866113062933323,
            0.9048819670679377
        ],
        "R_Knee": [
            0.7488380348934951,
            0.8334073267710992
        ],
        "R_Ankle": [
            0.7252824866220284,
            0.8065383647711574
        ],
        "R_Foot": [
            0.7237467293026332,
            0.7757777530324886
        ],
        "Spine1": [
            0.1856301567865677,
            0.9321841643612645
        ],
        "Spine2": [
            0.16878523332191017,
            0.8863052475181581
        ],
        "Spine3": [
            0.16805165888246942,
            0.883596551202163
        ],
        "Neck": [
            0.12653353767409767,
            0.6161889606868826
        ],
        "Head": [
            0.11217067154954848,
            0.505197334621686
        ],
        "L_Collar": [
            0.19363754361963328,
            0.7468389740768157
        ],
        "L_Shoulder": [
            0.2504574639235362,
            0.720782527552242
        ],
        "L_Elbow": [
            0.28651784581107603,
            0.8188410633410674
        ],
        "L_Wrist": [
            0.30126986783980936,
            0.8823799399747563
        ],
        "L_Hand": [
            0.29995025758338134,
            0.8970841784267801
        ],
        "R_Collar": [
            0.08884481254703734,
            0.7396171424499997
        ],
        "R_Shoulder": [
            0.03989952480806303,
            0.7015449461442637
        ],
        "R_Elbow": [
            0.8998925541577191,
            0.7689865142475756
        ],
        "R_Wrist": [
            0.854255161569689,
            0.7938093062621325
        ],
        "R_Hand": [
            0.8442595630203902,
            0.803953368127523
        ]
    }
}