{
    "joints3D": {
        "Pelvis": [
            0.16847928807819015,
            0.1688068377249432,
            -1.6006880197013218
        ],
        "L_Hip": [
            0.413122286934397,
            0.04252109359384328,
            -1.8162320239055583
        ],
        "L_Knee": [
            0.8146834054974051,
            -0.8103768854812146,
            -2.4084060261436675
        ],
        "L_Ankle": [
            0.9934269482254593,
            -1.486700924149494,
            -3.3530417816293188
        ],
        "L_Foot": [
            1.0445398498911718,
            -1.866897029337764,
            -3.270002999805645
        ],
        "R_Hip": [
            -0.007925528389859639,
            0.0793155649684226,
            -1.8811384051400935
        ],
        "R_Knee": [
            -0.24499753799484217,
            -0.5810233827243229,
            -2.772636876895519
        ],
        "R_Ankle": [
            -0.2629488514593805,
            -0.8986259665902305,
            -3.90483650896072
        ],
        "R_Foot": [
            -0.32611814860856514,
            -1.2826914051367777,
            -3.861236919128523
        ],
        "Spine1": [
            0.14076561787083805,
            0.373528441410621,
            -1.3540581109502898
        ],
        "Spine2": [
            0.11044365548645124,
            0.4371544384274868,
            -0.9715443809962993
        ],
        "Spine3": [
            0.081197171599838,
            0.36268029933801393,
            -0.8193213778023023
        ],
        "Neck": [
            0.017179761717564978,
            0.5616685929921266,
            -0.20167185917231542
        ],
        "Head": [
            0.0003102940699758388,
            0.4384259736314242,
            0.008184519451858092
        ],
        "L_Collar": [
            0.2763013097976725,
            0.4596940108915721,
            -0.4367358120086316
        ],
        "L_Shoulder": [
            0.5132645786377573,
            0.32538465612930595,
            -0.3805855525515888
        ],
        "L_Elbow": [
            0.8365078868928378,
            -0.24920056992992712,
            -0.7795314018305813
        ],
        "L_Wrist": [
            0.7068646170714017,
            -0.9419366701587494,
            -0.9512238688988284
        ],
        "L_Hand": [
            0.6493009659133656,
            -1.173855433927182,
            -1.016417865769429
        ],
        "R_Collar": [
            -0.17115093011763371,
            0.5568622625285353,
            -0.5130384523022391
        ],
        "R_Shoulder": [
            -0.4559142567799963,
            0.5074409292519009,
            -0.5465611483330112
        ],
        "R_Elbow": [
            -0.6642266654442951,
            -0.0473902633998204,
            -1.0106060150685485
        ],
        "R_Wrist": [
            -0.5087485412041299,
            -0.758687391156643,
            -1.1784767973139978
        ],
        "R_Hand": [
            -0.43507741607615863,
            -0.9861722998702609,
            -1.2438046638795168
        ]
    },
    "joints2D": {
        "Pelvis": [
            0.27161983377937776,
            0.9339114334134883
        ],
        "L_Hip": [
            0.2997259895875801,
            0.9464553800417322
        ],
        "L_Knee": [
            0.689872443345453,
            0.8608198050623416
        ],
        "L_Ankle": [
            0.7005668155946991,
            0.8401508916719387
        ],
        "L_Foot": [
            0.701149829539458,
            0.8116471450463274
        ],
        "R_Hip": [
            0.24768165538214515,
            0.9528314215937471
        ],
        "R_Knee": [
            0.7694860341344709,
            0.9075767493416046
        ],
        "R_Ankle": [
            0.7650142991952928,
            0.9028588184498991
        ],
        "R_Foot": [
            0.7673782005891873,
            0.8766242930077466
        ],
        "Spine1": [
            0.2690633641208737,
            0.8901719533562208
        ],
        "Spine2": [
            0.2685409014658425,
            0.8473858659437916
        ],
        "Spine3": [
            0.26609318167151214,
            0.8494795114288438
        ],
        "Neck": [
            0.2532040851569423,
            0.6044068521977504
        ],
        "Head": [
            0.24875137950202095,
            0.49147578009113213
        ],
        "L_Collar": [
            0.3186349820296983,
            0.7185536962648535
        ],
        "L_Shoulder": [
            0.3843360298655756,
            0.6985178165744989
        ],
        "L_Elbow": [
            0.6015634746741549,
            0.7764672533981735
        ],
        "L_Wrist": [
            0.6682646210190012,
            0.7209210968763399
        ],
        "L_Hand": [
            0.6845676087467565,
            0.706392582556011
        ],
        "R_Collar": [
            0.2107459454885027,
            0.7244712806504315
        ],
        "R_Shoulder": [
            0.1543862850993809,
            0.723273047864742
        ],
        "R_Elbow": [
            0.8766788381706389,
            0.8786261964412416
        ],
        "R_Wrist": [
            0.8146935785486081,
            0.7907033614211088
        ],
        "R_Hand": [
            0.7988012918040579,
            0.7685415625271537
        ]
    }
}