{
    "joints3D": {
        "Pelvis": [
            -0.18020894638805687,
            0.5003465932988448,
            -1.7162901512080737
        ],
        "L_Hip": [
            -0.012369312281399848,
            0.3622940386891672,
            -2.025478653752233
        ],
        "L_Knee": [
            -0.18213014913235767,
            -0.7373096999262224,
            -2.693579293479614
        ],
        "L_Ankle": [
            -0.6543871220288415,
            -1.4065865223790783,
            -3.803988646629996
        ],
        "L_Foot": [
            -0.49641832546816295,
            -1.7637555226570476,
            -3.570472883182361
        ],
        "R_Hip": [
            -0.44303712224324127,
            0.34295769594976766,
            -1.9287172636231966
        ],
        "R_Knee": [
            -0.49046418404083914,
            -0.8991855077155102,
            -1.476175287588877
        ],
        "R_Ankle": [
            -0.6606840918450998,
            -1.7536519014345504,
            -2.546692447280873
        ],
        "R_Foot": [
            -0.6882416762162565,
            -2.159882476790396,
            -2.3315167845662814
        ],
        "Spine1": [
            -0.143701448842855,
            0.7848058815062904,
            -1.4591933165415218
        ],
        "Spine2": [
            -0.08780879599590964,
            0.6163703340850096,
            -1.0417316124680682
        ],
        "Spine3": [
            -0.06307241651243,
            0.5551171184817096,
            -0.8581769843909685
        ],
        "Neck": [
            -0.0077782564329441865,
            0.6376849738465243,
            -0.17628434472413704
        ],
        "Head": [
            0.06989971466657979,
            0.452971693769704,
            0.008229432290154173
        ],
        "L_Collar": [
            0.22581853288270423,
            0.646730685032832,
            -0.4863621852849024
        ],
        "L_Shoulder": [
            0.48438422263630293,
            0.572675692773154,
            -0.33251373025588166
        ],
        "L_Elbow": [
            0.7442111215236674,
            -0.19878026640724183,
            -0.6597491357274163
        ],
        "L_Wrist": [
            0.6362813215950489,
            -1.0249355530954702,
            -0.5004356799569697
        ],
        "L_Hand": [
            0.5122413101422819,
            -1.1987436708648946,
            -0.3044122634775342
        ],
        "R_Collar": [
            -0.29125667187384713,
            0.6473188958146823,
            -0.4467290835335777
        ],
        "R_Shoulder": [
            -0.5084859134192431,
            0.5185017854776782,
            -0.22633425626310424
        ],
        "R_Elbow": [
            -0.6960743758227117,
            -0.27511997319048653,
            -0.48140051221997116
        ],
        "R_Wrist": [
            -0.5022249126397506,
            -1.1215631938182067,
            -0.38962329371671145
        ],
        "R_Hand": [
            -0.37231463974446793,
            -1.3376278124082437,
            -0.24722789588446656
        ]
    },
    "joints2D": {
        "Pelvis": [
            0.22822364561729003,
            0.8861936732383282
        ],
        "L_Hip": [
            0.24735992418756006,
            0.9169353917955346
        ],
        "L_Knee": [
            0.7646937068890158,
            0.8917138472027075
        ],
        "L_Ankle": [
            0.782925460687393,
            0.8642813217281418
        ],
        "L_Foot": [
            0.774938486070609,
            0.8364763812089732
        ],
        "R_Hip": [
            0.20150314756821225,
            0.9077049963090414
        ],
        "R_Knee": [
            0.8021906800563043,
            0.8032658859179189
        ],
        "R_Ankle": [
            0.789484399717915,
            0.7912035424367134
        ],
        "R_Foot": [
            0.7884476654852108,
            0.7485709531138616
        ],
        "Spine1": [
            0.23237497068149726,
            0.8276303617861254
        ],
        "Spine2": [
            0.23520593695392222,
            0.8160672311383589
        ],
        "Spine3": [
            0.23735027506456371,
            0.8045389973602789
        ],
        "Neck": [
            0.2467918994970943,
            0.5811114526149809
        ],
        "Head": [
            0.272431784185176,
            0.4916808077754159
        ],
        "L_Collar": [
            0.2939673476350873,
            0.6925267561276177
        ],
        "L_Shoulder": [
            0.35083326444048385,
            0.6375854024886849
        ],
        "L_Elbow": [
            0.5963890415743205,
            0.7720462943888092
        ],
        "L_Wrist": [
            0.6696524104727688,
            0.6258067032832869
        ],
        "L_Hand": [
            0.6897054276780918,
            0.5705606145228831
        ],
        "R_Collar": [
            0.1901243113387927,
            0.6767891758062514
        ],
        "R_Shoulder": [
            0.13224135610960303,
            0.6009051280941022
        ],
        "R_Elbow": [
            0.9085243311186231,
            0.7146720717900277
        ],
        "R_Wrist": [
            0.8147055883663707,
            0.5955709427263006
        ],
        "R_Hand": [
            0.7931076013274245,
            0.5527276167815832
        ]
    }
}