{
    "joints2D": {
        "Pelvis": [
            0.27174058106118804,
            0.8323207459173679
        ],
        "L_Hip": [
            0.28881666330671596,
            0.8284802340680766
        ],
        "L_Knee": [
            0.28215530881926754,
            0.8462005244487459
        ],
        "L_Ankle": [
            0.27027614033407305,
            0.8531799797640404
        ],
        "L_Foot": [
            0.278516481571049,
            0.8724484109680499
        ],
        "R_Hip": [
            0.25500108692107515,
            0.8505789754628693
        ],
        "R_Knee": [
            0.2558272059140597,
            0.9014311777222048
        ],
        "R_Ankle": [
            0.2551325374421751,
            0.8517033615715498
        ],
        "R_Foot": [
            0.2538564525212454,
            0.8690157158177321
        ],
        "Spine1": [
            0.26694817995270936,
            0.804877371511462
        ],
        "Spine2": [
            0.2661008009256068,
            0.7709509602761307
        ],
        "Spine3": [
            0.2689585592694816,
            0.7733122875650216
        ],
        "Neck": [
            0.24220560721805295,
            0.5802998647121553
        ],
        "Head": [
            0.23433330924772203,
            0.47759506550465836
        ],
        "L_Collar": [
            0.2957364399502802,
            0.6517156848224028
        ],
        "L_Shoulder": [
            0.33569888123569624,
            0.6215147190318003
        ],
        "L_Elbow": [
            0.33260599472278946,
            0.7517171000908666
        ],
        "L_Wrist": [
            0.3540091574115396,
            0.8344166261596861
        ],
        "L_Hand": [
            0.3597212076883092,
            0.846356559231364
        ],
        "R_Collar": [
            0.21188131749223094,
            0.6981906041506284
        ],
        "R_Shoulder": [
            0.16297731578695865,
            0.7185606754546676
        ],
        "R_Elbow": [
            0.2018740971533632,
            0.8241241549754506
        ],
        "R_Wrist": [
            0.21460363850948722,
            0.9201283652124003
        ],
        "R_Hand": [
            0.21858485737081623,
            0.9387994676853672
        ]
    },
    "joints3D": {
        "Pelvis": [
            0.22748110964614374,
            0.8454922443206736,
            -1.6497236726223086
        ],
        "L_Hip": [
            0.45569277898241034,
            0.9594749524865995,
            -1.8783200724201525
        ],
        "L_Knee": [
            0.563815385361627,
            1.299267110521382,
            -2.934971398263422
        ],
        "L_Ankle": [
            0.4900381492254164,
            1.7106154902659496,
            -4.030612692035444
        ],
        "L_Foot": [
            0.677008726469931,
            1.4385862737541897,
            -4.2508621808956315
        ],
        "R_Hip": [
            0.06999017376948198,
            0.8601479877787587,
            -1.9440345497166616
        ],
        "R_Knee": [
            0.10929660140687693,
            0.7311016198294545,
            -3.0735228315412892
        ],
        "R_Ankle": [
            0.13870751650384364,
            1.6574676599997658,
            -3.786709067005719
        ],
        "R_Foot": [
            0.11664097427370142,
            1.5240759696586486,
            -4.157054636098803
        ],
        "Spine1": [
            0.15924181022566128,
            0.8583117949175008,
            -1.3378019249133029
        ],
        "Spine2": [
            0.11888936532899368,
            0.7605918975414678,
            -0.93176388234015
        ],
        "Spine3": [
            0.11795685175520945,
            0.6420726860996134,
            -0.801279307563545
        ],
        "Neck": [
            -0.026691996773989916,
            0.6288045414244516,
            -0.1721566665658267
        ],
        "Head": [
            -0.04131764188344992,
            0.4468093134500446,
            0.02842616500212947
        ],
        "L_Collar": [
            0.24482336132497823,
            0.7151832717142534,
            -0.40140902360133707
        ],
        "L_Shoulder": [
            0.5123394426317058,
            0.7659576256957477,
            -0.36555698218296595
        ],
        "L_Elbow": [
            0.73044107324843,
            0.8760796370181346,
            -1.1067116554362688
        ],
        "L_Wrist": [
            1.0456109372602107,
            0.5213963238480906,
            -1.6727635883864571
        ],
        "L_Hand": [
            1.1886602458917455,
            0.4460919182287112,
            -1.8677110593368735
        ],
        "R_Collar": [
            -0.1820301206494684,
            0.6444417438601766,
            -0.4974336198184159
        ],
        "R_Shoulder": [
            -0.44626373959990107,
            0.5745480260168597,
            -0.5763704166841965
        ],
        "R_Elbow": [
            -0.3770522509920855,
            0.6853186949017451,
            -1.3175507811499465
        ],
        "R_Wrist": [
            -0.31443950930473585,
            0.28851140474694736,
            -1.9531217684285958
        ],
        "R_Hand": [
            -0.2961042512681987,
            0.17556225542432902,
            -2.17482490617463
        ]
    }
}