{
    "joints3D": {
        "Pelvis": [
            -0.1880592681370017,
            0.47412413967186917,
            -1.5663120355131048
        ],
        "L_Hip": [
            -0.05064304676514361,
            0.4930174842997697,
            -1.8604064408328
        ],
        "L_Knee": [
            0.24095545049692357,
            0.46582626977565705,
            -2.937945461883338
        ],
        "L_Ankle": [
            0.02541939064635397,
            0.7680809451599035,
            -4.06562392171298
        ],
        "L_Foot": [
            0.3480525271211859,
            0.5952332808742633,
            -4.204582325666479
        ],
        "R_Hip": [
            -0.3846059963803266,
            0.3320869600345137,
            -1.776254033390221
        ],
        "R_Knee": [
            -0.8507860062250118,
            -0.4162123242604761,
            -2.4961079637157173
        ],
        "R_Ankle": [
            -1.3749323700045708,
            -0.5592734472090626,
            -3.5520964180606343
        ],
        "R_Foot": [
            -1.4639974366699993,
            -0.9238307206856066,
            -3.6792445807876994
        ],
        "Spine1": [
            -0.20337851056635597,
            0.6391619038346876,
            -1.279349066152235
        ],
        "Spine2": [
            -0.12043145792155249,
            0.62349393542814,
            -0.8982964169181881
        ],
        "Spine3": [
            -0.08968360832208828,
            0.5548587037450463,
            -0.7482426497167255
        ],
        "Neck": [
            -0.0997388146585858,
            0.5983489635619533,
            -0.15703025950277263
        ],
        "Head": [
            -0.05288589216940453,
            0.42544573327499724,
            -0.005911262361974895
        ],
        "L_Collar": [
            0.11684214905104846,
            0.6546562695862365,
            -0.4051327019729435
        ],
        "L_Shoulder": [
            0.3798630353967033,
            0.6931095864613748,
            -0.42551708133585847
        ],
        "L_Elbow": [
            0.7189821359320698,
            0.6837984179243021,
            -1.09985625061751
        ],
        "L_Wrist": [
            1.1534347810076444,
            0.44431540481357973,
            -1.6351859297477083
        ],
        "L_Hand": [
            1.2802867835235543,
            0.40777952597497397,
            -1.8467809339657457
        ],
        "R_Collar": [
            -0.3230450728884335,
            0.5799966476628416,
            -0.40902191107392244
        ],
        "R_Shoulder": [
            -0.6051916782491487,
            0.5210118576979321,
            -0.4184755702371506
        ],
        "R_Elbow": [
            -0.9422900586760101,
            0.6500536620748719,
            -1.0589288493139586
        ],
        "R_Wrist": [
            -1.3945849796534107,
            0.5992914895295403,
            -1.6566679431321794
        ],
        "R_Hand": [
            -1.522522409754197,
            0.6423623739933205,
            -1.8660473763450853
        ]
    },
    "joints2D": {
        "Pelvis": [
            0.22549327581386902,
            0.8828741942666902
        ],
        "L_Hip": [
            0.24323404318325056,
            0.8945613721355002
        ],
        "L_Knee": [
            0.26601532585818083,
            0.9209619863212015
        ],
        "L_Ankle": [
            0.24994501068301678,
            0.9143169693521562
        ],
        "L_Foot": [
            0.26635906399533443,
            0.925354656788452
        ],
        "R_Hip": [
            0.2043429270505253,
            0.9064554873689356
        ],
        "R_Knee": [
            0.8199400730217451,
            0.8997023028660915
        ],
        "R_Ankle": [
            0.8286134030801366,
            0.8964530341214151
        ],
        "R_Foot": [
            0.8263260640794441,
            0.8740910335100216
        ],
        "Spine1": [
            0.22183366751147757,
            0.8345485770305017
        ],
        "Spine2": [
            0.22875656054444388,
            0.7939226131959667
        ],
        "Spine3": [
            0.23140205429789223,
            0.7849414658229416
        ],
        "Neck": [
            0.22352460388578552,
            0.5763708153263117
        ],
        "Head": [
            0.22942565392393177,
            0.5015782250293157
        ],
        "L_Collar": [
            0.27330008431306707,
            0.6682838823937196
        ],
        "L_Shoulder": [
            0.3199404466613162,
            0.6570191458783361
        ],
        "L_Elbow": [
            0.3403765313687695,
            0.7779448332445347
        ],
        "L_Wrist": [
            0.3663590878333167,
            0.8310517413871444
        ],
        "L_Hand": [
            0.367996029566143,
            0.8416148844772885
        ],
        "R_Collar": [
            0.17811805892025528,
            0.6758679210299612
        ],
        "R_Shoulder": [
            0.12721680418312467,
            0.6652068838416344
        ],
        "R_Elbow": [
            0.13242965988264788,
            0.7584757770143385
        ],
        "R_Wrist": [
            0.12164334095013342,
            0.7990117365345585
        ],
        "R_Hand": [
            0.12316524511162141,
            0.8048567627859576
        ]
    }
}