{
    "joints3D": {
        "Pelvis": [
            -0.1207356189961406,
            0.863345363527959,
            -1.5930559368882757
        ],
        "L_Hip": [
            0.037902855756227136,
            0.9466329308936792,
            -1.836705065035884
        ],
        "L_Knee": [
            0.08490989600799431,
            0.9979971375778782,
            -2.8581490576909183
        ],
        "L_Ankle": [
            -0.10019790164197202,
            1.4131045317740327,
            -3.8565831164713873
        ],
        "L_Foot": [
            0.01102242085308084,
            1.1753268592938408,
            -4.116782929101051
        ],
        "R_Hip": [
            -0.3052588832356167,
            0.8828542271119517,
            -1.826020291734135
        ],
        "R_Knee": [
            -0.3576940349372117,
            0.9192816636114943,
            -2.870899191487059
        ],
        "R_Ankle": [
            -0.3383281566475789,
            1.4207437417333255,
            -3.848213908406318
        ],
        "R_Foot": [
            -0.427337400437361,
            1.1307525408532282,
            -4.066182846450337
        ],
        "Spine1": [
            -0.12547052313582574,
            0.8949966538842208,
            -1.2790514061493254
        ],
        "Spine2": [
            -0.08018742303791372,
            0.734232922558393,
            -0.9384524696644745
        ],
        "Spine3": [
            -0.05607712810386108,
            0.634710901704343,
            -0.8127104521272265
        ],
        "Neck": [
            -0.023362945902503113,
            0.5508636535059206,
            -0.2339930914789836
        ],
        "Head": [
            0.010272502127461124,
            0.38692406339053703,
            -0.08089711738807373
        ],
        "L_Collar": [
            0.1836711507573724,
            0.6318192564477325,
            -0.48610174035847015
        ],
        "L_Shoulder": [
            0.451289779983681,
            0.6368033208576619,
            -0.5144714752589195
        ],
        "L_Elbow": [
            0.638512428532354,
            0.7594610417340472,
            -1.1902951002997026
        ],
        "L_Wrist": [
            0.8197110308810167,
            0.5481457224968818,
            -1.8214964588000715
        ],
        "L_Hand": [
            0.845319142652168,
            0.5401051229073268,
            -2.059191901070017
        ],
        "R_Collar": [
            -0.2631355404633714,
            0.6091558530175812,
            -0.4648622939736526
        ],
        "R_Shoulder": [
            -0.539781473233665,
            0.557868293010834,
            -0.40701435625315174
        ],
        "R_Elbow": [
            -0.8625808490376348,
            0.7818312511239612,
            -0.9785291938705893
        ],
        "R_Wrist": [
            -1.0457099480885756,
            0.44038787363388854,
            -1.5642902006619395
        ],
        "R_Hand": [
            -1.060797668887103,
            0.37790978158212524,
            -1.792669186575944
        ]
    },
    "joints2D": {
        "Pelvis": [
            0.23614216911274183,
            0.8271243199947333
        ],
        "L_Hip": [
            0.25211234756766115,
            0.8336837866877425
        ],
        "L_Knee": [
            0.25422695085785935,
            0.8733191146817854
        ],
        "L_Ankle": [
            0.24381142576357026,
            0.8690833729313215
        ],
        "L_Foot": [
            0.24916631609400794,
            0.8894576894819808
        ],
        "R_Hip": [
            0.22017053195930975,
            0.8378997763385487
        ],
        "R_Knee": [
            0.2249016963005094,
            0.8783570180646797
        ],
        "R_Ankle": [
            0.23237064223900156,
            0.8674143106892249
        ],
        "R_Foot": [
            0.2280273863841451,
            0.8895719778745166
        ],
        "Spine1": [
            0.2341147082294524,
            0.7934519834205102
        ],
        "Spine2": [
            0.23665983312849181,
            0.7777266192403419
        ],
        "Spine3": [
            0.23895104797632724,
            0.7781590694988342
        ],
        "Neck": [
            0.24241050946737677,
            0.6220924646557736
        ],
        "Head": [
            0.25270789013712913,
            0.5613322557794883
        ],
        "L_Collar": [
            0.2864668243953579,
            0.6974996928621092
        ],
        "L_Shoulder": [
            0.3327177444303188,
            0.6889773116659801
        ],
        "L_Elbow": [
            0.3256725583775848,
            0.7844811662940263
        ],
        "L_Wrist": [
            0.3296904910943675,
            0.8574846825625339
        ],
        "L_Hand": [
            0.32518850304108465,
            0.8702195591217591
        ],
        "R_Collar": [
            0.1935152286499558,
            0.6920570124994924
        ],
        "R_Shoulder": [
            0.1396198477043871,
            0.661694690969182
        ],
        "R_Elbow": [
            0.14356683037117363,
            0.7356798335620808
        ],
        "R_Wrist": [
            0.13600480289101075,
            0.8342712273614776
        ],
        "R_Hand": [
            0.14195285526195595,
            0.8578737013221399
        ]
    }
}