{
    "joints3D": {
        "Pelvis": [
            -0.31696738422160536,
            -0.08578310328391499,
            -1.5896992153515692
        ],
        "L_Hip": [
            -0.16098070355828545,
            -0.18255900931196573,
            -1.8375123224240149
        ],
        "L_Knee": [
            -0.18408654008910674,
            -0.9439724929999376,
            -2.5513999919383994
        ],
        "L_Ankle": [
            -0.3766338539899257,
            -1.2285539194449844,
            -3.6159624307479343
        ],
        "L_Foot": [
            -0.3055881349637286,
            -1.5853908901548985,
            -3.714298695201032
        ],
        "R_Hip": [
            -0.5151990970038943,
            -0.16454599714157955,
            -1.8058778569948295
        ],
        "R_Knee": [
            -0.7124129934402098,
            -0.4413411494429192,
            -2.8177876948886995
        ],
        "R_Ankle": [
            -0.6518258166445863,
            0.34109841286768416,
            -3.617253399402533
        ],
        "R_Foot": [
            -0.7626228510516259,
            0.35636388628004906,
            -3.9813587975665454
        ],
        "Spine1": [
            -0.2931217510639354,
            0.11668944789916688,
            -1.3406508809308546
        ],
        "Spine2": [
            -0.2163869548680585,
            0.2221667111985713,
            -0.9764836895472537
        ],
        "Spine3": [
            -0.18864793081651507,
            0.22765175527947445,
            -0.8135597345584584
        ],
        "Neck": [
            -0.10076119044693077,
            0.4318986517810821,
            -0.25927867572469593
        ],
        "Head": [
            -0.04929932337251823,
            0.3425269431032615,
            -0.052256325019780926
        ],
        "L_Collar": [
            0.08217500834040332,
            0.3877065459705978,
            -0.5457296058612172
        ],
        "L_Shoulder": [
            0.3428172756788023,
            0.4731499657152606,
            -0.5556455861051075
        ],
        "L_Elbow": [
            0.5189281107669229,
            0.5541550635738476,
            -1.2552403087417074
        ],
        "L_Wrist": [
            0.24874788877959694,
            -0.08479105733831438,
            -1.1386361848564441
        ],
        "L_Hand": [
            0.240045038437538,
            -0.30375836686062346,
            -1.0315153294170762
        ],
        "R_Collar": [
            -0.3674117335641855,
            0.3677481323478861,
            -0.4678862345280963
        ],
        "R_Shoulder": [
            -0.6350944663214031,
            0.4095140181699266,
            -0.3565499029823155
        ],
        "R_Elbow": [
            -0.967824118348038,
            0.2638073184346355,
            -0.9633406061886163
        ],
        "R_Wrist": [
            -0.513682654765191,
            -0.2811293474364304,
            -0.8650077658443355
        ],
        "R_Hand": [
            -0.4106050347956768,
            -0.436626231231791,
            -0.7109804418675328
        ]
    },
    "joints2D": {
        "Pelvis": [
            0.7956208607749746,
            0.9412622272186968
        ],
        "L_Hip": [
            0.7705848354095272,
            0.9361956949959835
        ],
        "L_Knee": [
            0.7647171169071824,
            0.8675723198917094
        ],
        "L_Ankle": [
            0.7709887379146136,
            0.8742083395242711
        ],
        "L_Foot": [
            0.7660169572638456,
            0.8536129484492537
        ],
        "R_Hip": [
            0.8122055557319801,
            0.9238439048034909
        ],
        "R_Knee": [
            0.8036559868115245,
            0.9109827092320614
        ],
        "R_Ankle": [
            0.20942929429557594,
            0.9324902148903839
        ],
        "R_Foot": [
            0.2069234348655497,
            0.9328683151820429
        ],
        "Spine1": [
            0.20119504524457363,
            0.9312924959371809
        ],
        "Spine2": [
            0.20445970462948654,
            0.8960368823011955
        ],
        "Spine3": [
            0.20397640178571502,
            0.8825247485403085
        ],
        "Neck": [
            0.21640850154889327,
            0.6631654925229172
        ],
        "Head": [
            0.22659249282835722,
            0.5440252324170779
        ],
        "L_Collar": [
            0.27070565333056845,
            0.7903441785602219
        ],
        "L_Shoulder": [
            0.32529641346738275,
            0.745771095457877
        ],
        "L_Elbow": [
            0.31774111948317574,
            0.8315750530047606
        ],
        "L_Wrist": [
            0.703604746343346,
            0.9344672209518813
        ],
        "L_Hand": [
            0.7069523307014514,
            0.8789263741199365
        ],
        "R_Collar": [
            0.1517500184683802,
            0.7440580639536675
        ],
        "R_Shoulder": [
            0.10654755984974465,
            0.656828986445212
        ],
        "R_Elbow": [
            0.10124633618395051,
            0.7907069102567716
        ],
        "R_Wrist": [
            0.8518746387022967,
            0.835807067417224
        ],
        "R_Hand": [
            0.8345576400521642,
            0.7854077763855842
        ]
    }
}