{
    "joints3D": {
        "Pelvis": [
            -0.4598792847875801,
            -0.21776596743278828,
            -1.3386447686887242
        ],
        "L_Hip": [
            -0.33663085207775867,
            -0.3777301037010064,
            -1.5935305936786686
        ],
        "L_Knee": [
            -0.4339154421759391,
            -1.3836130149434387,
            -2.0686701958478575
        ],
        "L_Ankle": [
            -0.8184540590361523,
            -1.9958425741721069,
            -3.0104569462836976
        ],
        "L_Foot": [
            -0.6783549569998433,
            -2.3351085037454884,
            -2.874189025222915
        ],
        "R_Hip": [
            -0.7002509544719329,
            -0.3739085405466645,
            -1.4826422120416534
        ],
        "R_Knee": [
            -1.0248201134426123,
            -1.320491172304302,
            -2.0251101794625104
        ],
        "R_Ankle": [
            -1.3521989092532376,
            -1.215460043768802,
            -3.1618963637364295
        ],
        "R_Foot": [
            -1.5166023276270184,
            -1.5048230449872915,
            -3.3769833980530644
        ],
        "Spine1": [
            -0.4097319240284758,
            0.05634752617747554,
            -1.1592530857471035
        ],
        "Spine2": [
            -0.2593306558384982,
            0.20628752941768436,
            -0.8317716998438407
        ],
        "Spine3": [
            -0.20416030576205654,
            0.22135686728589582,
            -0.6739578864428137
        ],
        "Neck": [
            -0.03459039884305335,
            0.5000007245903779,
            -0.17880715369384742
        ],
        "Head": [
            0.07056573311036124,
            0.4100142522922282,
            0.010347709516858877
        ],
        "L_Collar": [
            0.09896957893740928,
            0.4172277414861931,
            -0.473693024320482
        ],
        "L_Shoulder": [
            0.3544686633332814,
            0.4322459692661856,
            -0.5483799270180851
        ],
        "L_Elbow": [
            0.24847069715791384,
            0.1980683819338137,
            -1.2581841317470739
        ],
        "L_Wrist": [
            0.2633634000409053,
            -0.3633088795650675,
            -1.7244268383023664
        ],
        "L_Hand": [
            0.22871622676782946,
            -0.5036400834656086,
            -1.9276839525617546
        ],
        "R_Collar": [
            -0.3238172837444713,
            0.41688273297754,
            -0.3309793545867177
        ],
        "R_Shoulder": [
            -0.58985324612254,
            0.39864783723284675,
            -0.22107686127383971
        ],
        "R_Elbow": [
            -0.9030940914023774,
            0.14657637578984098,
            -0.8366074088097749
        ],
        "R_Wrist": [
            -1.2634943198914559,
            -0.3921405591653624,
            -1.216619361137764
        ],
        "R_Hand": [
            -1.3487343563331298,
            -0.5612374331755029,
            -1.3785186934523144
        ]
    },
    "joints2D": {
        "Pelvis": [
            0.8205944734507924,
            0.9003540877644503
        ],
        "L_Hip": [
            0.7933056921663244,
            0.8944168692404396
        ],
        "L_Knee": [
            0.7827794487580709,
            0.7968763505330676
        ],
        "L_Ankle": [
            0.7919186635692312,
            0.7956598622723389
        ],
        "L_Foot": [
            0.7834466944429168,
            0.7691962226938793
        ],
        "R_Hip": [
            0.8382450118033192,
            0.8652116180081211
        ],
        "R_Knee": [
            0.8239675618362738,
            0.784242148423472
        ],
        "R_Ankle": [
            0.8251055006326259,
            0.84217233299464
        ],
        "R_Foot": [
            0.8255299714429352,
            0.8275935443906102
        ],
        "Spine1": [
            0.17289745632678197,
            0.9258862121515187
        ],
        "Spine2": [
            0.1884194590227701,
            0.8835911728859918
        ],
        "Spine3": [
            0.19284970265286167,
            0.8656322721549214
        ],
        "Neck": [
            0.23832999869396757,
            0.6038864800877848
        ],
        "Head": [
            0.2751230140951418,
            0.4895160900782821
        ],
        "L_Collar": [
            0.27589663690927435,
            0.7581842119662481
        ],
        "L_Shoulder": [
            0.3313156167065,
            0.7530848167170304
        ],
        "L_Elbow": [
            0.289912091798866,
            0.9152493989011254
        ],
        "L_Wrist": [
            0.720256745537696,
            0.9045756303730507
        ],
        "L_Hand": [
            0.7278636583606574,
            0.8933280226283628
        ],
        "R_Collar": [
            0.15772629834635,
            0.6831342696116972
        ],
        "R_Shoulder": [
            0.10319332745184391,
            0.6063103454154856
        ],
        "R_Elbow": [
            0.0889696185585826,
            0.7931156045709608
        ],
        "R_Wrist": [
            0.8983286715885033,
            0.7803175466690186
        ],
        "R_Hand": [
            0.888001731216987,
            0.7766037040198366
        ]
    }
}