{
    "joints3D": {
        "Pelvis": [
            -0.5606533257871683,
            0.3232569250747857,
            -1.735066759594561
        ],
        "L_Hip": [
            -0.47905509511862954,
            0.21074885614394961,
            -2.0648215101465865
        ],
        "L_Knee": [
            -0.7305422249550693,
            -0.516696583971098,
            -2.939421562167301
        ],
        "L_Ankle": [
            -1.0722708104801235,
            -0.17121121147083465,
            -4.063984871476112
        ],
        "L_Foot": [
            -1.1372039991322527,
            -0.5700241759169864,
            -4.156690687289514
        ],
        "R_Hip": [
            -0.8573955490334717,
            0.32649514234294036,
            -1.918848967823225
        ],
        "R_Knee": [
            -1.6258354306608749,
            -0.2598758526271563,
            -2.6101485955662915
        ],
        "R_Ankle": [
            -1.8514195824734878,
            0.10012035851114755,
            -3.755657609669245
        ],
        "R_Foot": [
            -2.136738091496836,
            -0.1968924875012008,
            -3.7509703524547793
        ],
        "Spine1": [
            -0.42514668796905203,
            0.4759703263244032,
            -1.470931706513052
        ],
        "Spine2": [
            -0.2614898098277392,
            0.45492773175109497,
            -1.0648397070539162
        ],
        "Spine3": [
            -0.21581805705565513,
            0.3898766192911213,
            -0.8987167556090088
        ],
        "Neck": [
            0.05692824170820908,
            0.5900581364679932,
            -0.3151575629433097
        ],
        "Head": [
            0.12054250872379238,
            0.4573609215392655,
            -0.07300151131481325
        ],
        "L_Collar": [
            0.1538435044081268,
            0.4642664121899919,
            -0.6626456652624713
        ],
        "L_Shoulder": [
            0.39894892421976424,
            0.3151158280040524,
            -0.6617189307047784
        ],
        "L_Elbow": [
            0.5773875611920386,
            -0.4271083252907453,
            -0.9479700752350415
        ],
        "L_Wrist": [
            0.45913453748695016,
            -0.9669774133862791,
            -0.40947666972109265
        ],
        "L_Hand": [
            0.43702282416181243,
            -1.0720027931735134,
            -0.1676453725500952
        ],
        "R_Collar": [
            -0.2572675378943257,
            0.6231303395021404,
            -0.5207471097291642
        ],
        "R_Shoulder": [
            -0.4925645093618457,
            0.6334832693827599,
            -0.33946752261863244
        ],
        "R_Elbow": [
            -1.1101281598622055,
            0.14737066278848107,
            -0.3617252844370206
        ],
        "R_Wrist": [
            -0.9912697178022353,
            -0.44774956014034084,
            0.1369826603306293
        ],
        "R_Hand": [
            -0.9025793075813665,
            -0.5756700518502654,
            0.3460434642906168
        ]
    },
    "joints2D": {
        "Pelvis": [
            0.1840599217453318,
            0.897005592894209
        ],
        "L_Hip": [
            0.19886652095770205,
            0.9263607855235785
        ],
        "L_Knee": [
            0.8022289886944303,
            0.9066476833876019
        ],
        "L_Ankle": [
            0.8095162268527785,
            0.9381252104929116
        ],
        "L_Foot": [
            0.8083379118157167,
            0.913821729867895
        ],
        "R_Hip": [
            0.16178734390624427,
            0.8860404755461653
        ],
        "R_Knee": [
            0.8688380508414434,
            0.8744900039492564
        ],
        "R_Ankle": [
            0.14686452750502585,
            0.9101968179389207
        ],
        "R_Foot": [
            0.8638771754240009,
            0.892327264291928
        ],
        "Spine1": [
            0.1950855633829553,
            0.8678692305853791
        ],
        "Spine2": [
            0.2057072816127666,
            0.8469547601417396
        ],
        "Spine3": [
            0.20679855834164199,
            0.8457685273391703
        ],
        "Neck": [
            0.2623851885433415,
            0.6494562546211721
        ],
        "Head": [
            0.2883754065556977,
            0.5454091914691758
        ],
        "L_Collar": [
            0.28260892983625086,
            0.7898981451885234
        ],
        "L_Shoulder": [
            0.34203620489119774,
            0.8071025879910233
        ],
        "L_Elbow": [
            0.6558062684910071,
            0.8110435819242909
        ],
        "L_Wrist": [
            0.6855951396959309,
            0.6145843565858096
        ],
        "L_Hand": [
            0.69161010674578,
            0.5431226604859273
        ],
        "R_Collar": [
            0.1969992349346321,
            0.7063448060289192
        ],
        "R_Shoulder": [
            0.15181736001652127,
            0.6307416131005621
        ],
        "R_Elbow": [
            0.04258666847065608,
            0.6315647113701537
        ],
        "R_Wrist": [
            0.9258367331736652,
            0.4490606862062787
        ],
        "R_Hand": [
            0.9001131365936595,
            0.38321949725574095
        ]
    }
}