{
    "joints2D": {
        "Pelvis": [
            0.7700292315673842,
            0.8558556414639296
        ],
        "L_Hip": [
            0.7522930465578233,
            0.8525786774952834
        ],
        "L_Knee": [
            0.7654344975156127,
            0.8351229885697985
        ],
        "L_Ankle": [
            0.7933803963641972,
            0.8661136951210573
        ],
        "L_Foot": [
            0.7925671740261235,
            0.855642800781362
        ],
        "R_Hip": [
            0.794270874504419,
            0.8382370266482058
        ],
        "R_Knee": [
            0.7897432416876382,
            0.8048523050722565
        ],
        "R_Ankle": [
            0.7753489479662797,
            0.794926573026775
        ],
        "R_Foot": [
            0.7860562652413304,
            0.7701720404079112
        ],
        "Spine1": [
            0.7676099894707624,
            0.8887023810196275
        ],
        "Spine2": [
            0.7567822471154164,
            0.9514806351244647
        ],
        "Spine3": [
            0.7486033179146347,
            0.9543590322505703
        ],
        "Neck": [
            0.2708344437670231,
            0.692210621052838
        ],
        "Head": [
            0.2877794335420901,
            0.5567016737595999
        ],
        "L_Collar": [
            0.3238105573378506,
            0.8246907658680201
        ],
        "L_Shoulder": [
            0.36437985996903044,
            0.8006366976912775
        ],
        "L_Elbow": [
            0.6705032754135669,
            0.9321310725608215
        ],
        "L_Wrist": [
            0.6828194865716626,
            0.8165917963301399
        ],
        "L_Hand": [
            0.6865226457311735,
            0.7883533000093368
        ],
        "R_Collar": [
            0.19618591255399753,
            0.8171868684687509
        ],
        "R_Shoulder": [
            0.13338605222575817,
            0.7740493522720979
        ],
        "R_Elbow": [
            0.1321686552171088,
            0.8999179165636748
        ],
        "R_Wrist": [
            0.8500806422859488,
            0.807155806695129
        ],
        "R_Hand": [
            0.8473856667781376,
            0.7831986251712376
        ]
    },
    "joints3D": {
        "Pelvis": [
            -0.14897585346524886,
            -0.5940622405856257,
            -1.4305621388928167
        ],
        "L_Hip": [
            -0.008997703290330799,
            -0.7437035096838149,
            -1.7107323319060455
        ],
        "L_Knee": [
            -0.22060405779118283,
            -1.3394616588646493,
            -2.6474143146166655
        ],
        "L_Ankle": [
            -0.8346649104360606,
            -1.2798013116272842,
            -3.66299269783259
        ],
        "L_Foot": [
            -0.9080647945591367,
            -1.5534070366725816,
            -3.9483898343865653
        ],
        "R_Hip": [
            -0.4024776991798904,
            -0.7424817538673212,
            -1.5989231184841488
        ],
        "R_Knee": [
            -0.607147047816616,
            -1.5118890339863653,
            -2.4324897965495724
        ],
        "R_Ankle": [
            -0.5366801069769085,
            -2.283407521819592,
            -3.329260412245311
        ],
        "R_Foot": [
            -0.7842871008922738,
            -2.47889343770977,
            -3.0841304419291857
        ],
        "Spine1": [
            -0.10174131402883888,
            -0.3481502551506729,
            -1.2252428150538828
        ],
        "Spine2": [
            -0.022424156016118618,
            -0.043969332624002724,
            -0.9389610733741974
        ],
        "Spine3": [
            0.009210089992430118,
            -0.027696664983431707,
            -0.7639088711877579
        ],
        "Neck": [
            0.07757350871352163,
            0.46656587265804983,
            -0.34067397089435136
        ],
        "Head": [
            0.10199016115014452,
            0.3914142266626776,
            -0.07742015454012938
        ],
        "L_Collar": [
            0.2696761008041787,
            0.26756041559588284,
            -0.5873023323076204
        ],
        "L_Shoulder": [
            0.5273407466518468,
            0.28466481238786284,
            -0.6910876454792038
        ],
        "L_Elbow": [
            0.5290525803549854,
            -0.015643315741630387,
            -1.422648606564418
        ],
        "L_Wrist": [
            0.636026838689878,
            -0.7540825718379043,
            -1.4815549807208321
        ],
        "L_Hand": [
            0.6838046551053655,
            -1.0005210782688083,
            -1.534913785830176
        ],
        "R_Collar": [
            -0.17598234388888243,
            0.290522990279167,
            -0.5366226381091612
        ],
        "R_Shoulder": [
            -0.46343139597983435,
            0.3000668843817291,
            -0.5564275639281984
        ],
        "R_Elbow": [
            -0.7048318444979609,
            0.007973876803270781,
            -1.2182696488088154
        ],
        "R_Wrist": [
            -0.9381279825106611,
            -0.6713996422641857,
            -1.472320633788642
        ],
        "R_Hand": [
            -1.0362656061740145,
            -0.8935073995218223,
            -1.542717273354792
        ]
    }
}