{
    "joints3D": {
        "Pelvis": [
            -0.4025320094857349,
            0.6565448239664676,
            -1.6650917348661256
        ],
        "L_Hip": [
            -0.2564979758977324,
            0.7650929605988266,
            -1.993328329167588
        ],
        "L_Knee": [
            -0.29327593606597846,
            0.601704369358262,
            -3.157782174960011
        ],
        "L_Ankle": [
            -0.8503717276175224,
            1.2692677279935058,
            -4.077257166952422
        ],
        "L_Foot": [
            -0.8047969734767298,
            1.0576321255172392,
            -4.420842487769345
        ],
        "R_Hip": [
            -0.6714900742290635,
            0.6054011473128991,
            -1.907416189214742
        ],
        "R_Knee": [
            -0.8446439294185354,
            0.25695826075507705,
            -3.0424139339478034
        ],
        "R_Ankle": [
            -0.9811665151513274,
            0.5258513662722312,
            -4.270305174257852
        ],
        "R_Foot": [
            -0.9935592282547692,
            0.1526645643371145,
            -4.442754307854917
        ],
        "Spine1": [
            -0.3649056269400671,
            0.7206298038088378,
            -1.3240286014059632
        ],
        "Spine2": [
            -0.25128438362876254,
            0.630278237295431,
            -0.9170565100332998
        ],
        "Spine3": [
            -0.18202834629446044,
            0.5116103461072669,
            -0.7848376983030046
        ],
        "Neck": [
            -0.07647934150120504,
            0.590968034606473,
            -0.08806007451694052
        ],
        "Head": [
            -0.026011761989102454,
            0.40472047188986715,
            0.08552291704847269
        ],
        "L_Collar": [
            0.08240137741155976,
            0.6484049332404527,
            -0.44442923588393457
        ],
        "L_Shoulder": [
            0.31763763233945214,
            0.7470429787966957,
            -0.530838113223315
        ],
        "L_Elbow": [
            0.12625104120712394,
            0.9570873669369738,
            -1.2730121809413757
        ],
        "L_Wrist": [
            0.14104034427321338,
            0.9743280206752918,
            -2.0191449114136697
        ],
        "L_Hand": [
            0.0944617120532682,
            1.0347019282566348,
            -2.2588251238695856
        ],
        "R_Collar": [
            -0.34764928632682807,
            0.5304844417743765,
            -0.3628270955340763
        ],
        "R_Shoulder": [
            -0.6047950113808966,
            0.4262503186190059,
            -0.3158727974739848
        ],
        "R_Elbow": [
            -0.8693012393205805,
            0.47910976257627835,
            -1.0497395385791444
        ],
        "R_Wrist": [
            -1.0613026904171778,
            0.12159433299785208,
            -1.7032422146741695
        ],
        "R_Hand": [
            -1.110539654046724,
            0.05909841720182717,
            -1.9414248425488476
        ]
    },
    "joints2D": {
        "Pelvis": [
            0.20543405662427794,
            0.8547400499694887
        ],
        "L_Hip": [
            0.22513359142584183,
            0.8626546156857818
        ],
        "L_Knee": [
            0.22936786254650918,
            0.9123274418089673
        ],
        "L_Ankle": [
            0.2091037257371103,
            0.8764223907910231
        ],
        "L_Foot": [
            0.2123721768072824,
            0.8957436002495595
        ],
        "R_Hip": [
            0.18411196574413663,
            0.8638831285121512
        ],
        "R_Knee": [
            0.18909149153115182,
            0.9262803767898522
        ],
        "R_Ankle": [
            0.19992934927271253,
            0.9212981261297971
        ],
        "R_Foot": [
            0.1986821978359056,
            0.9440723507874104
        ],
        "Spine1": [
            0.20422627905275448,
            0.8195947874141388
        ],
        "Spine2": [
            0.2084182264045825,
            0.7908689824189272
        ],
        "Spine3": [
            0.2135986998222439,
            0.7994636441032936
        ],
        "Neck": [
            0.2287839893322713,
            0.5430109480263083
        ],
        "Head": [
            0.23881053575206315,
            0.4326383137424388
        ],
        "L_Collar": [
            0.2659010494500808,
            0.6834623927794662
        ],
        "L_Shoulder": [
            0.30385670732612285,
            0.6818353024176647
        ],
        "L_Elbow": [
            0.2628242829844691,
            0.783301708322041
        ],
        "L_Wrist": [
            0.2606367884024471,
            0.8407392375580052
        ],
        "L_Hand": [
            0.25595011690951175,
            0.8468280293985799
        ],
        "R_Collar": [
            0.16712249215175012,
            0.6674381937854157
        ],
        "R_Shoulder": [
            0.11019799724962365,
            0.6418951596649853
        ],
        "R_Elbow": [
            0.1288670525226681,
            0.7865534900828033
        ],
        "R_Wrist": [
            0.1294668625327931,
            0.8797991933465513
        ],
        "R_Hand": [
            0.13451456460096453,
            0.8963111115253978
        ]
    }
}