{
    "joints2D": {
        "Pelvis": [
            0.20888604780047987,
            0.9305719036269344
        ],
        "L_Hip": [
            0.23908555208538068,
            0.9518114172656607
        ],
        "L_Knee": [
            0.7124104339771149,
            0.9063405030423387
        ],
        "L_Ankle": [
            0.7214166745997705,
            0.9021407160692503
        ],
        "L_Foot": [
            0.7107309595340888,
            0.8852099182236287
        ],
        "R_Hip": [
            0.18934082470439065,
            0.9463406206909021
        ],
        "R_Knee": [
            0.8100001746394248,
            0.8534575464423214
        ],
        "R_Ankle": [
            0.7841739307676564,
            0.8353971706364571
        ],
        "R_Foot": [
            0.7958977954546058,
            0.8128145818213917
        ],
        "Spine1": [
            0.2029270756142628,
            0.8838213571744867
        ],
        "Spine2": [
            0.19855680791466343,
            0.8453498147534616
        ],
        "Spine3": [
            0.1929761374326625,
            0.8463016562889402
        ],
        "Neck": [
            0.1940856038296827,
            0.612440376381181
        ],
        "Head": [
            0.19168077567396374,
            0.520739185213489
        ],
        "L_Collar": [
            0.2442856080914418,
            0.7647670366919498
        ],
        "L_Shoulder": [
            0.3094657953739954,
            0.7634182188474999
        ],
        "L_Elbow": [
            0.5736007425253129,
            0.7006076687961276
        ],
        "L_Wrist": [
            0.6422446952760785,
            0.6291912643719207
        ],
        "L_Hand": [
            0.6582034049866484,
            0.6204253032699057
        ],
        "R_Collar": [
            0.15296923176481678,
            0.7098637999670099
        ],
        "R_Shoulder": [
            0.1113278279527955,
            0.641013087220448
        ],
        "R_Elbow": [
            0.06611695678662761,
            0.5891933543345746
        ],
        "R_Wrist": [
            0.027479159598685507,
            0.5655445717965224
        ],
        "R_Hand": [
            0.01970021038538641,
            0.5571034738917107
        ]
    },
    "joints3D": {
        "Pelvis": [
            -0.34429254900938894,
            0.18930103592030786,
            -1.8762081893838274
        ],
        "L_Hip": [
            -0.09132182367870981,
            0.09679145142681397,
            -2.1719064377722788
        ],
        "L_Knee": [
            0.5698201915626426,
            -0.5828746692437929,
            -2.9922959034921606
        ],
        "L_Ankle": [
            0.6343676877031814,
            -0.9490165039432042,
            -4.288770303330291
        ],
        "L_Foot": [
            0.9311381270959779,
            -1.2223701206835758,
            -4.445410241335974
        ],
        "R_Hip": [
            -0.5669424050647415,
            0.018561095407770335,
            -2.1466102033658814
        ],
        "R_Knee": [
            -0.9155369229518158,
            -1.0359915276978373,
            -2.7803809877308407
        ],
        "R_Ankle": [
            -0.7420137089105279,
            -1.8722826135903765,
            -3.8227006337063383
        ],
        "R_Foot": [
            -1.0629290935008382,
            -2.1652772050272313,
            -3.76509758451337
        ],
        "Spine1": [
            -0.3786815192646003,
            0.4372382867648287,
            -1.6009794388276979
        ],
        "Spine2": [
            -0.32965375000620867,
            0.4840352640278393,
            -1.1454808164464865
        ],
        "Spine3": [
            -0.3077079487917743,
            0.39390194325523653,
            -0.9646601382500657
        ],
        "Neck": [
            -0.2260768774370852,
            0.5874718813369285,
            -0.23860484132461496
        ],
        "Head": [
            -0.15958047487280286,
            0.4149378313766788,
            -0.0328579430945864
        ],
        "L_Collar": [
            -0.019427497940401627,
            0.5108558413164013,
            -0.5965238239891967
        ],
        "L_Shoulder": [
            0.23387726124701244,
            0.4058581257784468,
            -0.5116612286639368
        ],
        "L_Elbow": [
            0.8186058273989982,
            -0.20537416649342422,
            -0.4681733675671741
        ],
        "L_Wrist": [
            0.9115915289547994,
            -0.9911547191857066,
            -0.5510145934336276
        ],
        "L_Hand": [
            0.9143502752740161,
            -1.253846928151662,
            -0.604343327563797
        ],
        "R_Collar": [
            -0.49787579102969803,
            0.5622535228670084,
            -0.5531343991237995
        ],
        "R_Shoulder": [
            -0.7500978771728306,
            0.5385668845400514,
            -0.39257591336601777
        ],
        "R_Elbow": [
            -1.5828584417703033,
            0.568124338280019,
            -0.3985268309894744
        ],
        "R_Wrist": [
            -2.2973998426010116,
            0.1685424062128424,
            -0.354547618132069
        ],
        "R_Hand": [
            -2.5349156867354385,
            0.04741733286965904,
            -0.3311787476748348
        ]
    }
}