{
    "joints2D": {
        "Pelvis": [
            0.31032395472504815,
            0.6589145863690309
        ],
        "L_Hip": [
            0.3288949919940993,
            0.6689550842046761
        ],
        "L_Knee": [
            0.3284545557713224,
            0.7110736248382312
        ],
        "L_Ankle": [
            0.3445128626825637,
            0.6692852633046797
        ],
        "L_Foot": [
            0.33685576362712455,
            0.6889986338061217
        ],
        "R_Hip": [
            0.30174346449759876,
            0.6578770444319528
        ],
        "R_Knee": [
            0.31676920051007146,
            0.6823226325344386
        ],
        "R_Ankle": [
            0.32460825708831964,
            0.6545491162886183
        ],
        "R_Foot": [
            0.32361326863189094,
            0.6785310966969861
        ],
        "Spine1": [
            0.3055219980777918,
            0.6352079929781903
        ],
        "Spine2": [
            0.2913697883970534,
            0.6331809261172896
        ],
        "Spine3": [
            0.28630554039733036,
            0.6377047605157982
        ],
        "Neck": [
            0.27346428994490546,
            0.5082400145194975
        ],
        "Head": [
            0.28348489139638294,
            0.3862034708733854
        ],
        "L_Collar": [
            0.3244859614389262,
            0.5920897592858408
        ],
        "L_Shoulder": [
            0.34603502081382087,
            0.6891387030981844
        ],
        "L_Elbow": [
            0.31416542203470277,
            0.8022820646586457
        ],
        "L_Wrist": [
            0.2862139800086592,
            0.8675368102625195
        ],
        "L_Hand": [
            0.2825560967153709,
            0.8947509498021138
        ],
        "R_Collar": [
            0.25081550216370674,
            0.5527580126880184
        ],
        "R_Shoulder": [
            0.20444941260062172,
            0.5693258747576491
        ],
        "R_Elbow": [
            0.22284153930953673,
            0.6078888841219606
        ],
        "R_Wrist": [
            0.2254658771548064,
            0.6555943075497502
        ],
        "R_Hand": [
            0.22265146540002237,
            0.6644239472700902
        ]
    },
    "joints3D": {
        "Pelvis": [
            0.9003404992031474,
            1.936835517488347,
            -1.1796170768902332
        ],
        "L_Hip": [
            1.272765667730236,
            1.9755956904071594,
            -1.3613008905285622
        ],
        "L_Knee": [
            1.8140470027803224,
            2.609456320238551,
            -2.4295899812235464
        ],
        "L_Ankle": [
            2.8811578731274983,
            3.54073943836451,
            -2.5845350338175765
        ],
        "L_Foot": [
            2.7899606959018803,
            3.6962775860941615,
            -3.0317035279854054
        ],
        "R_Hip": [
            0.9029772155395616,
            2.2977796238804773,
            -1.365416359742313
        ],
        "R_Knee": [
            1.6525698230776384,
            3.056729751731608,
            -2.2442463123278342
        ],
        "R_Ankle": [
            2.4639171056183993,
            4.182360781140738,
            -2.550396088170494
        ],
        "R_Foot": [
            2.504312219775198,
            4.159064694940218,
            -3.0271502664496346
        ],
        "Spine1": [
            0.7260427014148283,
            1.7614520390187705,
            -0.8802610519623194
        ],
        "Spine2": [
            0.424533302798819,
            1.4052214781781596,
            -0.6751159422522659
        ],
        "Spine3": [
            0.32628551066774764,
            1.2270391175689428,
            -0.6082389863885659
        ],
        "Neck": [
            0.11974837634440369,
            0.7429945625210125,
            -0.02642976911904125
        ],
        "Head": [
            0.1172866662434165,
            0.49185142713266083,
            0.18695121352189056
        ],
        "L_Collar": [
            0.46344246900851377,
            0.8431141797254997,
            -0.28965560419373804
        ],
        "L_Shoulder": [
            0.5237463412125744,
            0.6053178987562554,
            -0.5158645297088785
        ],
        "L_Elbow": [
            0.6150929545025986,
            0.8338632017916986,
            -1.4315569832353234
        ],
        "L_Wrist": [
            0.470228582079968,
            0.8099289682494731,
            -2.31689792049372
        ],
        "L_Hand": [
            0.4376908715363451,
            0.6305394409733057,
            -2.5647844566118234
        ],
        "R_Collar": [
            0.015982546841746978,
            1.1301898256139526,
            -0.20390008590678665
        ],
        "R_Shoulder": [
            -0.3206524351999147,
            1.076723372863459,
            -0.2613697647826546
        ],
        "R_Elbow": [
            -0.3285569941934146,
            1.8766942538610367,
            -0.7042789990347598
        ],
        "R_Wrist": [
            -0.40751588353771284,
            2.4729886495815316,
            -1.3918736275186228
        ],
        "R_Hand": [
            -0.49952845588142947,
            2.666570341281132,
            -1.6062403260698108
        ]
    }
}