{
    "joints2D": {
        "Pelvis": [
            0.26440564780027304,
            0.962476772859824
        ],
        "L_Hip": [
            0.7122826476984314,
            0.939894443811109
        ],
        "L_Knee": [
            0.7107317188182991,
            0.9160158102462751
        ],
        "L_Ankle": [
            0.7112249094562421,
            0.9406527104291663
        ],
        "L_Foot": [
            0.7146859454836691,
            0.9214174069434762
        ],
        "R_Hip": [
            0.24469516249957665,
            0.955578855471009
        ],
        "R_Knee": [
            0.24335153081129737,
            0.9636056200120199
        ],
        "R_Ankle": [
            0.7421325480290197,
            0.9495718526062837
        ],
        "R_Foot": [
            0.759414187064434,
            0.942147780441222
        ],
        "Spine1": [
            0.2671720937275504,
            0.9381866043596157
        ],
        "Spine2": [
            0.2664053064101525,
            0.9135051405774847
        ],
        "Spine3": [
            0.2585584872384732,
            0.9236618900553445
        ],
        "Neck": [
            0.25556694538689767,
            0.650808203958422
        ],
        "Head": [
            0.27024575842354126,
            0.4994640155145237
        ],
        "L_Collar": [
            0.32630751256925455,
            0.8027240852782399
        ],
        "L_Shoulder": [
            0.39653278360192074,
            0.7205245574848798
        ],
        "L_Elbow": [
            0.526570769958958,
            0.5141849411139159
        ],
        "L_Wrist": [
            0.574555234619867,
            0.3329738410597724
        ],
        "L_Hand": [
            0.5898656995527966,
            0.2838516083663933
        ],
        "R_Collar": [
            0.20473276844142826,
            0.7892517708260144
        ],
        "R_Shoulder": [
            0.1405675744118009,
            0.7463487938447606
        ],
        "R_Elbow": [
            0.9456530785274573,
            0.6790251213592012
        ],
        "R_Wrist": [
            0.8978588287172053,
            0.5222609124544205
        ],
        "R_Hand": [
            0.8853678882717687,
            0.48278113407921197
        ]
    },
    "joints3D": {
        "Pelvis": [
            0.1286813421942035,
            0.0028560456946216907,
            -1.89864581440163
        ],
        "L_Hip": [
            0.3823489409217941,
            -0.14358355976492312,
            -2.165420702167482
        ],
        "L_Knee": [
            0.6444018913653341,
            -0.5159174623022554,
            -3.320853384686205
        ],
        "L_Ankle": [
            0.8369113111424694,
            -0.2868098935784046,
            -4.622806472228351
        ],
        "L_Foot": [
            0.8319026245451684,
            -0.6721371442572979,
            -4.810640737360427
        ],
        "R_Hip": [
            -0.03857206878061195,
            0.07054631000298302,
            -2.2398376733919587
        ],
        "R_Knee": [
            -0.07949526975373382,
            0.0028412261358155156,
            -3.503975484108778
        ],
        "R_Ankle": [
            0.19519873192355475,
            -0.2543827316167647,
            -4.784569382591112
        ],
        "R_Foot": [
            -0.17911618135254403,
            -0.40401122292757585,
            -4.945852878605098
        ],
        "Spine1": [
            0.13097349881206244,
            0.14367205555481818,
            -1.558129493811849
        ],
        "Spine2": [
            0.09456807979497063,
            0.20709891331005661,
            -1.1078968992843916
        ],
        "Spine3": [
            0.04303715536889577,
            0.14020290601228533,
            -0.9251695557244018
        ],
        "Neck": [
            0.02313331508247971,
            0.47610847380337257,
            -0.2564062985940578
        ],
        "Head": [
            0.05276445542685069,
            0.3770656547096776,
            -0.0026638197488997647
        ],
        "L_Collar": [
            0.272293168294851,
            0.29335136141409596,
            -0.5354299462528895
        ],
        "L_Shoulder": [
            0.5020855714225851,
            0.23386450657965227,
            -0.3789486790877016
        ],
        "L_Elbow": [
            1.2063592153976876,
            -0.07683439689193802,
            -0.045354492265557766
        ],
        "L_Wrist": [
            1.3647981343909346,
            -0.4430508482480573,
            0.6341739528858712
        ],
        "L_Hand": [
            1.353240997146134,
            -0.49535548119362766,
            0.8942294300172955
        ],
        "R_Collar": [
            -0.18322387984979316,
            0.4201733840387816,
            -0.6091722438213151
        ],
        "R_Shoulder": [
            -0.471544914435567,
            0.3920181679821661,
            -0.54336004241943
        ],
        "R_Elbow": [
            -1.0747623114689013,
            -0.16987575946929892,
            -0.5026650799468131
        ],
        "R_Wrist": [
            -1.2060525769992825,
            -0.8643730885874629,
            -0.10281611008489984
        ],
        "R_Hand": [
            -1.2470376612504244,
            -1.0633630765691342,
            0.06747255407209934
        ]
    }
}