{
    "joints3D": {
        "Pelvis": [
            0.32877885236636184,
            1.903007957147519,
            -1.7225643882519943
        ],
        "L_Hip": [
            0.5629232716383968,
            1.955395435925109,
            -2.1449643740973694
        ],
        "L_Knee": [
            0.6253285422545694,
            1.3169615413758986,
            -3.5260483294599423
        ],
        "L_Ankle": [
            -0.01337050644958974,
            1.9936216377265217,
            -4.8741508747515345
        ],
        "L_Foot": [
            0.15051904937909755,
            1.6268255206059896,
            -5.213149510874772
        ],
        "R_Hip": [
            -0.014536579020691555,
            1.9555252197088313,
            -2.0440430618327206
        ],
        "R_Knee": [
            -0.3267048300987493,
            0.5684033494930777,
            -2.668950496001462
        ],
        "R_Ankle": [
            -0.37849121061659835,
            -0.08716206415078394,
            -4.167647824387449
        ],
        "R_Foot": [
            -0.450682088397819,
            -0.6102530000209191,
            -4.0998794827837015
        ],
        "Spine1": [
            0.39582513913252415,
            1.9757950291852147,
            -1.2817012807495556
        ],
        "Spine2": [
            0.3286697449207324,
            1.5170166699689265,
            -0.9689290420260491
        ],
        "Spine3": [
            0.26754476376253145,
            1.2823426713604522,
            -0.92295949859254
        ],
        "Neck": [
            0.22061183551451521,
            0.8343059878810093,
            -0.12312842835003585
        ],
        "Head": [
            0.22374233913430505,
            0.536765689333139,
            0.032857133350384725
        ],
        "L_Collar": [
            0.5255846149036907,
            0.9503033725418234,
            -0.5157407693863473
        ],
        "L_Shoulder": [
            0.6042140778589593,
            0.6126939742734318,
            -0.5526776689670301
        ],
        "L_Elbow": [
            0.38752451717256875,
            -0.2049972107813404,
            -1.1380137730007769
        ],
        "L_Wrist": [
            -0.2095888688011644,
            -0.9553000482151391,
            -1.2569107755060085
        ],
        "L_Hand": [
            -0.4544717430727647,
            -1.1681243530519156,
            -1.2298529772499305
        ],
        "R_Collar": [
            0.00098728851691139,
            1.1900439222431178,
            -0.40781110629255846
        ],
        "R_Shoulder": [
            -0.2941089011925752,
            0.9912671215067552,
            -0.32974674356224815
        ],
        "R_Elbow": [
            -0.8310773511796548,
            0.36420590211998877,
            -0.9151696086916086
        ],
        "R_Wrist": [
            -0.6600424704089923,
            -0.616531343574746,
            -0.9344517254021627
        ],
        "R_Hand": [
            -0.6275488098520016,
            -0.9395955741896999,
            -0.9192233373153785
        ]
    },
    "joints2D": {
        "Pelvis": [
            0.27033546174904133,
            0.7246061284628265
        ],
        "L_Hip": [
            0.2820413482544148,
            0.7518178460270414
        ],
        "L_Knee": [
            0.28108271910687177,
            0.8631382784337601
        ],
        "L_Ankle": [
            0.24814550660163992,
            0.8587637578778888
        ],
        "L_Foot": [
            0.2542040377575466,
            0.8826074041103935
        ],
        "R_Hip": [
            0.24774964652109305,
            0.7480413314554148
        ],
        "R_Knee": [
            0.2236599845202078,
            0.9054425120833076
        ],
        "R_Ankle": [
            0.7722139225768211,
            0.9565653538775853
        ],
        "R_Foot": [
            0.7747275526227299,
            0.9224581357297673
        ],
        "Spine1": [
            0.2760122414271161,
            0.6745394913015652
        ],
        "Spine2": [
            0.2782847699098796,
            0.6720623998583577
        ],
        "Spine3": [
            0.2764855328913755,
            0.6893932286445483
        ],
        "Neck": [
            0.2885455345300627,
            0.5418255058198963
        ],
        "Head": [
            0.30996263602931917,
            0.4792722206745227
        ],
        "L_Collar": [
            0.32181068179343486,
            0.6408805373611753
        ],
        "L_Shoulder": [
            0.3546770108803054,
            0.691265401421387
        ],
        "L_Elbow": [
            0.6833690835744829,
            0.896602453178871
        ],
        "L_Wrist": [
            0.7749718908717698,
            0.7805006983337427
        ],
        "L_Hand": [
            0.7966959505550878,
            0.7426582949625109
        ],
        "R_Collar": [
            0.2487655240347612,
            0.5999034071443059
        ],
        "R_Shoulder": [
            0.20525529978743695,
            0.5945689788935925
        ],
        "R_Elbow": [
            0.11759380389264373,
            0.7858975963170802
        ],
        "R_Wrist": [
            0.8468766948563895,
            0.7677408387790404
        ],
        "R_Hand": [
            0.8273893862733761,
            0.7200196582255427
        ]
    }
}