{
    "joints3D": {
        "Pelvis": [
            -0.11763155161815464,
            0.33911047852361226,
            -1.5357011891062629
        ],
        "L_Hip": [
            0.04971151092764249,
            0.23345086136268162,
            -1.80308517688579
        ],
        "L_Knee": [
            0.20687362643479304,
            -0.38535193161851106,
            -2.750388207610974
        ],
        "L_Ankle": [
            0.14760698708169334,
            -0.6580998206546345,
            -3.932459161123157
        ],
        "L_Foot": [
            0.2574687950102077,
            -1.0378192586152424,
            -3.9970249397657094
        ],
        "R_Hip": [
            -0.33469018256916566,
            0.2858942845530701,
            -1.775975340212855
        ],
        "R_Knee": [
            -0.6671188995302697,
            -0.27017725625104083,
            -2.743522703281761
        ],
        "R_Ankle": [
            -0.7635685051145108,
            -0.5021983297917993,
            -3.932190736907449
        ],
        "R_Foot": [
            -0.916475030926454,
            -0.8771321306309354,
            -3.9513309307949522
        ],
        "Spine1": [
            -0.07877308891682187,
            0.5370698057108316,
            -1.26322563460102
        ],
        "Spine2": [
            -0.029552453938319786,
            0.5580557944989263,
            -0.8675407582089336
        ],
        "Spine3": [
            -0.019522080312812,
            0.5162628925390749,
            -0.7012917745182257
        ],
        "Neck": [
            0.05395294149774967,
            0.6199981300783681,
            -0.10820133253461707
        ],
        "Head": [
            0.050644026491870296,
            0.42390948926036454,
            0.029737807607713447
        ],
        "L_Collar": [
            0.25186035189293493,
            0.5764256562974589,
            -0.38346833700458627
        ],
        "L_Shoulder": [
            0.522755949859713,
            0.5483765030551441,
            -0.3687350262700239
        ],
        "L_Elbow": [
            0.8411918772778356,
            0.25744518595677407,
            -1.0093206293600954
        ],
        "L_Wrist": [
            0.5689744035739739,
            -0.08653950042928565,
            -0.405094229949771
        ],
        "L_Hand": [
            0.49791485282198844,
            -0.16743425067515447,
            -0.17378149108162028
        ],
        "R_Collar": [
            -0.1963911646638715,
            0.6527675803370152,
            -0.34327155842388574
        ],
        "R_Shoulder": [
            -0.45494805742881045,
            0.6777766947879555,
            -0.2033552678003898
        ],
        "R_Elbow": [
            -1.131206246491468,
            0.3636416095027214,
            -0.30165432632199624
        ],
        "R_Wrist": [
            -0.6418812628969399,
            0.0816568727752975,
            0.21969475100363214
        ],
        "R_Hand": [
            -0.4438580672285707,
            0.04523468358879434,
            0.3759540987743452
        ]
    },
    "joints2D": {
        "Pelvis": [
            0.2330253307599588,
            0.905021329779369
        ],
        "L_Hip": [
            0.2546024012003893,
            0.9297122481198912
        ],
        "L_Knee": [
            0.7352366864810684,
            0.9259673537874207
        ],
        "L_Ankle": [
            0.7434312244158098,
            0.9196807282470923
        ],
        "L_Foot": [
            0.7385373706269533,
            0.8953670125521841
        ],
        "R_Hip": [
            0.2092821640982007,
            0.9149874959961245
        ],
        "R_Knee": [
            0.8035117273518166,
            0.9262407048122226
        ],
        "R_Ankle": [
            0.79269126336094,
            0.9229878042043017
        ],
        "R_Foot": [
            0.7976713340947952,
            0.8966313188946934
        ],
        "Spine1": [
            0.2375072810831555,
            0.8543787641867056
        ],
        "Spine2": [
            0.24338902345995073,
            0.805654140434026
        ],
        "Spine3": [
            0.2446092906112543,
            0.7869667020805724
        ],
        "Neck": [
            0.2619978333128652,
            0.5508550068609948
        ],
        "Head": [
            0.26708863924267745,
            0.47561832431786044
        ],
        "L_Collar": [
            0.3060260718064774,
            0.6720242159504398
        ],
        "L_Shoulder": [
            0.3578971847880504,
            0.651413690149979
        ],
        "L_Elbow": [
            0.38155728303258957,
            0.8162463145560899
        ],
        "L_Wrist": [
            0.5745677983380382,
            0.7490231859860953
        ],
        "L_Hand": [
            0.5700416756694191,
            0.6238485944761333
        ],
        "R_Collar": [
            0.20657684282253433,
            0.6443313141377949
        ],
        "R_Shoulder": [
            0.15862976480666074,
            0.57775034750508
        ],
        "R_Elbow": [
            0.062245518538536014,
            0.5966934727568322
        ],
        "R_Wrist": [
            0.04287358998034451,
            0.3564276269860252
        ],
        "R_Hand": [
            0.0784115753576399,
            0.20890860325418054
        ]
    }
}