{
    "joints3D": {
        "Pelvis": [
            -0.004755285785513524,
            -0.42177159928037705,
            -1.2746605938425957
        ],
        "L_Hip": [
            0.18289193706100465,
            -0.653258765503782,
            -1.4171901828895288
        ],
        "L_Knee": [
            0.4368133599677945,
            -1.668796115801665,
            -1.8541518841865996
        ],
        "L_Ankle": [
            0.49230934176105745,
            -2.5413206926440264,
            -2.6849114252949247
        ],
        "L_Foot": [
            0.6080929014623412,
            -2.8817149858996602,
            -2.5148963130593525
        ],
        "R_Hip": [
            -0.19788378441908072,
            -0.6063310089502489,
            -1.4612339886072143
        ],
        "R_Knee": [
            -0.43822099518213553,
            -1.6111573470558402,
            -1.9803204224634232
        ],
        "R_Ankle": [
            -0.3996144231575728,
            -2.4617145478550175,
            -2.834991934535388
        ],
        "R_Foot": [
            -0.5537483289510328,
            -2.7863842426972796,
            -2.6537354470605776
        ],
        "Spine1": [
            0.01359195695560694,
            -0.10578900523365153,
            -1.1599881954521372
        ],
        "Spine2": [
            0.042372369372553564,
            0.14494074103728172,
            -0.8542044853032377
        ],
        "Spine3": [
            0.03377365545967313,
            0.18773714146925838,
            -0.6893784387728288
        ],
        "Neck": [
            0.06786201957534209,
            0.5805928071721208,
            -0.23411265744797055
        ],
        "Head": [
            0.05313503017043154,
            0.42676944537166894,
            -0.05298989323097275
        ],
        "L_Collar": [
            0.28185036266947366,
            0.40396834346180305,
            -0.42959895289387284
        ],
        "L_Shoulder": [
            0.5485332106172545,
            0.40574004746063325,
            -0.3824414822976494
        ],
        "L_Elbow": [
            0.8916366014897636,
            -0.1795795582627675,
            -0.7398252624867108
        ],
        "L_Wrist": [
            0.5886236969466699,
            -0.12300648398071411,
            -0.0655154616123103
        ],
        "L_Hand": [
            0.504477255356417,
            -0.06208837714012978,
            0.16556008142918197
        ],
        "R_Collar": [
            -0.1621370207103392,
            0.48597750923247035,
            -0.4696676451974278
        ],
        "R_Shoulder": [
            -0.43953823946546516,
            0.5575436625273179,
            -0.40833495607228154
        ],
        "R_Elbow": [
            -1.0348889004747137,
            0.11576437511338548,
            -0.4985436021853612
        ],
        "R_Wrist": [
            -0.606825006869753,
            0.1022798017487999,
            0.13317381455470095
        ],
        "R_Hand": [
            -0.4286932900414485,
            0.14307278009090105,
            0.30825200883062076
        ]
    },
    "joints2D": {
        "Pelvis": [
            0.7520688628973322,
            0.8780051323339976
        ],
        "L_Hip": [
            0.7289621130614734,
            0.8443751868362434
        ],
        "L_Knee": [
            0.7210744438490456,
            0.7543791523823734
        ],
        "L_Ankle": [
            0.7283710981391918,
            0.7480179003799708
        ],
        "L_Foot": [
            0.7246325381245551,
            0.718345919472071
        ],
        "R_Hip": [
            0.7755784323018271,
            0.8549743972520928
        ],
        "R_Knee": [
            0.7814676950177242,
            0.7694077099530928
        ],
        "R_Ankle": [
            0.769988508158371,
            0.7616142500796247
        ],
        "R_Foot": [
            0.775846774076715,
            0.7319916934840617
        ],
        "Spine1": [
            0.7487655898851823,
            0.9398932039312906
        ],
        "Spine2": [
            0.25909775234263716,
            0.9188754962198168
        ],
        "Spine3": [
            0.2583205333134285,
            0.8924220546344617
        ],
        "Neck": [
            0.2658424684393048,
            0.6159649073320432
        ],
        "Head": [
            0.26779474314444074,
            0.535484852058765
        ],
        "L_Collar": [
            0.32549890547162286,
            0.731576754369243
        ],
        "L_Shoulder": [
            0.37833362208448823,
            0.678127528484604
        ],
        "L_Elbow": [
            0.5874790026214757,
            0.7692372070378555
        ],
        "L_Wrist": [
            0.5465406364019282,
            0.5428762528792744
        ],
        "L_Hand": [
            0.544288774353712,
            0.36136959114053246
        ],
        "R_Collar": [
            0.20827921905713045,
            0.7311189709365172
        ],
        "R_Shoulder": [
            0.15516132430357676,
            0.6709700839488966
        ],
        "R_Elbow": [
            0.05038689964341741,
            0.6882953155187945
        ],
        "R_Wrist": [
            0.04187440278632936,
            0.40652848125241353
        ],
        "R_Hand": [
            0.08793462116266977,
            0.2661702536618659
        ]
    }
}