{
    "joints3D": {
        "Pelvis": [
            -0.2900286045133184,
            0.6719213549246186,
            -1.5000448847994492
        ],
        "L_Hip": [
            -0.14066122601030576,
            0.7189564972750344,
            -1.7597067250628848
        ],
        "L_Knee": [
            -0.1274677200931609,
            0.3806308581202283,
            -2.7287527831621374
        ],
        "L_Ankle": [
            -0.4213446380642242,
            0.046094238087640425,
            -3.7344755367410163
        ],
        "L_Foot": [
            -0.33003384724269275,
            -0.27349657842773223,
            -3.898341610991302
        ],
        "R_Hip": [
            -0.48759601903449545,
            0.6891063282560566,
            -1.7232901280005164
        ],
        "R_Knee": [
            -0.7132268940009543,
            1.1448685950831297,
            -2.641420472450576
        ],
        "R_Ankle": [
            -0.8247290184719999,
            2.0940736537797133,
            -3.1890383509409888
        ],
        "R_Foot": [
            -0.8889029396727635,
            2.1716139872318214,
            -3.549771523549549
        ],
        "Spine1": [
            -0.27106737508822754,
            0.7305121641633697,
            -1.1896373109180862
        ],
        "Spine2": [
            -0.18618423312748916,
            0.6646339797932966,
            -0.8247918899437211
        ],
        "Spine3": [
            -0.15785309915300832,
            0.5748082240952225,
            -0.6922645431437507
        ],
        "Neck": [
            -0.11184525551066972,
            0.5236177707271378,
            -0.10910531599010212
        ],
        "Head": [
            -0.05678507480250428,
            0.3986969324566658,
            0.072770244357285
        ],
        "L_Collar": [
            0.08476371161058058,
            0.6110487732071984,
            -0.3684669899961142
        ],
        "L_Shoulder": [
            0.33719751511956947,
            0.7064755314417411,
            -0.36852704282153165
        ],
        "L_Elbow": [
            0.4564734660965371,
            1.2385254783260686,
            -0.8291649413883595
        ],
        "L_Wrist": [
            0.4138249986478948,
            0.6818559870053376,
            -1.2374495383953177
        ],
        "L_Hand": [
            0.43250553787856405,
            0.47637487065541156,
            -1.3597112187653322
        ],
        "R_Collar": [
            -0.35884111712925904,
            0.5474535357517543,
            -0.3397843277648958
        ],
        "R_Shoulder": [
            -0.6440586055848877,
            0.5235895842640996,
            -0.30778862083860004
        ],
        "R_Elbow": [
            -0.9526210231296156,
            0.6607722777656087,
            -0.9156363122455671
        ],
        "R_Wrist": [
            -0.7534286198664237,
            -0.0046384617378731376,
            -0.8000012693358219
        ],
        "R_Hand": [
            -0.697448190287928,
            -0.21184857536777293,
            -0.6974669029675561
        ]
    },
    "joints2D": {
        "Pelvis": [
            0.21503250273712401,
            0.8449359791276577
        ],
        "L_Hip": [
            0.23422289681494,
            0.8580382969541643
        ],
        "L_Knee": [
            0.23860912083293687,
            0.9268085885663158
        ],
        "L_Ankle": [
            0.22266285735036498,
            0.9577886459399371
        ],
        "L_Foot": [
            0.7702652641090886,
            0.9439292975272202
        ],
        "R_Hip": [
            0.19862998899978793,
            0.8507883907906357
        ],
        "R_Knee": [
            0.20182220502750783,
            0.8440696647827998
        ],
        "R_Ankle": [
            0.20982660835234887,
            0.7974576997553223
        ],
        "R_Foot": [
            0.20988733538543816,
            0.8068051207887075
        ],
        "Spine1": [
            0.21332435083010146,
            0.8072746584505888
        ],
        "Spine2": [
            0.21778624582212797,
            0.7706570143394269
        ],
        "Spine3": [
            0.2179704103430976,
            0.7662969332787009
        ],
        "Neck": [
            0.216380502828171,
            0.5602235877801007
        ],
        "Head": [
            0.22688941506526422,
            0.44153238546076684
        ],
        "L_Collar": [
            0.26795924921079406,
            0.6652324273461181
        ],
        "L_Shoulder": [
            0.313252184892243,
            0.6385105577372453
        ],
        "L_Elbow": [
            0.2975797396990838,
            0.6750718468157141
        ],
        "L_Wrist": [
            0.30173500853282376,
            0.8148119022380406
        ],
        "L_Hand": [
            0.30623124723691,
            0.8593852158365034
        ],
        "R_Collar": [
            0.16576897206834734,
            0.6542251571926719
        ],
        "R_Shoulder": [
            0.11769640913603138,
            0.6224368985494231
        ],
        "R_Elbow": [
            0.12609244317261017,
            0.7328646178932408
        ],
        "R_Wrist": [
            0.9109475186648729,
            0.8361899918651526
        ],
        "R_Hand": [
            0.8964298966092292,
            0.787432795190595
        ]
    }
}