{
    "joints3D": {
        "Pelvis": [
            0.12790332996766557,
            0.6335427189726418,
            -1.422221757238809
        ],
        "L_Hip": [
            0.3494846083471806,
            0.7434456461267381,
            -1.6375556373635363
        ],
        "L_Knee": [
            0.6062443109416892,
            1.0027413934756861,
            -2.7029622022210886
        ],
        "L_Ankle": [
            0.6820348807465981,
            1.1888844173516766,
            -3.8833269549792098
        ],
        "L_Foot": [
            0.9524830821023,
            0.9424078761403156,
            -4.03169960399095
        ],
        "R_Hip": [
            0.007286004393761132,
            0.5911414085854491,
            -1.7193739299711084
        ],
        "R_Knee": [
            0.20339250534241063,
            0.7449522763137896,
            -2.839898588023623
        ],
        "R_Ankle": [
            0.4883565919775115,
            1.0909686259495925,
            -3.950560762302993
        ],
        "R_Foot": [
            0.5565456595436956,
            0.7251894233270091,
            -4.0963366420851095
        ],
        "Spine1": [
            0.020803951316245507,
            0.6886261183889489,
            -1.110453597105901
        ],
        "Spine2": [
            -0.013210837552377702,
            0.6014292952861197,
            -0.7281188714903103
        ],
        "Spine3": [
            -0.01375850288954041,
            0.505766278288021,
            -0.5884623608007101
        ],
        "Neck": [
            -0.12392873690364337,
            0.41401545114753413,
            -0.007945556001301538
        ],
        "Head": [
            -0.09842702723540477,
            0.24934379341902024,
            0.15969361861840295
        ],
        "L_Collar": [
            0.11969468660247336,
            0.5502625208938713,
            -0.19671036751297377
        ],
        "L_Shoulder": [
            0.3691347169158698,
            0.6506257366217627,
            -0.1973830620575335
        ],
        "L_Elbow": [
            0.5653532783550743,
            0.7760116225914662,
            -0.9222102939414246
        ],
        "L_Wrist": [
            0.8651371627965759,
            0.7508886844278296,
            -1.5940105928850232
        ],
        "L_Hand": [
            0.893008246151186,
            0.8031379295842149,
            -1.838467185205788
        ],
        "R_Collar": [
            -0.3009322609500374,
            0.4265411901968544,
            -0.2980589155697827
        ],
        "R_Shoulder": [
            -0.5632459110903038,
            0.3494886704622442,
            -0.39734013721030487
        ],
        "R_Elbow": [
            -0.5372839389152692,
            0.46312874347483496,
            -1.1295637759723638
        ],
        "R_Wrist": [
            -0.42187435884079816,
            0.3565954236662864,
            -1.8708155483635385
        ],
        "R_Hand": [
            -0.34458126241405507,
            0.3889006786641785,
            -2.107690741770128
        ]
    },
    "joints2D": {
        "Pelvis": [
            0.2644580450255986,
            0.8490312727252589
        ],
        "L_Hip": [
            0.2854894429235266,
            0.8425961109775504
        ],
        "L_Knee": [
            0.289455974811574,
            0.8612299796433723
        ],
        "L_Ankle": [
            0.28220966632062533,
            0.8795414302408892
        ],
        "L_Foot": [
            0.2954348420386901,
            0.89342085182579
        ],
        "R_Hip": [
            0.24944114100603737,
            0.8747784827144104
        ],
        "R_Knee": [
            0.2628664940259905,
            0.894525329250938
        ],
        "R_Ankle": [
            0.2728765076129454,
            0.8893839733887146
        ],
        "R_Foot": [
            0.27695063789165386,
            0.9140123354306284
        ],
        "Spine1": [
            0.2515762469423912,
            0.8105997773326681
        ],
        "Spine2": [
            0.24616541872167236,
            0.770200815570384
        ],
        "Spine3": [
            0.2455202995138068,
            0.7642584399241569
        ],
        "Neck": [
            0.20344497673183415,
            0.5030780353432303
        ],
        "Head": [
            0.19601280725806616,
            0.3265076624481904
        ],
        "L_Collar": [
            0.28066344621283773,
            0.6025351887995524
        ],
        "L_Shoulder": [
            0.32704476729117404,
            0.5811301303862194
        ],
        "L_Elbow": [
            0.32531733925937756,
            0.7474321396218141
        ],
        "L_Wrist": [
            0.3345689965708263,
            0.8139252348958002
        ],
        "L_Hand": [
            0.3284634595291626,
            0.8259479118118938
        ],
        "R_Collar": [
            0.16235105785346188,
            0.6682152778163588
        ],
        "R_Shoulder": [
            0.11039689232488847,
            0.6923308196464287
        ],
        "R_Elbow": [
            0.16897265036791492,
            0.832266847375364
        ],
        "R_Wrist": [
            0.20268576248218187,
            0.9048652951236874
        ],
        "R_Hand": [
            0.21485407492546169,
            0.9106134447642128
        ]
    }
}