{
    "joints3D": {
        "Pelvis": [
            -0.17767959034593578,
            0.7411589903448434,
            -1.6337266765738272
        ],
        "L_Hip": [
            -0.04513741440543825,
            0.7122755012222848,
            -1.9333207140538033
        ],
        "L_Knee": [
            -0.2209608034454434,
            0.36878890906230366,
            -2.994724924482651
        ],
        "L_Ankle": [
            -0.4635932024355587,
            0.9434619663335475,
            -4.020737915288066
        ],
        "L_Foot": [
            -0.4399822486643207,
            0.739408725260977,
            -4.359264938082962
        ],
        "R_Hip": [
            -0.40481574601812126,
            0.8205962339564471,
            -1.8513062502075603
        ],
        "R_Knee": [
            -0.6838978954909448,
            1.0647609150802604,
            -2.941120738869432
        ],
        "R_Ankle": [
            -0.607562253295593,
            1.8580650518409703,
            -3.8397395719370757
        ],
        "R_Foot": [
            -0.8012326638360995,
            1.7362849111356091,
            -4.1687777686448495
        ],
        "Spine1": [
            -0.0916424806100698,
            0.8132750994950663,
            -1.3179145247018125
        ],
        "Spine2": [
            -0.01498937268508895,
            0.6929323410234729,
            -0.9498591257727418
        ],
        "Spine3": [
            0.008965344464487808,
            0.6133291992512814,
            -0.8018442963930751
        ],
        "Neck": [
            0.10523250584388623,
            0.5264992409646834,
            -0.21636541192674003
        ],
        "Head": [
            0.16469498324288392,
            0.37531127152321947,
            -0.043753883604154116
        ],
        "L_Collar": [
            0.28782499500622266,
            0.5978763529966575,
            -0.49161082869541517
        ],
        "L_Shoulder": [
            0.5520552062197762,
            0.6475858600185166,
            -0.4711970828975204
        ],
        "L_Elbow": [
            0.7371026119677945,
            1.2488771960983442,
            -0.90375473417846
        ],
        "L_Wrist": [
            0.5833030454992066,
            0.9348124826815516,
            -1.5538419942750354
        ],
        "L_Hand": [
            0.5492304065703384,
            0.8330473668629457,
            -1.7821162005211557
        ],
        "R_Collar": [
            -0.15761467338520285,
            0.6038321011185673,
            -0.4194485789893786
        ],
        "R_Shoulder": [
            -0.43648267456215867,
            0.574489742090038,
            -0.3390993319592591
        ],
        "R_Elbow": [
            -0.7959347303950471,
            0.6559550501859612,
            -0.9848773135512445
        ],
        "R_Wrist": [
            -0.637850036469552,
            -0.07559440040141495,
            -1.1161737152688063
        ],
        "R_Hand": [
            -0.6349086383885308,
            -0.32712608634997875,
            -1.1016650461175628
        ]
    },
    "joints2D": {
        "Pelvis": [
            0.22964317327365774,
            0.8466502933068744
        ],
        "L_Hip": [
            0.24430663373309033,
            0.8686068681135456
        ],
        "L_Knee": [
            0.23266161325281595,
            0.9304343574362468
        ],
        "L_Ankle": [
            0.22541261775264437,
            0.9002068121780071
        ],
        "L_Foot": [
            0.22743774590098748,
            0.9174446910546444
        ],
        "R_Hip": [
            0.2106486109329957,
            0.8447795204286586
        ],
        "R_Knee": [
            0.20613991371297202,
            0.8628392868229515
        ],
        "R_Ankle": [
            0.2216750233923269,
            0.8381316180972521
        ],
        "R_Foot": [
            0.2145273410095583,
            0.8522694642840247
        ],
        "Spine1": [
            0.23773961004725272,
            0.8108380944690452
        ],
        "Spine2": [
            0.24634508632876723,
            0.788299942908254
        ],
        "Spine3": [
            0.2502302076152845,
            0.7814999140269572
        ],
        "Neck": [
            0.27778516076548815,
            0.61712623397805
        ],
        "Head": [
            0.31267505124615846,
            0.531305807864939
        ],
        "L_Collar": [
            0.3084019705303008,
            0.7014274267975081
        ],
        "L_Shoulder": [
            0.34804242764036564,
            0.6669667953656901
        ],
        "L_Elbow": [
            0.32242061731197047,
            0.6782028830052839
        ],
        "L_Wrist": [
            0.30587345435313085,
            0.8022003312656835
        ],
        "L_Hand": [
            0.3005423445532617,
            0.8340945676386472
        ],
        "R_Collar": [
            0.21371917240414046,
            0.683154118047569
        ],
        "R_Shoulder": [
            0.15464792265757096,
            0.643327777483758
        ],
        "R_Elbow": [
            0.14309068703336433,
            0.758496008374158
        ],
        "R_Wrist": [
            0.8632848886564862,
            0.8890018766696386
        ],
        "R_Hand": [
            0.8510698570784143,
            0.8433112956887356
        ]
    }
}