{
    "joints2D": {
        "Pelvis": [
            0.21731787401070984,
            0.9300894827756309
        ],
        "L_Hip": [
            0.23665757354850658,
            0.9412855899688531
        ],
        "L_Knee": [
            0.22091106207439865,
            0.9435385238061302
        ],
        "L_Ankle": [
            0.2042863546251673,
            0.9349157638757433
        ],
        "L_Foot": [
            0.7908714834230763,
            0.9553533927795246
        ],
        "R_Hip": [
            0.18915767453766927,
            0.9391902817879737
        ],
        "R_Knee": [
            0.8099032417961863,
            0.8917785039651621
        ],
        "R_Ankle": [
            0.7992226341362294,
            0.8722483109203995
        ],
        "R_Foot": [
            0.7974050397284638,
            0.8460458764271204
        ],
        "Spine1": [
            0.22022943638811754,
            0.8944995328234178
        ],
        "Spine2": [
            0.23269845177435755,
            0.8611430594291146
        ],
        "Spine3": [
            0.24045106095572558,
            0.8650251290522298
        ],
        "Neck": [
            0.2656845390971,
            0.6432647510941857
        ],
        "Head": [
            0.28822980982121327,
            0.5557108041353583
        ],
        "L_Collar": [
            0.30387384574523546,
            0.7587654468197755
        ],
        "L_Shoulder": [
            0.351101312189196,
            0.7240048428158927
        ],
        "L_Elbow": [
            0.3645096731365563,
            0.8138208432230508
        ],
        "L_Wrist": [
            0.6292661598253366,
            0.8329995368343244
        ],
        "L_Hand": [
            0.640284427007869,
            0.789198666473771
        ],
        "R_Collar": [
            0.19627772436743438,
            0.7421339168655158
        ],
        "R_Shoulder": [
            0.13799479020116823,
            0.6776483797355438
        ],
        "R_Elbow": [
            0.11573270575280582,
            0.7488918106785539
        ],
        "R_Wrist": [
            0.8997104967195809,
            0.8210506434691641
        ],
        "R_Hand": [
            0.8837353879386004,
            0.801467370859824
        ]
    },
    "joints3D": {
        "Pelvis": [
            -0.23684328918593547,
            0.18424045965631722,
            -1.6362735903468477
        ],
        "L_Hip": [
            -0.10532649686077457,
            0.16328126945318824,
            -1.9511986457465254
        ],
        "L_Knee": [
            -0.3735616096901925,
            0.1951317042828605,
            -3.0058171929890536
        ],
        "L_Ankle": [
            -0.8223884397161183,
            0.3162829829527676,
            -4.057094528423502
        ],
        "L_Foot": [
            -0.723045477548837,
            -0.02939075541898571,
            -4.191124285502793
        ],
        "R_Hip": [
            -0.4902241833929409,
            0.06456090153714758,
            -1.8209533351289178
        ],
        "R_Knee": [
            -0.7919117527392967,
            -0.5851195334333956,
            -2.6681045156866983
        ],
        "R_Ankle": [
            -0.9336358113453873,
            -1.1547886914225418,
            -3.657047651228224
        ],
        "R_Foot": [
            -0.9491079313811731,
            -1.5323106568822757,
            -3.5943568400341044
        ],
        "Spine1": [
            -0.19590030902859643,
            0.34575813179410914,
            -1.3694086974212454
        ],
        "Spine2": [
            -0.08836536044863631,
            0.3983028278239056,
            -1.008372238716329
        ],
        "Spine3": [
            -0.03844504801623538,
            0.32987235418688116,
            -0.8630927175104485
        ],
        "Neck": [
            0.06044686919517645,
            0.5080383290673502,
            -0.2588758412416908
        ],
        "Head": [
            0.09630773891999997,
            0.3653686248013717,
            -0.07106971234057671
        ],
        "L_Collar": [
            0.23874216892439046,
            0.4704454360615757,
            -0.5651286210160394
        ],
        "L_Shoulder": [
            0.5091991352416552,
            0.49895525816885294,
            -0.5633747643901171
        ],
        "L_Elbow": [
            0.8869533684403718,
            0.42794634193114334,
            -1.2115241471387306
        ],
        "L_Wrist": [
            0.7928954070576559,
            -0.26457225857346856,
            -1.0901092707673414
        ],
        "L_Hand": [
            0.7745419067597088,
            -0.4950111886546052,
            -1.0177929720576846
        ],
        "R_Collar": [
            -0.20816769785073116,
            0.4570815651170382,
            -0.48669450366597267
        ],
        "R_Shoulder": [
            -0.47445487248058493,
            0.46412619150079076,
            -0.3867063484041039
        ],
        "R_Elbow": [
            -0.9750843754443065,
            0.5241330544485562,
            -0.9229658734086237
        ],
        "R_Wrist": [
            -1.058571003956369,
            -0.16363450812386132,
            -1.1551307471604246
        ],
        "R_Hand": [
            -1.069313897216573,
            -0.3943934165259638,
            -1.2285735044651023
        ]
    }
}