{
    "joints3D": {
        "Pelvis": [
            0.2434278897805399,
            0.4671876042755047,
            -1.648101100729827
        ],
        "L_Hip": [
            0.47268113490493313,
            0.43017761193334875,
            -1.8817280459668424
        ],
        "L_Knee": [
            0.6768471841610968,
            0.34291663707527054,
            -3.0275229360934586
        ],
        "L_Ankle": [
            0.5829771087046713,
            0.4156879344398118,
            -4.173696915899538
        ],
        "L_Foot": [
            0.7251787403125198,
            0.03640217688330448,
            -4.239958145633485
        ],
        "R_Hip": [
            0.10948529309635006,
            0.4725687753397183,
            -1.941283965986196
        ],
        "R_Knee": [
            -0.04183473151742379,
            -0.08003487509082581,
            -2.949696994073139
        ],
        "R_Ankle": [
            0.3465143725185982,
            0.32752924727949567,
            -3.9435956235805474
        ],
        "R_Foot": [
            0.18358942360143696,
            0.030634175318610863,
            -4.168359935634342
        ],
        "Spine1": [
            0.19304250184114863,
            0.5847046122492223,
            -1.3360942431646292
        ],
        "Spine2": [
            0.15097298502964565,
            0.5339200208810386,
            -0.8874464625621188
        ],
        "Spine3": [
            0.11198041360881171,
            0.4855830647328746,
            -0.7155802213348984
        ],
        "Neck": [
            0.030538826981661295,
            0.5931063631417931,
            -0.08879705718788292
        ],
        "Head": [
            -0.028914548833526014,
            0.4357992067056697,
            0.1422470237822877
        ],
        "L_Collar": [
            0.283567675646607,
            0.5392963864435654,
            -0.3327210716689953
        ],
        "L_Shoulder": [
            0.5452284562578622,
            0.44700033572523784,
            -0.3300093072505881
        ],
        "L_Elbow": [
            0.8874274387203893,
            0.32239288432441315,
            -0.953985717816342
        ],
        "L_Wrist": [
            1.0952195114762022,
            -0.2825584212098536,
            -1.2758693180444551
        ],
        "L_Hand": [
            1.2118762851067142,
            -0.47797610418630987,
            -1.3971789072154641
        ],
        "R_Collar": [
            -0.1283284083294172,
            0.6534685175369431,
            -0.40793428223866096
        ],
        "R_Shoulder": [
            -0.41774617539943076,
            0.6742806003890133,
            -0.47500427295238445
        ],
        "R_Elbow": [
            -0.8349338226955846,
            0.3040814210640546,
            -0.893255471900228
        ],
        "R_Wrist": [
            -0.9390364461047723,
            0.1870754187452311,
            -0.1709271124362172
        ],
        "R_Hand": [
            -0.9939476753493673,
            0.24620462755422895,
            0.07084484233455941
        ]
    },
    "joints2D": {
        "Pelvis": [
            0.27738727075009134,
            0.8865252621305367
        ],
        "L_Hip": [
            0.29840606638958395,
            0.8935063693654143
        ],
        "L_Knee": [
            0.2963737342732541,
            0.9242948790468042
        ],
        "L_Ankle": [
            0.27912234895608096,
            0.9337273334552202
        ],
        "L_Foot": [
            0.28778949653315183,
            0.9550640827401452
        ],
        "R_Hip": [
            0.2599884947893651,
            0.8996767246572577
        ],
        "R_Knee": [
            0.7546169400130134,
            0.9567493363891793
        ],
        "R_Ankle": [
            0.2681109867142794,
            0.9404420286918753
        ],
        "R_Foot": [
            0.2588654402567874,
            0.9615563959691077
        ],
        "Spine1": [
            0.274072240631605,
            0.8493100352258317
        ],
        "Spine2": [
            0.27540376719615123,
            0.8119117852934731
        ],
        "Spine3": [
            0.27205293820537063,
            0.7964939010582128
        ],
        "Neck": [
            0.2565771108117137,
            0.5434321389856638
        ],
        "Head": [
            0.23868745243240713,
            0.39934535099953694
        ],
        "L_Collar": [
            0.3173441011948561,
            0.6585059790355685
        ],
        "L_Shoulder": [
            0.3755091567198015,
            0.6508606972679203
        ],
        "L_Elbow": [
            0.3855104904296381,
            0.7915517354638552
        ],
        "L_Wrist": [
            0.613767063272272,
            0.8178556816434732
        ],
        "L_Hand": [
            0.6206118534073857,
            0.7987601314666501
        ],
        "R_Collar": [
            0.22159827399412574,
            0.6692130381384714
        ],
        "R_Shoulder": [
            0.17131770837047394,
            0.6731264136289582
        ],
        "R_Elbow": [
            0.11153037788184121,
            0.7906593578316253
        ],
        "R_Wrist": [
            0.044397059617988906,
            0.5716372924317337
        ],
        "R_Hand": [
            0.04815148543690098,
            0.4687022921202624
        ]
    }
}