{
    "joints3D": {
        "Pelvis": [
            -0.06759923962892694,
            0.19572688946870542,
            -1.619730635627317
        ],
        "L_Hip": [
            0.13441134239535715,
            0.1812048675429357,
            -1.877063429620471
        ],
        "L_Knee": [
            0.5392817238029215,
            -0.37129111226455597,
            -2.813567887471637
        ],
        "L_Ankle": [
            0.5513766593442301,
            -0.6022770518948972,
            -3.935526611769715
        ],
        "L_Foot": [
            0.8365588477931782,
            -0.882817165677402,
            -4.015946686724038
        ],
        "R_Hip": [
            -0.21547340011197236,
            0.06625728141522867,
            -1.8728733777996216
        ],
        "R_Knee": [
            -0.16812561999614326,
            -0.6107000036381068,
            -2.8050319546423745
        ],
        "R_Ankle": [
            -0.05632461744710384,
            -0.743856586168875,
            -3.9272028509189685
        ],
        "R_Foot": [
            -0.02398043251747357,
            -1.1458705259770972,
            -3.9520315034689375
        ],
        "Spine1": [
            -0.13472506929952296,
            0.3697941621250477,
            -1.3412309779891747
        ],
        "Spine2": [
            -0.130119563271438,
            0.4212819430465992,
            -0.8933954261772998
        ],
        "Spine3": [
            -0.1368102943223607,
            0.4115251348284253,
            -0.7121101322553214
        ],
        "Neck": [
            -0.21896438761920642,
            0.5414711140380528,
            -0.09355679190163321
        ],
        "Head": [
            -0.14788641774886555,
            0.3896569413380178,
            0.13580517389976385
        ],
        "L_Collar": [
            0.011370951916933157,
            0.5838084366285007,
            -0.358307300245008
        ],
        "L_Shoulder": [
            0.27451360218103765,
            0.6657773965764046,
            -0.36965808246473214
        ],
        "L_Elbow": [
            0.4808521318057318,
            0.5417969073616097,
            -1.0463572384881468
        ],
        "L_Wrist": [
            0.7289562327445063,
            0.17372935135003023,
            -1.60288729317685
        ],
        "L_Hand": [
            0.7700606135266516,
            0.10026775883038153,
            -1.8450621033789647
        ],
        "R_Collar": [
            -0.4063060390616355,
            0.48190141778583423,
            -0.39448272108335264
        ],
        "R_Shoulder": [
            -0.6863490656159227,
            0.3983456498119777,
            -0.4419297536550091
        ],
        "R_Elbow": [
            -0.729983946921779,
            0.24297695621281315,
            -1.1159464953971145
        ],
        "R_Wrist": [
            -0.735804541382537,
            -0.21282711121279915,
            -1.6922322829210479
        ],
        "R_Hand": [
            -0.7207191038599179,
            -0.31988087655660086,
            -1.9213987050086103
        ]
    },
    "joints2D": {
        "Pelvis": [
            0.23957447540751814,
            0.9317792297589709
        ],
        "L_Hip": [
            0.26440108185645195,
            0.9374553127727249
        ],
        "L_Knee": [
            0.7106463207741609,
            0.9220959317644126
        ],
        "L_Ankle": [
            0.7217504294237884,
            0.9199487397167211
        ],
        "L_Foot": [
            0.7095304965077345,
            0.8988797424989012
        ],
        "R_Hip": [
            0.22250178716680685,
            0.9516867793396986
        ],
        "R_Knee": [
            0.763613918924033,
            0.9062184138350469
        ],
        "R_Ankle": [
            0.7543481500352189,
            0.9141587210567215
        ],
        "R_Foot": [
            0.7525450880546298,
            0.8883231077830256
        ],
        "Spine1": [
            0.22890105317417841,
            0.890323585034228
        ],
        "Spine2": [
            0.22358206905562372,
            0.8413939111114452
        ],
        "Spine3": [
            0.21800628448552067,
            0.8161987860761011
        ],
        "Neck": [
            0.18941954508148404,
            0.5478899048680804
        ],
        "Head": [
            0.1941550258365632,
            0.3972123163590216
        ],
        "L_Collar": [
            0.25135764911440533,
            0.6684707672522413
        ],
        "L_Shoulder": [
            0.3047420713626007,
            0.6483724038439873
        ],
        "L_Elbow": [
            0.3210548971447601,
            0.8124334917892387
        ],
        "L_Wrist": [
            0.3398562732707463,
            0.8984241534591897
        ],
        "L_Hand": [
            0.33596705193984666,
            0.9157468820296308
        ],
        "R_Collar": [
            0.152321195969434,
            0.6843170841659396
        ],
        "R_Shoulder": [
            0.10454842581501274,
            0.6828410468245146
        ],
        "R_Elbow": [
            0.13401442703947108,
            0.8477491156646902
        ],
        "R_Wrist": [
            0.8383444422203417,
            0.8973891049672333
        ],
        "R_Hand": [
            0.8261065681894558,
            0.8958302945446924
        ]
    }
}