{
    "joints2D": {
        "Pelvis": [
            0.3751184856739282,
            0.8681333037038645
        ],
        "L_Hip": [
            0.610322241607302,
            0.8595236721647809
        ],
        "L_Knee": [
            0.623860247664977,
            0.8568659330900552
        ],
        "L_Ankle": [
            0.6296522172980157,
            0.8743765420575008
        ],
        "L_Foot": [
            0.6425705279777685,
            0.8661669737986483
        ],
        "R_Hip": [
            0.3527171211834867,
            0.8904495337972319
        ],
        "R_Knee": [
            0.6841364915265695,
            0.9196442306823535
        ],
        "R_Ankle": [
            0.6703298290630113,
            0.9029336483443339
        ],
        "R_Foot": [
            0.6883113670958689,
            0.9070478436098347
        ],
        "Spine1": [
            0.3780550119608071,
            0.8264201603030409
        ],
        "Spine2": [
            0.3800362942727638,
            0.7757417247959186
        ],
        "Spine3": [
            0.3794563723903932,
            0.7722351123551229
        ],
        "Neck": [
            0.3459897175265008,
            0.5224384148580274
        ],
        "Head": [
            0.3308514913487198,
            0.39460018383273726
        ],
        "L_Collar": [
            0.41760469278875734,
            0.5997774305878968
        ],
        "L_Shoulder": [
            0.45868215233969006,
            0.5472599941920869
        ],
        "L_Elbow": [
            0.5449442276690024,
            0.7119077433356229
        ],
        "L_Wrist": [
            0.5899686791139165,
            0.7445594953575528
        ],
        "L_Hand": [
            0.5981627561037648,
            0.7437392489208738
        ],
        "R_Collar": [
            0.3250083268387898,
            0.6734724399733452
        ],
        "R_Shoulder": [
            0.28314442959272684,
            0.6975449471248322
        ],
        "R_Elbow": [
            0.3074176495249402,
            0.8079604811520421
        ],
        "R_Wrist": [
            0.28989201774811935,
            0.9027435317618177
        ],
        "R_Hand": [
            0.28371187979623286,
            0.9210779912077662
        ]
    },
    "joints3D": {
        "Pelvis": [
            0.9545344651694934,
            0.11416841635789894,
            -1.3994214849898117
        ],
        "L_Hip": [
            1.2109084850375504,
            -0.05647293889941159,
            -1.5550617049838635
        ],
        "L_Knee": [
            1.7712538240976001,
            -0.30040931590497294,
            -2.497729770323448
        ],
        "L_Ankle": [
            2.295534746022073,
            -0.28646540586786695,
            -3.556229044880094
        ],
        "L_Foot": [
            2.201964967496933,
            -0.6324521927381518,
            -3.733266523273047
        ],
        "R_Hip": [
            0.916100641057608,
            0.16198107042754134,
            -1.7303754276410988
        ],
        "R_Knee": [
            0.8897365946219925,
            -0.2607822300990791,
            -2.7951373815659646
        ],
        "R_Ankle": [
            1.508989280622602,
            -0.4608935721895714,
            -3.777191365682664
        ],
        "R_Foot": [
            1.2400753094740753,
            -0.6078712358729437,
            -4.0298277669618
        ],
        "Spine1": [
            0.8822580534719185,
            0.26046112529765525,
            -1.1219223255470685
        ],
        "Spine2": [
            0.7034216539749404,
            0.3303023947380301,
            -0.7453639294905642
        ],
        "Spine3": [
            0.5879271745946556,
            0.28625803572172415,
            -0.6178647882201074
        ],
        "Neck": [
            0.35114137360651,
            0.48440514337526813,
            -0.04536922606957606
        ],
        "Head": [
            0.20274956391878218,
            0.33254650315624085,
            0.1266194471912149
        ],
        "L_Collar": [
            0.6295382268938912,
            0.2919815251768706,
            -0.19094198167790136
        ],
        "L_Shoulder": [
            0.8427742086288892,
            0.14080072698345703,
            -0.10026538150505422
        ],
        "L_Elbow": [
            1.3356745529435197,
            -0.007834268827192617,
            -0.6944022227745612
        ],
        "L_Wrist": [
            1.597062350675609,
            -0.4610337156784672,
            -1.223485238897619
        ],
        "L_Hand": [
            1.7178963245159256,
            -0.620440693460997,
            -1.3818478402349033
        ],
        "R_Collar": [
            0.3461452857604767,
            0.5669679678476861,
            -0.39930376690359815
        ],
        "R_Shoulder": [
            0.19606652291662996,
            0.742510398805071,
            -0.5690026640813599
        ],
        "R_Elbow": [
            0.48105656751681886,
            0.7262086915829764,
            -1.2713756739802535
        ],
        "R_Wrist": [
            0.3968319826765608,
            0.40105110932998134,
            -1.950267628548105
        ],
        "R_Hand": [
            0.36122768956297396,
            0.31190865359746306,
            -2.1825508266540634
        ]
    }
}