{
    "joints2D": {
        "Pelvis": [
            0.7005307456737238,
            0.8793444620195477
        ],
        "L_Hip": [
            0.6817884390807827,
            0.840562083112187
        ],
        "L_Knee": [
            0.6885239724329468,
            0.8030274598972768
        ],
        "L_Ankle": [
            0.6875300313859203,
            0.8156286737102029
        ],
        "L_Foot": [
            0.6920729446854129,
            0.7902397759587004
        ],
        "R_Hip": [
            0.7190018336251962,
            0.8763120472380258
        ],
        "R_Knee": [
            0.7329343179341101,
            0.7984633067863655
        ],
        "R_Ankle": [
            0.7044104804597502,
            0.8082887608777589
        ],
        "R_Foot": [
            0.7155192886137408,
            0.7951206268930769
        ],
        "Spine1": [
            0.6959194957614117,
            0.9200689000017868
        ],
        "Spine2": [
            0.2931815915865493,
            0.9404268813884483
        ],
        "Spine3": [
            0.2806329568845774,
            0.9402211529715097
        ],
        "Neck": [
            0.24369740731767947,
            0.7203745307815923
        ],
        "Head": [
            0.2154523938937811,
            0.619486262087201
        ],
        "L_Collar": [
            0.32250945258757546,
            0.8136371156993824
        ],
        "L_Shoulder": [
            0.397824412374476,
            0.7658293994657377
        ],
        "L_Elbow": [
            0.6341579950715845,
            0.8147793713417549
        ],
        "L_Wrist": [
            0.6678185832947667,
            0.7289851656748235
        ],
        "L_Hand": [
            0.6755035011107051,
            0.717674706426971
        ],
        "R_Collar": [
            0.22447704709575686,
            0.8310795345830811
        ],
        "R_Shoulder": [
            0.1808781914096801,
            0.8301957844315997
        ],
        "R_Elbow": [
            0.7810411504579883,
            0.9563572410162741
        ],
        "R_Wrist": [
            0.7719301682692354,
            0.869807720542095
        ],
        "R_Hand": [
            0.7672192108660266,
            0.8525081300118527
        ]
    },
    "joints3D": {
        "Pelvis": [
            0.4117504157210422,
            -0.437196579572617,
            -1.5475159533678156
        ],
        "L_Hip": [
            0.6633207407915414,
            -0.6576961952023272,
            -1.6365067953633472
        ],
        "L_Knee": [
            0.9902397769686325,
            -1.4101817871096245,
            -2.4091831534523376
        ],
        "L_Ankle": [
            1.3843746694189814,
            -1.8113574200101865,
            -3.4522908600827282
        ],
        "L_Foot": [
            1.3586024456207009,
            -2.199975394734571,
            -3.356728365715048
        ],
        "R_Hip": [
            0.3130244079271914,
            -0.5873415458461688,
            -1.8333895525434583
        ],
        "R_Knee": [
            0.29094403159550813,
            -1.5994642126052778,
            -2.37801047834983
        ],
        "R_Ankle": [
            0.9875546044864432,
            -1.937205971582089,
            -3.271003555217311
        ],
        "R_Foot": [
            0.8152798672288271,
            -2.277007298823141,
            -3.387630544100509
        ],
        "Spine1": [
            0.36376820641700675,
            -0.1610712429134689,
            -1.387070982167598
        ],
        "Spine2": [
            0.21273751991126627,
            0.060034285822767965,
            -1.0582937311368112
        ],
        "Spine3": [
            0.13009263631587806,
            0.06605955300997449,
            -0.9005949737133377
        ],
        "Neck": [
            -0.019246704846076386,
            0.4973273645007473,
            -0.43425099185415567
        ],
        "Head": [
            -0.09821750296732272,
            0.428967006971666,
            -0.18082150822970589
        ],
        "L_Collar": [
            0.2560779208479251,
            0.2787786765205345,
            -0.5483513959321935
        ],
        "L_Shoulder": [
            0.47667579638957147,
            0.15989014450140765,
            -0.42903568993657987
        ],
        "L_Elbow": [
            0.7282407354634922,
            -0.33813502879534973,
            -0.9864022774236253
        ],
        "L_Wrist": [
            0.8209424370332012,
            -1.0630119562077784,
            -1.1384618503953896
        ],
        "L_Hand": [
            0.8564311827954911,
            -1.2933907324845013,
            -1.2441512152185286
        ],
        "R_Collar": [
            -0.11193861696420535,
            0.3997931810779557,
            -0.7731412110244466
        ],
        "R_Shoulder": [
            -0.3679280601589371,
            0.40737086395628913,
            -0.9037962811838746
        ],
        "R_Elbow": [
            -0.19493875767151153,
            -0.021707119863678563,
            -1.5074804137418905
        ],
        "R_Wrist": [
            -0.20916066577332504,
            -0.6758460829882486,
            -1.8938265106616974
        ],
        "R_Hand": [
            -0.1822150773016599,
            -0.8791332964757849,
            -2.0405215389730906
        ]
    }
}