{
    "joints2D": {
        "Pelvis": [
            0.2753753432948558,
            0.8366180398902481
        ],
        "L_Hip": [
            0.29132390835678484,
            0.8464902926582774
        ],
        "L_Knee": [
            0.28687216098411444,
            0.8704395784725726
        ],
        "L_Ankle": [
            0.28200726559188555,
            0.8731559885464142
        ],
        "L_Foot": [
            0.2824600266545014,
            0.8961322245386429
        ],
        "R_Hip": [
            0.25721702034568317,
            0.8408881064671034
        ],
        "R_Knee": [
            0.25329166363040373,
            0.8659220769776576
        ],
        "R_Ankle": [
            0.25973647036004743,
            0.8684066816174816
        ],
        "R_Foot": [
            0.25045503641559924,
            0.8884890231013272
        ],
        "Spine1": [
            0.27831207549920955,
            0.8086695913448294
        ],
        "Spine2": [
            0.28024277955553784,
            0.7845377091082363
        ],
        "Spine3": [
            0.2813784357379579,
            0.7890779952950558
        ],
        "Neck": [
            0.291273366733873,
            0.616664983643746
        ],
        "Head": [
            0.29616806389741507,
            0.5327500004332654
        ],
        "L_Collar": [
            0.33059105714187487,
            0.7054947981144813
        ],
        "L_Shoulder": [
            0.3708158754826373,
            0.7037353303093373
        ],
        "L_Elbow": [
            0.3324980094909659,
            0.7974036931461093
        ],
        "L_Wrist": [
            0.3133406204870153,
            0.8726549092321533
        ],
        "L_Hand": [
            0.3059965256166237,
            0.8844549394746117
        ],
        "R_Collar": [
            0.24704049875409062,
            0.69422892276168
        ],
        "R_Shoulder": [
            0.2014679363005953,
            0.6832631728904509
        ],
        "R_Elbow": [
            0.22072633637190678,
            0.7766742493930493
        ],
        "R_Wrist": [
            0.22502595897505884,
            0.8577525211493232
        ],
        "R_Hand": [
            0.22739769013150496,
            0.8732621201413603
        ]
    },
    "joints3D": {
        "Pelvis": [
            0.27475245694713224,
            0.8555856133365011,
            -1.7437178803146842
        ],
        "L_Hip": [
            0.49152485681013625,
            0.8637041150623818,
            -2.010705073438138
        ],
        "L_Knee": [
            0.6364507991901757,
            1.0467721568257518,
            -3.106078081081713
        ],
        "L_Ankle": [
            0.749790049612119,
            1.4017024352441065,
            -4.223257919421615
        ],
        "L_Foot": [
            0.7532763153393887,
            1.0685772491240615,
            -4.441976936210805
        ],
        "R_Hip": [
            0.1001665623262853,
            0.9694172878702495,
            -2.006700170386868
        ],
        "R_Knee": [
            0.0789212570629165,
            1.1864570121755922,
            -3.1280905917117696
        ],
        "R_Ankle": [
            0.252907541610052,
            1.5544839237763872,
            -4.229773435187104
        ],
        "R_Foot": [
            0.04096396540029057,
            1.2778906176981717,
            -4.417787585285678
        ],
        "Spine1": [
            0.2712465427475455,
            0.8738701751676914,
            -1.4233307599125375
        ],
        "Spine2": [
            0.22525155055631463,
            0.7482259488705159,
            -1.0237600673362617
        ],
        "Spine3": [
            0.20047157890511408,
            0.6310028885433405,
            -0.8934301721751289
        ],
        "Neck": [
            0.1760652370223212,
            0.5937241782590529,
            -0.24651735061735053
        ],
        "Head": [
            0.13065765180819972,
            0.41198317464462775,
            -0.048752388802806176
        ],
        "L_Collar": [
            0.41407853896950775,
            0.5831859637362837,
            -0.5260308680055726
        ],
        "L_Shoulder": [
            0.6792737639692604,
            0.5244082106992064,
            -0.5739243280726675
        ],
        "L_Elbow": [
            0.7412166365737346,
            0.7346238993384637,
            -1.3263980524962713
        ],
        "L_Wrist": [
            0.706882864023871,
            0.5777800948730559,
            -2.050595452258178
        ],
        "L_Hand": [
            0.682555081719859,
            0.576746297021089,
            -2.3037697007217997
        ],
        "R_Collar": [
            -0.008622421280489989,
            0.7225547051310356,
            -0.5304060955816529
        ],
        "R_Shoulder": [
            -0.28417926329596516,
            0.7919330720302078,
            -0.5601870494738654
        ],
        "R_Elbow": [
            -0.25710545258845885,
            0.99884415753491,
            -1.2866415303234944
        ],
        "R_Wrist": [
            -0.26455704993846674,
            0.8155493920723476,
            -2.019128984247111
        ],
        "R_Hand": [
            -0.2561165786010212,
            0.7761876692385596,
            -2.2664360479107306
        ]
    }
}