{
    "joints3D": {
        "Pelvis": [
            -0.6656234768574132,
            -0.14562427057350663,
            -1.4639725924455351
        ],
        "L_Hip": [
            -0.5726435701285004,
            -0.13655012787016035,
            -1.7534156445667775
        ],
        "L_Knee": [
            -0.5716202875628129,
            -0.4760178560450616,
            -2.7254448686932196
        ],
        "L_Ankle": [
            -1.0115379833621627,
            -0.6031170113207681,
            -3.7291448060269095
        ],
        "L_Foot": [
            -0.7939407546102017,
            -0.8339607624646963,
            -3.922854787294405
        ],
        "R_Hip": [
            -0.8192778749056975,
            -0.3488605472206296,
            -1.621429942009047
        ],
        "R_Knee": [
            -0.7712234104550566,
            -0.8723093564400255,
            -2.5335516655434995
        ],
        "R_Ankle": [
            -0.9822018936478358,
            -1.0985613724854748,
            -3.5941959033334525
        ],
        "R_Foot": [
            -0.7187554018607752,
            -1.3553921814930974,
            -3.6699828959705023
        ],
        "Spine1": [
            -0.7007185348838655,
            0.039732531126602064,
            -1.2087001885978128
        ],
        "Spine2": [
            -0.5740509959535939,
            0.14865285909344328,
            -0.8657333327316291
        ],
        "Spine3": [
            -0.49918012785760524,
            0.1419888884500316,
            -0.7210092150881477
        ],
        "Neck": [
            -0.3712934847900774,
            0.3458671904843485,
            -0.18343879233100932
        ],
        "Head": [
            -0.2534818360566006,
            0.2778298748268814,
            -0.00035295959689423046
        ],
        "L_Collar": [
            -0.26143314603598394,
            0.38849350610160227,
            -0.5002513939726123
        ],
        "L_Shoulder": [
            -0.0743671978937602,
            0.5066041881573735,
            -0.656222706364273
        ],
        "L_Elbow": [
            -0.19531951128927316,
            0.3154038407586725,
            -1.335483013698954
        ],
        "L_Wrist": [
            -0.18280705474244205,
            0.07563970434449825,
            -1.9863703577495144
        ],
        "L_Hand": [
            -0.25905609519033007,
            0.02889842634221827,
            -2.2096857962831638
        ],
        "R_Collar": [
            -0.6287717968486665,
            0.18554879234284732,
            -0.33669361542194765
        ],
        "R_Shoulder": [
            -0.8689023673727024,
            0.041386812581575616,
            -0.26598347470831096
        ],
        "R_Elbow": [
            -1.088397263040801,
            -0.24253029771971604,
            -0.8640260293564913
        ],
        "R_Wrist": [
            -1.1752604452236677,
            -0.6584386667753246,
            -1.4282092201724212
        ],
        "R_Hand": [
            -1.2015134151953757,
            -0.747079046537739,
            -1.6481634542692771
        ]
    },
    "joints2D": {
        "Pelvis": [
            0.8429973246374141,
            0.9003826972834675
        ],
        "L_Hip": [
            0.8207690973625505,
            0.9223473107312606
        ],
        "L_Knee": [
            0.7946424724230425,
            0.9100305459698825
        ],
        "L_Ankle": [
            0.8070690337925359,
            0.9080470516236491
        ],
        "L_Foot": [
            0.7922212897616717,
            0.9010860965325059
        ],
        "R_Hip": [
            0.8452148570774451,
            0.8687834023536914
        ],
        "R_Knee": [
            0.8068492591849528,
            0.8618675208094216
        ],
        "R_Ankle": [
            0.8027367188067612,
            0.8733003735520475
        ],
        "R_Foot": [
            0.787191558785211,
            0.86320958321701
        ],
        "Spine1": [
            0.1334950540615743,
            0.894524261395449
        ],
        "Spine2": [
            0.13010041814167386,
            0.8548285312830215
        ],
        "Spine3": [
            0.1279412183682415,
            0.8459578439327288
        ],
        "Neck": [
            0.1270244714362304,
            0.6174530176595396
        ],
        "Head": [
            0.13369453606334203,
            0.4976027228752648
        ],
        "L_Collar": [
            0.17934570015440798,
            0.7624763924185504
        ],
        "L_Shoulder": [
            0.23266199536173438,
            0.7792882694081658
        ],
        "L_Elbow": [
            0.2193045538822689,
            0.8984584222665942
        ],
        "L_Wrist": [
            0.22771585947296757,
            0.9520318357504015
        ],
        "L_Hand": [
            0.22167183179864738,
            0.957368756303063
        ],
        "R_Collar": [
            0.07292574794828896,
            0.6854663226171548
        ],
        "R_Shoulder": [
            0.03126695328774126,
            0.6303654207088123
        ],
        "R_Elbow": [
            0.9161435387594863,
            0.7589120679435778
        ],
        "R_Wrist": [
            0.870331370359138,
            0.7864404232985637
        ],
        "R_Hand": [
            0.8609073314861919,
            0.7978269984015678
        ]
    }
}