{
    "joints3D": {
        "Pelvis": [
            -0.4261516227528068,
            -0.05204435821304592,
            -1.5372748445179845
        ],
        "L_Hip": [
            -0.3486780797518561,
            0.009726404440114068,
            -1.823339962725461
        ],
        "L_Knee": [
            -0.3331745145399735,
            -0.08862544762486667,
            -2.843331620618092
        ],
        "L_Ankle": [
            -1.2037575173515542,
            0.060309753944544964,
            -3.4958379923143714
        ],
        "L_Foot": [
            -1.2440260996439676,
            0.022463392414383367,
            -3.8616687415020396
        ],
        "R_Hip": [
            -0.5444202200651392,
            -0.2592628850137546,
            -1.7160273771076406
        ],
        "R_Knee": [
            -0.3848112575573386,
            -0.8247811487895935,
            -2.5836440403587466
        ],
        "R_Ankle": [
            -0.33277686596380546,
            -0.7902710056581776,
            -3.6815979573714954
        ],
        "R_Foot": [
            -0.18872999812953598,
            -1.135318890820444,
            -3.681437553424513
        ],
        "Spine1": [
            -0.48494693909119185,
            0.08985818166185702,
            -1.2611778310450021
        ],
        "Spine2": [
            -0.39268629402458777,
            0.15144637929641264,
            -0.898016259817199
        ],
        "Spine3": [
            -0.33595094114275237,
            0.1442248208485503,
            -0.7460997296732608
        ],
        "Neck": [
            -0.3952762862153044,
            0.3448079436830943,
            -0.19842425533612357
        ],
        "Head": [
            -0.34058971854225145,
            0.2334556331256657,
            -0.008269053212152346
        ],
        "L_Collar": [
            -0.22810660706033947,
            0.42884980162121494,
            -0.47805476764703075
        ],
        "L_Shoulder": [
            -0.030714382960768005,
            0.5929976799094749,
            -0.5598249789471071
        ],
        "L_Elbow": [
            0.22495594366605193,
            0.5319079695896871,
            -1.222208114241405
        ],
        "L_Wrist": [
            0.7896687873309124,
            0.28700663153078215,
            -1.5352232061200866
        ],
        "L_Hand": [
            0.9807614800991004,
            0.23070994670424674,
            -1.6680706617774292
        ],
        "R_Collar": [
            -0.5591463107854615,
            0.13495443810712313,
            -0.40705378186636265
        ],
        "R_Shoulder": [
            -0.7377790485170527,
            -0.08554071048729736,
            -0.36071392581459816
        ],
        "R_Elbow": [
            -0.7977725479447838,
            -0.5008671871682728,
            -0.9137571087430502
        ],
        "R_Wrist": [
            -0.5438972656765871,
            -1.0728511683274737,
            -1.2340786316745822
        ],
        "R_Hand": [
            -0.47417958964133894,
            -1.2653110467841184,
            -1.35449251452345
        ]
    },
    "joints2D": {
        "Pelvis": [
            0.8125420766704133,
            0.9387014254741888
        ],
        "L_Hip": [
            0.2049454938412373,
            0.9542790310520151
        ],
        "L_Knee": [
            0.7780393743727516,
            0.9526716865218263
        ],
        "L_Ankle": [
            0.1733736387061774,
            0.9344529878627149
        ],
        "L_Foot": [
            0.17731950359587076,
            0.9400726251274399
        ],
        "R_Hip": [
            0.8161892232059136,
            0.9059777895661846
        ],
        "R_Knee": [
            0.7796820316417052,
            0.8776114935465702
        ],
        "R_Ankle": [
            0.7698396732593729,
            0.9062024367722367
        ],
        "R_Foot": [
            0.7612522212080479,
            0.8832561887108549
        ],
        "Spine1": [
            0.16804275249223047,
            0.916500047226566
        ],
        "Spine2": [
            0.16329880424978832,
            0.887614300469392
        ],
        "Spine3": [
            0.16235102790807068,
            0.8805597128236361
        ],
        "Neck": [
            0.12287118972833856,
            0.62355297809149
        ],
        "Head": [
            0.09876692066607118,
            0.5045600993909517
        ],
        "L_Collar": [
            0.1892328631108046,
            0.74629327031427
        ],
        "L_Shoulder": [
            0.2421942822130505,
            0.7322998014865598
        ],
        "L_Elbow": [
            0.28094428889431794,
            0.8482932926858177
        ],
        "L_Wrist": [
            0.3453719533639535,
            0.8733976065153276
        ],
        "L_Hand": [
            0.35894857456233725,
            0.8725019152430282
        ],
        "R_Collar": [
            0.08071328778922199,
            0.7417829582570189
        ],
        "R_Shoulder": [
            0.9486549608830713,
            0.6902062503280434
        ],
        "R_Elbow": [
            0.8699189458424752,
            0.7688769915929702
        ],
        "R_Wrist": [
            0.8075172258794431,
            0.752125008219439
        ],
        "R_Hand": [
            0.7948360718149422,
            0.7456685867093119
        ]
    }
}