{
    "joints3D": {
        "Pelvis": [
            0.28709425915177467,
            0.4547251709170305,
            -1.506414530718936
        ],
        "L_Hip": [
            0.49985293347655285,
            0.4363587282645183,
            -1.7541978840464567
        ],
        "L_Knee": [
            0.8769904529793425,
            0.5329468878712994,
            -2.8078846577962167
        ],
        "L_Ankle": [
            0.9901262513020571,
            0.7125508307836054,
            -3.9831825229731725
        ],
        "L_Foot": [
            1.2435397890961173,
            0.4262668078334432,
            -4.077733040034652
        ],
        "R_Hip": [
            0.11842396735736203,
            0.44174394413920426,
            -1.7811815568795408
        ],
        "R_Knee": [
            -0.042141848662401664,
            0.5798243670227612,
            -2.9064188396276998
        ],
        "R_Ankle": [
            0.046001835302201755,
            0.7608365589151724,
            -4.0839976208005
        ],
        "R_Foot": [
            -0.1222993911529399,
            0.4197955025175082,
            -4.203372944873592
        ],
        "Spine1": [
            0.25989406302492907,
            0.5795039026252158,
            -1.198473506417791
        ],
        "Spine2": [
            0.24855090090954007,
            0.5988450515313899,
            -0.8064894431768267
        ],
        "Spine3": [
            0.22423686891628425,
            0.5267147628598154,
            -0.6557697986111081
        ],
        "Neck": [
            0.14421010554424502,
            0.5807906802596896,
            -0.06720103996890243
        ],
        "Head": [
            0.11136544028444888,
            0.40889822458420266,
            0.09078916387264023
        ],
        "L_Collar": [
            0.4019014668068556,
            0.5613687433993413,
            -0.2821193915090121
        ],
        "L_Shoulder": [
            0.6663502091540396,
            0.5175680284166498,
            -0.29079055612470184
        ],
        "L_Elbow": [
            0.86004309167336,
            0.5052567545607467,
            -1.0249492498337343
        ],
        "L_Wrist": [
            1.0091857586811923,
            0.24663406819130998,
            -1.6957247700865843
        ],
        "L_Hand": [
            1.0984226279072264,
            0.19370268126299459,
            -1.9241542402756453
        ],
        "R_Collar": [
            -0.03636080437137904,
            0.6306241964426708,
            -0.3500030617828718
        ],
        "R_Shoulder": [
            -0.3153665081229184,
            0.6504936092641381,
            -0.4270369394723386
        ],
        "R_Elbow": [
            -0.3208813196180541,
            0.6503260796887473,
            -1.1665775621357108
        ],
        "R_Wrist": [
            -0.43890983324732646,
            0.3830263577263984,
            -1.8635935391191707
        ],
        "R_Hand": [
            -0.4777209204543792,
            0.3191374326584271,
            -2.102799312034826
        ]
    },
    "joints2D": {
        "Pelvis": [
            0.2850893979853566,
            0.8797767626003727
        ],
        "L_Hip": [
            0.3039992478607488,
            0.8858320434268879
        ],
        "L_Knee": [
            0.3111080201356753,
            0.8972854417658315
        ],
        "L_Ankle": [
            0.2994251987020346,
            0.9058800379107464
        ],
        "L_Foot": [
            0.31286213697785487,
            0.9184599821423858
        ],
        "R_Hip": [
            0.2619722229604453,
            0.8982957971392738
        ],
        "R_Knee": [
            0.24563805256232207,
            0.9115362708669593
        ],
        "R_Ankle": [
            0.25099378071532497,
            0.9149836775656087
        ],
        "R_Foot": [
            0.2422376297289317,
            0.9374652193706902
        ],
        "Spine1": [
            0.2853423338937978,
            0.8357683059613462
        ],
        "Spine2": [
            0.2920763945733698,
            0.779155992394093
        ],
        "Spine3": [
            0.29477281891964796,
            0.7671013424890056
        ],
        "Neck": [
            0.2863064630803436,
            0.5323860825869792
        ],
        "Head": [
            0.2893470898237249,
            0.43091293029817934
        ],
        "L_Collar": [
            0.34007782553110044,
            0.625652459758292
        ],
        "L_Shoulder": [
            0.38360123717750755,
            0.6150737442966112
        ],
        "L_Elbow": [
            0.3672799785832158,
            0.7800559286283562
        ],
        "L_Wrist": [
            0.35955747413527483,
            0.8700252775131234
        ],
        "L_Hand": [
            0.35861025559299026,
            0.8825573079982232
        ],
        "R_Collar": [
            0.24046369932909978,
            0.6547151432112043
        ],
        "R_Shoulder": [
            0.18541718353421832,
            0.668505832200091
        ],
        "R_Elbow": [
            0.2046906464307779,
            0.8168515473185656
        ],
        "R_Wrist": [
            0.20117063530195692,
            0.9003997203676318
        ],
        "R_Hand": [
            0.20126250182677868,
            0.9143801611810326
        ]
    }
}