{
    "joints3D": {
        "Pelvis": [
            0.11584858609614868,
            0.3243901786415776,
            -2.240453504054926
        ],
        "L_Hip": [
            0.31811288431694196,
            0.23905717114398153,
            -2.598171961819546
        ],
        "L_Knee": [
            0.4746587270398707,
            0.018397053156823776,
            -4.0138504224195755
        ],
        "L_Ankle": [
            0.6317273151213304,
            0.5407504189801275,
            -5.445891332622332
        ],
        "L_Foot": [
            0.7456490933370711,
            0.4754332431992528,
            -5.933872586388406
        ],
        "R_Hip": [
            -0.1589794945085269,
            0.34289469591551563,
            -2.549537015326929
        ],
        "R_Knee": [
            -0.4986117532988536,
            0.017837455284972978,
            -3.9414104565230903
        ],
        "R_Ankle": [
            -0.5238383811985519,
            -0.2602750413302534,
            -5.44861720511094
        ],
        "R_Foot": [
            -0.8521585927603694,
            -0.6362886848095707,
            -5.559941701740151
        ],
        "Spine1": [
            0.1833865278168955,
            0.4976869491751202,
            -1.8552611544492545
        ],
        "Spine2": [
            0.22082923836497353,
            0.4794981798587604,
            -1.353212459168617
        ],
        "Spine3": [
            0.21198903823951137,
            0.45027048635817757,
            -1.1387261235433557
        ],
        "Neck": [
            0.24705269773877514,
            0.6556411381308761,
            -0.4023469276530477
        ],
        "Head": [
            0.23180907916751767,
            0.4944676144046914,
            -0.14680185916059316
        ],
        "L_Collar": [
            0.5169243391026105,
            0.5113169482067883,
            -0.7061994841023094
        ],
        "L_Shoulder": [
            0.6555627846810537,
            0.3192781332689219,
            -0.4565711222656987
        ],
        "L_Elbow": [
            0.4792323510591259,
            -0.5153898952731498,
            0.014167200256872424
        ],
        "L_Wrist": [
            0.12610759637994737,
            -1.146916260585457,
            0.6174508072927863
        ],
        "L_Hand": [
            -0.0023341781819432184,
            -1.1131462950553583,
            0.9106896807587569
        ],
        "R_Collar": [
            -0.019871379148091364,
            0.7171415937666096,
            -0.7405832271641922
        ],
        "R_Shoulder": [
            -0.2785966719973785,
            0.6755949555057948,
            -0.4761780518895079
        ],
        "R_Elbow": [
            -0.6690308249569277,
            -0.02893875189209967,
            0.025463793633417275
        ],
        "R_Wrist": [
            -0.7515271935453129,
            -0.7143026206991102,
            0.7065366638769006
        ],
        "R_Hand": [
            -0.6000124698661949,
            -0.7612638165516818,
            0.9862479760306391
        ]
    },
    "joints2D": {
        "Pelvis": [
            0.25970790334238636,
            0.925327547884729
        ],
        "L_Hip": [
            0.2755361398811179,
            0.93660720726002
        ],
        "L_Knee": [
            0.2759723058506957,
            0.9595201940512815
        ],
        "L_Ankle": [
            0.2740308380985673,
            0.9350304738989408
        ],
        "L_Foot": [
            0.2764272818834105,
            0.9395240111400993
        ],
        "R_Hip": [
            0.23521923546650242,
            0.9277791521774531
        ],
        "R_Knee": [
            0.21943145977871512,
            0.9590767242832313
        ],
        "R_Ankle": [
            0.7730890551037862,
            0.949331998854494
        ],
        "R_Foot": [
            0.7844516144853539,
            0.9291146667563271
        ],
        "Spine1": [
            0.26816240872784686,
            0.8922597870013869
        ],
        "Spine2": [
            0.2789227309350716,
            0.8684037885055077
        ],
        "Spine3": [
            0.2821716812550218,
            0.8575079904754365
        ],
        "Neck": [
            0.29942820783096535,
            0.6627044378720257
        ],
        "Head": [
            0.3151910648282408,
            0.5815729100100109
        ],
        "L_Collar": [
            0.34346426421000137,
            0.7563685919634267
        ],
        "L_Shoulder": [
            0.39788867409435363,
            0.7051712829544523
        ],
        "L_Elbow": [
            0.6349717157052874,
            0.4904012800518073
        ],
        "L_Wrist": [
            0.7357255207166882,
            0.34419561375551305
        ],
        "L_Hand": [
            0.751631959151403,
            0.2840527440682856
        ],
        "R_Collar": [
            0.2453023849463443,
            0.7461579068983974
        ],
        "R_Shoulder": [
            0.19487344781600846,
            0.6810828888212983
        ],
        "R_Elbow": [
            0.9788307666701148,
            0.47996710795130365
        ],
        "R_Wrist": [
            0.8600534259343535,
            0.2929072706529037
        ],
        "R_Hand": [
            0.8306500179306967,
            0.236618339063305
        ]
    }
}