{
    "joints3D": {
        "Pelvis": [
            -0.08009707419281664,
            0.2598728919876745,
            -1.8385726885135119
        ],
        "L_Hip": [
            0.08864899628219249,
            0.2367384126386735,
            -2.1214202161760647
        ],
        "L_Knee": [
            0.29714971296038345,
            -0.11874152936021062,
            -3.216244807720597
        ],
        "L_Ankle": [
            0.2356021520381405,
            -0.10811230986747428,
            -4.3695430853941994
        ],
        "L_Foot": [
            0.43489729574024677,
            -0.43590144571791434,
            -4.518165227099207
        ],
        "R_Hip": [
            -0.2812730749208899,
            0.23014020580168792,
            -2.089676921016151
        ],
        "R_Knee": [
            -0.5644500722255068,
            -0.10680745366751117,
            -3.165640852827838
        ],
        "R_Ankle": [
            -0.6614798501115627,
            -0.04605099541209565,
            -4.304815484479878
        ],
        "R_Foot": [
            -0.7736991964512159,
            -0.4298229666893185,
            -4.382947509366679
        ],
        "Spine1": [
            -0.0684340785241917,
            0.38999311599888625,
            -1.5268692810258995
        ],
        "Spine2": [
            -0.006163335461841125,
            0.3952509499574631,
            -1.076663986523642
        ],
        "Spine3": [
            0.002552540913384316,
            0.37883206497127137,
            -0.894442992524635
        ],
        "Neck": [
            0.03977797846362873,
            0.6054572492879848,
            -0.29426098173321397
        ],
        "Head": [
            0.06924255159029036,
            0.49335360215948615,
            -0.032333485277585644
        ],
        "L_Collar": [
            0.23896877562932312,
            0.5428064243857291,
            -0.5830585275405613
        ],
        "L_Shoulder": [
            0.5068390155797744,
            0.5594130350662425,
            -0.6559976440990797
        ],
        "L_Elbow": [
            0.7009546829864806,
            0.43724132203318505,
            -1.3428707896181007
        ],
        "L_Wrist": [
            0.806783361052676,
            0.19158439956850576,
            -2.0088962283512473
        ],
        "L_Hand": [
            0.8885731196703137,
            0.0835897875788164,
            -2.2290548447188594
        ],
        "R_Collar": [
            -0.19506090016804975,
            0.5674595924359953,
            -0.5676580190659409
        ],
        "R_Shoulder": [
            -0.49107710845331615,
            0.5897347692746839,
            -0.5990415045760581
        ],
        "R_Elbow": [
            -0.7752802038263004,
            0.4365178295411162,
            -1.2187515559577995
        ],
        "R_Wrist": [
            -1.0328283858271048,
            0.1754625958937021,
            -1.8624484373149222
        ],
        "R_Hand": [
            -1.133456508492692,
            0.0855097799870971,
            -2.0793581403832153
        ]
    },
    "joints2D": {
        "Pelvis": [
            0.23929455548307854,
            0.9263788612691498
        ],
        "L_Hip": [
            0.25777021760566543,
            0.9342026404859783
        ],
        "L_Knee": [
            0.7303381722147484,
            0.9523202305573468
        ],
        "L_Ankle": [
            0.7389711965304777,
            0.9567666215901669
        ],
        "L_Foot": [
            0.730214460132455,
            0.9366192089206856
        ],
        "R_Hip": [
            0.21943250963033667,
            0.9312874933011421
        ],
        "R_Knee": [
            0.7915486752998186,
            0.9480825915719912
        ],
        "R_Ankle": [
            0.7865847308718116,
            0.9557745244955191
        ],
        "R_Foot": [
            0.7897093492314553,
            0.9317897203971547
        ],
        "Spine1": [
            0.23968808959515722,
            0.8968025223727377
        ],
        "Spine2": [
            0.24757735339001177,
            0.8690026576198788
        ],
        "Spine3": [
            0.24915210104596938,
            0.8552620047267424
        ],
        "Neck": [
            0.25813739291960414,
            0.6377788557994097
        ],
        "Head": [
            0.270280156498537,
            0.5174915551128427
        ],
        "L_Collar": [
            0.2992065086394656,
            0.7440301051535391
        ],
        "L_Shoulder": [
            0.34094862231217504,
            0.7362278408358826
        ],
        "L_Elbow": [
            0.33919314123666316,
            0.8442363266912203
        ],
        "L_Wrist": [
            0.33125391901893253,
            0.9086945887604836
        ],
        "L_Hand": [
            0.333343276737125,
            0.9222455920045823
        ],
        "R_Collar": [
            0.2076010615214522,
            0.7361497822269321
        ],
        "R_Shoulder": [
            0.15833118142412142,
            0.7176126179076688
        ],
        "R_Elbow": [
            0.14453106107493413,
            0.8246081881539153
        ],
        "R_Wrist": [
            0.14074496854190657,
            0.8864108797061666
        ],
        "R_Hand": [
            0.1392430557936946,
            0.8986709936407571
        ]
    }
}