{
    "joints2D": {
        "Pelvis": [
            0.19281802662564812,
            0.8971206324505655
        ],
        "L_Hip": [
            0.20999038733368505,
            0.9111479228788663
        ],
        "L_Knee": [
            0.20479243401061192,
            0.9378658301565218
        ],
        "L_Ankle": [
            0.1996910806076031,
            0.8767837282257337
        ],
        "L_Foot": [
            0.2004577811038765,
            0.8825970150635796
        ],
        "R_Hip": [
            0.1669454144236158,
            0.8928024888457646
        ],
        "R_Knee": [
            0.8347712315912075,
            0.9130408109874929
        ],
        "R_Ankle": [
            0.8245117724453359,
            0.9363041297677419
        ],
        "R_Foot": [
            0.824545889492028,
            0.9132860383156086
        ],
        "Spine1": [
            0.19957035416118876,
            0.868361275229398
        ],
        "Spine2": [
            0.2114459418503897,
            0.8532180097782153
        ],
        "Spine3": [
            0.21396565370483206,
            0.8640051793132102
        ],
        "Neck": [
            0.24333074499591612,
            0.6327002530743757
        ],
        "Head": [
            0.25809623635861045,
            0.5579503501206162
        ],
        "L_Collar": [
            0.2777560683657069,
            0.7738511767683781
        ],
        "L_Shoulder": [
            0.3283671519120386,
            0.7559003240464407
        ],
        "L_Elbow": [
            0.33148465971782637,
            0.8356081333689759
        ],
        "L_Wrist": [
            0.6505135515477382,
            0.9038631134444783
        ],
        "L_Hand": [
            0.6659690722838496,
            0.9050239238004312
        ],
        "R_Collar": [
            0.18076722470626155,
            0.7284134272427031
        ],
        "R_Shoulder": [
            0.13740193835674655,
            0.6615847623761085
        ],
        "R_Elbow": [
            0.14295157904504163,
            0.7618727453583791
        ],
        "R_Wrist": [
            0.10138909354861479,
            0.8172585323044429
        ],
        "R_Hand": [
            0.10552746181979064,
            0.8448774839724702
        ]
    },
    "joints3D": {
        "Pelvis": [
            -0.49982875000686605,
            0.3647494871723128,
            -1.7900287100056427
        ],
        "L_Hip": [
            -0.4024197385755773,
            0.38058357081761957,
            -2.1545099625731283
        ],
        "L_Knee": [
            -0.6567996902034178,
            0.22265149439608986,
            -3.2996850447790536
        ],
        "L_Ankle": [
            -1.0397416156016246,
            1.192458055782453,
            -4.0304525392659105
        ],
        "L_Foot": [
            -1.1085902557921428,
            1.2147449763607514,
            -4.432591968764513
        ],
        "R_Hip": [
            -0.8150042046296352,
            0.31416305340341344,
            -1.9728677026224766
        ],
        "R_Knee": [
            -1.1964885393114904,
            -0.2278431259268033,
            -2.9818654868047845
        ],
        "R_Ankle": [
            -1.4082632420507608,
            -0.06595502693822679,
            -4.225781728519374
        ],
        "R_Foot": [
            -1.525224903660859,
            -0.4476488568025929,
            -4.334766491068608
        ],
        "Spine1": [
            -0.39124936828535994,
            0.4873350917468221,
            -1.4793303707519962
        ],
        "Spine2": [
            -0.22571134284066055,
            0.4415134177688757,
            -1.0799552948087485
        ],
        "Spine3": [
            -0.17497923241973112,
            0.339983508501745,
            -0.9252722404304158
        ],
        "Neck": [
            -0.021601266732171914,
            0.5915805621630822,
            -0.2754128579144065
        ],
        "Head": [
            0.025984032258346234,
            0.42113978590357615,
            -0.08336350533400048
        ],
        "L_Collar": [
            0.13235782928855983,
            0.4968160661813189,
            -0.628650386743128
        ],
        "L_Shoulder": [
            0.4020044261854333,
            0.5099175690290413,
            -0.6520185701208507
        ],
        "L_Elbow": [
            0.6852054422650041,
            0.5405242130156541,
            -1.3991616450585806
        ],
        "L_Wrist": [
            0.8700587700307004,
            -0.09514888041509009,
            -1.7539215052034667
        ],
        "L_Hand": [
            0.82947313114572,
            -0.20052467390071546,
            -1.9803955796747068
        ],
        "R_Collar": [
            -0.3123886211201218,
            0.5264942945261821,
            -0.5318866796100397
        ],
        "R_Shoulder": [
            -0.5688794830691112,
            0.5699861723167116,
            -0.4201216153118629
        ],
        "R_Elbow": [
            -0.8943108212536114,
            0.7246290471375536,
            -1.1194362637264539
        ],
        "R_Wrist": [
            -1.3736395901405458,
            0.2448815454468632,
            -1.4924448134777208
        ],
        "R_Hand": [
            -1.4145970238641727,
            0.13840367821152363,
            -1.7178864999753662
        ]
    }
}