{
    "joints2D": {
        "Pelvis": [
            0.24422905040843848,
            0.9126973864940406
        ],
        "L_Hip": [
            0.25991491951363715,
            0.9293133586929608
        ],
        "L_Knee": [
            0.7568862009377767,
            0.9474712733963045
        ],
        "L_Ankle": [
            0.23165545600664683,
            0.9602406313403072
        ],
        "L_Foot": [
            0.7656805314535607,
            0.9453688163752538
        ],
        "R_Hip": [
            0.21599704261216315,
            0.9096304916035683
        ],
        "R_Knee": [
            0.20968597917656576,
            0.9221550339594525
        ],
        "R_Ankle": [
            0.22454773639743406,
            0.9099704451424138
        ],
        "R_Foot": [
            0.21377270199435047,
            0.9269388470014657
        ],
        "Spine1": [
            0.2566406748108488,
            0.8805935514622417
        ],
        "Spine2": [
            0.27514416853949614,
            0.8647011419469427
        ],
        "Spine3": [
            0.28372432629963257,
            0.8716306093260032
        ],
        "Neck": [
            0.32515754585703643,
            0.6117770063149424
        ],
        "Head": [
            0.35589505946159244,
            0.5233962946071442
        ],
        "L_Collar": [
            0.35305203593271406,
            0.7485849554705549
        ],
        "L_Shoulder": [
            0.3927989141463463,
            0.7115700601303885
        ],
        "L_Elbow": [
            0.4251150290439934,
            0.7719991757596678
        ],
        "L_Wrist": [
            0.5501081568736154,
            0.6315550690460429
        ],
        "L_Hand": [
            0.5542434946801262,
            0.5924634861664736
        ],
        "R_Collar": [
            0.25605250893843134,
            0.7379435277672873
        ],
        "R_Shoulder": [
            0.20036678757296847,
            0.6731602605381171
        ],
        "R_Elbow": [
            0.12832268266459299,
            0.7494460732446172
        ],
        "R_Wrist": [
            0.04232192222333492,
            0.6375990421582077
        ],
        "R_Hand": [
            0.021752288467212305,
            0.6056119306864428
        ]
    },
    "joints3D": {
        "Pelvis": [
            -0.03822609059436187,
            0.350648539532337,
            -1.7994978471889371
        ],
        "L_Hip": [
            0.11179570126853351,
            0.2774180896680244,
            -2.1421336436955025
        ],
        "L_Knee": [
            -0.07908859884323678,
            -0.1997761887204672,
            -3.220692596985865
        ],
        "L_Ankle": [
            -0.3271540492385847,
            0.041670889174093756,
            -4.458375840095729
        ],
        "L_Foot": [
            -0.29827971873826076,
            -0.313434003982557,
            -4.66612764769384
        ],
        "R_Hip": [
            -0.3223553631334934,
            0.38591132238915904,
            -2.035925220310532
        ],
        "R_Knee": [
            -0.5911143960350023,
            0.4321196767717119,
            -3.223541402203786
        ],
        "R_Ankle": [
            -0.5171199998350929,
            0.8689409137259616,
            -4.428757383603319
        ],
        "R_Foot": [
            -0.7437111999236442,
            0.5533074963468562,
            -4.582061438910024
        ],
        "Spine1": [
            0.061875296035410865,
            0.4736815436575775,
            -1.48245903642854
        ],
        "Spine2": [
            0.15297686365496815,
            0.3954881879270424,
            -1.0603860484474918
        ],
        "Spine3": [
            0.16729438931851576,
            0.2999597268264897,
            -0.8925445510949945
        ],
        "Neck": [
            0.31043360329365227,
            0.5494691713980457,
            -0.23225728099578766
        ],
        "Head": [
            0.3077690045631092,
            0.3719017295755745,
            -0.03746714094032699
        ],
        "L_Collar": [
            0.4751241651762077,
            0.41521277817245555,
            -0.5717794325632759
        ],
        "L_Shoulder": [
            0.7468976789057152,
            0.38932121179094525,
            -0.5551243542360278
        ],
        "L_Elbow": [
            1.3356466531686182,
            0.12465132581383478,
            -1.0396002691073523
        ],
        "L_Wrist": [
            1.7749402543989865,
            -0.3013705692424086,
            -0.5921116941588325
        ],
        "L_Hand": [
            1.9273326986912664,
            -0.4624555340291246,
            -0.46532488751502943
        ],
        "R_Collar": [
            0.03162792319716391,
            0.5241838205177325,
            -0.5135201013479858
        ],
        "R_Shoulder": [
            -0.21750811691753427,
            0.600677285423002,
            -0.3962216446261372
        ],
        "R_Elbow": [
            -0.8433186378038139,
            0.5657597051491658,
            -0.8837125394736706
        ],
        "R_Wrist": [
            -1.371791555699784,
            0.16959230129519556,
            -0.4664731363767383
        ],
        "R_Hand": [
            -1.534618526941995,
            0.0007606394787045675,
            -0.36635573540855737
        ]
    }
}