{
    "joints3D": {
        "Pelvis": [
            -0.5553552215524907,
            0.6909449767378794,
            -1.843311032316949
        ],
        "L_Hip": [
            -0.42373809267864976,
            0.7500544174487921,
            -2.211311742641609
        ],
        "L_Knee": [
            -0.3823255631254286,
            0.7051866162370772,
            -3.448863414649706
        ],
        "L_Ankle": [
            -0.8604556486042082,
            1.6072603040724145,
            -4.305665184005772
        ],
        "L_Foot": [
            -0.7648245412183613,
            1.3162513529622129,
            -4.604178775679843
        ],
        "R_Hip": [
            -0.87364476278198,
            0.7042594932317046,
            -2.059643012062511
        ],
        "R_Knee": [
            -1.6315030263206636,
            0.49827305357736307,
            -3.0496797597802967
        ],
        "R_Ankle": [
            -1.846595563567139,
            1.4537918539798163,
            -3.951953867003451
        ],
        "R_Foot": [
            -2.071432123913074,
            1.1350126958644635,
            -4.140307024126237
        ],
        "Spine1": [
            -0.45367020627868565,
            0.7574852056682917,
            -1.4963297690236461
        ],
        "Spine2": [
            -0.2964880660293766,
            0.6485067968693901,
            -1.0833869737623856
        ],
        "Spine3": [
            -0.2479586422892537,
            0.5067154291073034,
            -0.9496923163226247
        ],
        "Neck": [
            -0.014357206339482358,
            0.5668896463463017,
            -0.24278777031791465
        ],
        "Head": [
            0.07015236132910174,
            0.39050104353000875,
            -0.051806141610713424
        ],
        "L_Collar": [
            0.10832913798400003,
            0.5682638521186427,
            -0.6396336878940446
        ],
        "L_Shoulder": [
            0.3795718456003975,
            0.48565815000467766,
            -0.6475662579299641
        ],
        "L_Elbow": [
            0.7965115107582149,
            -0.065145451699706,
            -1.1201889946347847
        ],
        "L_Wrist": [
            0.8955661401965647,
            -0.7496804105412646,
            -0.7463831104277958
        ],
        "L_Hand": [
            0.9421769775219538,
            -0.9877305012021874,
            -0.639917838240052
        ],
        "R_Collar": [
            -0.344171746698504,
            0.5854472910479259,
            -0.4882544136413033
        ],
        "R_Shoulder": [
            -0.5647932233137731,
            0.48338080598366345,
            -0.3186750444277729
        ],
        "R_Elbow": [
            -1.0603532385487808,
            -0.15829478923017765,
            -0.4629075298238413
        ],
        "R_Wrist": [
            -0.9391572276325949,
            -0.8641185868431905,
            -0.08403385201985437
        ],
        "R_Hand": [
            -0.9290327269178648,
            -1.1038541674569295,
            0.027219768162634602
        ]
    },
    "joints2D": {
        "Pelvis": [
            0.19473263766771942,
            0.8551452384955432
        ],
        "L_Hip": [
            0.21286805766950465,
            0.8706538104779691
        ],
        "L_Knee": [
            0.2258711491104462,
            0.9080903752604549
        ],
        "L_Ankle": [
            0.2121927616382754,
            0.8620549746086029
        ],
        "L_Foot": [
            0.21643589774276953,
            0.8850302333127505
        ],
        "R_Hip": [
            0.1735164264550551,
            0.8515007906742887
        ],
        "R_Knee": [
            0.14751612555152546,
            0.8753381881262812
        ],
        "R_Ankle": [
            0.16818213625685355,
            0.8416687068174987
        ],
        "R_Foot": [
            0.1585977482232803,
            0.8572345121116354
        ],
        "Spine1": [
            0.19879755918116238,
            0.8260795129679681
        ],
        "Spine2": [
            0.20606648780412976,
            0.8084249913991354
        ],
        "Spine3": [
            0.2061683694256637,
            0.8226289614168023
        ],
        "Neck": [
            0.24492249220569393,
            0.6230566746065843
        ],
        "Head": [
            0.27611024275069335,
            0.5378531521765476
        ],
        "L_Collar": [
            0.270695827255087,
            0.757726217579506
        ],
        "L_Shoulder": [
            0.32643789306340076,
            0.7627314106455111
        ],
        "L_Elbow": [
            0.6197636608535229,
            0.8674249299025527
        ],
        "L_Wrist": [
            0.6328593969463197,
            0.6948020797470595
        ],
        "L_Hand": [
            0.6414778975254565,
            0.646542640470738
        ],
        "R_Collar": [
            0.17746652880730276,
            0.6992247996566782
        ],
        "R_Shoulder": [
            0.1232468418212945,
            0.6387860271757254
        ],
        "R_Elbow": [
            0.9487007655679978,
            0.6695858125602109
        ],
        "R_Wrist": [
            0.8795034022536008,
            0.5202148568748349
        ],
        "R_Hand": [
            0.8601143778138018,
            0.49090973426607265
        ]
    }
}