{
    "joints2D": {
        "Pelvis": [
            0.2746387936699356,
            0.9141102173993072
        ],
        "L_Hip": [
            0.30027424121992513,
            0.8969940201258682
        ],
        "L_Knee": [
            0.3115430590395315,
            0.8931696642778877
        ],
        "L_Ankle": [
            0.3134451032055055,
            0.9113179210350758
        ],
        "L_Foot": [
            0.33138262699782217,
            0.9114979722413601
        ],
        "R_Hip": [
            0.25928904485641113,
            0.9416738255788101
        ],
        "R_Knee": [
            0.2614968745449799,
            0.9498889596270746
        ],
        "R_Ankle": [
            0.2758173711658459,
            0.9495137915676226
        ],
        "R_Foot": [
            0.7220303089396183,
            0.9472627701959809
        ],
        "Spine1": [
            0.25748878444386436,
            0.8872895936503474
        ],
        "Spine2": [
            0.2400337919628864,
            0.8464776622321782
        ],
        "Spine3": [
            0.2399525992826477,
            0.8490508206582177
        ],
        "Neck": [
            0.176747875036847,
            0.5586725110008058
        ],
        "Head": [
            0.14683331329807556,
            0.4288302580025377
        ],
        "L_Collar": [
            0.26283821255989137,
            0.6692804925724983
        ],
        "L_Shoulder": [
            0.31529228935042497,
            0.6192580039193892
        ],
        "L_Elbow": [
            0.3499899346096377,
            0.7140315445701296
        ],
        "L_Wrist": [
            0.43250026414435216,
            0.6951897794592569
        ],
        "L_Hand": [
            0.5377663343646503,
            0.6672408576282025
        ],
        "R_Collar": [
            0.1458826187538669,
            0.7287848274698113
        ],
        "R_Shoulder": [
            0.09679894638851463,
            0.7354970658424044
        ],
        "R_Elbow": [
            0.13315115958077126,
            0.8727078402036686
        ],
        "R_Wrist": [
            0.8231158103592793,
            0.8921588445904776
        ],
        "R_Hand": [
            0.809889018933163,
            0.8927309911323317
        ]
    },
    "joints3D": {
        "Pelvis": [
            0.1823160544845899,
            0.26120480307331967,
            -1.46157123246643
        ],
        "L_Hip": [
            0.4317962110779285,
            0.35406448969736165,
            -1.6713544051127083
        ],
        "L_Knee": [
            0.8424840160336466,
            0.5431558625547506,
            -2.651186108538226
        ],
        "L_Ankle": [
            1.171011914309558,
            0.488601195025612,
            -3.7408322678670354
        ],
        "L_Foot": [
            1.5092325629560712,
            0.3183163364389015,
            -3.7777213048932268
        ],
        "R_Hip": [
            0.08422419963898992,
            0.14535045708218217,
            -1.7575792037006768
        ],
        "R_Knee": [
            0.16215426100022878,
            0.14460625327579502,
            -2.8544843687891714
        ],
        "R_Ankle": [
            0.47479419868645517,
            0.16877814114538117,
            -3.950474944195224
        ],
        "R_Foot": [
            0.5255077830946705,
            -0.1986624755862631,
            -4.031385691688709
        ],
        "Spine1": [
            0.05404243220535814,
            0.34871478667244243,
            -1.1911259372862657
        ],
        "Spine2": [
            -0.04079869402904376,
            0.38003026789889977,
            -0.8275737233105431
        ],
        "Spine3": [
            -0.033550811627666974,
            0.3044712468588349,
            -0.6791638643286692
        ],
        "Neck": [
            -0.23157774096820077,
            0.4579253151495565,
            -0.09887228242091227
        ],
        "Head": [
            -0.23761809292559535,
            0.30323840706324945,
            0.07988330218608991
        ],
        "L_Collar": [
            0.05077339651482852,
            0.49667449879421277,
            -0.3075640353287929
        ],
        "L_Shoulder": [
            0.29382488982578303,
            0.6066709752874407,
            -0.2688587952726687
        ],
        "L_Elbow": [
            0.7660715260481418,
            0.7857084597743795,
            -0.8191782545345256
        ],
        "L_Wrist": [
            0.8722600860528321,
            0.18504101884313082,
            -0.46945366707115455
        ],
        "L_Hand": [
            0.8935797205155142,
            -0.025215965979197164,
            -0.3555165635722705
        ],
        "R_Collar": [
            -0.36187688115827643,
            0.3477881224003583,
            -0.40763124025468533
        ],
        "R_Shoulder": [
            -0.6126800300844343,
            0.24140837039611354,
            -0.4805946204099674
        ],
        "R_Elbow": [
            -0.73372596575817,
            0.13753774671134059,
            -1.192566002552897
        ],
        "R_Wrist": [
            -0.6318349039641018,
            -0.32740172835238857,
            -1.7384797981544817
        ],
        "R_Hand": [
            -0.5781618794229006,
            -0.4211186668534158,
            -1.9531173517249123
        ]
    }
}