{
    "joints2D": {
        "Pelvis": [
            0.8531377624873079,
            0.8907518865665385
        ],
        "L_Hip": [
            0.8256926376346498,
            0.9142668075245893
        ],
        "L_Knee": [
            0.7962856412914101,
            0.8783839510714341
        ],
        "L_Ankle": [
            0.7989020768538977,
            0.8640774031333571
        ],
        "L_Foot": [
            0.7895873956270654,
            0.8453939295426794
        ],
        "R_Hip": [
            0.8626869309827774,
            0.8629867046856173
        ],
        "R_Knee": [
            0.8526785178738471,
            0.8757112508897358
        ],
        "R_Ankle": [
            0.8521992003582899,
            0.910673711034346
        ],
        "R_Foot": [
            0.8444152884633842,
            0.8949156923103135
        ],
        "Spine1": [
            0.12928528419337693,
            0.8926910888702342
        ],
        "Spine2": [
            0.1251724802374017,
            0.8383651559639721
        ],
        "Spine3": [
            0.11970422070367252,
            0.8319421093299455
        ],
        "Neck": [
            0.13828329164566616,
            0.554678560268355
        ],
        "Head": [
            0.16088735235557627,
            0.38516781574183157
        ],
        "L_Collar": [
            0.18243235558062154,
            0.7526222096903743
        ],
        "L_Shoulder": [
            0.25301984692103685,
            0.7827871536890597
        ],
        "L_Elbow": [
            0.23106520041122708,
            0.9015587514317582
        ],
        "L_Wrist": [
            0.2349855228686862,
            0.9574225789525685
        ],
        "L_Hand": [
            0.2342703792805902,
            0.9610575130771051
        ],
        "R_Collar": [
            0.08188989570088419,
            0.6418861862406151
        ],
        "R_Shoulder": [
            0.04652900160278131,
            0.5781645203825808
        ],
        "R_Elbow": [
            0.9409987319401293,
            0.7478213946348369
        ],
        "R_Wrist": [
            0.898310477221844,
            0.7609453313626567
        ],
        "R_Hand": [
            0.8905016955033358,
            0.7669362568360618
        ]
    },
    "joints3D": {
        "Pelvis": [
            -0.7503281268772852,
            -0.14664898290298845,
            -1.4503525893337574
        ],
        "L_Hip": [
            -0.6311995842931647,
            -0.171021204334911,
            -1.7703907928069544
        ],
        "L_Knee": [
            -0.634904118425375,
            -0.7966890509818118,
            -2.692847336593797
        ],
        "L_Ankle": [
            -0.9600446783288531,
            -1.293538526307829,
            -3.703348200504903
        ],
        "L_Foot": [
            -0.8286117755999501,
            -1.6612706888365398,
            -3.7726778554195204
        ],
        "R_Hip": [
            -0.9950424116764456,
            -0.2800520265150021,
            -1.6343162386127297
        ],
        "R_Knee": [
            -1.4314669183084783,
            -0.43092900983487514,
            -2.6732581560202866
        ],
        "R_Ankle": [
            -1.8183481809490634,
            -0.10539977137760152,
            -3.727118190992661
        ],
        "R_Foot": [
            -1.8310421302217392,
            -0.4531351803664699,
            -3.9120437707489195
        ],
        "Spine1": [
            -0.7144666229401873,
            0.025091500985315908,
            -1.183460043099111
        ],
        "Spine2": [
            -0.5880935528311818,
            0.17388256961658646,
            -0.8123040309039445
        ],
        "Spine3": [
            -0.5079175034890357,
            0.13982391133641656,
            -0.6591564400129236
        ],
        "Neck": [
            -0.3384600735815834,
            0.38792327810980354,
            -0.08801462402648806
        ],
        "Head": [
            -0.20002613084164106,
            0.2998032892779833,
            0.12777708431094364
        ],
        "L_Collar": [
            -0.22557631645563592,
            0.3660518573810414,
            -0.43497569218446547
        ],
        "L_Shoulder": [
            0.016941874189045716,
            0.41858576817610177,
            -0.5523506966990729
        ],
        "L_Elbow": [
            -0.11416495764639764,
            0.30615422491164823,
            -1.312980649164488
        ],
        "L_Wrist": [
            -0.11888152659564483,
            0.04348953112559512,
            -2.002893140732295
        ],
        "L_Hand": [
            -0.13967507800007387,
            0.017087082302260144,
            -2.253779615469653
        ],
        "R_Collar": [
            -0.626961499268143,
            0.27381279555882776,
            -0.271844407530856
        ],
        "R_Shoulder": [
            -0.8799265414993493,
            0.18612771968063657,
            -0.1760658303673693
        ],
        "R_Elbow": [
            -1.2130387678737904,
            -0.0667862393436635,
            -0.8012898176701266
        ],
        "R_Wrist": [
            -1.4722416979643762,
            -0.5439878931242494,
            -1.3207572251349222
        ],
        "R_Hand": [
            -1.5668976966153105,
            -0.6631630115734904,
            -1.5182929813468267
        ]
    }
}