{
    "joints2D": {
        "Pelvis": [
            0.13133068800196707,
            0.7811102508057693
        ],
        "L_Hip": [
            0.14754648493855785,
            0.7789870193537994
        ],
        "L_Knee": [
            0.14820594843328627,
            0.7942698500442894
        ],
        "L_Ankle": [
            0.13850040621411533,
            0.7898517577208469
        ],
        "L_Foot": [
            0.15017786200042801,
            0.8101010223053511
        ],
        "R_Hip": [
            0.1138129873797695,
            0.7861132299617677
        ],
        "R_Knee": [
            0.11807770586687587,
            0.8266127473414516
        ],
        "R_Ankle": [
            0.12002933346692955,
            0.8037994108952057
        ],
        "R_Foot": [
            0.11888351523990327,
            0.8285155495871679
        ],
        "Spine1": [
            0.1276146659648061,
            0.7544513434097222
        ],
        "Spine2": [
            0.12863664950605,
            0.7306090831013057
        ],
        "Spine3": [
            0.13007140767314768,
            0.7520389791533796
        ],
        "Neck": [
            0.13015204259224664,
            0.46228781457030604
        ],
        "Head": [
            0.15250992269588606,
            0.2667495948716093
        ],
        "L_Collar": [
            0.1786227007986086,
            0.6473894651087102
        ],
        "L_Shoulder": [
            0.2321656925533097,
            0.6649028995480769
        ],
        "L_Elbow": [
            0.2187395715438286,
            0.811753945739723
        ],
        "L_Wrist": [
            0.2016979397070622,
            0.9228370113689337
        ],
        "L_Hand": [
            0.19288978408185256,
            0.9391780202410488
        ],
        "R_Collar": [
            0.0724755598501683,
            0.6017711929424037
        ],
        "R_Shoulder": [
            0.028357921248065018,
            0.5868016760206686
        ],
        "R_Elbow": [
            0.9385746764960545,
            0.7651253627915608
        ],
        "R_Wrist": [
            0.8722841932793259,
            0.8609619685699164
        ],
        "R_Hand": [
            0.8571870895519911,
            0.8791589702075219
        ]
    },
    "joints3D": {
        "Pelvis": [
            -1.1047047497815414,
            0.6610428532579837,
            -1.336391172960579
        ],
        "L_Hip": [
            -1.148452172745861,
            0.9273627421749799,
            -1.600101985358417
        ],
        "L_Knee": [
            -1.7309505681310864,
            1.301393794644692,
            -2.5592095007734565
        ],
        "L_Ankle": [
            -2.58203538908337,
            1.6720627017582452,
            -3.429352353836703
        ],
        "L_Foot": [
            -2.383364571118463,
            1.6801615994470533,
            -3.7859753143728057
        ],
        "R_Hip": [
            -1.4128775501603574,
            0.566962289189702,
            -1.5133404827802077
        ],
        "R_Knee": [
            -2.0244234746949847,
            0.5749125250694888,
            -2.5531758903550186
        ],
        "R_Ankle": [
            -2.8298929226394014,
            1.1194412942917582,
            -3.3721967063931335
        ],
        "R_Foot": [
            -2.854101489314882,
            0.8077140353578556,
            -3.642834994369137
        ],
        "Spine1": [
            -0.9594746812569326,
            0.6211161211466241,
            -1.019390826125968
        ],
        "Spine2": [
            -0.7042636180850252,
            0.5136291033630227,
            -0.6846540547806492
        ],
        "Spine3": [
            -0.5733496405886092,
            0.3915761932954051,
            -0.6159424842899011
        ],
        "Neck": [
            -0.31778959279051044,
            0.3306460184027298,
            0.04692822459229232
        ],
        "Head": [
            -0.1727581586802546,
            0.184369325443999,
            0.20714598239859783
        ],
        "L_Collar": [
            -0.27721025180977005,
            0.5235316270661006,
            -0.29714359723975
        ],
        "L_Shoulder": [
            -0.07958593473731562,
            0.6740882770343313,
            -0.4048474100631277
        ],
        "L_Elbow": [
            -0.22618358895352889,
            0.7127333878658126,
            -1.189366785227473
        ],
        "L_Wrist": [
            -0.3799065295511303,
            0.2067691185356454,
            -1.7219781484774699
        ],
        "L_Hand": [
            -0.4834519915483986,
            0.08186580359254908,
            -1.915958665777477
        ],
        "R_Collar": [
            -0.6244209019875567,
            0.2502971109045716,
            -0.18518031473373878
        ],
        "R_Shoulder": [
            -0.8282994543099815,
            0.05483494806655076,
            -0.16830274161458078
        ],
        "R_Elbow": [
            -1.197389498886727,
            -0.03516034007315828,
            -0.8565297141347747
        ],
        "R_Wrist": [
            -1.0611415686270727,
            -0.21764867153233383,
            -1.5956737577551827
        ],
        "R_Hand": [
            -1.0220778574386102,
            -0.24062462179018984,
            -1.8440579082679356
        ]
    }
}