{
    "joints3D": {
        "Pelvis": [
            -0.42440329901366575,
            0.4832423131997309,
            -1.815696437931469
        ],
        "L_Hip": [
            -0.22165399885990586,
            0.546802986299518,
            -2.1272256011580746
        ],
        "L_Knee": [
            0.7354573501149495,
            0.32002055541710245,
            -3.031418731927468
        ],
        "L_Ankle": [
            0.16036056479205446,
            0.5455429963158392,
            -4.196958863745938
        ],
        "L_Foot": [
            0.5909812397755051,
            0.4207948855149243,
            -4.337596816722758
        ],
        "R_Hip": [
            -0.5777278941723256,
            0.31725795776283067,
            -2.1074722793200578
        ],
        "R_Knee": [
            -0.695049935816835,
            -0.8410440230164831,
            -2.7457362354471213
        ],
        "R_Ankle": [
            -0.7605449717182295,
            -0.840417345727936,
            -4.051708565925412
        ],
        "R_Foot": [
            -0.6602656599654831,
            -1.2787349505673489,
            -4.17139995813652
        ],
        "Spine1": [
            -0.5201499758710366,
            0.6343700500065533,
            -1.4736575618030474
        ],
        "Spine2": [
            -0.40618530817615073,
            0.5398635419824226,
            -0.9761046048381115
        ],
        "Spine3": [
            -0.3480676817828746,
            0.46979072773572633,
            -0.7877557532899562
        ],
        "Neck": [
            -0.3301115910103831,
            0.5527343025187661,
            -0.05873538912650248
        ],
        "Head": [
            -0.21402862647623547,
            0.3723329099597998,
            0.188237779378959
        ],
        "L_Collar": [
            -0.14381829768153884,
            0.6746549077779214,
            -0.39946701572210414
        ],
        "L_Shoulder": [
            0.16396187500297782,
            0.6100013208294836,
            -0.4440525243663317
        ],
        "L_Elbow": [
            0.37462076412244916,
            0.08791265779998417,
            -1.0499242403593592
        ],
        "L_Wrist": [
            -0.014431654866059131,
            -0.6029632528196476,
            -0.8418891583064313
        ],
        "L_Hand": [
            -0.22267658874133497,
            -0.8058699028500658,
            -0.7906400000649458
        ],
        "R_Collar": [
            -0.5912897578252514,
            0.4613129466356592,
            -0.3665468070615765
        ],
        "R_Shoulder": [
            -0.7105463891228754,
            0.15499351334044423,
            -0.2761144670368381
        ],
        "R_Elbow": [
            -0.5440553608447192,
            -0.5827150544187474,
            -0.5310532532857264
        ],
        "R_Wrist": [
            0.029286627050432466,
            -0.8215573084122634,
            0.04351456749077882
        ],
        "R_Hand": [
            0.2135471766869325,
            -0.8593579720415295,
            0.26657173153637853
        ]
    },
    "joints2D": {
        "Pelvis": [
            0.20324561617655093,
            0.8857093221617885
        ],
        "L_Hip": [
            0.22792455699204794,
            0.8949221331311089
        ],
        "L_Knee": [
            0.3004689739310451,
            0.9245306833315551
        ],
        "L_Ankle": [
            0.2568973785657876,
            0.9294387801802106
        ],
        "L_Foot": [
            0.2784317808453573,
            0.9345860874775902
        ],
        "R_Hip": [
            0.1920030215704682,
            0.9105000146946375
        ],
        "R_Knee": [
            0.7991218978459131,
            0.8746516241469323
        ],
        "R_Ankle": [
            0.7894700252550753,
            0.9033493275696828
        ],
        "R_Foot": [
            0.7816722067309078,
            0.8803095825698103
        ],
        "Spine1": [
            0.1883588275191551,
            0.8388599688561513
        ],
        "Spine2": [
            0.18380178550989013,
            0.8089145246671166
        ],
        "Spine3": [
            0.1820277988429296,
            0.7988054156365649
        ],
        "Neck": [
            0.16515887470329826,
            0.5269899750767556
        ],
        "Head": [
            0.17234801452973958,
            0.3630829953699409
        ],
        "L_Collar": [
            0.2190520743209695,
            0.6616555933142922
        ],
        "L_Shoulder": [
            0.2841874771361905,
            0.6898196574205263
        ],
        "L_Elbow": [
            0.3235627215601107,
            0.9172369710093387
        ],
        "L_Wrist": [
            0.7538753657967583,
            0.7909089917298043
        ],
        "L_Hand": [
            0.7848262819336018,
            0.7349439862952438
        ],
        "R_Collar": [
            0.11929956778338591,
            0.657643243832872
        ],
        "R_Shoulder": [
            0.05602378196189985,
            0.6469828544493437
        ],
        "R_Elbow": [
            0.8529500140264237,
            0.6956094850064235
        ],
        "R_Wrist": [
            0.7458292075703026,
            0.4808509942312277
        ],
        "R_Hand": [
            0.7145952124806033,
            0.40549862430028477
        ]
    }
}