{
    "joints2D": {
        "Pelvis": [
            0.19569882087153817,
            0.8602814925199095
        ],
        "L_Hip": [
            0.2161806125579908,
            0.8720737713882041
        ],
        "L_Knee": [
            0.22752105167557038,
            0.8940194511827719
        ],
        "L_Ankle": [
            0.22854876904120514,
            0.8950568465501384
        ],
        "L_Foot": [
            0.23327094633114498,
            0.917642528331082
        ],
        "R_Hip": [
            0.17304149010003753,
            0.8603281387411863
        ],
        "R_Knee": [
            0.1581848579763227,
            0.8650143636002179
        ],
        "R_Ankle": [
            0.15630949206215172,
            0.8413099496519648
        ],
        "R_Foot": [
            0.1569401162751675,
            0.8647128970709282
        ],
        "Spine1": [
            0.19733081928789972,
            0.8277117848098594
        ],
        "Spine2": [
            0.20455008618452974,
            0.792006816217889
        ],
        "Spine3": [
            0.2056035290546977,
            0.7975641180557129
        ],
        "Neck": [
            0.23254445412673497,
            0.520057246459829
        ],
        "Head": [
            0.24719609021603703,
            0.3996877021401873
        ],
        "L_Collar": [
            0.26946005393067873,
            0.6846116478726973
        ],
        "L_Shoulder": [
            0.3312221493303721,
            0.6626751849359561
        ],
        "L_Elbow": [
            0.5901929765365593,
            0.7997435681084236
        ],
        "L_Wrist": [
            0.6294174706192865,
            0.6802195016303498
        ],
        "L_Hand": [
            0.6418491630023109,
            0.664886070725635
        ],
        "R_Collar": [
            0.16800797351770208,
            0.6379728616888433
        ],
        "R_Shoulder": [
            0.1160860906583753,
            0.557402196093639
        ],
        "R_Elbow": [
            0.9338757093797189,
            0.6157628932148257
        ],
        "R_Wrist": [
            0.8601644345138783,
            0.5340781517166412
        ],
        "R_Hand": [
            0.8470144314979282,
            0.5323408848752902
        ]
    },
    "joints3D": {
        "Pelvis": [
            -0.5237166030855985,
            0.6382981829991776,
            -1.795425241483528
        ],
        "L_Hip": [
            -0.37673495124325795,
            0.733471746651604,
            -2.174890962237543
        ],
        "L_Knee": [
            -0.36984834761225993,
            0.9042197088465813,
            -3.473738404264443
        ],
        "L_Ankle": [
            -0.48860774536001067,
            1.2426993034915021,
            -4.836511932277969
        ],
        "L_Foot": [
            -0.3707627697711825,
            0.8737493691510491,
            -5.0699472301061235
        ],
        "R_Hip": [
            -0.8493056685094045,
            0.621155538288303,
            -2.0392684139676494
        ],
        "R_Knee": [
            -1.5564985761091485,
            0.7641726872965857,
            -3.1638096335795853
        ],
        "R_Ankle": [
            -2.258710941050688,
            1.3958544565430364,
            -4.207966354187778
        ],
        "R_Foot": [
            -2.267837739862483,
            1.084151663997066,
            -4.5434104631543635
        ],
        "Spine1": [
            -0.44148414944007397,
            0.7056584717329859,
            -1.4215344446324218
        ],
        "Spine2": [
            -0.289602865953042,
            0.6539542360671811,
            -0.967913551946619
        ],
        "Spine3": [
            -0.23186129583725645,
            0.5256660841738736,
            -0.8088668547803326
        ],
        "Neck": [
            -0.06957048435477543,
            0.6679725024473321,
            -0.04921591983822703
        ],
        "Head": [
            -0.004543097537301086,
            0.47238203132313383,
            0.15339705372116302
        ],
        "L_Collar": [
            0.10086062958153388,
            0.6553217416580323,
            -0.4537766486672842
        ],
        "L_Shoulder": [
            0.3810729035579512,
            0.5764894205640324,
            -0.3816056209411731
        ],
        "L_Elbow": [
            0.8059635450417733,
            -0.10340381917637965,
            -0.7562790288863463
        ],
        "L_Wrist": [
            1.0754674584632493,
            -0.8881381204031105,
            -0.806711082534154
        ],
        "L_Hand": [
            1.1326794810466805,
            -1.1556537391666948,
            -0.8667784338041626
        ],
        "R_Collar": [
            -0.39046660837373726,
            0.6301211992135465,
            -0.3406460166778273
        ],
        "R_Shoulder": [
            -0.5842577444392466,
            0.4985166535628579,
            -0.13249322132306768
        ],
        "R_Elbow": [
            -0.8942650088412722,
            -0.2996444061893147,
            -0.2902545097555063
        ],
        "R_Wrist": [
            -0.9688589428643779,
            -1.1435861397183087,
            -0.16382265901777524
        ],
        "R_Hand": [
            -1.0081735769648836,
            -1.4196551563568847,
            -0.1847501740786478
        ]
    }
}