{
    "joints2D": {
        "Pelvis": [
            0.24330991263991733,
            0.844877962294656
        ],
        "L_Hip": [
            0.2622095669465547,
            0.8337822622912874
        ],
        "L_Knee": [
            0.2653863032446429,
            0.8140337049476409
        ],
        "L_Ankle": [
            0.2629999161984408,
            0.8080173107081078
        ],
        "L_Foot": [
            0.2723183331198891,
            0.8261706757491281
        ],
        "R_Hip": [
            0.23172400608259935,
            0.8631006325302112
        ],
        "R_Knee": [
            0.2618413935032529,
            0.9161993116372821
        ],
        "R_Ankle": [
            0.2720205241553296,
            0.9000950198959334
        ],
        "R_Foot": [
            0.2785911683994261,
            0.9214022952740311
        ],
        "Spine1": [
            0.23158122111081364,
            0.8235013803175084
        ],
        "Spine2": [
            0.22374493565946493,
            0.7960600597368518
        ],
        "Spine3": [
            0.22531345987760362,
            0.8051791993095737
        ],
        "Neck": [
            0.18683637189518923,
            0.6169720086685673
        ],
        "Head": [
            0.16687489740940226,
            0.5166074874973375
        ],
        "L_Collar": [
            0.2520031044142217,
            0.6936757663961619
        ],
        "L_Shoulder": [
            0.3031208382472431,
            0.6682169019980353
        ],
        "L_Elbow": [
            0.32727608717314205,
            0.7858179294508049
        ],
        "L_Wrist": [
            0.3727392367637322,
            0.8456977406904833
        ],
        "L_Hand": [
            0.38382511022838345,
            0.8515925502438846
        ],
        "R_Collar": [
            0.16112159712991736,
            0.7266222844556797
        ],
        "R_Shoulder": [
            0.11485765007879051,
            0.7325694957339393
        ],
        "R_Elbow": [
            0.15050710983191523,
            0.7999884860524152
        ],
        "R_Wrist": [
            0.15599816131049457,
            0.8918122274756466
        ],
        "R_Hand": [
            0.15920277405811234,
            0.9106185775649308
        ]
    },
    "joints3D": {
        "Pelvis": [
            -0.05176686172632526,
            0.7877045529918261,
            -1.6875444154459718
        ],
        "L_Hip": [
            0.15274586493578465,
            0.9698633264185187,
            -1.8940866697212047
        ],
        "L_Knee": [
            0.2922119014416795,
            1.6564886662721003,
            -2.763763697145573
        ],
        "L_Ankle": [
            0.34364483271110774,
            2.3384338477764715,
            -3.7184087083611255
        ],
        "L_Foot": [
            0.5730296819446045,
            2.1462203702445217,
            -3.9798622173699307
        ],
        "R_Hip": [
            -0.18444789801363318,
            0.7706412894061211,
            -1.994241766443231
        ],
        "R_Knee": [
            0.19192348799409306,
            0.5447818635577747,
            -3.0454322641634883
        ],
        "R_Ankle": [
            0.4761040660047955,
            0.9637270620368427,
            -4.101518964035266
        ],
        "R_Foot": [
            0.602468478285557,
            0.6276673693888065,
            -4.2657746583356
        ],
        "Spine1": [
            -0.14453631449137266,
            0.7681621685276637,
            -1.3818941652591512
        ],
        "Spine2": [
            -0.1625772720789828,
            0.6628244838874551,
            -0.9755322865960414
        ],
        "Spine3": [
            -0.1290128419793785,
            0.5418792767551515,
            -0.8513991560936626
        ],
        "Neck": [
            -0.2198594889377863,
            0.49557948418901865,
            -0.212886328526298
        ],
        "Head": [
            -0.1787897605540366,
            0.3076339893779483,
            -0.021127811426831178
        ],
        "L_Collar": [
            0.01573947069694789,
            0.6285422190595653,
            -0.4597424429856741
        ],
        "L_Shoulder": [
            0.28323634434008843,
            0.690619960563197,
            -0.4443393774872355
        ],
        "L_Elbow": [
            0.6249795947198574,
            0.718375202730147,
            -1.1466216434304422
        ],
        "L_Wrist": [
            1.0840851737857558,
            0.2761537022720238,
            -1.5218290569593342
        ],
        "L_Hand": [
            1.2664370911015919,
            0.1662410757163099,
            -1.6596338917961109
        ],
        "R_Collar": [
            -0.4010484145479618,
            0.49083290696815157,
            -0.5254605864225397
        ],
        "R_Shoulder": [
            -0.6567684604365781,
            0.37653339605078073,
            -0.577533209887872
        ],
        "R_Elbow": [
            -0.8233448465348315,
            0.6234957989517498,
            -1.2698495431023624
        ],
        "R_Wrist": [
            -0.9006574167246294,
            0.2477564642326458,
            -1.9177675520386663
        ],
        "R_Hand": [
            -0.9276718330154129,
            0.14433069425511524,
            -2.1435959124669592
        ]
    }
}