{
    "joints3D": {
        "Pelvis": [
            -0.5400263024408757,
            0.18770910254146375,
            -1.3286645700269266
        ],
        "L_Hip": [
            -0.38158130025186066,
            0.0949913903854494,
            -1.5747063660358285
        ],
        "L_Knee": [
            0.0023825487709515153,
            -0.8321468120368094,
            -1.8447561971565842
        ],
        "L_Ankle": [
            -0.20046294762204336,
            -1.6214741703055493,
            -2.6035129293096313
        ],
        "L_Foot": [
            0.05030333250050557,
            -1.8974114920281813,
            -2.5619877152225814
        ],
        "R_Hip": [
            -0.6887538855059959,
            -0.04006842161169781,
            -1.4605190422530667
        ],
        "R_Knee": [
            -0.6124806584494275,
            -0.9480884298311054,
            -2.0070711963486785
        ],
        "R_Ankle": [
            -0.7465100446569287,
            -1.0547867127452708,
            -3.1089736076532337
        ],
        "R_Foot": [
            -0.7402388319644219,
            -1.4318320707049728,
            -3.069592513076938
        ],
        "Spine1": [
            -0.5994350981810678,
            0.44886904162491514,
            -1.1528623853592948
        ],
        "Spine2": [
            -0.47867440334812844,
            0.5194659797962952,
            -0.7941224972633074
        ],
        "Spine3": [
            -0.40372236608842665,
            0.46373567670657667,
            -0.6585874318629586
        ],
        "Neck": [
            -0.26337400999783706,
            0.5393064569201027,
            -0.08587981382904329
        ],
        "Head": [
            -0.1322383429387332,
            0.39232837233119694,
            0.03330443794068896
        ],
        "L_Collar": [
            -0.1329239955000256,
            0.6190662759493061,
            -0.3908687857629522
        ],
        "L_Shoulder": [
            0.11177970744082029,
            0.6634791553168184,
            -0.5039664925825132
        ],
        "L_Elbow": [
            0.0792294912808053,
            0.534732705200712,
            -1.2142828883498813
        ],
        "L_Wrist": [
            0.3928978916910774,
            -0.08872087126210036,
            -1.157426308212906
        ],
        "L_Hand": [
            0.5538952283808789,
            -0.2704547367950926,
            -1.1551661446739176
        ],
        "R_Collar": [
            -0.5411129073323052,
            0.4591604189513005,
            -0.27050211747670266
        ],
        "R_Shoulder": [
            -0.7588316376220918,
            0.2804366831957808,
            -0.19523626989747872
        ],
        "R_Elbow": [
            -1.0826368039312744,
            0.11014724380592288,
            -0.7966569178635604
        ],
        "R_Wrist": [
            -0.7828874695570506,
            -0.5359651577779008,
            -0.7672855719030507
        ],
        "R_Hand": [
            -0.7153190902864796,
            -0.7585786235933182,
            -0.7050720221211482
        ]
    },
    "joints2D": {
        "Pelvis": [
            0.1672707890041784,
            0.8976857753313139
        ],
        "L_Hip": [
            0.1955098800400052,
            0.9358072011683589
        ],
        "L_Knee": [
            0.7511317699763516,
            0.8486899350607778
        ],
        "L_Ankle": [
            0.7633797728389453,
            0.8095301362436986
        ],
        "L_Foot": [
            0.7485229650770602,
            0.7861345211231072
        ],
        "R_Hip": [
            0.8494874354818112,
            0.9134512754123341
        ],
        "R_Knee": [
            0.8026171998496083,
            0.8332261717235557
        ],
        "R_Ankle": [
            0.7958332276930613,
            0.8677267770427548
        ],
        "R_Foot": [
            0.792483491303053,
            0.8383518943929604
        ],
        "Spine1": [
            0.16166124763111772,
            0.8318510581220866
        ],
        "Spine2": [
            0.16440137242366695,
            0.7767912878353296
        ],
        "Spine3": [
            0.1656498229701386,
            0.7680486161209742
        ],
        "Neck": [
            0.1785001490507468,
            0.5430252342395824
        ],
        "Head": [
            0.19822450988435544,
            0.47188750822687103
        ],
        "L_Collar": [
            0.21919123925106068,
            0.6704810013818001
        ],
        "L_Shoulder": [
            0.2709056087749419,
            0.6980429017544499
        ],
        "L_Elbow": [
            0.260171431946449,
            0.8507074866587508
        ],
        "L_Wrist": [
            0.6794295755953847,
            0.9210703542699714
        ],
        "L_Hand": [
            0.662448401473098,
            0.8681331106900202
        ],
        "R_Collar": [
            0.12102467535972374,
            0.624873608277264
        ],
        "R_Shoulder": [
            0.0675402145665705,
            0.5904719262999064
        ],
        "R_Elbow": [
            0.06940129906912665,
            0.7610696694064415
        ],
        "R_Wrist": [
            0.8736762521139971,
            0.7370424718001019
        ],
        "R_Hand": [
            0.8532234684290879,
            0.6980936937065831
        ]
    }
}