{
    "joints3D": {
        "Pelvis": [
            -0.5374325321048784,
            -0.07456257134601472,
            -1.4074534748661558
        ],
        "L_Hip": [
            -0.46190579925550596,
            -0.10486347466131278,
            -1.7015078831681514
        ],
        "L_Knee": [
            -0.5701466654476344,
            -0.30790627795363856,
            -2.7084082469985526
        ],
        "L_Ankle": [
            -0.9136972185812748,
            -0.6085632446929351,
            -3.716563907588729
        ],
        "L_Foot": [
            -0.7555170643245572,
            -0.9314767553351488,
            -3.8152632894226706
        ],
        "R_Hip": [
            -0.7779876168661043,
            -0.16986274915445237,
            -1.560183558215304
        ],
        "R_Knee": [
            -1.3452490850479404,
            -0.47965342969660796,
            -2.3953687160060175
        ],
        "R_Ankle": [
            -1.7253144042331237,
            -0.7779582315459463,
            -3.3928457670070173
        ],
        "R_Foot": [
            -1.802880620107289,
            -1.1440091164463877,
            -3.3481977273153105
        ],
        "Spine1": [
            -0.46646832320088005,
            0.09677077324603141,
            -1.148610636996261
        ],
        "Spine2": [
            -0.3176095391347322,
            0.21414248758144575,
            -0.8161637958313465
        ],
        "Spine3": [
            -0.25211911422507954,
            0.20988405837014537,
            -0.6663089833395786
        ],
        "Neck": [
            -0.1049760724329902,
            0.48775310323208765,
            -0.1660718459015355
        ],
        "Head": [
            0.005564672671422531,
            0.4019871225375618,
            0.014990548345854825
        ],
        "L_Collar": [
            0.03082210869063221,
            0.4315251597011602,
            -0.4716486872892523
        ],
        "L_Shoulder": [
            0.25223484354226977,
            0.4717346767716983,
            -0.6236167612302844
        ],
        "L_Elbow": [
            0.14988330167783254,
            0.28487750280536545,
            -1.3094994402547717
        ],
        "L_Wrist": [
            0.1535892986873173,
            -0.19830045182302294,
            -1.8103690711053824
        ],
        "L_Hand": [
            0.1807398869119878,
            -0.3877680939459833,
            -1.9573366380248531
        ],
        "R_Collar": [
            -0.3876438562787206,
            0.36733808797298806,
            -0.31376872810615847
        ],
        "R_Shoulder": [
            -0.6645319198897081,
            0.2978056256164953,
            -0.2640512086105893
        ],
        "R_Elbow": [
            -0.9861058774721233,
            0.12187065215067464,
            -0.8600027544559714
        ],
        "R_Wrist": [
            -1.1685054441153884,
            -0.40414355598534213,
            -1.298209411175661
        ],
        "R_Hand": [
            -1.22409199197858,
            -0.6108575449242981,
            -1.4052893602690044
        ]
    },
    "joints2D": {
        "Pelvis": [
            0.8322679866231899,
            0.9210606865880074
        ],
        "L_Hip": [
            0.8104355634747186,
            0.9325218132042734
        ],
        "L_Knee": [
            0.796406419163606,
            0.9252694172165178
        ],
        "L_Ankle": [
            0.8020715204257785,
            0.9098425910891743
        ],
        "L_Foot": [
            0.7905926436814277,
            0.8935353174255389
        ],
        "R_Hip": [
            0.8497561824365572,
            0.8919370677707343
        ],
        "R_Knee": [
            0.8543785895616625,
            0.864159841677756
        ],
        "R_Ankle": [
            0.844965300087108,
            0.8654390106149092
        ],
        "R_Foot": [
            0.8434020659646557,
            0.8391570510271176
        ],
        "Spine1": [
            0.16471469652664678,
            0.9105968239415473
        ],
        "Spine2": [
            0.17562838570071743,
            0.8725263812227161
        ],
        "Spine3": [
            0.17965606564316,
            0.8619156862631744
        ],
        "Neck": [
            0.21683980834270686,
            0.5979023598750786
        ],
        "Head": [
            0.2507904530136664,
            0.48570352080314805
        ],
        "L_Collar": [
            0.2570498030350611,
            0.7546210930747657
        ],
        "L_Shoulder": [
            0.30425111707986924,
            0.7722581895595847
        ],
        "L_Elbow": [
            0.2719518197289374,
            0.9046009223691508
        ],
        "L_Wrist": [
            0.7328489240922169,
            0.9336348576058069
        ],
        "L_Hand": [
            0.7322853386384927,
            0.9103954099799209
        ],
        "R_Collar": [
            0.13606671489883687,
            0.6795240407542843
        ],
        "R_Shoulder": [
            0.08151073480399253,
            0.6301009957827609
        ],
        "R_Elbow": [
            0.08203617434402675,
            0.787881973293422
        ],
        "R_Wrist": [
            0.8871786110234511,
            0.7990744287475614
        ],
        "R_Hand": [
            0.8766488674711557,
            0.7849553433549138
        ]
    }
}