{
    "joints3D": {
        "Pelvis": [
            -0.28580801119034555,
            -0.946125298345668,
            -1.1810989486640149
        ],
        "L_Hip": [
            -0.04849893317570105,
            -1.1712274446755666,
            -1.3530312647446245
        ],
        "L_Knee": [
            0.7239624956138296,
            -2.2277223441828817,
            -1.388353627411092
        ],
        "L_Ankle": [
            1.0464817912933448,
            -3.4500482404995525,
            -1.6582339419630554
        ],
        "L_Foot": [
            1.4952203579547445,
            -3.5308355629967973,
            -1.5941264635093002
        ],
        "R_Hip": [
            -0.3917106325878618,
            -1.2906259268792868,
            -1.151358282227738
        ],
        "R_Knee": [
            0.06525865189467432,
            -2.4368864569882334,
            -0.7390153360048937
        ],
        "R_Ankle": [
            0.35255561928995893,
            -3.6771809736395458,
            -0.8840664684654673
        ],
        "R_Foot": [
            0.6252595710045284,
            -3.8140429025476115,
            -0.5452412906080577
        ],
        "Spine1": [
            -0.4280476217634951,
            -0.595672457344985,
            -1.1863588676313435
        ],
        "Spine2": [
            -0.3990099747357161,
            -0.19580659121358301,
            -0.873254474560022
        ],
        "Spine3": [
            -0.3759267909486018,
            -0.06953882439680988,
            -0.7134177046582704
        ],
        "Neck": [
            -0.3975920707294936,
            0.48150605120553736,
            -0.2517374398809306
        ],
        "Head": [
            -0.3802573627176213,
            0.33927527700281873,
            0.03502566346748568
        ],
        "L_Collar": [
            -0.1953792359964686,
            0.3440583654148181,
            -0.5668616104915997
        ],
        "L_Shoulder": [
            0.1023517134355517,
            0.42884600728305894,
            -0.5343863930675641
        ],
        "L_Elbow": [
            0.6528823984195372,
            -0.11150860375272746,
            -0.7829545492079317
        ],
        "L_Wrist": [
            0.3337787489341717,
            -0.6918877491666824,
            -0.3284416645558789
        ],
        "L_Hand": [
            0.22829628583571454,
            -0.8661141315052675,
            -0.1229701125658383
        ],
        "R_Collar": [
            -0.6371150902406747,
            0.20102241169074203,
            -0.42046790547209356
        ],
        "R_Shoulder": [
            -0.7833910325624254,
            0.21848157914651406,
            -0.12061520595233288
        ],
        "R_Elbow": [
            -0.724059084367345,
            -0.0850648204690222,
            0.5976860938847565
        ],
        "R_Wrist": [
            -0.12772658071723125,
            -0.4895600971927121,
            1.007831729327111
        ],
        "R_Hand": [
            0.07122224327271817,
            -0.6668279137738958,
            1.1115034728514313
        ]
    },
    "joints2D": {
        "Pelvis": [
            0.7844798168696336,
            0.7710280596057879
        ],
        "L_Hip": [
            0.7561235393891823,
            0.763143407094621
        ],
        "L_Knee": [
            0.7073056260363139,
            0.6662450601218566
        ],
        "L_Ankle": [
            0.7084691047915757,
            0.6332065701322945
        ],
        "L_Foot": [
            0.692390100043394,
            0.623021130480519
        ],
        "R_Hip": [
            0.7891803710363035,
            0.7196217313973005
        ],
        "R_Knee": [
            0.747318646902762,
            0.588784896816517
        ],
        "R_Ankle": [
            0.7367781318257881,
            0.5704068867666635
        ],
        "R_Foot": [
            0.7262715014032146,
            0.5410358747130342
        ],
        "Spine1": [
            0.8101434701435651,
            0.8231334484328413
        ],
        "Spine2": [
            0.837207432567796,
            0.8730516289891822
        ],
        "Spine3": [
            0.8548374679256773,
            0.8900377406719315
        ],
        "Neck": [
            0.14706065723980685,
            0.625915214459156
        ],
        "Head": [
            0.1181879085962102,
            0.47325037586717217
        ],
        "L_Collar": [
            0.19595697460778022,
            0.802992924858959
        ],
        "L_Shoulder": [
            0.2749634488912881,
            0.7721426067989736
        ],
        "L_Elbow": [
            0.6111507189345442,
            0.8335651412682838
        ],
        "L_Wrist": [
            0.6854032360702946,
            0.6270842872075023
        ],
        "L_Hand": [
            0.7115556737258947,
            0.5401618177797395
        ],
        "R_Collar": [
            0.08262307070807495,
            0.716412056539411
        ],
        "R_Shoulder": [
            0.05359741026246745,
            0.5573426769808375
        ],
        "R_Elbow": [
            0.922100164210905,
            0.21540008388434573
        ],
        "R_Wrist": [
            0.7729946776277064,
            0.15584343436489592
        ],
        "R_Hand": [
            0.7411931608699733,
            0.17999332673516716
        ]
    }
}