{
    "joints2D": {
        "Pelvis": [
            0.6422501705683261,
            0.8952283731548224
        ],
        "L_Hip": [
            0.6240627569448979,
            0.8467777156599106
        ],
        "L_Knee": [
            0.6519840608600216,
            0.7258509605054668
        ],
        "L_Ankle": [
            0.6551419067348607,
            0.7321155447812744
        ],
        "L_Foot": [
            0.6600453794721877,
            0.7021482937079491
        ],
        "R_Hip": [
            0.6603408971905762,
            0.9026784499409767
        ],
        "R_Knee": [
            0.6547532802563235,
            0.8524846354913628
        ],
        "R_Ankle": [
            0.6399861982026145,
            0.8363586762201066
        ],
        "R_Foot": [
            0.653514845056268,
            0.8254726269205572
        ],
        "Spine1": [
            0.3510876876938289,
            0.8870857302337545
        ],
        "Spine2": [
            0.331265264748626,
            0.864900996326165
        ],
        "Spine3": [
            0.32278094487720554,
            0.8609435606762683
        ],
        "Neck": [
            0.2639455738162884,
            0.6308411782703163
        ],
        "Head": [
            0.24012766667039545,
            0.5302083452979928
        ],
        "L_Collar": [
            0.349262170987049,
            0.6980793584228179
        ],
        "L_Shoulder": [
            0.3971326627718529,
            0.5777696189829816
        ],
        "L_Elbow": [
            0.534096447604482,
            0.40983303871536475
        ],
        "L_Wrist": [
            0.5917235187148253,
            0.3376691772775344
        ],
        "L_Hand": [
            0.6027634730747293,
            0.3374879360641937
        ],
        "R_Collar": [
            0.252135755115112,
            0.7693865886743068
        ],
        "R_Shoulder": [
            0.19721715686450422,
            0.732446229326465
        ],
        "R_Elbow": [
            0.09035857432659236,
            0.6322430588362281
        ],
        "R_Wrist": [
            0.06037176050714205,
            0.49110885934039067
        ],
        "R_Hand": [
            0.058557054950813626,
            0.4590704460931033
        ]
    },
    "joints3D": {
        "Pelvis": [
            0.8468390715658062,
            -0.0856470621091182,
            -1.5443157234926133
        ],
        "L_Hip": [
            1.1703616094604596,
            -0.2587790327213929,
            -1.6066327804292517
        ],
        "L_Knee": [
            1.4150635698348795,
            -1.4453809203419883,
            -1.6273707497882204
        ],
        "L_Ankle": [
            2.0397718689393565,
            -2.1457271299904273,
            -2.489199766059198
        ],
        "L_Foot": [
            2.068265900015158,
            -2.541349334961253,
            -2.3201255201322404
        ],
        "R_Hip": [
            0.8513580211308843,
            -0.17571518383257703,
            -1.895986318120682
        ],
        "R_Knee": [
            1.5075512722785076,
            -0.7506683509832183,
            -2.771507504095776
        ],
        "R_Ankle": [
            2.393455450191869,
            -1.0144693324477299,
            -3.6434644119100774
        ],
        "R_Foot": [
            2.1842159094076896,
            -1.3877609971810991,
            -3.6631727735050506
        ],
        "Spine1": [
            0.7018145960312118,
            0.1505635173318616,
            -1.3351838851646616
        ],
        "Spine2": [
            0.43990914809894327,
            0.2607065404203287,
            -0.9786428231203517
        ],
        "Spine3": [
            0.3340686178812994,
            0.2506856088990222,
            -0.8193168373767595
        ],
        "Neck": [
            0.06421022705330949,
            0.609452562951721,
            -0.28017757054581083
        ],
        "Head": [
            -0.024840772174804713,
            0.45121241198971357,
            -0.048034738651998386
        ],
        "L_Collar": [
            0.39908719492978373,
            0.43105393728033914,
            -0.39820473762643455
        ],
        "L_Shoulder": [
            0.5535588983229374,
            0.3710619368148895,
            -0.15002321083471173
        ],
        "L_Elbow": [
            1.1442392102286918,
            -0.10379450527080475,
            0.23028213089997485
        ],
        "L_Wrist": [
            1.4243332074301365,
            -0.6813153440189287,
            0.7120695923114806
        ],
        "L_Hand": [
            1.5462005164766022,
            -0.8972818337120871,
            0.8313679305005941
        ],
        "R_Collar": [
            0.017084648588453905,
            0.5523747157561849,
            -0.665169033282115
        ],
        "R_Shoulder": [
            -0.278225067561767,
            0.6390213912871686,
            -0.636164306460284
        ],
        "R_Elbow": [
            -1.0724384966615346,
            0.5619989894262917,
            -0.45720964706037975
        ],
        "R_Wrist": [
            -1.7283403176334824,
            0.6006169029006766,
            0.028337934282911613
        ],
        "R_Hand": [
            -1.9395036539455421,
            0.6344163688492135,
            0.19494679129887324
        ]
    }
}