{
    "joints3D": {
        "Pelvis": [
            0.17525173536647998,
            1.0131645195983399,
            -1.3775277649048645
        ],
        "L_Hip": [
            0.353690397410965,
            1.0201082680320865,
            -1.6232024984340692
        ],
        "L_Knee": [
            0.4559537441192668,
            0.8391190177070817,
            -2.630120757808569
        ],
        "L_Ankle": [
            0.3718912401045397,
            1.2416513524694157,
            -3.652164645808826
        ],
        "L_Foot": [
            0.43240206737463244,
            0.9530565478414347,
            -3.877606261153606
        ],
        "R_Hip": [
            0.003167882917790513,
            1.0305421238746117,
            -1.6215366512837621
        ],
        "R_Knee": [
            -0.18291195021418047,
            0.3116768884559391,
            -2.365690382806727
        ],
        "R_Ankle": [
            -0.039791147537170404,
            0.37122633637307,
            -3.4580295385984603
        ],
        "R_Foot": [
            -0.13059970709255359,
            0.08587098177912998,
            -3.683948275403671
        ],
        "Spine1": [
            0.17070429888303743,
            1.0978495008635878,
            -1.0721146640636938
        ],
        "Spine2": [
            0.16030169433932592,
            0.9178225709595141,
            -0.7365444127679368
        ],
        "Spine3": [
            0.13153277598410593,
            0.7975693768385858,
            -0.630563808369769
        ],
        "Neck": [
            0.05741629680192685,
            0.5958885905946152,
            -0.08306092341445209
        ],
        "Head": [
            0.04549701418383218,
            0.42512055396224097,
            0.06720232047411265
        ],
        "L_Collar": [
            0.30788134567437764,
            0.6239378272203197,
            -0.30759530022287845
        ],
        "L_Shoulder": [
            0.5300615919436651,
            0.47626693150341204,
            -0.35111641967029167
        ],
        "L_Elbow": [
            0.7131638143378866,
            0.2815744571826507,
            -1.014221338927854
        ],
        "L_Wrist": [
            0.4319334155259254,
            -0.31981559715485885,
            -1.2121720062197117
        ],
        "L_Hand": [
            0.39561313251811964,
            -0.552063878699192,
            -1.2616419103847556
        ],
        "R_Collar": [
            -0.10619499144492207,
            0.7993943428980339,
            -0.299800532261152
        ],
        "R_Shoulder": [
            -0.37585846897374875,
            0.8988631098491945,
            -0.32425914365560815
        ],
        "R_Elbow": [
            -0.4578249401427064,
            1.3953730799618742,
            -0.8057497670063121
        ],
        "R_Wrist": [
            -0.6229920147000164,
            1.3607905573816956,
            -1.4905484595701353
        ],
        "R_Hand": [
            -0.7004161076258665,
            1.3537941875639994,
            -1.7157654733595777
        ]
    },
    "joints2D": {
        "Pelvis": [
            0.26700507454121813,
            0.7859713712557561
        ],
        "L_Hip": [
            0.2821355015397943,
            0.8047145602726372
        ],
        "L_Knee": [
            0.28151174588803085,
            0.8765019120932857
        ],
        "L_Ankle": [
            0.26783282825666577,
            0.8742240236069386
        ],
        "L_Foot": [
            0.27095707121627133,
            0.8975200907082279
        ],
        "R_Hip": [
            0.24894420681445253,
            0.8073745307428438
        ],
        "R_Knee": [
            0.23198682878639518,
            0.9280836867032095
        ],
        "R_Ankle": [
            0.24611920451206762,
            0.9356462283022513
        ],
        "R_Foot": [
            0.2404834211968934,
            0.9575167123376301
        ],
        "Spine1": [
            0.2676881043159435,
            0.7365308723061442
        ],
        "Spine2": [
            0.27137640587956247,
            0.7062063144110217
        ],
        "Spine3": [
            0.2702121611697037,
            0.7041025670769115
        ],
        "Neck": [
            0.26347453468659077,
            0.5401994068098668
        ],
        "Head": [
            0.2650759662032396,
            0.44873228368185597
        ],
        "L_Collar": [
            0.31564961151170906,
            0.6311747112805264
        ],
        "L_Shoulder": [
            0.3683776389091628,
            0.6559109407031103
        ],
        "L_Elbow": [
            0.3657350845206913,
            0.8303309437890557
        ],
        "L_Wrist": [
            0.6839547465270188,
            0.8756056432248783
        ],
        "L_Hand": [
            0.6975875529679225,
            0.8402435551532278
        ],
        "R_Collar": [
            0.22898966343210453,
            0.6082402409940458
        ],
        "R_Shoulder": [
            0.18923686493267922,
            0.5997809384882015
        ],
        "R_Elbow": [
            0.20359977147805183,
            0.6558244504927166
        ],
        "R_Wrist": [
            0.19657636580667545,
            0.7464200361713299
        ],
        "R_Hand": [
            0.19368033745251761,
            0.7665514857380983
        ]
    }
}