{
    "joints3D": {
        "Pelvis": [
            -0.20821204042320382,
            0.05834382703803051,
            -1.6046262284139223
        ],
        "L_Hip": [
            -0.04602124077504691,
            0.018986570109737737,
            -1.8616250280815763
        ],
        "L_Knee": [
            0.07687222119845444,
            -0.6511004080158938,
            -2.6439200426812914
        ],
        "L_Ankle": [
            -0.13586340761397672,
            -1.0243626078274057,
            -3.6690598081489063
        ],
        "L_Foot": [
            -0.05372121968989772,
            -1.3882026218362549,
            -3.7025650980147047
        ],
        "R_Hip": [
            -0.39812143290059065,
            0.0007184450302304425,
            -1.831952513220027
        ],
        "R_Knee": [
            -0.6419591525941679,
            0.20557890658796635,
            -2.843684845596808
        ],
        "R_Ankle": [
            -0.7102639268830935,
            0.8812999289642215,
            -3.72564593616168
        ],
        "R_Foot": [
            -0.7428934703874751,
            0.7061235962132474,
            -4.059549635311784
        ],
        "Spine1": [
            -0.2015945692277999,
            0.21610588345566994,
            -1.3265197892585827
        ],
        "Spine2": [
            -0.1307626281541002,
            0.2938881909071977,
            -0.956834397747382
        ],
        "Spine3": [
            -0.09966299012235807,
            0.2678777208627501,
            -0.7976065709456535
        ],
        "Neck": [
            -0.04779757848861816,
            0.43998342243760635,
            -0.23206542722723367
        ],
        "Head": [
            0.011101666872654986,
            0.3485118811483901,
            -0.029631236768856758
        ],
        "L_Collar": [
            0.1410414518300805,
            0.4438954007403536,
            -0.5154524950906881
        ],
        "L_Shoulder": [
            0.3614686625043623,
            0.5785608683550667,
            -0.6029481653063905
        ],
        "L_Elbow": [
            0.25004014503256533,
            0.8150567745993921,
            -1.2752449505714745
        ],
        "L_Wrist": [
            0.37520564778125526,
            0.9329280570896858,
            -1.952750282421864
        ],
        "L_Hand": [
            0.43985203674614154,
            1.044238837790089,
            -2.158112804174098
        ],
        "R_Collar": [
            -0.2987732185247366,
            0.35424616830999084,
            -0.44860692882464376
        ],
        "R_Shoulder": [
            -0.5855008496850148,
            0.3081701439347464,
            -0.4293463245002875
        ],
        "R_Elbow": [
            -0.8378793514413739,
            0.021816211304539014,
            -1.0193474011620605
        ],
        "R_Wrist": [
            -0.8671812486703901,
            -0.6740912819766625,
            -1.1650289319470166
        ],
        "R_Hand": [
            -0.929456879562097,
            -0.9062602036239118,
            -1.1675143013867042
        ]
    },
    "joints2D": {
        "Pelvis": [
            0.21922786375702832,
            0.9506433091043011
        ],
        "L_Hip": [
            0.24290812144054708,
            0.9611135098627974
        ],
        "L_Knee": [
            0.7455136883199771,
            0.8993454551774396
        ],
        "L_Ankle": [
            0.7586453564299365,
            0.8908425033696514
        ],
        "L_Foot": [
            0.7540412202973276,
            0.8670516564962579
        ],
        "R_Hip": [
            0.19910153729344565,
            0.9531962735209667
        ],
        "R_Knee": [
            0.1993056177172389,
            0.9343669429607802
        ],
        "R_Ankle": [
            0.21064585793521956,
            0.8958881837837313
        ],
        "R_Foot": [
            0.21068752568690594,
            0.9120803003250607
        ],
        "Spine1": [
            0.21676574218042552,
            0.9167737107701235
        ],
        "Spine2": [
            0.22241327424117982,
            0.8811213513923539
        ],
        "Spine3": [
            0.22507535884878638,
            0.8744808636848836
        ],
        "Neck": [
            0.2331469679141687,
            0.6477379211937704
        ],
        "Head": [
            0.25357645601891887,
            0.5236272377200678
        ],
        "L_Collar": [
            0.28454907723539324,
            0.7597409269827419
        ],
        "L_Shoulder": [
            0.318950862248226,
            0.7318424659504312
        ],
        "L_Elbow": [
            0.27864269368178246,
            0.8033064294167118
        ],
        "L_Wrist": [
            0.2813928704864627,
            0.8381923492881881
        ],
        "L_Hand": [
            0.2831893355057138,
            0.8362991059359467
        ],
        "R_Collar": [
            0.163950803173353,
            0.7516075834714933
        ],
        "R_Shoulder": [
            0.10438814193581238,
            0.7088435829024715
        ],
        "R_Elbow": [
            0.10186167431749413,
            0.8544209822754824
        ],
        "R_Wrist": [
            0.8553501475276436,
            0.7767006664450709
        ],
        "R_Hand": [
            0.8497949683595787,
            0.7445791938051037
        ]
    }
}