{
    "joints2D": {
        "Pelvis": [
            0.7463678769202007,
            0.9453047994120717
        ],
        "L_Hip": [
            0.720888539381679,
            0.910537754417707
        ],
        "L_Knee": [
            0.6953528318800215,
            0.7564597817002984
        ],
        "L_Ankle": [
            0.7241762220134121,
            0.7428798550778598
        ],
        "L_Foot": [
            0.7161389115380361,
            0.7124483495778928
        ],
        "R_Hip": [
            0.7704481321037282,
            0.9095516410485117
        ],
        "R_Knee": [
            0.791014741938884,
            0.7397953859257361
        ],
        "R_Ankle": [
            0.7758406097653783,
            0.7640352118744633
        ],
        "R_Foot": [
            0.7784244768469699,
            0.7272582159422967
        ],
        "Spine1": [
            0.2510311448981424,
            0.9292687312721631
        ],
        "Spine2": [
            0.24680283234650643,
            0.9154594943671428
        ],
        "Spine3": [
            0.24600672737998833,
            0.9280244981313122
        ],
        "Neck": [
            0.22096300695686744,
            0.723429337950317
        ],
        "Head": [
            0.22817176491620986,
            0.6055039656680348
        ],
        "L_Collar": [
            0.2916832091064657,
            0.8287625087463022
        ],
        "L_Shoulder": [
            0.3527976552674333,
            0.7999000183126835
        ],
        "L_Elbow": [
            0.6339517278519842,
            0.8948190621947909
        ],
        "L_Wrist": [
            0.6601362132353528,
            0.7860142956652033
        ],
        "L_Hand": [
            0.668779122356396,
            0.7562418507327664
        ],
        "R_Collar": [
            0.18181173045049387,
            0.831361250563303
        ],
        "R_Shoulder": [
            0.12367037800921148,
            0.8189981606260354
        ],
        "R_Elbow": [
            0.8515714360602946,
            0.8524735284878302
        ],
        "R_Wrist": [
            0.8370051028117637,
            0.7420387882788845
        ],
        "R_Hand": [
            0.8347740689728884,
            0.7132695787452946
        ]
    },
    "joints3D": {
        "Pelvis": [
            0.039155859666854836,
            -0.12363350408465097,
            -1.7574966122235165
        ],
        "L_Hip": [
            0.28439393249827466,
            -0.3631729445952233,
            -1.9285633945180551
        ],
        "L_Knee": [
            0.7440389579557602,
            -1.4532296500797395,
            -1.721586819130362
        ],
        "L_Ankle": [
            0.5571812677475569,
            -2.453813840291651,
            -2.5171032429405673
        ],
        "L_Foot": [
            0.7677096611702233,
            -2.7667789036300485,
            -2.3450572197266424
        ],
        "R_Hip": [
            -0.17714190180788755,
            -0.38515418544466906,
            -1.912841183992544
        ],
        "R_Knee": [
            -0.5032756439976596,
            -1.5050088325214726,
            -1.5388671535194627
        ],
        "R_Ankle": [
            -0.47965260665203074,
            -2.220169465656123,
            -2.61312454684502
        ],
        "R_Foot": [
            -0.5533761934252772,
            -2.5397686144442826,
            -2.3509948817454362
        ],
        "Spine1": [
            0.018370645362618388,
            0.21857963950868875,
            -1.660333334450991
        ],
        "Spine2": [
            -0.010729351881174751,
            0.2251406163868225,
            -1.2202434825557809
        ],
        "Spine3": [
            -0.012771752043024455,
            0.14238159831958047,
            -1.0440629887786321
        ],
        "Neck": [
            -0.09328778131025972,
            0.4219197899442279,
            -0.381105931567003
        ],
        "Head": [
            -0.04881754312482706,
            0.35340114879902723,
            -0.12904786594432535
        ],
        "L_Collar": [
            0.17410262775242175,
            0.3388411283236778,
            -0.670410870168845
        ],
        "L_Shoulder": [
            0.44563740640854377,
            0.30240389566700526,
            -0.6473807711442159
        ],
        "L_Elbow": [
            0.7744235242320349,
            -0.028630592966189153,
            -1.3110873532371818
        ],
        "L_Wrist": [
            0.8512119845591627,
            -0.7859442811049598,
            -1.3471014258714529
        ],
        "L_Hand": [
            0.8628179546256705,
            -1.0423813034764244,
            -1.3528447449443326
        ],
        "R_Collar": [
            -0.2861389214192674,
            0.3203602347332972,
            -0.7151991003270428
        ],
        "R_Shoulder": [
            -0.5476296130034772,
            0.20183765116919966,
            -0.7048878021575403
        ],
        "R_Elbow": [
            -0.7198854914767698,
            -0.32873529513615063,
            -1.2757698712825423
        ],
        "R_Wrist": [
            -0.9060692950112864,
            -1.0914074893078158,
            -1.2946606077205667
        ],
        "R_Hand": [
            -0.9871145682983133,
            -1.3340426502974736,
            -1.2779651772275225
        ]
    }
}