{
    "joints3D": {
        "Pelvis": [
            0.45823145593854836,
            0.22268585502891186,
            -1.692553450251768
        ],
        "L_Hip": [
            0.7020764624904812,
            0.22569786571353204,
            -1.8759031161518995
        ],
        "L_Knee": [
            1.1282672889397265,
            0.37986162981548416,
            -2.803987795647112
        ],
        "L_Ankle": [
            1.3648308373577345,
            0.5382050722853038,
            -3.873433372061926
        ],
        "L_Foot": [
            1.5125192925230813,
            0.21893782847277235,
            -3.997070961103313
        ],
        "R_Hip": [
            0.3671024457886028,
            0.1824430336283291,
            -1.9760099404082005
        ],
        "R_Knee": [
            0.5071881805873785,
            0.23612896207509645,
            -3.021350765616384
        ],
        "R_Ankle": [
            0.8749358687292156,
            0.449892857564339,
            -4.0447810023701845
        ],
        "R_Foot": [
            0.7897499341554637,
            0.14233947444249875,
            -4.2451597724226655
        ],
        "Spine1": [
            0.35156758915898917,
            0.3441371986437946,
            -1.4182202402910933
        ],
        "Spine2": [
            0.26421888540820093,
            0.37280134473652604,
            -1.0467387649625504
        ],
        "Spine3": [
            0.2349918607837732,
            0.3122407353844432,
            -0.8976058114407048
        ],
        "Neck": [
            0.07519515575358474,
            0.4128895222521935,
            -0.33776682381554757
        ],
        "Head": [
            0.051033092562096295,
            0.2845132561947539,
            -0.14990508973021346
        ],
        "L_Collar": [
            0.35759019249973817,
            0.42691823567561593,
            -0.5249331134000864
        ],
        "L_Shoulder": [
            0.6281372663885691,
            0.43613628744221045,
            -0.503698530639263
        ],
        "L_Elbow": [
            1.0261296115457628,
            0.42005155087540436,
            -1.1013172635652477
        ],
        "L_Wrist": [
            1.250477868642674,
            0.05196833158922706,
            -1.6476752118820772
        ],
        "L_Hand": [
            1.3453412962142106,
            -0.05324322290600099,
            -1.8430305372246707
        ],
        "R_Collar": [
            -0.07654972746992515,
            0.38084136933395035,
            -0.6413401751641951
        ],
        "R_Shoulder": [
            -0.3312303427054136,
            0.288315679899408,
            -0.7440375799154298
        ],
        "R_Elbow": [
            -0.3931589950445045,
            0.2605349655567735,
            -1.4403807168773928
        ],
        "R_Wrist": [
            -0.24504824311650436,
            -0.06845856522003232,
            -2.0501277687103396
        ],
        "R_Hand": [
            -0.19900263248616845,
            -0.17012493524161118,
            -2.2618540754265855
        ]
    },
    "joints2D": {
        "Pelvis": [
            0.3052485630816092,
            0.9154590993641932
        ],
        "L_Hip": [
            0.3252273698349052,
            0.9065486831952596
        ],
        "L_Knee": [
            0.32956685165667177,
            0.8995175209978706
        ],
        "L_Ankle": [
            0.32045237253866005,
            0.9048868046153314
        ],
        "L_Foot": [
            0.32883224044184906,
            0.9211170200510621
        ],
        "R_Hip": [
            0.2890764526671638,
            0.932584829846759
        ],
        "R_Knee": [
            0.2855888627330532,
            0.9374803029147117
        ],
        "R_Ankle": [
            0.29494630563793145,
            0.9254136208690956
        ],
        "R_Foot": [
            0.29052262313930216,
            0.9475337123939649
        ],
        "Spine1": [
            0.2973613336514671,
            0.8903548587929258
        ],
        "Spine2": [
            0.2947905615779016,
            0.8629356273458398
        ],
        "Spine3": [
            0.2966748673307458,
            0.8642332352736857
        ],
        "Neck": [
            0.27220758833725905,
            0.7089959514628555
        ],
        "Head": [
            0.27409156585648825,
            0.6467982873886969
        ],
        "L_Collar": [
            0.33379455342323033,
            0.7472881238962275
        ],
        "L_Shoulder": [
            0.37756005458079345,
            0.7040405533007918
        ],
        "L_Elbow": [
            0.38287150120798485,
            0.7854139157557091
        ],
        "L_Wrist": [
            0.3876992221428414,
            0.8637381692654402
        ],
        "L_Hand": [
            0.615601488194025,
            0.8692397911560267
        ],
        "R_Collar": [
            0.2296841127830369,
            0.8149325588815551
        ],
        "R_Shoulder": [
            0.1723923374141049,
            0.8398363515988099
        ],
        "R_Elbow": [
            0.19323839856799485,
            0.9032317445418798
        ],
        "R_Wrist": [
            0.77853279747749,
            0.9519716938596403
        ],
        "R_Hand": [
            0.7709436452156347,
            0.9424857442895178
        ]
    }
}