{
    "joints2D": {
        "Pelvis": [
            0.2165386679940634,
            0.7967477716835524
        ],
        "L_Hip": [
            0.22962696329310028,
            0.7934139276405092
        ],
        "L_Knee": [
            0.20258188392701526,
            0.7983966739829139
        ],
        "L_Ankle": [
            0.18614781867068933,
            0.7765863163930489
        ],
        "L_Foot": [
            0.17161537820681289,
            0.7774686402508111
        ],
        "R_Hip": [
            0.19584547050686166,
            0.775089347555214
        ],
        "R_Knee": [
            0.1829823945188531,
            0.7068237801168328
        ],
        "R_Ankle": [
            0.18651620748062775,
            0.6716257134234048
        ],
        "R_Foot": [
            0.1807042656388598,
            0.6689835544061886
        ],
        "Spine1": [
            0.22526103345135587,
            0.796974358871352
        ],
        "Spine2": [
            0.23814707450071734,
            0.7978174072715349
        ],
        "Spine3": [
            0.2508143019681805,
            0.815403054117131
        ],
        "Neck": [
            0.27439008440206136,
            0.6381001381599599
        ],
        "Head": [
            0.32377037920776625,
            0.5489754790840431
        ],
        "L_Collar": [
            0.28928089793531236,
            0.7038697669702216
        ],
        "L_Shoulder": [
            0.3189852034049769,
            0.6306192992317103
        ],
        "L_Elbow": [
            0.3878491710658243,
            0.553374688156634
        ],
        "L_Wrist": [
            0.40446468703241484,
            0.37199880980668454
        ],
        "L_Hand": [
            0.3838960380157953,
            0.3176123589361074
        ],
        "R_Collar": [
            0.20940368219758843,
            0.7794670725131911
        ],
        "R_Shoulder": [
            0.18152364221436298,
            0.8466363581637752
        ],
        "R_Elbow": [
            0.6108462625351329,
            0.6339565044149156
        ],
        "R_Wrist": [
            0.45110508562827867,
            0.33022874265115354
        ],
        "R_Hand": [
            0.4125528145504386,
            0.2643094662782066
        ]
    },
    "joints3D": {
        "Pelvis": [
            -0.41950952608474484,
            1.308419082322802,
            -1.9566693404795732
        ],
        "L_Hip": [
            -0.2929638106531739,
            1.590616169889705,
            -2.2813243804279395
        ],
        "L_Knee": [
            -1.0237479681823936,
            2.144840597434362,
            -3.346382886634117
        ],
        "L_Ankle": [
            -1.8876293285386632,
            3.027757350587825,
            -4.218214622744915
        ],
        "L_Foot": [
            -2.345315142834442,
            2.8738562404380903,
            -4.265606241552938
        ],
        "R_Hip": [
            -0.780584402053999,
            1.5343069375160876,
            -2.053681051732974
        ],
        "R_Knee": [
            -1.4869031829710855,
            2.7402648733372845,
            -2.3726211382522777
        ],
        "R_Ankle": [
            -1.9669402844561192,
            4.119220675872234,
            -2.7599351413424498
        ],
        "R_Foot": [
            -2.323536388397867,
            4.407724725521356,
            -2.936199478680726
        ],
        "Spine1": [
            -0.2547356519534357,
            1.1040457356802384,
            -1.6326195214786556
        ],
        "Spine2": [
            -0.08565716340716639,
            0.8338554918222391,
            -1.2265291844282724
        ],
        "Spine3": [
            0.015191104502272516,
            0.6647206063531096,
            -1.1119664571742434
        ],
        "Neck": [
            0.1007439947701767,
            0.5604313676656384,
            -0.27547946780429994
        ],
        "Head": [
            0.18568188943957672,
            0.35026166518084256,
            -0.06387959563035676
        ],
        "L_Collar": [
            0.2550442568940151,
            0.803866177302418,
            -0.6482455115177106
        ],
        "L_Shoulder": [
            0.48370909167549386,
            0.9272287329651444,
            -0.45843470671005393
        ],
        "L_Elbow": [
            1.401485406762732,
            1.0951631591617308,
            -0.28235556169677956
        ],
        "L_Wrist": [
            1.311317566084064,
            0.7318952380775943,
            0.5271572321125545
        ],
        "L_Hand": [
            1.190317417575282,
            0.8110016481056311,
            0.7905994189966545
        ],
        "R_Collar": [
            -0.17821798302073946,
            0.47894131294394227,
            -0.6408434459763263
        ],
        "R_Shoulder": [
            -0.1845395887291328,
            0.18361136388704682,
            -0.4802729654053688
        ],
        "R_Elbow": [
            0.5342474385742095,
            -0.37078906854463595,
            -0.259826397878807
        ],
        "R_Wrist": [
            0.9595259416913471,
            0.11283952600451948,
            0.39585479712909905
        ],
        "R_Hand": [
            0.9051666482176278,
            0.27360173164598994,
            0.6432724528803903
        ]
    }
}