{
    "joints3D": {
        "Pelvis": [
            -0.31055588361012937,
            0.2686914508553206,
            -1.5279466554950933
        ],
        "L_Hip": [
            -0.20097749351076072,
            0.27948679641408625,
            -1.810775657666272
        ],
        "L_Knee": [
            -0.18548504315956407,
            0.3484516000902905,
            -2.835778211463921
        ],
        "L_Ankle": [
            -0.40483864381797247,
            0.3835049987317854,
            -3.9140349037468587
        ],
        "L_Foot": [
            -0.2662442237383074,
            0.0805195076852264,
            -4.077044092702296
        ],
        "R_Hip": [
            -0.5381619157577685,
            0.24822178998683556,
            -1.720578518738338
        ],
        "R_Knee": [
            -1.0062767504142192,
            0.28895925613989243,
            -2.660167497557216
        ],
        "R_Ankle": [
            -1.2804907921507405,
            0.32376542430352656,
            -3.7274699537848788
        ],
        "R_Foot": [
            -1.4197189913514388,
            -0.019853027129172834,
            -3.7827777960193774
        ],
        "Spine1": [
            -0.25077289348023496,
            0.37348047779628263,
            -1.2350731878106753
        ],
        "Spine2": [
            -0.13818735869298518,
            0.3868275929738338,
            -0.8716592360330663
        ],
        "Spine3": [
            -0.0999401729079993,
            0.3362816068376804,
            -0.7217736575962187
        ],
        "Neck": [
            0.002955404867909615,
            0.46707136883103945,
            -0.15807800966152102
        ],
        "Head": [
            0.07755417705926572,
            0.34184653586474506,
            0.016749013850906727
        ],
        "L_Collar": [
            0.17778767044426735,
            0.4458629945012865,
            -0.445759235676439
        ],
        "L_Shoulder": [
            0.42999816046733375,
            0.45957303046272646,
            -0.5414928561590663
        ],
        "L_Elbow": [
            0.38746609374833907,
            0.44473982873262,
            -1.2545137829172428
        ],
        "L_Wrist": [
            0.3427183764436185,
            0.10224766063335368,
            -1.8544911940932987
        ],
        "L_Hand": [
            0.35049229480254807,
            -0.046386341672713216,
            -2.0428330531146384
        ],
        "R_Collar": [
            -0.2644324998315621,
            0.4440542289749324,
            -0.36537741512892447
        ],
        "R_Shoulder": [
            -0.552374523731102,
            0.4339456586892416,
            -0.35632496705098093
        ],
        "R_Elbow": [
            -0.7744952876110853,
            0.4993039223816085,
            -1.0126698300315982
        ],
        "R_Wrist": [
            -1.0102397262553924,
            0.18018691694155778,
            -1.5951830009378156
        ],
        "R_Hand": [
            -1.1006865446515772,
            0.03231182247151557,
            -1.758398923866023
        ]
    },
    "joints2D": {
        "Pelvis": [
            0.20667792637822205,
            0.9102054120029384
        ],
        "L_Hip": [
            0.22512765356714431,
            0.9209912112138182
        ],
        "L_Knee": [
            0.23446541093385354,
            0.930737392829339
        ],
        "L_Ankle": [
            0.22595589404742727,
            0.9359338544571753
        ],
        "L_Foot": [
            0.23360564985889778,
            0.9577697918786453
        ],
        "R_Hip": [
            0.18439625429172027,
            0.9080833354849457
        ],
        "R_Knee": [
            0.17082059180299233,
            0.9087323019600442
        ],
        "R_Ankle": [
            0.17634931549879676,
            0.9181621932829134
        ],
        "R_Foot": [
            0.8331180860541205,
            0.9329710914342823
        ],
        "Spine1": [
            0.2098971300278557,
            0.8789178821286624
        ],
        "Spine2": [
            0.22089213338382663,
            0.8473554574975387
        ],
        "Spine3": [
            0.22471123195330575,
            0.8429313178415769
        ],
        "Neck": [
            0.24958954008494424,
            0.5987206347618299
        ],
        "Head": [
            0.2832864357608071,
            0.48231831385285945
        ],
        "L_Collar": [
            0.2959184336598756,
            0.734354358097101
        ],
        "L_Shoulder": [
            0.3431781448097418,
            0.73538141218049
        ],
        "L_Elbow": [
            0.3045288788818643,
            0.8591812815240596
        ],
        "L_Wrist": [
            0.2897459665141106,
            0.9421273515692237
        ],
        "L_Hand": [
            0.7124008899887071,
            0.9514112401452025
        ],
        "R_Collar": [
            0.17641915882945322,
            0.6968673107377757
        ],
        "R_Shoulder": [
            0.12050696879230763,
            0.6625960362104435
        ],
        "R_Elbow": [
            0.13755860762926,
            0.787768806364886
        ],
        "R_Wrist": [
            0.1305251374028571,
            0.8702968482859792
        ],
        "R_Hand": [
            0.12592896103499338,
            0.889360177872565
        ]
    }
}