{
    "joints3D": {
        "Pelvis": [
            -0.14596118908528857,
            0.019487069902983923,
            -1.8592814330631364
        ],
        "L_Hip": [
            0.08539432802740651,
            -0.056004142782178246,
            -2.1518161721889353
        ],
        "L_Knee": [
            0.1447974624041,
            -1.0461954878540216,
            -2.8142631912034743
        ],
        "L_Ankle": [
            -0.14988529509731574,
            -1.0945949063762488,
            -4.062139825067467
        ],
        "L_Foot": [
            -0.029025005509906728,
            -1.482588684700558,
            -4.128471404939714
        ],
        "R_Hip": [
            -0.36826089245634375,
            -0.12009588958775821,
            -2.1210568854323038
        ],
        "R_Knee": [
            -0.43149825442810064,
            -0.8816172155005532,
            -3.0676850692031876
        ],
        "R_Ankle": [
            -0.4017541774582756,
            0.024531390935636527,
            -3.9740711443423464
        ],
        "R_Foot": [
            -0.5073974577128965,
            0.13483328175297538,
            -4.362118992990735
        ],
        "Spine1": [
            -0.16589893586621807,
            0.2383645386038651,
            -1.5818619658232695
        ],
        "Spine2": [
            -0.10696554262103951,
            0.30856814754006334,
            -1.1534490836896458
        ],
        "Spine3": [
            -0.07612530611079056,
            0.2509116985037376,
            -0.9715003667323062
        ],
        "Neck": [
            -0.04682297995110645,
            0.5198135739049121,
            -0.3052524780242523
        ],
        "Head": [
            0.0013388762664296784,
            0.4109172285995711,
            -0.07056350155313709
        ],
        "L_Collar": [
            0.15893856520811864,
            0.4701991927089221,
            -0.6445270255638704
        ],
        "L_Shoulder": [
            0.3889942869630944,
            0.6153307532368402,
            -0.6685869908614479
        ],
        "L_Elbow": [
            0.4633554760756586,
            0.6660012499563627,
            -1.4693355582306613
        ],
        "L_Wrist": [
            0.7683322452815109,
            0.22300350006824302,
            -2.001887053966056
        ],
        "L_Hand": [
            0.8368174187528823,
            0.13909549340515984,
            -2.2327676700103956
        ],
        "R_Collar": [
            -0.2910303216449494,
            0.3934773480649326,
            -0.5905165858228351
        ],
        "R_Shoulder": [
            -0.5716384845021097,
            0.36552942745971373,
            -0.5469976162143559
        ],
        "R_Elbow": [
            -0.8771895121114619,
            0.1867093556675805,
            -1.256319328752243
        ],
        "R_Wrist": [
            -0.8575615691843153,
            -0.3891769300393594,
            -1.7819861190603148
        ],
        "R_Hand": [
            -0.9195399480955787,
            -0.5864527150829384,
            -1.930551435867882
        ]
    },
    "joints2D": {
        "Pelvis": [
            0.23048789904882216,
            0.9597656787614308
        ],
        "L_Hip": [
            0.7422421617725468,
            0.956730103386261
        ],
        "L_Knee": [
            0.7418347445943105,
            0.8674949653482381
        ],
        "L_Ankle": [
            0.7586652409147276,
            0.8933215726968526
        ],
        "L_Foot": [
            0.752672309370712,
            0.8709753318388007
        ],
        "R_Hip": [
            0.790015684447033,
            0.9425846971498872
        ],
        "R_Knee": [
            0.7786875351020515,
            0.8858648190693903
        ],
        "R_Ankle": [
            0.22525416978047236,
            0.9599642276944963
        ],
        "R_Foot": [
            0.22214960058416477,
            0.9527833700319022
        ],
        "Spine1": [
            0.2263601104729684,
            0.9221891695453763
        ],
        "Spine2": [
            0.23030963808871324,
            0.892636909360305
        ],
        "Spine3": [
            0.23304380431324836,
            0.8953887780592591
        ],
        "Neck": [
            0.2360022093156063,
            0.6620784026668101
        ],
        "Head": [
            0.2491427716410295,
            0.5501407988212665
        ],
        "L_Collar": [
            0.2839818921578632,
            0.783908625648251
        ],
        "L_Shoulder": [
            0.31866873313036437,
            0.7380029969203953
        ],
        "L_Elbow": [
            0.3021575093355859,
            0.8366905448920811
        ],
        "L_Wrist": [
            0.32734108758613584,
            0.907386644240803
        ],
        "L_Hand": [
            0.32783196669502174,
            0.9198702525308782
        ],
        "R_Collar": [
            0.17831687482490963,
            0.7826669067103047
        ],
        "R_Shoulder": [
            0.12262516731629143,
            0.7384508590132589
        ],
        "R_Elbow": [
            0.12424606712605649,
            0.853602739679096
        ],
        "R_Wrist": [
            0.8413374597902713,
            0.8712287239741218
        ],
        "R_Hand": [
            0.8362962369597294,
            0.8539311538077886
        ]
    }
}