{
    "joints3D": {
        "Pelvis": [
            0.05033795027992491,
            0.41788662547299227,
            -1.8963253223021153
        ],
        "L_Hip": [
            0.1615066618128811,
            0.28506702291829383,
            -2.1743690232024635
        ],
        "L_Knee": [
            0.07698441913755273,
            0.10331282400054077,
            -3.317563934236475
        ],
        "L_Ankle": [
            -0.09051805196275892,
            0.2065728097677713,
            -4.446461730765459
        ],
        "L_Foot": [
            -0.28606671243924076,
            -0.13424162844399246,
            -4.556969065269908
        ],
        "R_Hip": [
            -0.14165687713377184,
            0.49192597204183774,
            -2.1421545007317326
        ],
        "R_Knee": [
            -0.674018101637291,
            0.35281268311984654,
            -3.155821495663627
        ],
        "R_Ankle": [
            -0.872650347216701,
            0.2907516778262098,
            -4.27251974470056
        ],
        "R_Foot": [
            -1.228020055963839,
            0.1037024597839372,
            -4.318424222340826
        ],
        "Spine1": [
            0.14781761807207838,
            0.5368110782271643,
            -1.5983421225754708
        ],
        "Spine2": [
            0.20250691387284755,
            0.5262222962717844,
            -1.15084293123226
        ],
        "Spine3": [
            0.18990999576977344,
            0.48964405009268575,
            -0.9732797649111632
        ],
        "Neck": [
            0.24147991441493394,
            0.5555101964473506,
            -0.34121549148753283
        ],
        "Head": [
            0.23640172911265858,
            0.4010947580930305,
            -0.10270312744452086
        ],
        "L_Collar": [
            0.4222392642373091,
            0.4473412924735051,
            -0.6251961652556092
        ],
        "L_Shoulder": [
            0.6598572580444643,
            0.3120440817573392,
            -0.662247073449047
        ],
        "L_Elbow": [
            0.8053249295607303,
            0.3084616249056933,
            -1.3658269965460117
        ],
        "L_Wrist": [
            0.7340968233360817,
            -0.13001365835043704,
            -1.9223746452237098
        ],
        "L_Hand": [
            0.7464366815866106,
            -0.286669659495994,
            -2.1250655568512014
        ],
        "R_Collar": [
            0.06826313002306736,
            0.694254972562665,
            -0.6241117621289027
        ],
        "R_Shoulder": [
            -0.1815624540188779,
            0.8521070391713365,
            -0.6436763927805995
        ],
        "R_Elbow": [
            -0.27042516665327593,
            1.0644623469531815,
            -1.2976319280794182
        ],
        "R_Wrist": [
            -0.6962491786306683,
            0.7279599519772986,
            -1.7932946593940933
        ],
        "R_Hand": [
            -0.8532626322720599,
            0.6114604415837468,
            -1.9546049329482023
        ]
    },
    "joints2D": {
        "Pelvis": [
            0.2540665598046271,
            0.9060417753076649
        ],
        "L_Hip": [
            0.26465034355503936,
            0.928342956952098
        ],
        "L_Knee": [
            0.25395916377403244,
            0.9556179143943018
        ],
        "L_Ankle": [
            0.24401683483359876,
            0.9516124638843868
        ],
        "L_Foot": [
            0.7657347405137924,
            0.9552959941519709
        ],
        "R_Hip": [
            0.23522619537799866,
            0.9030128018070644
        ],
        "R_Knee": [
            0.2029126287943081,
            0.9254952544078832
        ],
        "R_Ankle": [
            0.20370573804346967,
            0.9372941090336873
        ],
        "R_Foot": [
            0.18565228880837856,
            0.9402937616909625
        ],
        "Spine1": [
            0.2661308050070814,
            0.8755082352629573
        ],
        "Spine2": [
            0.279106561323888,
            0.843549557991907
        ],
        "Spine3": [
            0.2813338689483179,
            0.8323783097906451
        ],
        "Neck": [
            0.3065935124907679,
            0.6610576475612348
        ],
        "Head": [
            0.33010980574615345,
            0.5680694841828374
        ],
        "L_Collar": [
            0.33796232127377457,
            0.7617921509794748
        ],
        "L_Shoulder": [
            0.38274879326941835,
            0.7664689849404986
        ],
        "L_Elbow": [
            0.3541794859522811,
            0.8552670502809044
        ],
        "L_Wrist": [
            0.6710885568857807,
            0.9176884043013298
        ],
        "L_Hand": [
            0.6795836629327165,
            0.905962014830354
        ],
        "R_Collar": [
            0.2610654130141498,
            0.7244632946677146
        ],
        "R_Shoulder": [
            0.2205495516664053,
            0.6964647372978753
        ],
        "R_Elbow": [
            0.22037415481608966,
            0.7685617666388613
        ],
        "R_Wrist": [
            0.1818756433821279,
            0.8412126467207754
        ],
        "R_Hand": [
            0.17025171965803598,
            0.8564233073066532
        ]
    }
}