{
    "joints3D": {
        "Pelvis": [
            -0.16033193849885313,
            0.06002454807534658,
            -1.5707131630987519
        ],
        "L_Hip": [
            0.0171248312960323,
            -0.04067267995835584,
            -1.7956499763295868
        ],
        "L_Knee": [
            0.12157814900454329,
            -0.5502831033840154,
            -2.68237877468762
        ],
        "L_Ankle": [
            0.029171239097384248,
            -0.8054351286143054,
            -3.749994929493258
        ],
        "L_Foot": [
            0.1332193719143209,
            -1.1588697029171073,
            -3.705223427597166
        ],
        "R_Hip": [
            -0.3317817289420019,
            -0.007420330906278826,
            -1.80628602704835
        ],
        "R_Knee": [
            -0.5636852816417407,
            -0.5119741326514723,
            -2.698809221754105
        ],
        "R_Ankle": [
            -0.4134582206059071,
            -0.4366804633264832,
            -3.789116475430192
        ],
        "R_Foot": [
            -0.6675628569816688,
            -0.7039918678360289,
            -3.857396787582151
        ],
        "Spine1": [
            -0.15771984738132663,
            0.25671252249011955,
            -1.3222024551807214
        ],
        "Spine2": [
            -0.13807242586271706,
            0.3276713530474236,
            -0.9484682819914046
        ],
        "Spine3": [
            -0.12648328029987466,
            0.3052806423520502,
            -0.7875964269668161
        ],
        "Neck": [
            -0.06907379821026369,
            0.5248333263974673,
            -0.24504355048017754
        ],
        "Head": [
            -0.03297658317993787,
            0.4181050137578497,
            -0.04710616572414395
        ],
        "L_Collar": [
            0.13002939181820236,
            0.45077575157037125,
            -0.5073169495150104
        ],
        "L_Shoulder": [
            0.3948239205966564,
            0.4142704429428993,
            -0.5473465016839584
        ],
        "L_Elbow": [
            0.5155749092109929,
            0.13594804649965234,
            -1.1946484967779996
        ],
        "L_Wrist": [
            0.5679211018965818,
            -0.3527127644348723,
            -1.682833877703914
        ],
        "L_Hand": [
            0.5245726750122421,
            -0.44667343281473154,
            -1.8995989092990442
        ],
        "R_Collar": [
            -0.3175334334732581,
            0.4758173001840306,
            -0.47088217515980374
        ],
        "R_Shoulder": [
            -0.5924814962082733,
            0.4413121223877674,
            -0.3908320885443206
        ],
        "R_Elbow": [
            -0.8832608175629169,
            0.26349608457157264,
            -0.9981307612793889
        ],
        "R_Wrist": [
            -0.965195608162722,
            -0.22692406440198867,
            -1.498237492820344
        ],
        "R_Hand": [
            -0.9370778791890476,
            -0.31677092623200376,
            -1.7170809918092098
        ]
    },
    "joints2D": {
        "Pelvis": [
            0.2254555571404502,
            0.9515671221354481
        ],
        "L_Hip": [
            0.7491620164770756,
            0.9579548151053959
        ],
        "L_Knee": [
            0.7420114539183268,
            0.9097390086990585
        ],
        "L_Ankle": [
            0.7497627654139363,
            0.9075997900287243
        ],
        "L_Foot": [
            0.7444360713500373,
            0.8823597844269173
        ],
        "R_Hip": [
            0.7934155612165301,
            0.9552145680750496
        ],
        "R_Knee": [
            0.7940770848355243,
            0.9063363357354178
        ],
        "R_Ankle": [
            0.7750327528628723,
            0.9312019540934856
        ],
        "R_Foot": [
            0.7871186769626435,
            0.9105483726259272
        ],
        "Spine1": [
            0.22400244043074893,
            0.9103893534068461
        ],
        "Spine2": [
            0.22141606522246438,
            0.8713221842110651
        ],
        "Spine3": [
            0.21947457610720686,
            0.8605181429759341
        ],
        "Neck": [
            0.2295911750749288,
            0.632445620867856
        ],
        "Head": [
            0.2364615938073674,
            0.5320793891904853
        ],
        "L_Collar": [
            0.2817607834965034,
            0.7557176116790457
        ],
        "L_Shoulder": [
            0.34069161897619377,
            0.7525022904951009
        ],
        "L_Elbow": [
            0.3356456667307655,
            0.9004815575854276
        ],
        "L_Wrist": [
            0.6850838835260298,
            0.8900466694494541
        ],
        "L_Hand": [
            0.6971555595771797,
            0.8898467778691375
        ],
        "R_Collar": [
            0.17293157176248392,
            0.7218281828142616
        ],
        "R_Shoulder": [
            0.11800305050008467,
            0.6696343932555121
        ],
        "R_Elbow": [
            0.11121085607969496,
            0.8078897481164297
        ],
        "R_Wrist": [
            0.8686473382465052,
            0.8614082643258768
        ],
        "R_Hand": [
            0.8529350935040506,
            0.8695353442288972
        ]
    }
}