{
    "joints2D": {
        "Pelvis": [
            0.26445829141209604,
            0.846826838253795
        ],
        "L_Hip": [
            0.2892950418169896,
            0.8469125022631043
        ],
        "L_Knee": [
            0.3003529135364688,
            0.8654552828132828
        ],
        "L_Ankle": [
            0.2956589514509432,
            0.8898188734043321
        ],
        "L_Foot": [
            0.30330894743604714,
            0.9093733905349031
        ],
        "R_Hip": [
            0.24671417808139137,
            0.8643822265230641
        ],
        "R_Knee": [
            0.24892819993783435,
            0.8758073519843607
        ],
        "R_Ankle": [
            0.2592954562806252,
            0.893842977297132
        ],
        "R_Foot": [
            0.2508242651374211,
            0.9156312765629808
        ],
        "Spine1": [
            0.25660646928052133,
            0.8119449666111352
        ],
        "Spine2": [
            0.2478153308015145,
            0.7764807651168121
        ],
        "Spine3": [
            0.2475974696271681,
            0.7807996224180966
        ],
        "Neck": [
            0.2206818215846261,
            0.516822883753003
        ],
        "Head": [
            0.2064107950794911,
            0.3960756746543534
        ],
        "L_Collar": [
            0.2913660291561408,
            0.6359026566265217
        ],
        "L_Shoulder": [
            0.3363397140285516,
            0.5827133042184018
        ],
        "L_Elbow": [
            0.36200072131477773,
            0.5938951182477755
        ],
        "L_Wrist": [
            0.4230803435336418,
            0.502879423064723
        ],
        "L_Hand": [
            0.4406598232288948,
            0.468727901676879
        ],
        "R_Collar": [
            0.17986722918889916,
            0.6599427941747122
        ],
        "R_Shoulder": [
            0.1321202695381151,
            0.6232268331213315
        ],
        "R_Elbow": [
            0.11167446958278636,
            0.6375641999686579
        ],
        "R_Wrist": [
            0.05717535370261249,
            0.6910950543388381
        ],
        "R_Hand": [
            0.040870690974111126,
            0.7064234437667541
        ]
    },
    "joints3D": {
        "Pelvis": [
            0.13332367393288067,
            0.6699653161353739,
            -1.473179458811197
        ],
        "L_Hip": [
            0.39370877500321766,
            0.7291049901624589,
            -1.6929852661807332
        ],
        "L_Knee": [
            0.7623979182638085,
            0.9136948637415624,
            -2.7140335092351875
        ],
        "L_Ankle": [
            0.9257446879621191,
            0.9563865595766422,
            -3.8643826762490354
        ],
        "L_Foot": [
            1.0709029353387018,
            0.6400004150591718,
            -4.036292795589362
        ],
        "R_Hip": [
            -0.018649978377988558,
            0.6854348694636792,
            -1.7763236520342964
        ],
        "R_Knee": [
            0.004336935088478588,
            0.9718735735560154,
            -2.861036032270074
        ],
        "R_Ankle": [
            0.21499398409155226,
            1.0660661105629163,
            -4.001167531503704
        ],
        "R_Foot": [
            0.04362758561017232,
            0.7684621056174916,
            -4.180455830741064
        ],
        "Spine1": [
            0.0590849243377787,
            0.7152570330838501,
            -1.1670694685221235
        ],
        "Spine2": [
            -0.004716406879506523,
            0.6310918921351182,
            -0.7971272878959464
        ],
        "Spine3": [
            -0.004945681723630991,
            0.5162467264782699,
            -0.6716508300383373
        ],
        "Neck": [
            -0.0940520270182458,
            0.5164416214575425,
            -0.03286545915750652
        ],
        "Head": [
            -0.09357790189061235,
            0.32356523259493597,
            0.11213140343855159
        ],
        "L_Collar": [
            0.16949922535617137,
            0.5594674935065064,
            -0.2749694801842834
        ],
        "L_Shoulder": [
            0.42106364538970414,
            0.646081793747968,
            -0.20508786998501727
        ],
        "L_Elbow": [
            1.0077008545637887,
            1.077915473941135,
            -0.4294151780332892
        ],
        "L_Wrist": [
            1.4225056869364918,
            0.6567225568931385,
            -0.022820293857071423
        ],
        "L_Hand": [
            1.4265140958353877,
            0.44840810222593924,
            0.10606709264838922
        ],
        "R_Collar": [
            -0.2850251993036963,
            0.5402952497739683,
            -0.337061979225521
        ],
        "R_Shoulder": [
            -0.5702976755398691,
            0.565034074747749,
            -0.30820915105557617
        ],
        "R_Elbow": [
            -1.1848591339148284,
            0.8608202418844307,
            -0.6067670506698201
        ],
        "R_Wrist": [
            -1.5569763999637583,
            0.24853567036312968,
            -0.7880288972237761
        ],
        "R_Hand": [
            -1.6090651578648547,
            0.00994290378810717,
            -0.8098383725574623
        ]
    }
}