{
    "joints2D": {
        "Pelvis": [
            0.2261702132833138,
            0.8036494926169008
        ],
        "L_Hip": [
            0.24417984542613208,
            0.8221133421127887
        ],
        "L_Knee": [
            0.23979573494971282,
            0.9483618793269989
        ],
        "L_Ankle": [
            0.21878218262270935,
            0.9330306604922091
        ],
        "L_Foot": [
            0.7796677750230641,
            0.9604254681750931
        ],
        "R_Hip": [
            0.20735945336986542,
            0.8082966659441153
        ],
        "R_Knee": [
            0.19616039763136212,
            0.8705615639695388
        ],
        "R_Ankle": [
            0.19822425035016825,
            0.8186674874443026
        ],
        "R_Foot": [
            0.1997659537776921,
            0.8302805364685355
        ],
        "Spine1": [
            0.22855272882157465,
            0.7686523796785829
        ],
        "Spine2": [
            0.23395475881071845,
            0.7743068566408138
        ],
        "Spine3": [
            0.23518482779716818,
            0.7882414249235339
        ],
        "Neck": [
            0.2546833817275142,
            0.6065152006426764
        ],
        "Head": [
            0.2626338912706052,
            0.5294628782892776
        ],
        "L_Collar": [
            0.2919519877615278,
            0.712436795922838
        ],
        "L_Shoulder": [
            0.3388245010519661,
            0.7308235584481496
        ],
        "L_Elbow": [
            0.3125484002448719,
            0.8163732453173972
        ],
        "L_Wrist": [
            0.26322462742101443,
            0.9113303408782557
        ],
        "L_Hand": [
            0.24334251972608809,
            0.9305623588504611
        ],
        "R_Collar": [
            0.19883963689706893,
            0.6783583696169428
        ],
        "R_Shoulder": [
            0.14464915092582503,
            0.6605343733721779
        ],
        "R_Elbow": [
            0.13913455949116088,
            0.7552661345583461
        ],
        "R_Wrist": [
            0.14701308430967383,
            0.8677142185456368
        ],
        "R_Hand": [
            0.15675775162864566,
            0.8942080219442733
        ]
    },
    "joints3D": {
        "Pelvis": [
            -0.22410838082102183,
            0.9845964578090071,
            -1.527727027042404
        ],
        "L_Hip": [
            -0.05003424394905194,
            1.0324030646598665,
            -1.8214512834482648
        ],
        "L_Knee": [
            -0.09657528302744983,
            0.14250667967555097,
            -2.462425326646004
        ],
        "L_Ankle": [
            -0.48407816003269244,
            0.3633360602130756,
            -3.532188875034347
        ],
        "L_Foot": [
            -0.4471349663934792,
            -0.0009184606153416561,
            -3.657613944197436
        ],
        "R_Hip": [
            -0.46567063777965506,
            1.0544731732582422,
            -1.754162070817162
        ],
        "R_Knee": [
            -0.7904259114592548,
            0.8845873350863191,
            -2.8110162048549308
        ],
        "R_Ankle": [
            -1.0702302367468044,
            1.8365601736328312,
            -3.4111058421421223
        ],
        "R_Foot": [
            -1.1138018369100628,
            1.8569067121863418,
            -3.7942817730633545
        ],
        "Spine1": [
            -0.17977305388437864,
            1.0044571572257797,
            -1.214246684583345
        ],
        "Spine2": [
            -0.09950558701396801,
            0.7503298195946685,
            -0.9384596377425265
        ],
        "Spine3": [
            -0.07792942195587067,
            0.6122032204638826,
            -0.8425033208449606
        ],
        "Neck": [
            0.02311853260903551,
            0.5697023635813516,
            -0.20897591012208244
        ],
        "Head": [
            0.0360282014457111,
            0.39759436395724446,
            -0.04142898099882432
        ],
        "L_Collar": [
            0.2076171892502659,
            0.6012600720024973,
            -0.5156892490110428
        ],
        "L_Shoulder": [
            0.46093842677381575,
            0.534630711070554,
            -0.5968295752441275
        ],
        "L_Elbow": [
            0.534981689352795,
            0.6960141853703271,
            -1.3355922800151145
        ],
        "L_Wrist": [
            0.12797993064301474,
            0.3578626067004025,
            -1.816794422700877
        ],
        "L_Hand": [
            -0.0475543468035999,
            0.24566461765978553,
            -1.9442510851743777
        ],
        "R_Collar": [
            -0.24202529861515673,
            0.6410513174829802,
            -0.4399944555297797
        ],
        "R_Shoulder": [
            -0.5201559890647486,
            0.5782632984085568,
            -0.4082826459862427
        ],
        "R_Elbow": [
            -0.8859750505944045,
            0.6938177969281596,
            -1.0436204988007696
        ],
        "R_Wrist": [
            -0.9208937206030371,
            0.32134824731118894,
            -1.6783140711096887
        ],
        "R_Hand": [
            -0.8808820174483317,
            0.2329728644328679,
            -1.9026498674227412
        ]
    }
}