{
    "joints3D": {
        "Pelvis": [
            0.659367815182797,
            1.6540324158045816,
            -1.1074093045237485
        ],
        "L_Hip": [
            0.9188485667852262,
            1.762554491635162,
            -1.3187431436562342
        ],
        "L_Knee": [
            1.179565677981977,
            0.8585010756147645,
            -2.1363218648567512
        ],
        "L_Ankle": [
            0.8959748296250798,
            1.8679657476776423,
            -2.780626537605047
        ],
        "L_Foot": [
            1.1075985124626921,
            1.7567274585490735,
            -3.1480569263659564
        ],
        "R_Hip": [
            0.5359725985141207,
            1.853808380049286,
            -1.3592134307801202
        ],
        "R_Knee": [
            0.02341288851552737,
            1.773472572787567,
            -2.484016638062308
        ],
        "R_Ankle": [
            0.4532668771603379,
            2.563798260773553,
            -3.3079537195644813
        ],
        "R_Foot": [
            0.18908362572974433,
            2.3179568301187765,
            -3.5492317256336867
        ],
        "Spine1": [
            0.5860279926277145,
            1.555151479180527,
            -0.7689831806225471
        ],
        "Spine2": [
            0.45136887179518614,
            1.2832995654337445,
            -0.3914673367526288
        ],
        "Spine3": [
            0.41111160233410415,
            1.093911942440801,
            -0.3669091145398604
        ],
        "Neck": [
            0.11713311378953739,
            0.753440457439001,
            0.14934502464771124
        ],
        "Head": [
            0.12246228554970609,
            0.45712537518815055,
            0.22225414252578438
        ],
        "L_Collar": [
            0.44069682445600467,
            0.9265190016030801,
            0.05162982533148351
        ],
        "L_Shoulder": [
            0.7310382057217869,
            0.9850958958862915,
            0.061188483686269925
        ],
        "L_Elbow": [
            1.17865074965977,
            1.607701127055233,
            -0.02478461961761933
        ],
        "L_Wrist": [
            1.59892422791434,
            2.074989286044441,
            -0.46053662078087093
        ],
        "L_Hand": [
            1.7570618528930677,
            2.2814426608905305,
            -0.5512936796237757
        ],
        "R_Collar": [
            0.028242710842034967,
            0.9749279797669798,
            -0.15423210274629076
        ],
        "R_Shoulder": [
            -0.14485812186910224,
            0.9641235503631348,
            -0.42085485880074225
        ],
        "R_Elbow": [
            -0.20890910976504565,
            0.9588725009524768,
            -1.1626453241758712
        ],
        "R_Wrist": [
            -0.2953198887039855,
            0.5890625683889643,
            -1.8546653184662685
        ],
        "R_Hand": [
            -0.381847441110836,
            0.47601955510227884,
            -2.0866916065903083
        ]
    },
    "joints2D": {
        "Pelvis": [
            0.301301338326343,
            0.67416783197025
        ],
        "L_Hip": [
            0.31433180937266497,
            0.685842304463389
        ],
        "L_Knee": [
            0.3393957125852643,
            0.8260148366144391
        ],
        "L_Ankle": [
            0.2960681583952612,
            0.791657773262726
        ],
        "L_Foot": [
            0.3040581151601779,
            0.8122979741949123
        ],
        "R_Hip": [
            0.2867155275231322,
            0.6903932104311338
        ],
        "R_Knee": [
            0.2500272473632445,
            0.79136896266453
        ],
        "R_Ankle": [
            0.2678956913490667,
            0.778320665117134
        ],
        "R_Foot": [
            0.2567972133781838,
            0.8034668271356122
        ],
        "Spine1": [
            0.3010709386324992,
            0.6348784486155973
        ],
        "Spine2": [
            0.2998138094262026,
            0.586045328190772
        ],
        "Spine3": [
            0.3027665371733727,
            0.5938940452862739
        ],
        "Neck": [
            0.2723101521396547,
            0.43692692374041614
        ],
        "Head": [
            0.28666847238105075,
            0.3592532458437265
        ],
        "L_Collar": [
            0.31760253619869255,
            0.4811243059463678
        ],
        "L_Shoulder": [
            0.3478375371501742,
            0.4806770003291974
        ],
        "L_Elbow": [
            0.34701712784152966,
            0.5014198942580892
        ],
        "L_Wrist": [
            0.34963273903025405,
            0.5554595419667504
        ],
        "L_Hand": [
            0.34939199987310254,
            0.560505450360936
        ],
        "R_Collar": [
            0.2531049984632703,
            0.546034651889506
        ],
        "R_Shoulder": [
            0.2267594420743383,
            0.6244289217719405
        ],
        "R_Elbow": [
            0.22427803908326369,
            0.7684611750430669
        ],
        "R_Wrist": [
            0.21836677507740496,
            0.8775422635204791
        ],
        "R_Hand": [
            0.21193498335084154,
            0.8984625758070969
        ]
    }
}