{
    "joints3D": {
        "Pelvis": [
            0.7567157631685503,
            1.0235021638253885,
            -1.7295236587586504
        ],
        "L_Hip": [
            0.8380137994468098,
            0.9541829449065631,
            -2.039673323987992
        ],
        "L_Knee": [
            0.29920158216978593,
            0.4765014242433236,
            -2.9519973805817714
        ],
        "L_Ankle": [
            0.12537703031614464,
            0.7737430941879513,
            -4.046633506917548
        ],
        "L_Foot": [
            -0.11032322801905482,
            0.46326357424859466,
            -4.169590476208009
        ],
        "R_Hip": [
            0.6587545878345945,
            1.2564930599055408,
            -1.92746726989161
        ],
        "R_Knee": [
            -0.21326520454072262,
            1.451669068657044,
            -2.6592344034923436
        ],
        "R_Ankle": [
            -0.29138223467704555,
            1.6666320185175973,
            -3.773510649576566
        ],
        "R_Foot": [
            -0.694595576427423,
            1.631267311314312,
            -3.770917594901366
        ],
        "Spine1": [
            0.850007861362839,
            0.9758275511742887,
            -1.4104982081315571
        ],
        "Spine2": [
            0.6892554427867654,
            0.7424213519309736,
            -1.0589209423362085
        ],
        "Spine3": [
            0.6208648591067392,
            0.6448830773709108,
            -0.921347650054828
        ],
        "Neck": [
            0.5509685177832242,
            0.4474969532590653,
            -0.31819644769264277
        ],
        "Head": [
            0.5046200828856259,
            0.23442200966497334,
            -0.13534498459015007
        ],
        "L_Collar": [
            0.7427001941117999,
            0.388679877118039,
            -0.6099977103355142
        ],
        "L_Shoulder": [
            0.9027197885983488,
            0.16861800542372898,
            -0.6581578793814641
        ],
        "L_Elbow": [
            1.146369244500587,
            0.21113187931740363,
            -1.3337812844479517
        ],
        "L_Wrist": [
            0.4841694362106421,
            -0.032770591822691646,
            -1.231324543642759
        ],
        "L_Hand": [
            0.25955658335514226,
            -0.1373774811321061,
            -1.1637454735919632
        ],
        "R_Collar": [
            0.5015280033238272,
            0.7373475293469508,
            -0.5260129319614271
        ],
        "R_Shoulder": [
            0.304487003146159,
            0.9362018670648454,
            -0.42808712991898806
        ],
        "R_Elbow": [
            0.38762082445089335,
            1.364558514824218,
            -0.9680782842402643
        ],
        "R_Wrist": [
            -0.12932664085398315,
            0.8408640875138758,
            -0.9841885737775
        ],
        "R_Hand": [
            -0.3038929341227302,
            0.661347297163852,
            -0.9426419768668093
        ]
    },
    "joints2D": {
        "Pelvis": [
            0.31485835709820964,
            0.7999694692561318
        ],
        "L_Hip": [
            0.3162453685752435,
            0.8263707609166736
        ],
        "L_Knee": [
            0.2700408635339353,
            0.9195493775067309
        ],
        "L_Ankle": [
            0.2550899752028456,
            0.9135535554743998
        ],
        "L_Foot": [
            0.24285655209288756,
            0.9345440692694587
        ],
        "R_Hip": [
            0.29942341314192794,
            0.7944520080571121
        ],
        "R_Knee": [
            0.2354532013356388,
            0.8261713022107056
        ],
        "R_Ankle": [
            0.23501597115787545,
            0.8501890921900496
        ],
        "R_Foot": [
            0.21625835140632169,
            0.8488928151702141
        ],
        "Spine1": [
            0.33103742879890813,
            0.7707379287650412
        ],
        "Spine2": [
            0.3360193883521737,
            0.7657650240954273
        ],
        "Spine3": [
            0.3385867962069159,
            0.7642362503516726
        ],
        "Neck": [
            0.37689116765099845,
            0.645416847233733
        ],
        "Head": [
            0.41862110209120373,
            0.5884637324220682
        ],
        "L_Collar": [
            0.38874291462822613,
            0.727420320151529
        ],
        "L_Shoulder": [
            0.4211404714208255,
            0.7488151161908397
        ],
        "L_Elbow": [
            0.3904292513868924,
            0.8272183794400795
        ],
        "L_Wrist": [
            0.6671684432250591,
            0.9255026341492427
        ],
        "L_Hand": [
            0.7038677028631666,
            0.9231429523647272
        ],
        "R_Collar": [
            0.33205841450831797,
            0.6722617859318959
        ],
        "R_Shoulder": [
            0.2947269314015207,
            0.6268688544932298
        ],
        "R_Elbow": [
            0.2863601013392852,
            0.6856870801366571
        ],
        "R_Wrist": [
            0.2311062563655483,
            0.7641695200209533
        ],
        "R_Hand": [
            0.2020943417944331,
            0.7860495780570094
        ]
    }
}