{
    "joints3D": {
        "Pelvis": [
            -0.10126527873104212,
            1.5516529272829844,
            -1.648752599778198
        ],
        "L_Hip": [
            0.15151083920953992,
            1.5587523158923031,
            -1.9422451516867558
        ],
        "L_Knee": [
            1.394311346365013,
            1.0083775859234687,
            -2.133537574146685
        ],
        "L_Ankle": [
            2.5345896390131584,
            0.35604871838694363,
            -2.466429495487784
        ],
        "L_Foot": [
            2.7394905047889146,
            0.02502116365591196,
            -2.1810243782134022
        ],
        "R_Hip": [
            -0.2740113291907661,
            1.4716057009653343,
            -1.9766196912292302
        ],
        "R_Knee": [
            -1.0337667214170305,
            0.4104056993008739,
            -2.3731061654300696
        ],
        "R_Ankle": [
            -1.62751141643711,
            -0.5800605663766023,
            -3.0594929642947113
        ],
        "R_Foot": [
            -1.6852098550421344,
            -0.977151824027024,
            -2.7996831216126026
        ],
        "Spine1": [
            -0.17720967859773123,
            1.7071424025848356,
            -1.2919382884695285
        ],
        "Spine2": [
            -0.12809204216591985,
            1.329899228826608,
            -0.9181753579685709
        ],
        "Spine3": [
            -0.09694266476874316,
            1.1542281647707697,
            -0.7983438682426626
        ],
        "Neck": [
            -0.1459230450722931,
            0.8867020893193489,
            -0.09508077803300838
        ],
        "Head": [
            -0.017717959236904356,
            0.6049894721526059,
            0.03588560599431385
        ],
        "L_Collar": [
            0.11391981161965394,
            1.0893871054447128,
            -0.35248393362819547
        ],
        "L_Shoulder": [
            0.3981224192583901,
            0.940514532071449,
            -0.4121350711658819
        ],
        "L_Elbow": [
            0.7580461798095758,
            0.5165852805420351,
            -1.0545599688081773
        ],
        "L_Wrist": [
            1.1011735075239943,
            0.00013980519145213903,
            -1.6244410042765995
        ],
        "L_Hand": [
            1.1529764145173178,
            -0.20332742374764082,
            -1.843336023044121
        ],
        "R_Collar": [
            -0.389541456858348,
            1.0306850059820287,
            -0.4124768204263372
        ],
        "R_Shoulder": [
            -0.5796400729126681,
            0.7492775189622476,
            -0.49821011819179134
        ],
        "R_Elbow": [
            -0.485938811463266,
            0.3025511067880054,
            -1.1793167729971883
        ],
        "R_Wrist": [
            -0.38582503925494294,
            -0.25762280472880894,
            -1.836417836412471
        ],
        "R_Hand": [
            -0.3118125088331293,
            -0.41368565902173343,
            -2.08141479613812
        ]
    },
    "joints2D": {
        "Pelvis": [
            0.24086931484659296,
            0.7503622043118517
        ],
        "L_Hip": [
            0.25943786374601363,
            0.7740887468627949
        ],
        "L_Knee": [
            0.3484059492801196,
            0.8025969405188242
        ],
        "L_Ankle": [
            0.4063627262238781,
            0.8042425686020828
        ],
        "L_Foot": [
            0.43044731673610537,
            0.7867695365980785
        ],
        "R_Hip": [
            0.22876593476183782,
            0.784030218804664
        ],
        "R_Knee": [
            0.16378230466687563,
            0.8868858163884903
        ],
        "R_Ankle": [
            0.8506068562376927,
            0.8704278241010518
        ],
        "R_Foot": [
            0.8515982760236307,
            0.8303438715927657
        ],
        "Spine1": [
            0.23485620631471535,
            0.6982817426053706
        ],
        "Spine2": [
            0.23556002062636533,
            0.684818261348964
        ],
        "Spine3": [
            0.23723303618338587,
            0.6851817335665293
        ],
        "Neck": [
            0.22338683796982509,
            0.5301933022854025
        ],
        "Head": [
            0.24409894866551482,
            0.4788826130616252
        ],
        "L_Collar": [
            0.264307477942439,
            0.5942293015495339
        ],
        "L_Shoulder": [
            0.3077632353622037,
            0.6196882812597017
        ],
        "L_Elbow": [
            0.3549332603149203,
            0.7930198467551507
        ],
        "L_Wrist": [
            0.3795584832538104,
            0.8835382389410291
        ],
        "L_Hand": [
            0.6341560479885424,
            0.8720411201695655
        ],
        "R_Collar": [
            0.19492055368476485,
            0.6110500346488453
        ],
        "R_Shoulder": [
            0.1549717159779591,
            0.6583036935845122
        ],
        "R_Elbow": [
            0.17158160800524483,
            0.8713123847706425
        ],
        "R_Wrist": [
            0.7956189855099778,
            0.9186154796602506
        ],
        "R_Hand": [
            0.7821048961348407,
            0.9077574600679533
        ]
    }
}