{
    "joints3D": {
        "Pelvis": [
            -0.03275580410744057,
            -0.20096959862342093,
            -1.516386566116306
        ],
        "L_Hip": [
            0.15809697196154943,
            -0.29528856877551474,
            -1.7656434266552452
        ],
        "L_Knee": [
            0.43621705639633634,
            -1.0322418348988007,
            -2.619110133654928
        ],
        "L_Ankle": [
            0.40060410567903054,
            -1.5261362372571132,
            -3.6533583403066516
        ],
        "L_Foot": [
            0.6257415410818894,
            -1.8666906539030514,
            -3.6660751226156103
        ],
        "R_Hip": [
            -0.20431658343504736,
            -0.35701721008153015,
            -1.738034986214144
        ],
        "R_Knee": [
            -0.29366754285793306,
            -1.1582875135626147,
            -2.563883195771458
        ],
        "R_Ankle": [
            -0.2186605540398153,
            -1.5858652607767434,
            -3.614397517395255
        ],
        "R_Foot": [
            -0.24409276293452223,
            -1.9843983883295107,
            -3.5501845502809672
        ],
        "Spine1": [
            -0.06745591865667187,
            0.033563645675269635,
            -1.278944907302084
        ],
        "Spine2": [
            -0.048807967469822536,
            0.2012685479160084,
            -0.860429405612694
        ],
        "Spine3": [
            -0.0534500346086162,
            0.2310089247288025,
            -0.681089212279599
        ],
        "Neck": [
            -0.10669438135674458,
            0.5207699141825112,
            -0.11518708756091262
        ],
        "Head": [
            -0.050209868461190625,
            0.4117357764107191,
            0.1413007815390765
        ],
        "L_Collar": [
            0.12237083068095526,
            0.465725382694584,
            -0.37916477278276317
        ],
        "L_Shoulder": [
            0.3950927210872072,
            0.4976418185071821,
            -0.40823845421984706
        ],
        "L_Elbow": [
            0.5457769436290122,
            0.16277318175691427,
            -1.026331473290996
        ],
        "L_Wrist": [
            0.6743438237724133,
            -0.3969013790970692,
            -1.448214394238216
        ],
        "L_Hand": [
            0.6890508570528509,
            -0.5423468160103362,
            -1.6591490514462626
        ],
        "R_Collar": [
            -0.30594248264795765,
            0.41258480423343374,
            -0.3945646299225969
        ],
        "R_Shoulder": [
            -0.5935254657903424,
            0.34824166304146215,
            -0.4259493017931608
        ],
        "R_Elbow": [
            -0.6519792221099968,
            0.02211458165295778,
            -1.0354651038051257
        ],
        "R_Wrist": [
            -0.697064364401268,
            -0.5642533311248101,
            -1.4771627822011721
        ],
        "R_Hand": [
            -0.6976724678847882,
            -0.7277411762095599,
            -1.6710772465381647
        ]
    },
    "joints2D": {
        "Pelvis": [
            0.7560211685813844,
            0.9289686263275413
        ],
        "L_Hip": [
            0.7325022105061973,
            0.9184649834714705
        ],
        "L_Knee": [
            0.7212603915638289,
            0.8587117279274692
        ],
        "L_Ankle": [
            0.7317398710331298,
            0.8551151697349786
        ],
        "L_Foot": [
            0.7227950350341334,
            0.8319783855545188
        ],
        "R_Hip": [
            0.7754750449503357,
            0.907577829135171
        ],
        "R_Knee": [
            0.771383463339018,
            0.8469376292803672
        ],
        "R_Ankle": [
            0.7620630637871209,
            0.85116300364967
        ],
        "R_Foot": [
            0.7625714240812382,
            0.8234475859509452
        ],
        "Spine1": [
            0.23653357710365666,
            0.9564006937000901
        ],
        "Spine2": [
            0.23715927831518424,
            0.9021129405714418
        ],
        "Spine3": [
            0.23381882574412682,
            0.8750346663003945
        ],
        "Neck": [
            0.21771566265165432,
            0.5640571576950717
        ],
        "Head": [
            0.23046511644294113,
            0.3949796298162508
        ],
        "L_Collar": [
            0.2824314773693515,
            0.7066796227504222
        ],
        "L_Shoulder": [
            0.34049256046568743,
            0.687097367684494
        ],
        "L_Elbow": [
            0.34954341564563446,
            0.8767746841866433
        ],
        "L_Wrist": [
            0.6665876870778508,
            0.8613894352241295
        ],
        "L_Hand": [
            0.6769472526532947,
            0.8556296706132273
        ],
        "R_Collar": [
            0.1650370421402802,
            0.7129263106906442
        ],
        "R_Shoulder": [
            0.10833906759721663,
            0.6986611281644398
        ],
        "R_Elbow": [
            0.12558582253640677,
            0.8881529092407633
        ],
        "R_Wrist": [
            0.8318228546297365,
            0.8383089672726409
        ],
        "R_Hand": [
            0.8213263943091456,
            0.8324583096167103
        ]
    }
}