{
    "joints3D": {
        "Pelvis": [
            0.4559892577975169,
            2.7986355934850953,
            -0.7286462649628603
        ],
        "L_Hip": [
            0.8352188066261791,
            2.9130608270940352,
            -0.9542695299441499
        ],
        "L_Knee": [
            1.496416195186736,
            1.5715873618297045,
            -1.5642131522704605
        ],
        "L_Ankle": [
            2.412632834753155,
            0.7313515861383955,
            -2.563002592162111
        ],
        "L_Foot": [
            2.513707456793895,
            0.18705476681064392,
            -2.435818833800955
        ],
        "R_Hip": [
            0.40077465975576354,
            3.185149812111344,
            -0.9445065421493198
        ],
        "R_Knee": [
            0.4996935743264267,
            4.615357044057781,
            -1.6662865608715594
        ],
        "R_Ankle": [
            1.0610875175084904,
            6.058503799968361,
            -1.3484492023161059
        ],
        "R_Foot": [
            0.8468235299626701,
            6.426260741173177,
            -1.7162183472556656
        ],
        "Spine1": [
            0.3000277559851028,
            2.5692281423286962,
            -0.3534123765779397
        ],
        "Spine2": [
            0.13269813245754575,
            1.9643976106186973,
            -0.3562994168486307
        ],
        "Spine3": [
            0.12346689840805773,
            1.742748992346886,
            -0.23487528994404142
        ],
        "Neck": [
            0.04682175371311566,
            0.9742715197491154,
            0.20194143778930213
        ],
        "Head": [
            0.13322531837239737,
            0.5884225417870049,
            0.2091666143800136
        ],
        "L_Collar": [
            0.382969307924481,
            1.2894150752607016,
            0.02930300110746048
        ],
        "L_Shoulder": [
            0.5729085439942828,
            0.9559268382585068,
            0.01652273309645889
        ],
        "L_Elbow": [
            1.1156434909557842,
            0.15845706272700621,
            -0.24645766262027174
        ],
        "L_Wrist": [
            1.253479875662512,
            -0.7915814049574362,
            -0.4923140513433478
        ],
        "L_Hand": [
            1.370036374991888,
            -1.0624834053701668,
            -0.2912886478231941
        ],
        "R_Collar": [
            -0.20065795455185045,
            1.4007954084908214,
            0.11705587546947832
        ],
        "R_Shoulder": [
            -0.39837367778543387,
            1.0577724209576236,
            0.23155371444411146
        ],
        "R_Elbow": [
            -0.7235754760563055,
            0.1959798448067765,
            0.5185902005729501
        ],
        "R_Wrist": [
            -0.8941546182005595,
            -0.7896209915234097,
            0.7324478654560874
        ],
        "R_Hand": [
            -0.7420896386271726,
            -1.0066326705148296,
            0.9652625582166979
        ]
    },
    "joints2D": {
        "Pelvis": [
            0.2732094119558016,
            0.575799633119531
        ],
        "L_Hip": [
            0.29067620190256493,
            0.5933355749664763
        ],
        "L_Knee": [
            0.34947136648336374,
            0.7080791903471547
        ],
        "L_Ankle": [
            0.38988791244380805,
            0.7973824974722604
        ],
        "L_Foot": [
            0.4111511306859406,
            0.8122313467456886
        ],
        "R_Hip": [
            0.2675594772271033,
            0.5864516098539505
        ],
        "R_Knee": [
            0.26473365576355457,
            0.604606257725944
        ],
        "R_Ankle": [
            0.2751658568120702,
            0.564698370396789
        ],
        "R_Foot": [
            0.2685459394309852,
            0.5779622278050842
        ],
        "Spine1": [
            0.2665964807213936,
            0.5395825721321926
        ],
        "Spine2": [
            0.2590114158103747,
            0.5529708779777156
        ],
        "Spine3": [
            0.2595669470192508,
            0.5388510537341712
        ],
        "Neck": [
            0.256000466371036,
            0.43380272415321774
        ],
        "Head": [
            0.28194790447449636,
            0.39269845201859904
        ],
        "L_Collar": [
            0.29350396004275886,
            0.4904172520087844
        ],
        "L_Shoulder": [
            0.3325959367200401,
            0.4924400906447737
        ],
        "L_Elbow": [
            0.4586599337049565,
            0.5900733629422935
        ],
        "L_Wrist": [
            0.6022915991986806,
            0.6143771510204271
        ],
        "L_Hand": [
            0.6117634466172583,
            0.5566423630440188
        ],
        "R_Collar": [
            0.2265807985944715,
            0.47154416418667955
        ],
        "R_Shoulder": [
            0.1934300421175712,
            0.4330997895915791
        ],
        "R_Elbow": [
            0.08244765071822123,
            0.2590589457283309
        ],
        "R_Wrist": [
            0.8674980425504418,
            0.3070112283335143
        ],
        "R_Hand": [
            0.8344940477200963,
            0.28100835168329924
        ]
    }
}