{
    "joints3D": {
        "Pelvis": [
            -0.1098822502533503,
            0.2318742424156654,
            -1.8107690845755753
        ],
        "L_Hip": [
            0.06719714910796307,
            0.20371907547070855,
            -2.0938030756653534
        ],
        "L_Knee": [
            0.2486232121618797,
            -0.2754716413043843,
            -3.1646327929204725
        ],
        "L_Ankle": [
            0.1742507711975726,
            -0.6452174171491223,
            -4.274345826932043
        ],
        "L_Foot": [
            0.4551954431124514,
            -0.9535273177014233,
            -4.256846802536663
        ],
        "R_Hip": [
            -0.2892926768606674,
            0.09116734746359803,
            -2.046418366905534
        ],
        "R_Knee": [
            -0.5441509167042334,
            -0.8857674260467202,
            -2.6565781743236663
        ],
        "R_Ankle": [
            -0.6912824126901534,
            -1.5221985463227146,
            -3.6173864390433845
        ],
        "R_Foot": [
            -0.707920978020088,
            -1.9246641146044732,
            -3.5243060931959023
        ],
        "Spine1": [
            -0.14596984349408995,
            0.4221457727607002,
            -1.5277127203407364
        ],
        "Spine2": [
            -0.10881043047403627,
            0.46900123570391267,
            -1.0703687498429206
        ],
        "Spine3": [
            -0.11013309150585612,
            0.47674657665211795,
            -0.8846622733046636
        ],
        "Neck": [
            -0.2536502663751659,
            0.6581797824837651,
            -0.2749573865027675
        ],
        "Head": [
            -0.18571695765125856,
            0.5173254149964196,
            -0.029950123683285798
        ],
        "L_Collar": [
            -0.041685298076110495,
            0.7445212261810128,
            -0.5549621343752615
        ],
        "L_Shoulder": [
            0.09543824984178936,
            0.9842515918859107,
            -0.4968307574913125
        ],
        "L_Elbow": [
            0.5471851485281866,
            1.5288226097396302,
            -0.695270526577171
        ],
        "L_Wrist": [
            1.0665953476025336,
            2.0297247757323422,
            -0.5963699380560383
        ],
        "L_Hand": [
            1.223609676519392,
            2.2354835362610923,
            -0.5536965399803366
        ],
        "R_Collar": [
            -0.40224677504785333,
            0.49011070118849415,
            -0.5663682055990883
        ],
        "R_Shoulder": [
            -0.6102839179052597,
            0.27599685592368284,
            -0.5150365515547618
        ],
        "R_Elbow": [
            -0.8405597653932211,
            -0.3828061244689545,
            -0.6406306704618296
        ],
        "R_Wrist": [
            -0.9342787536742625,
            -1.1196865184919784,
            -0.5249238691927055
        ],
        "R_Hand": [
            -0.9757301446759348,
            -1.3590803800015703,
            -0.4344670265534322
        ]
    },
    "joints2D": {
        "Pelvis": [
            0.23552716963705933,
            0.9295029108912172
        ],
        "L_Hip": [
            0.25571501908400845,
            0.9381038598234883
        ],
        "L_Knee": [
            0.7339790203142948,
            0.9397215107298871
        ],
        "L_Ankle": [
            0.7426625403582874,
            0.9239134331713884
        ],
        "L_Foot": [
            0.7296536364360129,
            0.9032405914532187
        ],
        "R_Hip": [
            0.21679452087561618,
            0.9478425283702366
        ],
        "R_Knee": [
            0.7896645111010581,
            0.8713052930183096
        ],
        "R_Ankle": [
            0.7851867812309568,
            0.8513181107859865
        ],
        "R_Foot": [
            0.7840407018202167,
            0.8226900964015206
        ],
        "Spine1": [
            0.2298642188542095,
            0.8903225911038686
        ],
        "Spine2": [
            0.23068897630964133,
            0.8504768904439804
        ],
        "Spine3": [
            0.22813076434402682,
            0.8267912186578542
        ],
        "Neck": [
            0.19414910728313,
            0.6154219057980781
        ],
        "Head": [
            0.19512650356186423,
            0.5145430131594779
        ],
        "L_Collar": [
            0.24116432258671328,
            0.6963667917693045
        ],
        "L_Shoulder": [
            0.2625667921653033,
            0.642268726363619
        ],
        "L_Elbow": [
            0.2990943281994586,
            0.6254969820392596
        ],
        "L_Wrist": [
            0.3221973825527116,
            0.5795380468077628
        ],
        "L_Hand": [
            0.3252881732829887,
            0.5666496739356814
        ],
        "R_Collar": [
            0.16301084928080709,
            0.7384199909663804
        ],
        "R_Shoulder": [
            0.10456613915038777,
            0.7404611492761388
        ],
        "R_Elbow": [
            0.8996628712522783,
            0.7233419737963317
        ],
        "R_Wrist": [
            0.8547766523486573,
            0.6134932230537923
        ],
        "R_Hand": [
            0.8459775951023758,
            0.5815452342262812
        ]
    }
}