{
    "joints2D": {
        "Pelvis": [
            0.8362075363160384,
            0.9127534902600161
        ],
        "L_Hip": [
            0.8154474320805181,
            0.9119654974407313
        ],
        "L_Knee": [
            0.8114816112039901,
            0.8823255061121464
        ],
        "L_Ankle": [
            0.8178226381531171,
            0.8790054721381815
        ],
        "L_Foot": [
            0.8103846719974875,
            0.8613277108425779
        ],
        "R_Hip": [
            0.8590876876287243,
            0.8817381448764093
        ],
        "R_Knee": [
            0.8614107496147224,
            0.8352752394121531
        ],
        "R_Ankle": [
            0.8558837493394326,
            0.8338234769707448
        ],
        "R_Foot": [
            0.8573679882989984,
            0.8068026406394826
        ],
        "Spine1": [
            0.16999882271184527,
            0.9195201693057176
        ],
        "Spine2": [
            0.1950735276486326,
            0.9040498748796284
        ],
        "Spine3": [
            0.19393637235406438,
            0.9163161130401543
        ],
        "Neck": [
            0.2441722223354494,
            0.727783298783253
        ],
        "Head": [
            0.29798827316361864,
            0.6389749466456005
        ],
        "L_Collar": [
            0.27312511746873197,
            0.8708580001863817
        ],
        "L_Shoulder": [
            0.3435638312576529,
            0.8625388698394316
        ],
        "L_Elbow": [
            0.5952214006048984,
            0.6516361967467803
        ],
        "L_Wrist": [
            0.6272306752202409,
            0.42802846535790035
        ],
        "L_Hand": [
            0.6398389033663925,
            0.38048149419654564
        ],
        "R_Collar": [
            0.16930248448279686,
            0.7873107439954845
        ],
        "R_Shoulder": [
            0.11515001686568994,
            0.7135717251366549
        ],
        "R_Elbow": [
            0.0900914554354857,
            0.827717775900108
        ],
        "R_Wrist": [
            0.8591954610072914,
            0.8299154868872592
        ],
        "R_Hand": [
            0.8262672111358994,
            0.8158936637673595
        ]
    },
    "joints3D": {
        "Pelvis": [
            -0.7531194926153688,
            -0.13510338521006088,
            -1.8438626684352086
        ],
        "L_Hip": [
            -0.6842045196646699,
            -0.2870878571944826,
            -2.213555162101009
        ],
        "L_Knee": [
            -1.032369912643829,
            -0.8370299849730795,
            -3.305783649392443
        ],
        "L_Ankle": [
            -1.5752065908136033,
            -1.1423413045268336,
            -4.523447960902861
        ],
        "L_Foot": [
            -1.4948000417963445,
            -1.5651246751098293,
            -4.609619930057997
        ],
        "R_Hip": [
            -1.1117854277090686,
            -0.2240456058958513,
            -1.98383023402318
        ],
        "R_Knee": [
            -1.860075466859845,
            -0.824354860810435,
            -2.8563383314460027
        ],
        "R_Ankle": [
            -2.479171561349501,
            -1.267482315179602,
            -3.9911127544399543
        ],
        "R_Foot": [
            -2.6549147974641083,
            -1.6591689632763598,
            -3.8758362234193
        ],
        "Spine1": [
            -0.5954230963181109,
            0.10411209398678624,
            -1.5984363062445948
        ],
        "Spine2": [
            -0.3256841764357276,
            0.2239163704293996,
            -1.2365424724649363
        ],
        "Spine3": [
            -0.27559026091095484,
            0.13915893093018533,
            -1.0554948940061017
        ],
        "Neck": [
            -0.015413481823259996,
            0.4337865565480446,
            -0.39748858793315256
        ],
        "Head": [
            0.11940015831207595,
            0.336796744431125,
            -0.17141972433996489
        ],
        "L_Collar": [
            0.10138750314585432,
            0.27048958781870364,
            -0.7734880999324237
        ],
        "L_Shoulder": [
            0.3387888386523929,
            0.15404039821206855,
            -0.6518196920788337
        ],
        "L_Elbow": [
            0.8971625680253209,
            -0.4644460165106964,
            -0.44345670711774304
        ],
        "L_Wrist": [
            0.9144986681100625,
            -0.8676705874914057,
            0.2551108993082133
        ],
        "L_Hand": [
            0.9352306132276433,
            -1.0033306878389316,
            0.4897604976645884
        ],
        "R_Collar": [
            -0.3541589616335945,
            0.39936601030107466,
            -0.6473253787808811
        ],
        "R_Shoulder": [
            -0.6222004901951729,
            0.3878491581765102,
            -0.5040598409520983
        ],
        "R_Elbow": [
            -1.0823926036899167,
            0.05154841211742078,
            -1.1279120839115042
        ],
        "R_Wrist": [
            -0.438200526509258,
            -0.21650012711961553,
            -0.6758358426175424
        ],
        "R_Hand": [
            -0.23462945718931377,
            -0.24716826327730912,
            -0.49897891063019734
        ]
    }
}