{
    "joints2D": {
        "Pelvis": [
            0.1794957226125644,
            0.906379010687842
        ],
        "L_Hip": [
            0.2052702116437642,
            0.9296552487954173
        ],
        "L_Knee": [
            0.7912050607599934,
            0.9482507847306014
        ],
        "L_Ankle": [
            0.19876212300185744,
            0.9466555218199525
        ],
        "L_Foot": [
            0.7951713257390184,
            0.9402933655679483
        ],
        "R_Hip": [
            0.15935454814922623,
            0.9072101795024944
        ],
        "R_Knee": [
            0.8207325112881974,
            0.8878351633723471
        ],
        "R_Ankle": [
            0.8012342041530353,
            0.8895823359384308
        ],
        "R_Foot": [
            0.803485682385632,
            0.8643126274643009
        ],
        "Spine1": [
            0.1782940198239532,
            0.8677925740761829
        ],
        "Spine2": [
            0.17586690594907847,
            0.8386716645622454
        ],
        "Spine3": [
            0.1721192800165957,
            0.8484243481961431
        ],
        "Neck": [
            0.2122660235349252,
            0.6212152723036927
        ],
        "Head": [
            0.23599565598872382,
            0.4998683341171978
        ],
        "L_Collar": [
            0.2423265436062691,
            0.7879132548532289
        ],
        "L_Shoulder": [
            0.29880516600165075,
            0.8434815634944917
        ],
        "L_Elbow": [
            0.19240210771873903,
            0.944974340845148
        ],
        "L_Wrist": [
            0.926711627799564,
            0.794652322800466
        ],
        "L_Hand": [
            0.05348739876805792,
            0.7245073203829233
        ],
        "R_Collar": [
            0.14516849565296208,
            0.6982266758416
        ],
        "R_Shoulder": [
            0.08865771616635136,
            0.6441559919493128
        ],
        "R_Elbow": [
            0.10854474552810187,
            0.8446749131032523
        ],
        "R_Wrist": [
            0.8185888593107501,
            0.8880224519374985
        ],
        "R_Hand": [
            0.8036179350628979,
            0.8936507302079003
        ]
    },
    "joints3D": {
        "Pelvis": [
            -0.6457461794338966,
            0.2667858294631244,
            -1.910262608087162
        ],
        "L_Hip": [
            -0.45729039650745784,
            0.22661250120835952,
            -2.279396756029628
        ],
        "L_Knee": [
            -0.6233209821083314,
            -0.11835760273807965,
            -3.527271880698407
        ],
        "L_Ankle": [
            -1.0735210695657844,
            0.11935164976121114,
            -4.835797995410374
        ],
        "L_Foot": [
            -0.9890376723444287,
            -0.29152020335169865,
            -5.000319849915646
        ],
        "R_Hip": [
            -0.9447416909272246,
            0.1753414559838748,
            -2.168718424154257
        ],
        "R_Knee": [
            -1.1295919700848367,
            -0.6709020891550852,
            -3.179622063557309
        ],
        "R_Ankle": [
            -1.14802193840435,
            -1.1005901593810947,
            -4.514928336991037
        ],
        "R_Foot": [
            -1.281850385630498,
            -1.5368576604951585,
            -4.512802298570054
        ],
        "Spine1": [
            -0.5978000685269056,
            0.4533512450367065,
            -1.574267465997341
        ],
        "Spine2": [
            -0.47376574007142835,
            0.4464262147516024,
            -1.1112317124129334
        ],
        "Spine3": [
            -0.4117788867967249,
            0.33148280913386396,
            -0.9447786821052915
        ],
        "Neck": [
            -0.14322311580614583,
            0.5679196037348063,
            -0.24398467634376678
        ],
        "Head": [
            -0.036723486226197345,
            0.4501155621611332,
            -0.0037545268224427365
        ],
        "L_Collar": [
            -0.028553360835242958,
            0.4802330613325897,
            -0.657070160624249
        ],
        "L_Shoulder": [
            0.2087178370436848,
            0.30992599561871614,
            -0.7202186459551503
        ],
        "L_Elbow": [
            -0.339251524574251,
            0.0267133933944561,
            -1.3503046964974859
        ],
        "L_Wrist": [
            -0.9850253565042822,
            -0.033591517252519784,
            -0.8352204467372817
        ],
        "L_Hand": [
            -1.2009534058207352,
            0.07927515636708904,
            -0.6991566235294275
        ],
        "R_Collar": [
            -0.49983570452927173,
            0.5175164424399541,
            -0.4853401615349091
        ],
        "R_Shoulder": [
            -0.709242309128694,
            0.3498568362492,
            -0.32556094869621194
        ],
        "R_Elbow": [
            -0.9148478202413541,
            0.11259353421448491,
            -1.1342573120046158
        ],
        "R_Wrist": [
            -0.60556103581513,
            -0.3788983647534709,
            -1.7597519575395983
        ],
        "R_Hand": [
            -0.5322646070054146,
            -0.45167832582518885,
            -2.018520789865323
        ]
    }
}