{
    "joints3D": {
        "Pelvis": [
            -0.20767952443646456,
            -0.41693730912601096,
            -1.4653774234485386
        ],
        "L_Hip": [
            -0.036202690241947055,
            -0.6108853479272961,
            -1.6902391421294622
        ],
        "L_Knee": [
            0.015034294259019275,
            -1.397552896483856,
            -2.61467908702394
        ],
        "L_Ankle": [
            -0.1598957465264142,
            -2.064428462503452,
            -3.59628244400805
        ],
        "L_Foot": [
            -0.026254625030799072,
            -2.460628179171145,
            -3.508394747394848
        ],
        "R_Hip": [
            -0.4198524762580697,
            -0.5960929646563472,
            -1.653799836620514
        ],
        "R_Knee": [
            -0.6157191196697884,
            -1.4720719884483937,
            -2.4612396077188774
        ],
        "R_Ankle": [
            -0.5664528106093661,
            -2.100417963711344,
            -3.4695195262293876
        ],
        "R_Foot": [
            -0.7180143234362162,
            -2.4687095977898954,
            -3.3266304899316768
        ],
        "Spine1": [
            -0.19223733072703977,
            -0.11612961269142975,
            -1.285149885609637
        ],
        "Spine2": [
            -0.10095594394990946,
            0.13259793213224583,
            -0.8944669501046605
        ],
        "Spine3": [
            -0.08110977960674513,
            0.17605307853470958,
            -0.7103325818792845
        ],
        "Neck": [
            -0.003980298443801671,
            0.5277521064990278,
            -0.14838389968606894
        ],
        "Head": [
            0.0353174410052407,
            0.4112579238631767,
            0.1224957205033201
        ],
        "L_Collar": [
            0.18758774564600386,
            0.38520712768750126,
            -0.43117922104755885
        ],
        "L_Shoulder": [
            0.43106127763589686,
            0.25250170821124296,
            -0.5120559889272635
        ],
        "L_Elbow": [
            0.4583379478242141,
            -0.2927906000371664,
            -1.0292972591264848
        ],
        "L_Wrist": [
            0.3224161336393699,
            -1.0037512421870787,
            -1.207325283844536
        ],
        "L_Hand": [
            0.30886736488548405,
            -1.2637628823899048,
            -1.2727904268636407
        ],
        "R_Collar": [
            -0.2586456213623787,
            0.4540084396056532,
            -0.4155382073390917
        ],
        "R_Shoulder": [
            -0.5578904902355877,
            0.39493722707906487,
            -0.47098868089861745
        ],
        "R_Elbow": [
            -0.746119304995941,
            0.12010064926396419,
            -1.1157426114732407
        ],
        "R_Wrist": [
            -0.9078968213790592,
            -0.5221966984822083,
            -1.50721964083601
        ],
        "R_Hand": [
            -0.9827442158178604,
            -0.7493279640194596,
            -1.6221428347627425
        ]
    },
    "joints2D": {
        "Pelvis": [
            0.7789417348726083,
            0.886531987548941
        ],
        "L_Hip": [
            0.7553539667344755,
            0.8703467937931331
        ],
        "L_Knee": [
            0.7504038866184539,
            0.8293925394390463
        ],
        "L_Ankle": [
            0.7585417994320831,
            0.8203990214628677
        ],
        "L_Foot": [
            0.7524684543818201,
            0.7938758141517294
        ],
        "R_Hip": [
            0.7976337299356011,
            0.8618375343667365
        ],
        "R_Knee": [
            0.7904261893143913,
            0.8096148384543246
        ],
        "R_Ankle": [
            0.7769951739756906,
            0.8113291116391654
        ],
        "R_Foot": [
            0.7821448553382983,
            0.7825531782008422
        ],
        "Spine1": [
            0.7841358311168093,
            0.935527685587606
        ],
        "Spine2": [
            0.22464537359221143,
            0.9224892118560696
        ],
        "Spine3": [
            0.22582622722872706,
            0.8968963843552494
        ],
        "Neck": [
            0.2474986963487027,
            0.5824745274003652
        ],
        "Head": [
            0.26158336595105286,
            0.40750559678528353
        ],
        "L_Collar": [
            0.303328591769686,
            0.7486851927030242
        ],
        "L_Shoulder": [
            0.36753542314095705,
            0.7797503168142919
        ],
        "L_Elbow": [
            0.6702624313801684,
            0.8615211053631218
        ],
        "L_Wrist": [
            0.715614887677597,
            0.7649764279935406
        ],
        "L_Hand": [
            0.72194482656015,
            0.7397018167672383
        ],
        "R_Collar": [
            0.1811402461450478,
            0.7141760443651112
        ],
        "R_Shoulder": [
            0.12230763426238526,
            0.7105923161312326
        ],
        "R_Elbow": [
            0.1254880679801879,
            0.865607922452163
        ],
        "R_Wrist": [
            0.8517985526342395,
            0.8307674752605144
        ],
        "R_Hand": [
            0.8458875449470229,
            0.8093461000780849
        ]
    }
}