{
    "joints3D": {
        "Pelvis": [
            -0.35474118115988457,
            -0.09807983528378571,
            -1.7421688590549502
        ],
        "L_Hip": [
            -0.15330912118841175,
            -0.10264813146023735,
            -2.007111859933055
        ],
        "L_Knee": [
            0.29416200499625067,
            -0.8491282460483085,
            -2.722770269048919
        ],
        "L_Ankle": [
            0.23547795786563597,
            -1.0099633835298791,
            -3.9179145008747445
        ],
        "L_Foot": [
            0.4550811966350646,
            -1.3515825977570373,
            -3.894624451832781
        ],
        "R_Hip": [
            -0.47826875632885596,
            -0.3036055497239948,
            -1.9656422202315404
        ],
        "R_Knee": [
            -0.3469280550313056,
            -1.0620158541640634,
            -2.8229131483040817
        ],
        "R_Ankle": [
            -0.4572104826736148,
            -0.6853039863153653,
            -3.9665418075737384
        ],
        "R_Foot": [
            -0.5442333932160469,
            -1.036144018942562,
            -4.162352928412577
        ],
        "Spine1": [
            -0.46243090761450684,
            0.1109731349444107,
            -1.4864962238382855
        ],
        "Spine2": [
            -0.40528628487142,
            0.20250380419191585,
            -1.0831853835519747
        ],
        "Spine3": [
            -0.34923365712669074,
            0.2024145933379092,
            -0.9137440629520885
        ],
        "Neck": [
            -0.41203717443921345,
            0.4716669382699975,
            -0.331476507363244
        ],
        "Head": [
            -0.2810334632751507,
            0.37483341213521393,
            -0.14233321030183463
        ],
        "L_Collar": [
            -0.23822830357062713,
            0.5442855188258302,
            -0.6498458088382466
        ],
        "L_Shoulder": [
            0.00684305746510037,
            0.7048709862391066,
            -0.6061777833615521
        ],
        "L_Elbow": [
            0.7261300272883358,
            0.5077676401638347,
            -0.36600789751456214
        ],
        "L_Wrist": [
            0.42696061189999424,
            0.5102005696968026,
            0.33179527716816765
        ],
        "L_Hand": [
            0.39320199573114323,
            0.5949115182178413,
            0.5787605290925353
        ],
        "R_Collar": [
            -0.5867629489648037,
            0.2148367105748976,
            -0.5359792405967789
        ],
        "R_Shoulder": [
            -0.6247715427161495,
            -0.017715971391167436,
            -0.3252310170507359
        ],
        "R_Elbow": [
            -0.11967120395317889,
            -0.5616932379248476,
            -0.14757857002020128
        ],
        "R_Wrist": [
            0.1538534535042607,
            -0.14552316440590488,
            0.44353870443472815
        ],
        "R_Hand": [
            0.10373610853236682,
            -0.03157826808922491,
            0.67306830515261
        ]
    },
    "joints2D": {
        "Pelvis": [
            0.7964643166629306,
            0.9403188980621104
        ],
        "L_Hip": [
            0.7686178085245683,
            0.9491927086241949
        ],
        "L_Knee": [
            0.7306303075310205,
            0.8810074809972429
        ],
        "L_Ankle": [
            0.7393786944704404,
            0.8959324082424327
        ],
        "L_Foot": [
            0.729465387797336,
            0.8720122733507709
        ],
        "R_Hip": [
            0.8018550660126971,
            0.9123538264393581
        ],
        "R_Knee": [
            0.7739354874263831,
            0.8646920552461045
        ],
        "R_Ankle": [
            0.7754940384511743,
            0.9160562365116149
        ],
        "R_Foot": [
            0.777421805275851,
            0.8959492911077139
        ],
        "Spine1": [
            0.18212050241624186,
            0.9249483172361616
        ],
        "Spine2": [
            0.174937295268142,
            0.8912515552126756
        ],
        "Spine3": [
            0.1750314712005352,
            0.8824719891615271
        ],
        "Neck": [
            0.14679541533948667,
            0.6611489861589768
        ],
        "Head": [
            0.15170360339611916,
            0.5954734363283531
        ],
        "L_Collar": [
            0.2004217618773539,
            0.7603518335431884
        ],
        "L_Shoulder": [
            0.2498877577566343,
            0.7181114906006256
        ],
        "L_Elbow": [
            0.3881393412958249,
            0.6379113701901045
        ],
        "L_Wrist": [
            0.348476958067199,
            0.3421160782296367
        ],
        "L_Hand": [
            0.324119981167532,
            0.2750859799621247
        ],
        "R_Collar": [
            0.10243633890156252,
            0.764384771467239
        ],
        "R_Shoulder": [
            0.9553868866498347,
            0.709700401531452
        ],
        "R_Elbow": [
            0.7832883491319811,
            0.5760339280796218
        ],
        "R_Wrist": [
            0.6881121512549875,
            0.13262013641484974
        ],
        "R_Hand": [
            0.7167469072910913,
            0.04814106945570412
        ]
    }
}