{
    "joints2D": {
        "Pelvis": [
            0.7289430462329058,
            0.8738023106999236
        ],
        "L_Hip": [
            0.7130149651350259,
            0.848764686668728
        ],
        "L_Knee": [
            0.7181715578248966,
            0.8033919048385942
        ],
        "L_Ankle": [
            0.727318240781459,
            0.7979111668750826
        ],
        "L_Foot": [
            0.7317846323994266,
            0.7720116589771047
        ],
        "R_Hip": [
            0.7503846462065478,
            0.8765506606424083
        ],
        "R_Knee": [
            0.7633221227238343,
            0.8482305990153666
        ],
        "R_Ankle": [
            0.7616804017909142,
            0.8280207504574595
        ],
        "R_Foot": [
            0.7730562602408457,
            0.8075594826652486
        ],
        "Spine1": [
            0.7202290643710427,
            0.9036491854025048
        ],
        "Spine2": [
            0.6982165705131342,
            0.9419815230299883
        ],
        "Spine3": [
            0.6960615830850965,
            0.9384945188653463
        ],
        "Neck": [
            0.3145012105576728,
            0.7223277770653006
        ],
        "Head": [
            0.3174699735274045,
            0.6002993268959931
        ],
        "L_Collar": [
            0.37006354417508824,
            0.813986731833457
        ],
        "L_Shoulder": [
            0.41737620189437885,
            0.7630472572084223
        ],
        "L_Elbow": [
            0.6304743317687602,
            0.7636010817680061
        ],
        "L_Wrist": [
            0.6404406878175684,
            0.6856451697716511
        ],
        "L_Hand": [
            0.625974507030481,
            0.5676146013265662
        ],
        "R_Collar": [
            0.2580352040796026,
            0.8486052835929973
        ],
        "R_Shoulder": [
            0.19843719811342475,
            0.8346790635401591
        ],
        "R_Elbow": [
            0.19777269924819987,
            0.9353903330038551
        ],
        "R_Wrist": [
            0.8182351631382765,
            0.8566841451104618
        ],
        "R_Hand": [
            0.8254653703715531,
            0.8302602220695697
        ]
    },
    "joints3D": {
        "Pelvis": [
            0.18725779936276027,
            -0.5338571006452209,
            -1.572701497406457
        ],
        "L_Hip": [
            0.3830638205405371,
            -0.7478864416104246,
            -1.755698595624126
        ],
        "L_Knee": [
            0.5389210191922269,
            -1.5786200374446426,
            -2.485431776614037
        ],
        "L_Ankle": [
            0.5465183337729949,
            -2.2931516563346253,
            -3.4171362310815208
        ],
        "L_Foot": [
            0.46879220361507157,
            -2.6614359117884376,
            -3.289833981210858
        ],
        "R_Hip": [
            0.00946431897084814,
            -0.6203946762198899,
            -1.8425726923794494
        ],
        "R_Knee": [
            -0.18895479567434104,
            -1.2489288957811362,
            -2.771501234803746
        ],
        "R_Ankle": [
            -0.22982713576688282,
            -1.9839440635973575,
            -3.682172248863021
        ],
        "R_Foot": [
            -0.5038641144850016,
            -2.256750080859322,
            -3.602648161478177
        ],
        "Spine1": [
            0.20898699662780057,
            -0.29223758401002303,
            -1.364059368852244
        ],
        "Spine2": [
            0.24658201815249586,
            -0.03799794440517522,
            -1.0317121820014405
        ],
        "Spine3": [
            0.21507776545131457,
            -0.03961839332295909,
            -0.8580454505169047
        ],
        "Neck": [
            0.2411392966229287,
            0.4276533330916332,
            -0.4119899095827447
        ],
        "Head": [
            0.19538060330681384,
            0.39552842276429895,
            -0.14621427954793648
        ],
        "L_Collar": [
            0.4556925077454119,
            0.19350969058674353,
            -0.5942885598688111
        ],
        "L_Shoulder": [
            0.7219165666210449,
            0.12958100865567126,
            -0.568524666127986
        ],
        "L_Elbow": [
            0.8647742321182712,
            -0.5357692232984331,
            -0.9525853702310585
        ],
        "L_Wrist": [
            0.43123579217162106,
            -0.4127509364056264,
            -0.3661654217690567
        ],
        "L_Hand": [
            0.41067981228375566,
            -0.38289884397365886,
            -0.11518170611748492
        ],
        "R_Collar": [
            0.03661924465453562,
            0.3081220177358893,
            -0.6847619919357357
        ],
        "R_Shoulder": [
            -0.22956151756472212,
            0.3609632321514144,
            -0.7713835381655396
        ],
        "R_Elbow": [
            -0.3409580559742544,
            0.09666890194359563,
            -1.4682568717470796
        ],
        "R_Wrist": [
            -0.6225218111861417,
            -0.5709485034905726,
            -1.6727505489021477
        ],
        "R_Hand": [
            -0.7752375221287527,
            -0.756256049038962,
            -1.7416564762474611
        ]
    }
}