{
    "joints3D": {
        "Pelvis": [
            -0.0874719583836631,
            -0.8178455148783118,
            -0.7833707831881394
        ],
        "L_Hip": [
            0.0876856634182335,
            -1.1002264642548658,
            -0.713034471957059
        ],
        "L_Knee": [
            0.42720489493944735,
            -1.905181685807367,
            0.11461871710910056
        ],
        "L_Ankle": [
            0.2181284759259799,
            -2.9883136884442796,
            -0.3268076131767988
        ],
        "L_Foot": [
            0.42841489402009014,
            -3.2650434971827504,
            -0.08531798046395868
        ],
        "R_Hip": [
            -0.2928254732515032,
            -1.074764327988212,
            -0.7352370636914067
        ],
        "R_Knee": [
            -0.7759605540905212,
            -1.9038776432299764,
            -0.021559404583196648
        ],
        "R_Ankle": [
            -0.8193909238446937,
            -2.9270059104808164,
            -0.6034045810063658
        ],
        "R_Foot": [
            -1.097305036998482,
            -3.0423603481015458,
            -0.3116697262532678
        ],
        "Spine1": [
            -0.07040527305650644,
            -0.5154771808485971,
            -0.9541506061463206
        ],
        "Spine2": [
            -0.02322838771319093,
            -0.07941538457723887,
            -0.7921171348826797
        ],
        "Spine3": [
            -0.020462708823925806,
            0.041565852711339855,
            -0.6476829257991109
        ],
        "Neck": [
            0.0485083131085575,
            0.6337273510603849,
            -0.3619927027516936
        ],
        "Head": [
            0.057944567205620814,
            0.533797528308458,
            -0.08495868935348877
        ],
        "L_Collar": [
            0.24355403688374108,
            0.35666261772309443,
            -0.5019943266524585
        ],
        "L_Shoulder": [
            0.4809092229870153,
            0.22674127155194498,
            -0.40903529292168456
        ],
        "L_Elbow": [
            0.904285689417225,
            -0.359305107166338,
            -0.22940817858967275
        ],
        "L_Wrist": [
            1.1306069579109082,
            -0.9991831889778925,
            0.06127164324401084
        ],
        "L_Hand": [
            1.2852247852965641,
            -1.1870962965076002,
            0.16850289504323798
        ],
        "R_Collar": [
            -0.19158183833025036,
            0.43711662485943803,
            -0.5686189591906058
        ],
        "R_Shoulder": [
            -0.4908392661028691,
            0.4444720931593846,
            -0.5001295478101034
        ],
        "R_Elbow": [
            -1.0916733589200196,
            0.05373594832159658,
            -0.5555241301988647
        ],
        "R_Wrist": [
            -1.627071925400703,
            -0.48558549882774144,
            -0.49812965487274685
        ],
        "R_Hand": [
            -1.813619180124305,
            -0.6677258374924482,
            -0.46502077598868014
        ]
    },
    "joints2D": {
        "Pelvis": [
            0.7645820158341927,
            0.7341302311508575
        ],
        "L_Hip": [
            0.7403786105186733,
            0.6758563663660808
        ],
        "L_Knee": [
            0.7171163217544512,
            0.47890820796467065
        ],
        "L_Ankle": [
            0.7400809092230313,
            0.531076146647813
        ],
        "L_Foot": [
            0.7310897881637126,
            0.505355634527687
        ],
        "R_Hip": [
            0.7878807887758756,
            0.6806846618706603
        ],
        "R_Knee": [
            0.8115115251146157,
            0.500625199192987
        ],
        "R_Ankle": [
            0.7932311698635577,
            0.558952910433114
        ],
        "R_Foot": [
            0.8049911800996139,
            0.5277492905797331
        ],
        "Spine1": [
            0.7635430773175639,
            0.8275344391862255
        ],
        "Spine2": [
            0.7578112210934361,
            0.9373610186481173
        ],
        "Spine3": [
            0.2415400172081952,
            0.94682059226486
        ],
        "Neck": [
            0.25943909126280745,
            0.658439318488615
        ],
        "Head": [
            0.2653073445075176,
            0.5461543147748599
        ],
        "L_Collar": [
            0.3161511854250436,
            0.7755746684566844
        ],
        "L_Shoulder": [
            0.39096815927739054,
            0.7393936101655008
        ],
        "L_Elbow": [
            0.5733500763648193,
            0.5876005991313784
        ],
        "L_Wrist": [
            0.6200340321469637,
            0.4830487003066591
        ],
        "L_Hand": [
            0.6237421425562969,
            0.46381957732852463
        ],
        "R_Collar": [
            0.20214735868423486,
            0.7732726422219295
        ],
        "R_Shoulder": [
            0.13994726888646253,
            0.7187852575630076
        ],
        "R_Elbow": [
            0.04583792005381546,
            0.7036853256636136
        ],
        "R_Wrist": [
            0.9388723370797423,
            0.6120975766513476
        ],
        "R_Hand": [
            0.9326506954225732,
            0.5902509091389596
        ]
    }
}