{
    "joints3D": {
        "Pelvis": [
            -0.045177275308700415,
            1.591056280978935,
            -1.2993805577983792
        ],
        "L_Hip": [
            0.1320194145506808,
            1.667855317383071,
            -1.5754759623057555
        ],
        "L_Knee": [
            0.20641624192591787,
            2.001034166920719,
            -2.7194089609464567
        ],
        "L_Ankle": [
            0.1068949699944711,
            2.897387133278706,
            -3.478265908920721
        ],
        "L_Foot": [
            0.16619569062079154,
            2.6971561406418356,
            -3.8424775968959324
        ],
        "R_Hip": [
            -0.24484598695157683,
            1.6898810184532675,
            -1.5424794191443114
        ],
        "R_Knee": [
            -0.37283061462081923,
            1.595111590682761,
            -2.718064893437781
        ],
        "R_Ankle": [
            -0.2606213484478936,
            1.808527863283339,
            -3.8612831911230323
        ],
        "R_Foot": [
            -0.42086711814301775,
            1.486407622573669,
            -4.069631289392903
        ],
        "Spine1": [
            -0.028645476783873906,
            1.5812679588463079,
            -0.9550186449839034
        ],
        "Spine2": [
            -0.0012598099212056838,
            1.2881242204445815,
            -0.596607618740919
        ],
        "Spine3": [
            0.0006072918507496352,
            1.1294707430617539,
            -0.49779195184734565
        ],
        "Neck": [
            0.020486101421090582,
            0.7915515269416122,
            0.06387760772640505
        ],
        "Head": [
            0.018365699564206032,
            0.5129267479169859,
            0.15220163409728116
        ],
        "L_Collar": [
            0.23601501647811324,
            0.952688772569717,
            -0.180755936342436
        ],
        "L_Shoulder": [
            0.4909486800641834,
            0.9302606214861778,
            -0.3034671234518662
        ],
        "L_Elbow": [
            0.4828802211212882,
            1.315650037914704,
            -0.9339575672395685
        ],
        "L_Wrist": [
            0.5758834193255569,
            1.3053144405184027,
            -1.660389672008386
        ],
        "L_Hand": [
            0.598299712778383,
            1.3461130006471493,
            -1.9200455356786141
        ],
        "R_Collar": [
            -0.200120549448243,
            1.0172079655297135,
            -0.1289625654928381
        ],
        "R_Shoulder": [
            -0.4993922759308731,
            0.9978955336000886,
            -0.18242866038272035
        ],
        "R_Elbow": [
            -0.5965531445827293,
            1.3946763832947233,
            -0.7669145627591568
        ],
        "R_Wrist": [
            -0.8124799917817773,
            1.4707717655959538,
            -1.4874209939369059
        ],
        "R_Hand": [
            -0.8882877505277657,
            1.5225870781297342,
            -1.731423670246069
        ]
    },
    "joints2D": {
        "Pelvis": [
            0.2449397841177686,
            0.710207509029686
        ],
        "L_Hip": [
            0.25848504251948606,
            0.7322264299732167
        ],
        "L_Knee": [
            0.25962405336920397,
            0.7866647408951138
        ],
        "L_Ankle": [
            0.25281515679067107,
            0.7689093964025779
        ],
        "L_Foot": [
            0.25504990430925145,
            0.7936188336273997
        ],
        "R_Hip": [
            0.2304656040256898,
            0.7262889650953138
        ],
        "R_Knee": [
            0.22678276213429627,
            0.8159953639383942
        ],
        "R_Ankle": [
            0.23693774581463967,
            0.8440750269656568
        ],
        "R_Foot": [
            0.229473777029316,
            0.8679685832135978
        ],
        "Spine1": [
            0.2461072377057115,
            0.6662503594585646
        ],
        "Spine2": [
            0.24849892332293716,
            0.6321372447530851
        ],
        "Spine3": [
            0.24872002702762555,
            0.6263392274652109
        ],
        "Neck": [
            0.2526522253292679,
            0.4722697444314561
        ],
        "Head": [
            0.2540486644454929,
            0.40765802999228135
        ],
        "L_Collar": [
            0.28596173982811574,
            0.5544475328654056
        ],
        "L_Shoulder": [
            0.3220981564090828,
            0.5880934836324972
        ],
        "L_Elbow": [
            0.29679038522772017,
            0.6835366587745098
        ],
        "L_Wrist": [
            0.29590445519683134,
            0.7698212680936557
        ],
        "L_Hand": [
            0.29372349257345415,
            0.7866354276675137
        ],
        "R_Collar": [
            0.21860651886802146,
            0.5359929060657322
        ],
        "R_Shoulder": [
            0.17714783607864626,
            0.5495159261539557
        ],
        "R_Elbow": [
            0.19054010503549626,
            0.6466696541618712
        ],
        "R_Wrist": [
            0.1849889107587739,
            0.7303416562940095
        ],
        "R_Hand": [
            0.1845236174983774,
            0.7472351283079116
        ]
    }
}