{
    "joints3D": {
        "Pelvis": [
            -0.0639930608950039,
            -0.1466811371035103,
            -1.7314875033531767
        ],
        "L_Hip": [
            0.19295064040989676,
            -0.12997165529919422,
            -1.934025470384228
        ],
        "L_Knee": [
            1.244779509471584,
            -0.49408382505714704,
            -2.263139960731414
        ],
        "L_Ankle": [
            1.5734248562791613,
            -0.6539789008777638,
            -3.3492875641018203
        ],
        "L_Foot": [
            1.9545156421183798,
            -0.7903099343180758,
            -3.2962829170073182
        ],
        "R_Hip": [
            -0.07782823789093096,
            -0.37920369265686876,
            -1.9517835535279158
        ],
        "R_Knee": [
            0.24365944278975737,
            -1.38249476762785,
            -2.421354751814074
        ],
        "R_Ankle": [
            0.36140661275707914,
            -1.5191133867477145,
            -3.54293771960198
        ],
        "R_Foot": [
            0.4503395156753243,
            -1.9096574001292246,
            -3.4884516392005085
        ],
        "Spine1": [
            -0.2646602675606955,
            0.03883707386984443,
            -1.5371450137825922
        ],
        "Spine2": [
            -0.28662773396945745,
            0.06731766368493634,
            -1.08760095310065
        ],
        "Spine3": [
            -0.2786522937961043,
            0.059927655230079195,
            -0.9061870583268143
        ],
        "Neck": [
            -0.37713905707323975,
            0.22448343463804513,
            -0.2980963030278106
        ],
        "Head": [
            -0.3394360423740475,
            0.08866131132833213,
            -0.05131958014221901
        ],
        "L_Collar": [
            -0.16833225680129305,
            0.2943412332030573,
            -0.5747804061550921
        ],
        "L_Shoulder": [
            0.07676520060773373,
            0.410896353877261,
            -0.6246993086701242
        ],
        "L_Elbow": [
            0.42876881600931294,
            0.3697271853075549,
            -1.2497272444573657
        ],
        "L_Wrist": [
            0.8316880299177875,
            -0.19152974691854316,
            -1.4223194472791965
        ],
        "L_Hand": [
            0.976526071442484,
            -0.3960031158108547,
            -1.4770686264520934
        ],
        "R_Collar": [
            -0.551046285692585,
            0.09505401408209463,
            -0.5849840071597073
        ],
        "R_Shoulder": [
            -0.8179843284034237,
            -0.03144657887933788,
            -0.5634130118770988
        ],
        "R_Elbow": [
            -1.2049983839988778,
            0.08150332495012944,
            -1.1274790408172073
        ],
        "R_Wrist": [
            -0.7617581501725139,
            -0.39550978097971573,
            -1.4685136792095446
        ],
        "R_Hand": [
            -0.5608150346828558,
            -0.5373549015364342,
            -1.529799926733137
        ]
    },
    "joints2D": {
        "Pelvis": [
            0.7595645376899391,
            0.9413405344820984
        ],
        "L_Hip": [
            0.7290696002833885,
            0.9441085747922437
        ],
        "L_Knee": [
            0.651014005804971,
            0.862156991206668
        ],
        "L_Ankle": [
            0.6620210348457659,
            0.877621733440941
        ],
        "L_Foot": [
            0.6461542941634262,
            0.8521362245464633
        ],
        "R_Hip": [
            0.7596399512616129,
            0.9126387554894424
        ],
        "R_Knee": [
            0.7351075167591214,
            0.8202733270912989
        ],
        "R_Ankle": [
            0.7332313721387542,
            0.8526938046401547
        ],
        "R_Foot": [
            0.7302192739365627,
            0.8247859601392358
        ],
        "Spine1": [
            0.20960640850088205,
            0.9507114219261257
        ],
        "Spine2": [
            0.1911885329786117,
            0.9332884901508617
        ],
        "Spine3": [
            0.1825086170622449,
            0.9274142579575739
        ],
        "Neck": [
            0.11226690339031295,
            0.7128673061202538
        ],
        "Head": [
            0.05132094259459941,
            0.5569486244072507
        ],
        "L_Collar": [
            0.20058693922624143,
            0.8254515292218498
        ],
        "L_Shoulder": [
            0.2673312384137007,
            0.8014722362250255
        ],
        "L_Elbow": [
            0.3125097995111227,
            0.8695960582182107
        ],
        "L_Wrist": [
            0.6413036970589174,
            0.8737058807366039
        ],
        "L_Hand": [
            0.6388437415964503,
            0.8376571537334833
        ],
        "R_Collar": [
            0.09932832025794924,
            0.8143002895029511
        ],
        "R_Shoulder": [
            0.9400829760120762,
            0.7572624433202333
        ],
        "R_Elbow": [
            0.0830130620753554,
            0.8072288695526779
        ],
        "R_Wrist": [
            0.8443849549792544,
            0.8559537546927752
        ],
        "R_Hand": [
            0.816927412640998,
            0.8550013296361957
        ]
    }
}