{
    "joints3D": {
        "Pelvis": [
            0.08262348471893001,
            0.0928524955776294,
            -1.639148917946194
        ],
        "L_Hip": [
            0.21552961866545878,
            -0.044584815325692834,
            -1.8772287334857762
        ],
        "L_Knee": [
            0.08264543240404955,
            -0.4983207813355161,
            -2.79642025630632
        ],
        "L_Ankle": [
            0.17006982295001843,
            -0.5311986304605085,
            -3.900039823016322
        ],
        "L_Foot": [
            -0.05840852586991777,
            -0.8178334664888237,
            -3.9699665078343487
        ],
        "R_Hip": [
            -0.08014847176420184,
            0.14723393166910087,
            -1.8860568473544952
        ],
        "R_Knee": [
            -0.5936818273498952,
            -0.3367558982576113,
            -2.6728597758496897
        ],
        "R_Ankle": [
            -0.7092223260347089,
            -0.26240896739599473,
            -3.773507308654829
        ],
        "R_Foot": [
            -0.9520200561770861,
            -0.5249786151055004,
            -3.8932161921165442
        ],
        "Spine1": [
            0.1519458542680552,
            0.22833056905416727,
            -1.3591700155522795
        ],
        "Spine2": [
            0.1749198967164652,
            0.23126369435514443,
            -0.9768782783199632
        ],
        "Spine3": [
            0.1516281499460083,
            0.203125244320401,
            -0.8172825963462814
        ],
        "Neck": [
            0.20958324472267745,
            0.3563440741806587,
            -0.24912165945872358
        ],
        "Head": [
            0.19198695673418312,
            0.2802815971405518,
            -0.03384314320420355
        ],
        "L_Collar": [
            0.39045454156935594,
            0.1930937034961606,
            -0.48532794885014063
        ],
        "L_Shoulder": [
            0.5941000061442337,
            0.013488207605507228,
            -0.49626217322662114
        ],
        "L_Elbow": [
            0.6529999058948767,
            -0.47629752600965086,
            -1.0190126301671887
        ],
        "L_Wrist": [
            0.2775713783245471,
            -1.0293445793155485,
            -1.2146898728455298
        ],
        "L_Hand": [
            0.15634989824862863,
            -1.2111245517183074,
            -1.3175799899486653
        ],
        "R_Collar": [
            0.016060048582821583,
            0.4448428566389206,
            -0.5157909021641989
        ],
        "R_Shoulder": [
            -0.25759957618193835,
            0.5348396400572943,
            -0.5491819743023413
        ],
        "R_Elbow": [
            -0.6964993308275431,
            0.32399770002788286,
            -1.052365542701926
        ],
        "R_Wrist": [
            -1.1162201200492172,
            -0.22610134652013117,
            -1.2072578170294794
        ],
        "R_Hand": [
            -1.239474850625673,
            -0.41572609371399033,
            -1.286165017603378
        ]
    },
    "joints2D": {
        "Pelvis": [
            0.26001255290880493,
            0.9484659456810797
        ],
        "L_Hip": [
            0.7250988030962151,
            0.9547215922518862
        ],
        "L_Knee": [
            0.7451572132565624,
            0.9169537383820746
        ],
        "L_Ankle": [
            0.7419735395509912,
            0.9277232583645165
        ],
        "L_Foot": [
            0.7543936392463453,
            0.9098465021539563
        ],
        "R_Hip": [
            0.23917096670773755,
            0.9429952906641151
        ],
        "R_Knee": [
            0.7984414616796383,
            0.9212323597342089
        ],
        "R_Ankle": [
            0.7927951701413939,
            0.9382186412770883
        ],
        "R_Foot": [
            0.8026880027995487,
            0.9170974821737196
        ],
        "Spine1": [
            0.2721263258310185,
            0.9174340786823797
        ],
        "Spine2": [
            0.2843872817168615,
            0.8965450080524282
        ],
        "Spine3": [
            0.2853698401566928,
            0.8932195520212368
        ],
        "Neck": [
            0.3227075711359612,
            0.6733607233043651
        ],
        "Head": [
            0.34171918481841274,
            0.5300978383497295
        ],
        "L_Collar": [
            0.3696129624489098,
            0.79801378451562
        ],
        "L_Shoulder": [
            0.42595387592450107,
            0.7935072213905012
        ],
        "L_Elbow": [
            0.6528271550343125,
            0.8048014412499583
        ],
        "L_Wrist": [
            0.7209597350278825,
            0.7633425305668645
        ],
        "L_Hand": [
            0.7361624821706803,
            0.7534033613214662
        ],
        "R_Collar": [
            0.25278922193915837,
            0.7637149479881328
        ],
        "R_Shoulder": [
            0.19276309236620648,
            0.7355384880832538
        ],
        "R_Elbow": [
            0.13839218451334648,
            0.8304412197431897
        ],
        "R_Wrist": [
            0.897478250802288,
            0.813356422466483
        ],
        "R_Hand": [
            0.8921150677211085,
            0.7893997447044127
        ]
    }
}