{
    "joints3D": {
        "Pelvis": [
            -0.5223944308005257,
            -0.10308254358600223,
            -1.8595499719753525
        ],
        "L_Hip": [
            -0.4385133035042366,
            -0.19758395576377502,
            -2.1747007043404456
        ],
        "L_Knee": [
            -0.5355601547721491,
            -0.7871426669797087,
            -3.218844306467498
        ],
        "L_Ankle": [
            -0.8389547660874511,
            -1.1474956229923936,
            -4.309194737309567
        ],
        "L_Foot": [
            -0.6543193030668734,
            -1.5214689361752627,
            -4.380237825822952
        ],
        "R_Hip": [
            -0.7944018360622002,
            -0.16468440366852344,
            -2.0402013815848865
        ],
        "R_Knee": [
            -1.3936847852580903,
            -0.7945758661577518,
            -2.8607442946407398
        ],
        "R_Ankle": [
            -1.7859344245143431,
            -0.9966303221313451,
            -3.952337855954085
        ],
        "R_Foot": [
            -1.9679743981961302,
            -1.3664950339562663,
            -3.8775588396852565
        ],
        "Spine1": [
            -0.4166563643865653,
            0.08845908777087455,
            -1.5894929497739763
        ],
        "Spine2": [
            -0.24343846034608757,
            0.17133575681209884,
            -1.163340123593255
        ],
        "Spine3": [
            -0.18899418157571224,
            0.1943678075960942,
            -0.9844929485306774
        ],
        "Neck": [
            -0.03400281826053101,
            0.4925049661502219,
            -0.41544121762783737
        ],
        "Head": [
            0.08160299521581091,
            0.456630357315876,
            -0.1469060651220817
        ],
        "L_Collar": [
            0.10860081808038996,
            0.3982243406132587,
            -0.7396175909299897
        ],
        "L_Shoulder": [
            0.3733936979834684,
            0.3006985746589816,
            -0.7862568905602728
        ],
        "L_Elbow": [
            0.375355391978674,
            -0.3038913988107753,
            -1.2210517305968236
        ],
        "L_Wrist": [
            0.31878932990864645,
            -0.8167990191340638,
            -0.693312717090718
        ],
        "L_Hand": [
            0.2914885884622564,
            -1.0450843246682056,
            -0.5598654900096453
        ],
        "R_Collar": [
            -0.32594590906685306,
            0.4216480612425828,
            -0.6359987034920684
        ],
        "R_Shoulder": [
            -0.5857888251231832,
            0.3245945715027155,
            -0.5044806163610387
        ],
        "R_Elbow": [
            -0.8312439766513628,
            -0.268237978755444,
            -0.8280372372410486
        ],
        "R_Wrist": [
            -0.535415538213874,
            -0.7902970135267494,
            -0.3586216169943082
        ],
        "R_Hand": [
            -0.4934492121880282,
            -0.9879070635918235,
            -0.19065635282283758
        ]
    },
    "joints2D": {
        "Pelvis": [
            0.8125629636463618,
            0.9330161775200986
        ],
        "L_Hip": [
            0.7951612884279887,
            0.9317393451288803
        ],
        "L_Knee": [
            0.7844713419118661,
            0.8953124170574341
        ],
        "L_Ankle": [
            0.7894191911244779,
            0.8882693303124192
        ],
        "L_Foot": [
            0.7792496841618508,
            0.8707062943398284
        ],
        "R_Hip": [
            0.8324252334259273,
            0.9136765666606869
        ],
        "R_Knee": [
            0.8392419676935414,
            0.8580694548262059
        ],
        "R_Ankle": [
            0.8350422813439615,
            0.8676722479922582
        ],
        "R_Foot": [
            0.8384571986959442,
            0.8405081818639736
        ],
        "Spine1": [
            0.19127502830520698,
            0.9349732291606877
        ],
        "Spine2": [
            0.20473453365325794,
            0.9169246650394459
        ],
        "Spine3": [
            0.20945098955351307,
            0.9055765386359473
        ],
        "Neck": [
            0.23973365597745416,
            0.7149471714876975
        ],
        "Head": [
            0.2752555098009014,
            0.5931072334933559
        ],
        "L_Collar": [
            0.2727947857800794,
            0.8262734959700301
        ],
        "L_Shoulder": [
            0.32952329922459905,
            0.8379098133730004
        ],
        "L_Elbow": [
            0.6919513936608177,
            0.8837930489706384
        ],
        "L_Wrist": [
            0.7025780470043891,
            0.7094618812273586
        ],
        "L_Hand": [
            0.7123400814669086,
            0.6471696122697866
        ],
        "R_Collar": [
            0.17570718659918427,
            0.7819065480558487
        ],
        "R_Shoulder": [
            0.11267987682566483,
            0.7314622373127844
        ],
        "R_Elbow": [
            0.8954444061994558,
            0.7843423337311686
        ],
        "R_Wrist": [
            0.8397306214858782,
            0.6156657361077095
        ],
        "R_Hand": [
            0.8226612573909896,
            0.5523816382706258
        ]
    }
}