{
    "joints3D": {
        "Pelvis": [
            -0.10824603185377182,
            1.2334451150699102,
            -1.2791605245164173
        ],
        "L_Hip": [
            0.050883562714013744,
            1.303075522733527,
            -1.5789985265267004
        ],
        "L_Knee": [
            0.06697218016718479,
            0.8101175001861153,
            -2.593634393671328
        ],
        "L_Ankle": [
            -0.12266679347397744,
            1.4353132439087122,
            -3.5837928842080244
        ],
        "L_Foot": [
            -0.16045843470720972,
            1.164921400247491,
            -3.8780902333013247
        ],
        "R_Hip": [
            -0.3506943075284452,
            1.3006180895291881,
            -1.5048931462694495
        ],
        "R_Knee": [
            -0.6903199816301255,
            1.338655955634328,
            -2.6037181276104633
        ],
        "R_Ankle": [
            -0.9584154468621572,
            1.946686532111138,
            -3.582528408376809
        ],
        "R_Foot": [
            -0.9922997126202698,
            1.5869693324114298,
            -3.7514292007610526
        ],
        "Spine1": [
            -0.060947389453473624,
            1.245967665295169,
            -0.9596129202203919
        ],
        "Spine2": [
            0.0018314278089995926,
            1.0354147441092159,
            -0.5964483649473157
        ],
        "Spine3": [
            0.02231753760614335,
            0.8923188436297569,
            -0.4920234440367381
        ],
        "Neck": [
            0.050302048988318984,
            0.6468808590872095,
            0.11264473959679877
        ],
        "Head": [
            0.09980214196750385,
            0.39308125162186636,
            0.20443839254870658
        ],
        "L_Collar": [
            0.26289503188727426,
            0.805155814993017,
            -0.1454639586519228
        ],
        "L_Shoulder": [
            0.5280154306419337,
            0.8563098529581721,
            -0.07998825153068562
        ],
        "L_Elbow": [
            0.6734882138974162,
            1.4750019329795026,
            -0.5482924802813782
        ],
        "L_Wrist": [
            0.7925770453612683,
            1.5766891070384645,
            -1.278898966031797
        ],
        "L_Hand": [
            0.7449943221526433,
            1.7023682353873542,
            -1.4970259315533996
        ],
        "R_Collar": [
            -0.18482737007061456,
            0.7900187858770936,
            -0.12704357795254737
        ],
        "R_Shoulder": [
            -0.4687259837428836,
            0.7756729757852944,
            -0.08204904991001591
        ],
        "R_Elbow": [
            -0.7986387876623393,
            1.1744199915443239,
            -0.6404542436217229
        ],
        "R_Wrist": [
            -1.004088184857509,
            1.1083251394081912,
            -1.3698187413035223
        ],
        "R_Hand": [
            -1.0352009260386312,
            1.1423169593423264,
            -1.6179688974758806
        ]
    },
    "joints2D": {
        "Pelvis": [
            0.23809682437726049,
            0.7464941926938984
        ],
        "L_Hip": [
            0.25304018986928606,
            0.7702915485681758
        ],
        "L_Knee": [
            0.2536155837294221,
            0.8825608557418508
        ],
        "L_Ankle": [
            0.2424221765298771,
            0.8606746137972425
        ],
        "L_Foot": [
            0.24061166927638897,
            0.8854161387819314
        ],
        "R_Hip": [
            0.2179871777342821,
            0.7603674894894844
        ],
        "R_Knee": [
            0.20498769149767118,
            0.826584109849468
        ],
        "R_Ankle": [
            0.20544620896069973,
            0.820206569976887
        ],
        "R_Foot": [
            0.20242093126429317,
            0.8467585886851553
        ],
        "Spine1": [
            0.24216290363866083,
            0.701286654763145
        ],
        "Spine2": [
            0.2488908390771264,
            0.6598165404808674
        ],
        "Spine3": [
            0.2521947574115058,
            0.6539649672488046
        ],
        "Neck": [
            0.2605828750443223,
            0.44379949424852705
        ],
        "Head": [
            0.28443144095699613,
            0.3506549341140833
        ],
        "L_Collar": [
            0.2972131116374538,
            0.5510336995132005
        ],
        "L_Shoulder": [
            0.3343811898742122,
            0.5232598174350216
        ],
        "L_Elbow": [
            0.3128123949233337,
            0.6017670694121844
        ],
        "L_Wrist": [
            0.3110095197534138,
            0.6985567855401191
        ],
        "L_Hand": [
            0.3023794111042712,
            0.7132502662598941
        ],
        "R_Collar": [
            0.21321389411518507,
            0.5459856222355607
        ],
        "R_Shoulder": [
            0.16435125540516862,
            0.5267920392477569
        ],
        "R_Elbow": [
            0.161695542722466,
            0.6367318387058226
        ],
        "R_Wrist": [
            0.15803076822344767,
            0.7445119106923634
        ],
        "R_Hand": [
            0.1627326740384238,
            0.7658246634197793
        ]
    }
}