{
    "joints3D": {
        "Pelvis": [
            -0.4281896353423888,
            0.4936983674952713,
            -1.6704532418636373
        ],
        "L_Hip": [
            -0.30231409673633297,
            0.5359976383229947,
            -1.961421531407377
        ],
        "L_Knee": [
            -0.2269040452031617,
            0.37344688367521095,
            -3.0292132502438474
        ],
        "L_Ankle": [
            -0.45179748493617494,
            0.4996007324938027,
            -4.160332352034738
        ],
        "L_Foot": [
            -0.2790614642943778,
            0.2153828695428176,
            -4.365680032507497
        ],
        "R_Hip": [
            -0.6570963578909502,
            0.4674553661457868,
            -1.8851995490568327
        ],
        "R_Knee": [
            -1.014999079395915,
            0.22590526665407867,
            -2.9045827988542006
        ],
        "R_Ankle": [
            -1.2741342137959388,
            0.3385384006829731,
            -4.031541947521689
        ],
        "R_Foot": [
            -1.327725116297139,
            -0.030689471533305885,
            -4.161330635076024
        ],
        "Spine1": [
            -0.38706740199364714,
            0.5862285024540945,
            -1.3523895949752844
        ],
        "Spine2": [
            -0.2682488028449829,
            0.5283467501865057,
            -0.9736138552840217
        ],
        "Spine3": [
            -0.23118370475180622,
            0.4441208303942522,
            -0.8288989863666837
        ],
        "Neck": [
            -0.16778499964388427,
            0.5423921251483813,
            -0.22066719179563213
        ],
        "Head": [
            -0.09469867321612262,
            0.43771519464343767,
            -0.017596641920378985
        ],
        "L_Collar": [
            0.03380557554427317,
            0.560349492873676,
            -0.5128817453867982
        ],
        "L_Shoulder": [
            0.3054484725973073,
            0.4753536365498283,
            -0.5093659111069208
        ],
        "L_Elbow": [
            0.6752820308336204,
            -0.11888418167018647,
            -0.786750928001617
        ],
        "L_Wrist": [
            0.3353831722022168,
            -0.4694656412774041,
            -0.2447137103126936
        ],
        "L_Hand": [
            0.2504243550861799,
            -0.41930741033085184,
            -0.011776688643072613
        ],
        "R_Collar": [
            -0.4340423669766075,
            0.511851047877138,
            -0.4570614707231625
        ],
        "R_Shoulder": [
            -0.68022414301427,
            0.3409272024790291,
            -0.4074883931923146
        ],
        "R_Elbow": [
            -0.9642039970535256,
            -0.24544152868155988,
            -0.7443242290854831
        ],
        "R_Wrist": [
            -0.5435069763988648,
            -0.6101928286153618,
            -0.25279709417115626
        ],
        "R_Hand": [
            -0.45674843367253415,
            -0.5917608057130492,
            -0.018095127925499256
        ]
    },
    "joints2D": {
        "Pelvis": [
            0.19997699550428455,
            0.8769809748447767
        ],
        "L_Hip": [
            0.2184717964432416,
            0.8887636744802051
        ],
        "L_Knee": [
            0.2324212013368132,
            0.930365685000329
        ],
        "L_Ankle": [
            0.22514725355629275,
            0.9299678840560119
        ],
        "L_Foot": [
            0.23417053775086,
            0.9500483601202859
        ],
        "R_Hip": [
            0.18193794826673373,
            0.8800244555939167
        ],
        "R_Knee": [
            0.17485924899477268,
            0.9195609992733729
        ],
        "R_Ankle": [
            0.1815052873184702,
            0.9221384298685495
        ],
        "R_Foot": [
            0.8220013694210289,
            0.9400964394949922
        ],
        "Spine1": [
            0.19916497737988317,
            0.843017069641755
        ],
        "Spine2": [
            0.20419252681534972,
            0.8199378839258245
        ],
        "Spine3": [
            0.2034692370845326,
            0.8212075220612348
        ],
        "Neck": [
            0.20417979241428794,
            0.61423224069119
        ],
        "Head": [
            0.21554531655542036,
            0.5095822159954311
        ],
        "L_Collar": [
            0.2562285002408139,
            0.7275010983699902
        ],
        "L_Shoulder": [
            0.32002502670393335,
            0.7353616173542312
        ],
        "L_Elbow": [
            0.6092213214781945,
            0.8284826286252328
        ],
        "L_Wrist": [
            0.6604348927554978,
            0.6299684618139475
        ],
        "L_Hand": [
            0.6676540467197689,
            0.5051553540451642
        ],
        "R_Collar": [
            0.1537978925325544,
            0.697029327407224
        ],
        "R_Shoulder": [
            0.09575420156603412,
            0.6804567006245642
        ],
        "R_Elbow": [
            0.9151254860051982,
            0.7501245183990236
        ],
        "R_Wrist": [
            0.8607305566506751,
            0.5990251431805157
        ],
        "R_Hand": [
            0.8535565657076516,
            0.5053802107716924
        ]
    }
}