{
    "joints2D": {
        "Pelvis": [
            0.2742018397934688,
            0.9228485184188358
        ],
        "L_Hip": [
            0.29870431953030663,
            0.9323729236621228
        ],
        "L_Knee": [
            0.7016817459473271,
            0.9306459319299623
        ],
        "L_Ankle": [
            0.3088799613682181,
            0.9011141404617476
        ],
        "L_Foot": [
            0.3125377045653709,
            0.9062526145460731
        ],
        "R_Hip": [
            0.25214582656282253,
            0.939235323529931
        ],
        "R_Knee": [
            0.7598185017351744,
            0.8736353155196986
        ],
        "R_Ankle": [
            0.7432296571626371,
            0.8498793216526499
        ],
        "R_Foot": [
            0.7515352202008685,
            0.8279066219249442
        ],
        "Spine1": [
            0.27233663017783455,
            0.8854450660487762
        ],
        "Spine2": [
            0.269701003090986,
            0.8611869349237423
        ],
        "Spine3": [
            0.26777037941198534,
            0.8585084951819622
        ],
        "Neck": [
            0.2571297320776131,
            0.6584379131355544
        ],
        "Head": [
            0.2563441727102693,
            0.5564264693844531
        ],
        "L_Collar": [
            0.31836155151742435,
            0.7565591120263305
        ],
        "L_Shoulder": [
            0.3701158597078676,
            0.7085947503700123
        ],
        "L_Elbow": [
            0.3619538057329393,
            0.8329166611095696
        ],
        "L_Wrist": [
            0.6651208586871343,
            0.88168332314809
        ],
        "L_Hand": [
            0.6892084000308834,
            0.8317768420984725
        ],
        "R_Collar": [
            0.2169493523256676,
            0.7538833806678668
        ],
        "R_Shoulder": [
            0.18076904173051705,
            0.7034839963811872
        ],
        "R_Elbow": [
            0.2118171830954242,
            0.7562231381472635
        ],
        "R_Wrist": [
            0.18972042693790955,
            0.8669485239303074
        ],
        "R_Hand": [
            0.18320896212025714,
            0.8958592126802358
        ]
    },
    "joints3D": {
        "Pelvis": [
            0.20814769324335386,
            0.25229174441778074,
            -1.732760305829006
        ],
        "L_Hip": [
            0.4511196232751888,
            0.15423289906931958,
            -1.9603072074556582
        ],
        "L_Knee": [
            0.6789132925680668,
            -0.2543629443934558,
            -2.9612941455072783
        ],
        "L_Ankle": [
            1.0715951887717237,
            0.645165888802362,
            -3.591912136822462
        ],
        "L_Foot": [
            1.2323481769027038,
            0.5997470364947564,
            -3.943832824711043
        ],
        "R_Hip": [
            0.03199282665799219,
            0.18883590519955992,
            -2.0172959007390023
        ],
        "R_Knee": [
            -0.10956642016275446,
            -0.8462729343627308,
            -2.437149173438736
        ],
        "R_Ankle": [
            0.15529955331995376,
            -1.4986828661356624,
            -3.3680558958348326
        ],
        "R_Foot": [
            -0.003650350899786734,
            -1.8498156449983347,
            -3.418486757529723
        ],
        "Spine1": [
            0.17926602405420514,
            0.4289004446203579,
            -1.468313643711978
        ],
        "Spine2": [
            0.12570062974559573,
            0.4253600785062845,
            -1.0860317503087449
        ],
        "Spine3": [
            0.09803714789943681,
            0.3739520096469294,
            -0.9256473598379933
        ],
        "Neck": [
            0.03160505653729351,
            0.5255976540007281,
            -0.30001566074685043
        ],
        "Head": [
            0.021195461876782663,
            0.42211336546463163,
            -0.08137108058261092
        ],
        "L_Collar": [
            0.2889634058306606,
            0.4346370384599591,
            -0.5373003144412775
        ],
        "L_Shoulder": [
            0.5604143693071395,
            0.4308435542067748,
            -0.487436896773906
        ],
        "L_Elbow": [
            0.8128771035852644,
            0.34206738874146636,
            -1.2038796825407203
        ],
        "L_Wrist": [
            0.4059888842657846,
            -0.1710728893993028,
            -0.9048372655426329
        ],
        "L_Hand": [
            0.2978988814906094,
            -0.36626809509172864,
            -0.8016491072137703
        ],
        "R_Collar": [
            -0.15086023498211085,
            0.5504640340335633,
            -0.6107363271478718
        ],
        "R_Shoulder": [
            -0.39480624198078235,
            0.7046037027562708,
            -0.5997265438340276
        ],
        "R_Elbow": [
            -0.35215603821525787,
            1.0902091003803709,
            -1.2381486357816749
        ],
        "R_Wrist": [
            -0.5403611072554838,
            0.5372863974475078,
            -1.695095966418782
        ],
        "R_Hand": [
            -0.603424230528157,
            0.3471093939794005,
            -1.8378585602930455
        ]
    }
}