{
    "joints3D": {
        "Pelvis": [
            -0.6810545953622407,
            0.03959033372983385,
            -1.5642833831459673
        ],
        "L_Hip": [
            -0.5843075194797495,
            0.07274580009146611,
            -1.8744175779466827
        ],
        "L_Knee": [
            -0.3449350102244456,
            -0.08506022132875644,
            -2.958575103946025
        ],
        "L_Ankle": [
            -0.6510344188008536,
            -0.12742927405214882,
            -4.110148462657807
        ],
        "L_Foot": [
            -0.31261936588447176,
            -0.2778337812091332,
            -4.242253947947826
        ],
        "R_Hip": [
            -0.8723824311419075,
            -0.14342331408225062,
            -1.7477680851915878
        ],
        "R_Knee": [
            -1.0982046512448742,
            -0.9935282991570816,
            -2.477802538491002
        ],
        "R_Ankle": [
            -1.3089840926803555,
            -0.9835278475492358,
            -3.6516539004923634
        ],
        "R_Foot": [
            -1.3888415068688595,
            -1.3638979987835393,
            -3.7370649656187567
        ],
        "Spine1": [
            -0.6926227821608922,
            0.20980620074083642,
            -1.2785239992724726
        ],
        "Spine2": [
            -0.5124731599798682,
            0.2425426099835293,
            -0.9319502595828758
        ],
        "Spine3": [
            -0.4331441991020875,
            0.22398580047678218,
            -0.7843780112148628
        ],
        "Neck": [
            -0.32524491333771954,
            0.4119987608670222,
            -0.22979595950648538
        ],
        "Head": [
            -0.23111694831820012,
            0.3093878674916598,
            -0.04002866919950661
        ],
        "L_Collar": [
            -0.20502863692119033,
            0.46719354838701993,
            -0.5381719315721487
        ],
        "L_Shoulder": [
            -0.012549398870757733,
            0.6298413070850505,
            -0.6286365507597058
        ],
        "L_Elbow": [
            -0.13874114881875613,
            0.8097764605163661,
            -1.354190852590518
        ],
        "L_Wrist": [
            -0.08002641770961265,
            0.27752487356424904,
            -1.85471798763955
        ],
        "L_Hand": [
            -0.035016171601867846,
            0.10723185703403963,
            -2.0327876426852183
        ],
        "R_Collar": [
            -0.5779113893943811,
            0.2619217767140672,
            -0.39807612325603986
        ],
        "R_Shoulder": [
            -0.8306881542307233,
            0.15054864204420187,
            -0.31094563459103863
        ],
        "R_Elbow": [
            -1.1422531313139437,
            0.08458509627527412,
            -0.9770525093170833
        ],
        "R_Wrist": [
            -1.0798856519193136,
            -0.4703336829273531,
            -1.484474096471351
        ],
        "R_Hand": [
            -1.0630930294921785,
            -0.6578617565513883,
            -1.6492427265639678
        ]
    },
    "joints2D": {
        "Pelvis": [
            0.15671955819472477,
            0.9195443804720481
        ],
        "L_Hip": [
            0.18065395500210643,
            0.9334799138581282
        ],
        "L_Knee": [
            0.7779436184687722,
            0.9533307827231924
        ],
        "L_Ankle": [
            0.7872313275371303,
            0.9502289922832287
        ],
        "L_Foot": [
            0.7678744486758771,
            0.9455211128581119
        ],
        "R_Hip": [
            0.8512446167401208,
            0.8975140182369132
        ],
        "R_Knee": [
            0.826696739363247,
            0.8372425528474807
        ],
        "R_Ankle": [
            0.8189033435616445,
            0.8741392540517419
        ],
        "R_Foot": [
            0.8171855731316768,
            0.8515337113709079
        ],
        "Spine1": [
            0.14654056104602492,
            0.874221554445166
        ],
        "Spine2": [
            0.150609948322407,
            0.8538294674569563
        ],
        "Spine3": [
            0.1516575353335402,
            0.8485371609544387
        ],
        "Neck": [
            0.15113997144332716,
            0.6350582444036629
        ],
        "Head": [
            0.14924421736559232,
            0.5317130833376809
        ],
        "L_Collar": [
            0.199580699897189,
            0.7548372669890244
        ],
        "L_Shoulder": [
            0.24620913257100607,
            0.7409519816084784
        ],
        "L_Elbow": [
            0.23239681087662312,
            0.8143932085567888
        ],
        "L_Wrist": [
            0.23943067714310245,
            0.9242195238536353
        ],
        "L_Hand": [
            0.2447422830533557,
            0.9499810016600712
        ],
        "R_Collar": [
            0.09619968353991273,
            0.7072918611441087
        ],
        "R_Shoulder": [
            0.05101173642827368,
            0.6452371716630438
        ],
        "R_Elbow": [
            0.07696163645095508,
            0.7909829203321955
        ],
        "R_Wrist": [
            0.868909711110893,
            0.8204676369479028
        ],
        "R_Hand": [
            0.8541984417169486,
            0.8163660726894548
        ]
    }
}