{
    "joints3D": {
        "Pelvis": [
            -0.0666374135013348,
            0.26649962232895025,
            -1.665738037820911
        ],
        "L_Hip": [
            0.04852379081206877,
            0.2884718465383556,
            -1.958178636919781
        ],
        "L_Knee": [
            0.17518770462697086,
            -0.025218324117296766,
            -2.96967237392049
        ],
        "L_Ankle": [
            0.053128230395840616,
            -0.3163242977413715,
            -4.068041601916907
        ],
        "L_Foot": [
            0.37711237779236195,
            -0.4476393473713418,
            -4.229441674787391
        ],
        "R_Hip": [
            -0.2647846340851199,
            0.13057811964530464,
            -1.8620221479254426
        ],
        "R_Knee": [
            -0.3389303988849292,
            -0.5518507735596642,
            -2.7094145896445796
        ],
        "R_Ankle": [
            -0.47530255274151245,
            -0.885732406830712,
            -3.7956079787112675
        ],
        "R_Foot": [
            -0.33801193119967493,
            -1.2498317082989439,
            -3.798277961831732
        ],
        "Spine1": [
            -0.06822061098784792,
            0.42479695841628534,
            -1.377542890858682
        ],
        "Spine2": [
            0.030811479114065735,
            0.37520047625958935,
            -0.9981947479502882
        ],
        "Spine3": [
            0.034701441953307426,
            0.3104499687909125,
            -0.8422095668068375
        ],
        "Neck": [
            -0.05820387278222126,
            0.40759838661486164,
            -0.24707065466457054
        ],
        "Head": [
            -0.05566872604652896,
            0.2944769493421402,
            -0.03963564062123011
        ],
        "L_Collar": [
            0.2122211311519997,
            0.39741848616377545,
            -0.4692747119644747
        ],
        "L_Shoulder": [
            0.4545981434146512,
            0.2606187038406254,
            -0.4351323231496143
        ],
        "L_Elbow": [
            0.7812391762082247,
            -0.1282660867298993,
            -0.9756150863105133
        ],
        "L_Wrist": [
            0.4567978694532192,
            -0.6748472638048563,
            -1.3109728574158337
        ],
        "L_Hand": [
            0.34834253682232297,
            -0.8628152957703493,
            -1.4334615464837577
        ],
        "R_Collar": [
            -0.24838244047571345,
            0.4056885188900723,
            -0.5433030853674884
        ],
        "R_Shoulder": [
            -0.5339639204605351,
            0.3214412365988529,
            -0.5731383569876543
        ],
        "R_Elbow": [
            -0.9178306965938857,
            0.06040161585800551,
            -1.1267642788312946
        ],
        "R_Wrist": [
            -0.5375351245745555,
            -0.5289273983707131,
            -1.3349853774559968
        ],
        "R_Hand": [
            -0.3663737089359464,
            -0.6951858317516831,
            -1.3993983541517667
        ]
    },
    "joints2D": {
        "Pelvis": [
            0.2401546516607783,
            0.921564988572458
        ],
        "L_Hip": [
            0.25394156743440555,
            0.9250670736972211
        ],
        "L_Knee": [
            0.7376837266717258,
            0.9609016472797611
        ],
        "L_Ankle": [
            0.7484454184840995,
            0.9434232999756437
        ],
        "L_Foot": [
            0.7318691229564098,
            0.934446784880022
        ],
        "R_Hip": [
            0.21707907343169297,
            0.9411873179461473
        ],
        "R_Knee": [
            0.777028926093092,
            0.9076990074901155
        ],
        "R_Ankle": [
            0.7765819244445812,
            0.9001312275432202
        ],
        "R_Foot": [
            0.7682672761929322,
            0.8772898386527529
        ],
        "Spine1": [
            0.23908316638147706,
            0.8832875070609264
        ],
        "Spine2": [
            0.2543429862585827,
            0.8667156318056819
        ],
        "Spine3": [
            0.2562868100396433,
            0.8683979096326438
        ],
        "Neck": [
            0.22877999659566778,
            0.6659018456725836
        ],
        "Head": [
            0.2197723901144923,
            0.5383914319412625
        ],
        "L_Collar": [
            0.30693710518077655,
            0.7550961920661735
        ],
        "L_Shoulder": [
            0.3787614200073742,
            0.7463793946620284
        ],
        "L_Elbow": [
            0.6139600595929273,
            0.8404507094775325
        ],
        "L_Wrist": [
            0.6948967191695732,
            0.8213652001199149
        ],
        "L_Hand": [
            0.7134662278893592,
            0.8091445818837022
        ],
        "R_Collar": [
            0.18604913311752477,
            0.7711064722839316
        ],
        "R_Shoulder": [
            0.1255473897842293,
            0.7615320879013276
        ],
        "R_Elbow": [
            0.10473687781216383,
            0.8506078308478848
        ],
        "R_Wrist": [
            0.8207608182602768,
            0.8420073145260152
        ],
        "R_Hand": [
            0.794982051883357,
            0.8305295171039562
        ]
    }
}