{
    "joints3D": {
        "Pelvis": [
            0.18348877387818469,
            -0.15676543167919615,
            -1.5720296941856693
        ],
        "L_Hip": [
            0.3979217481989847,
            -0.20510531911518562,
            -1.8140155671854752
        ],
        "L_Knee": [
            0.7701750950095547,
            -0.4006600779424968,
            -2.854944658086786
        ],
        "L_Ankle": [
            0.9149939382055046,
            -0.6922829810870341,
            -4.003292470498084
        ],
        "L_Foot": [
            1.1166514493563224,
            -1.0287239994623467,
            -4.036120031909155
        ],
        "R_Hip": [
            0.019285984691959194,
            -0.2539537623579998,
            -1.8320020177271064
        ],
        "R_Knee": [
            -0.14407872559822965,
            -0.5103375599338388,
            -2.9352058590398564
        ],
        "R_Ankle": [
            -0.060440979574014855,
            -0.7894102602765358,
            -4.093085554735196
        ],
        "R_Foot": [
            -0.18666150924405295,
            -1.167162414525579,
            -4.101532518964676
        ],
        "Spine1": [
            0.1391073369140373,
            0.031340753625094205,
            -1.3006366307246788
        ],
        "Spine2": [
            0.11675920682553668,
            0.15237765804400583,
            -0.9280442053887541
        ],
        "Spine3": [
            0.0985781972738357,
            0.15083235291098288,
            -0.7602819852487104
        ],
        "Neck": [
            0.0054526766335807955,
            0.4311546253857323,
            -0.24252322940767523
        ],
        "Head": [
            0.012556261464864956,
            0.35261976634233744,
            -0.020478924078288174
        ],
        "L_Collar": [
            0.26525667600226077,
            0.3606052598222254,
            -0.443433433140713
        ],
        "L_Shoulder": [
            0.5330104095679769,
            0.3725979623237871,
            -0.4460966416608404
        ],
        "L_Elbow": [
            0.7469757769996497,
            0.09019736699266431,
            -1.1172558074494054
        ],
        "L_Wrist": [
            0.9323674359266249,
            -0.46434977667756777,
            -1.5605935829266775
        ],
        "L_Hand": [
            1.0224628231726922,
            -0.6745713965398776,
            -1.663361234632384
        ],
        "R_Collar": [
            -0.17744143275410532,
            0.33447036720641715,
            -0.5111011270883636
        ],
        "R_Shoulder": [
            -0.4533803425895919,
            0.2877902745237439,
            -0.5869545138158467
        ],
        "R_Elbow": [
            -0.4444227358526364,
            0.01476651648631781,
            -1.2737522406884287
        ],
        "R_Wrist": [
            -0.46583699508904336,
            -0.582778963834839,
            -1.7352995990540192
        ],
        "R_Hand": [
            -0.4952958778772104,
            -0.81091922679787,
            -1.834387550438023
        ]
    },
    "joints2D": {
        "Pelvis": [
            0.7258199734149025,
            0.9348857258782227
        ],
        "L_Hip": [
            0.7044797589173841,
            0.9246989104931956
        ],
        "L_Knee": [
            0.6952298408283879,
            0.9134081761984774
        ],
        "L_Ankle": [
            0.7043065552682778,
            0.9090087884102205
        ],
        "L_Foot": [
            0.6977140720453955,
            0.8850779947462459
        ],
        "R_Hip": [
            0.7490944886342605,
            0.9274428407628824
        ],
        "R_Knee": [
            0.7616794094123526,
            0.9177946499087928
        ],
        "R_Ankle": [
            0.7544299710286628,
            0.9132584240024333
        ],
        "R_Foot": [
            0.7602805443975953,
            0.889364006803129
        ],
        "Spine1": [
            0.2731195645584368,
            0.9550201025275534
        ],
        "Spine2": [
            0.27509395516225044,
            0.9177929902397892
        ],
        "Spine3": [
            0.2753228975517393,
            0.9088449056672513
        ],
        "Neck": [
            0.2504325322349604,
            0.6566224709268098
        ],
        "Head": [
            0.25416380200624583,
            0.5152966984126853
        ],
        "L_Collar": [
            0.32494919016237866,
            0.7524126080037048
        ],
        "L_Shoulder": [
            0.37584818372481954,
            0.7102111394244514
        ],
        "L_Elbow": [
            0.3734132392647772,
            0.8705267571273311
        ],
        "L_Wrist": [
            0.6488202749001463,
            0.8405395592561679
        ],
        "L_Hand": [
            0.6526255449869005,
            0.818524401879161
        ],
        "R_Collar": [
            0.19718963670820858,
            0.7936846937444834
        ],
        "R_Shoulder": [
            0.13659419341398013,
            0.7873991018237139
        ],
        "R_Elbow": [
            0.17225011610309113,
            0.93516950936874
        ],
        "R_Wrist": [
            0.800925857289329,
            0.8665700488173177
        ],
        "R_Hand": [
            0.7979148540033519,
            0.8421352153502721
        ]
    }
}