{
    "joints3D": {
        "Pelvis": [
            0.06408100759411522,
            -0.8617443948085546,
            -1.0937550220185128
        ],
        "L_Hip": [
            0.2797722813023827,
            -1.1209952494203748,
            -1.148191867311682
        ],
        "L_Knee": [
            0.6453779238998023,
            -2.235084306767264,
            -1.1843835296543168
        ],
        "L_Ankle": [
            0.5027525446752371,
            -3.1202558170013277,
            -2.051434899653259
        ],
        "L_Foot": [
            0.7346237078068865,
            -3.4271669443879658,
            -1.9057787889783342
        ],
        "R_Hip": [
            -0.11784105811067042,
            -1.1442769422403904,
            -1.1188607150007832
        ],
        "R_Knee": [
            -0.37318601179744265,
            -1.9955059182553838,
            -0.3188438336843639
        ],
        "R_Ankle": [
            -0.19952942178293934,
            -3.216553561009257,
            -0.1305477252764111
        ],
        "R_Foot": [
            -0.27116618187192404,
            -3.414599806067134,
            0.228520398322644
        ],
        "Spine1": [
            0.03207187511885214,
            -0.5205279107105766,
            -1.155040114867183
        ],
        "Spine2": [
            0.0243437328254832,
            -0.20997273376201886,
            -0.8874205520021617
        ],
        "Spine3": [
            0.023402941292121334,
            -0.10068476361984306,
            -0.7490395439533764
        ],
        "Neck": [
            0.015556432640339337,
            0.43998364902437304,
            -0.43985122291657935
        ],
        "Head": [
            0.06875596871445726,
            0.4083866588071528,
            -0.2015331276708665
        ],
        "L_Collar": [
            0.25400970387573046,
            0.22937454024125312,
            -0.5881544308821809
        ],
        "L_Shoulder": [
            0.5215023026162106,
            0.2947795660385556,
            -0.5370162780517505
        ],
        "L_Elbow": [
            1.160286900297458,
            0.22580581423494026,
            -0.07213462094190766
        ],
        "L_Wrist": [
            0.45944311936632604,
            0.5293026623670026,
            -0.004089612734780956
        ],
        "L_Hand": [
            0.22937574921778336,
            0.6400741438616732,
            -0.0628104164385743
        ],
        "R_Collar": [
            -0.21362680055804617,
            0.23816360531624248,
            -0.619400688372434
        ],
        "R_Shoulder": [
            -0.4756293289304083,
            0.37017060844237715,
            -0.543702090974868
        ],
        "R_Elbow": [
            -1.1965681132587966,
            0.46765561058072763,
            -0.28435082654443866
        ],
        "R_Wrist": [
            -0.560421502366516,
            0.9150552511747453,
            -0.14970905337046217
        ],
        "R_Hand": [
            -0.30733403169468665,
            0.933318568773233,
            -0.21383843621743664
        ]
    },
    "joints2D": {
        "Pelvis": [
            0.7431656553531334,
            0.7769654448156803
        ],
        "L_Hip": [
            0.7215220862544003,
            0.7421828690016562
        ],
        "L_Knee": [
            0.7109580448975129,
            0.6455673998827942
        ],
        "L_Ankle": [
            0.7293305938324159,
            0.6770498414019839
        ],
        "L_Foot": [
            0.7212986559567673,
            0.6532475889666454
        ],
        "R_Hip": [
            0.7640001381267825,
            0.7373349909900895
        ],
        "R_Knee": [
            0.7798573951273886,
            0.5459802249430051
        ],
        "R_Ankle": [
            0.7609768355823474,
            0.509868484784045
        ],
        "R_Foot": [
            0.763652854777018,
            0.476561247935568
        ],
        "Spine1": [
            0.746479843611108,
            0.84869766011061
        ],
        "Spine2": [
            0.745809736693291,
            0.9018434258579667
        ],
        "Spine3": [
            0.7446242117498505,
            0.9283732727273438
        ],
        "Neck": [
            0.25295398620418924,
            0.741160936385321
        ],
        "Head": [
            0.2727702547862892,
            0.6387331020913275
        ],
        "L_Collar": [
            0.32277692641526384,
            0.8406017334366689
        ],
        "L_Shoulder": [
            0.3758462132591698,
            0.7592607682964314
        ],
        "L_Elbow": [
            0.45607021914208906,
            0.5230741713466474
        ],
        "L_Wrist": [
            0.3597673382354422,
            0.4992609273348748
        ],
        "L_Hand": [
            0.3019690716064832,
            0.5264883052932935
        ],
        "R_Collar": [
            0.18789631886926877,
            0.849536967440012
        ],
        "R_Shoulder": [
            0.13765652345260002,
            0.751020777343999
        ],
        "R_Elbow": [
            0.0693862557875255,
            0.5824784628314723
        ],
        "R_Wrist": [
            0.16375421172355922,
            0.5426354947875868
        ],
        "R_Hand": [
            0.19996643855627638,
            0.565017100229598
        ]
    }
}