{
    "joints2D": {
        "Pelvis": [
            0.18147081482509927,
            0.7707036374709364
        ],
        "L_Hip": [
            0.20164829332847853,
            0.7930580049220823
        ],
        "L_Knee": [
            0.25812888335288264,
            0.8933077003107357
        ],
        "L_Ankle": [
            0.24312400217413882,
            0.9013362073296586
        ],
        "L_Foot": [
            0.25931731469263036,
            0.9176426809748929
        ],
        "R_Hip": [
            0.16740031106799305,
            0.7933131668113349
        ],
        "R_Knee": [
            0.14535509480189793,
            0.9060876917941086
        ],
        "R_Ankle": [
            0.16010186526472,
            0.9134567191719904
        ],
        "R_Foot": [
            0.840194788584989,
            0.9162917042476081
        ],
        "Spine1": [
            0.176804369632063,
            0.7231011991459492
        ],
        "Spine2": [
            0.17590207745198297,
            0.7024369325024579
        ],
        "Spine3": [
            0.17623090232040556,
            0.7114808472431815
        ],
        "Neck": [
            0.16839288076770545,
            0.5451954572924036
        ],
        "Head": [
            0.17572030604660505,
            0.45379070879529726
        ],
        "L_Collar": [
            0.21476711004930066,
            0.6351785035251706
        ],
        "L_Shoulder": [
            0.2607751827737829,
            0.6597382914145731
        ],
        "L_Elbow": [
            0.27042261614604385,
            0.7705076985082208
        ],
        "L_Wrist": [
            0.26483722193313153,
            0.8930763156542134
        ],
        "L_Hand": [
            0.2584376692989444,
            0.9192131202070782
        ],
        "R_Collar": [
            0.1317977826978893,
            0.6179855123927704
        ],
        "R_Shoulder": [
            0.08971079521574638,
            0.6280923513554209
        ],
        "R_Elbow": [
            0.0998625031292609,
            0.7449264353065252
        ],
        "R_Wrist": [
            0.12464353159810247,
            0.8884857586583143
        ],
        "R_Hand": [
            0.85811844170652,
            0.8992329940568181
        ]
    },
    "joints3D": {
        "Pelvis": [
            -0.7007530797353029,
            1.0515233737007899,
            -1.4262262292568841
        ],
        "L_Hip": [
            -0.5487208487538167,
            1.149324502591274,
            -1.726832596351862
        ],
        "L_Knee": [
            0.12089652570004598,
            0.6785338452693728,
            -2.5231967839629372
        ],
        "L_Ankle": [
            -0.1006692456809554,
            0.8794732180362024,
            -3.6862011277132027
        ],
        "L_Foot": [
            0.19673675565283283,
            0.6752081835116441,
            -3.8731826850681084
        ],
        "R_Hip": [
            -0.92057720877573,
            0.9756911205221683,
            -1.6772258308300731
        ],
        "R_Knee": [
            -1.2008651926940443,
            0.0872045325234675,
            -2.376502134445334
        ],
        "R_Ankle": [
            -1.5016732648854612,
            0.20935372664014074,
            -3.5292607549343042
        ],
        "R_Foot": [
            -1.5471993739719396,
            -0.17358645438015613,
            -3.6488019054193686
        ],
        "Spine1": [
            -0.704207256187918,
            1.1226961645151892,
            -1.1068337659898277
        ],
        "Spine2": [
            -0.5480434293711881,
            0.9020437571000236,
            -0.7728531355605748
        ],
        "Spine3": [
            -0.46875998519928824,
            0.7607065143622107,
            -0.6933227845719655
        ],
        "Neck": [
            -0.3079320312381226,
            0.537873881970782,
            -0.09192642130889896
        ],
        "Head": [
            -0.17428031711303785,
            0.3414488036079253,
            0.05197256128592685
        ],
        "L_Collar": [
            -0.18006119264062515,
            0.7581255847655938,
            -0.36649874332701304
        ],
        "L_Shoulder": [
            0.07098166310709499,
            0.8234633886019274,
            -0.4751726585590144
        ],
        "L_Elbow": [
            0.19790353380377596,
            1.0123456573026932,
            -1.2412523933059403
        ],
        "L_Wrist": [
            0.14468458406158452,
            0.4720361069911478,
            -1.7678914320189214
        ],
        "L_Hand": [
            0.09199162327433547,
            0.3340103917270162,
            -1.9810446454669939
        ],
        "R_Collar": [
            -0.60034653115208,
            0.5963439631375463,
            -0.3100880926528789
        ],
        "R_Shoulder": [
            -0.8444674011743954,
            0.4418103837098884,
            -0.34752472648402694
        ],
        "R_Elbow": [
            -1.2226972037544381,
            0.4858487077950203,
            -1.0175959607287781
        ],
        "R_Wrist": [
            -1.0127243441604385,
            0.024933005341081692,
            -1.5975325390686006
        ],
        "R_Hand": [
            -0.9673754967220795,
            -0.09015585733100002,
            -1.8210841073865593
        ]
    }
}