{
    "joints3D": {
        "Pelvis": [
            0.17683882070276577,
            0.196000152409996,
            -1.6717313095485762
        ],
        "L_Hip": [
            0.36985785363763185,
            0.1545521290627095,
            -1.901754638526576
        ],
        "L_Knee": [
            0.4976157449603953,
            -0.022989358790023357,
            -2.90431823594031
        ],
        "L_Ankle": [
            0.52703766756011,
            -0.04098483811167682,
            -4.003294687288611
        ],
        "L_Foot": [
            0.6223510341016169,
            -0.38828807221166556,
            -4.09007556987135
        ],
        "R_Hip": [
            0.020464859716540253,
            0.15170077023266018,
            -1.9221130985254495
        ],
        "R_Knee": [
            0.0851478825803977,
            0.0735172519312294,
            -2.9664073593585303
        ],
        "R_Ankle": [
            0.2846886133336263,
            0.07628795429154751,
            -4.049303548316407
        ],
        "R_Foot": [
            0.1732683532868708,
            -0.26988666402206346,
            -4.138257811638103
        ],
        "Spine1": [
            0.1509533477429569,
            0.3465030899276964,
            -1.3946820888123712
        ],
        "Spine2": [
            0.13244774609040805,
            0.3569638935805616,
            -1.0150671112803586
        ],
        "Spine3": [
            0.12529559918749825,
            0.31812163970097695,
            -0.857405824021101
        ],
        "Neck": [
            0.06048656526517158,
            0.459401562736665,
            -0.2913505598775585
        ],
        "Head": [
            0.06129468556397388,
            0.3611956775193835,
            -0.08632500329312302
        ],
        "L_Collar": [
            0.31014594367190357,
            0.4389518799183138,
            -0.5166127112271253
        ],
        "L_Shoulder": [
            0.568685952586063,
            0.5132069027614456,
            -0.496042650290922
        ],
        "L_Elbow": [
            0.8624418245795133,
            0.599540085191965,
            -1.1405584031786238
        ],
        "L_Wrist": [
            1.1903933785842353,
            0.24379218279407566,
            -1.6344853180386496
        ],
        "L_Hand": [
            1.2049872295077362,
            0.16267690845977945,
            -1.8596251149716154
        ],
        "R_Collar": [
            -0.13593381967953191,
            0.4262323820359459,
            -0.5652649990190802
        ],
        "R_Shoulder": [
            -0.4232921191131689,
            0.4204657379598813,
            -0.5819413209390903
        ],
        "R_Elbow": [
            -0.5719342833058919,
            0.3438264378637788,
            -1.2566364862994408
        ],
        "R_Wrist": [
            -0.7065201498348072,
            -0.10525354266158761,
            -1.7817071300176786
        ],
        "R_Hand": [
            -0.7012981032516,
            -0.21495189861327407,
            -1.9926189848054
        ]
    },
    "joints2D": {
        "Pelvis": [
            0.27157181871184694,
            0.9308260880521331
        ],
        "L_Hip": [
            0.29117950046182367,
            0.9347328938725464
        ],
        "L_Knee": [
            0.7121286393343657,
            0.9552125239552424
        ],
        "L_Ankle": [
            0.7210779660698883,
            0.9572978650061943
        ],
        "L_Foot": [
            0.7181181845090803,
            0.9341942392922344
        ],
        "R_Hip": [
            0.2510147797049196,
            0.9431286233848778
        ],
        "R_Knee": [
            0.25524243674663216,
            0.9572270520452347
        ],
        "R_Ankle": [
            0.264831689759018,
            0.9578544898570537
        ],
        "R_Foot": [
            0.7419567902006433,
            0.9463837623802193
        ],
        "Spine1": [
            0.27027106045480365,
            0.896964151090449
        ],
        "Spine2": [
            0.2729838038739548,
            0.8703998780293951
        ],
        "Spine3": [
            0.2755161605701152,
            0.8650953394562637
        ],
        "Neck": [
            0.26681109013255205,
            0.6723223795283133
        ],
        "Head": [
            0.27429632335683135,
            0.569545630524063
        ],
        "L_Collar": [
            0.32359325217060764,
            0.7469787905515297
        ],
        "L_Shoulder": [
            0.3620142155229688,
            0.6950641753926218
        ],
        "L_Elbow": [
            0.3569061328326766,
            0.7836378302951913
        ],
        "L_Wrist": [
            0.37666255406257226,
            0.8488451372180761
        ],
        "L_Hand": [
            0.37026611921485736,
            0.8726833677939915
        ],
        "R_Collar": [
            0.21470012373326172,
            0.7795635226290524
        ],
        "R_Shoulder": [
            0.1542111970146369,
            0.7569273264523951
        ],
        "R_Elbow": [
            0.16548264864839607,
            0.8627099102362596
        ],
        "R_Wrist": [
            0.8347018571753353,
            0.91763326722606
        ],
        "R_Hand": [
            0.8243729125525774,
            0.9121975046061772
        ]
    }
}