{
    "joints3D": {
        "Pelvis": [
            -0.05233250391208647,
            2.21182344611864,
            -1.2559297144536767
        ],
        "L_Hip": [
            0.1701474961510154,
            2.4295460541178504,
            -1.5777333326638368
        ],
        "L_Knee": [
            0.09078929368223083,
            2.9676730452309377,
            -2.8953897687985624
        ],
        "L_Ankle": [
            -0.07821266589535743,
            3.9072454665203193,
            -4.059061079880565
        ],
        "L_Foot": [
            -0.07368339040867666,
            3.7273219627624785,
            -4.528320834131057
        ],
        "R_Hip": [
            -0.35660235681286556,
            2.473559900552645,
            -1.434898856200664
        ],
        "R_Knee": [
            -0.8204971659490677,
            3.1453240703282535,
            -2.6364738655096396
        ],
        "R_Ankle": [
            -1.1108559969742926,
            4.089907008390156,
            -3.7727792061985888
        ],
        "R_Foot": [
            -1.3719806928080625,
            3.887420954920289,
            -4.1500448312143625
        ],
        "Spine1": [
            0.019407461241118012,
            2.023443402409293,
            -0.8966561144101765
        ],
        "Spine2": [
            0.03132134449151037,
            1.571446653051425,
            -0.6878284113776868
        ],
        "Spine3": [
            0.019206666210910373,
            1.3518706396273372,
            -0.6764433560448482
        ],
        "Neck": [
            0.0980818333164629,
            0.7452950781329131,
            -0.108117052420802
        ],
        "Head": [
            0.1515968957147971,
            0.46761300910883363,
            0.024581150078782296
        ],
        "L_Collar": [
            0.35775692914449336,
            0.9877680514841063,
            -0.41063325641047216
        ],
        "L_Shoulder": [
            0.48656259201929836,
            0.6813319627163723,
            -0.5383882436460146
        ],
        "L_Elbow": [
            0.5040170910672291,
            -0.22650277917450223,
            -0.9245696924256295
        ],
        "L_Wrist": [
            0.3824293719772022,
            -1.0682839205232595,
            -1.2978628378682178
        ],
        "L_Hand": [
            0.36187087208320606,
            -1.3835606416007404,
            -1.3256118546796563
        ],
        "R_Collar": [
            -0.20192477599462705,
            1.0794080719697894,
            -0.23269218638030353
        ],
        "R_Shoulder": [
            -0.46384599860958764,
            0.8156498157940868,
            -0.2578847228064211
        ],
        "R_Elbow": [
            -0.8821735663014877,
            -0.02009544634009691,
            -0.49347018220568567
        ],
        "R_Wrist": [
            -1.2007259385769617,
            -0.8898752863235624,
            -0.7330815803263323
        ],
        "R_Hand": [
            -1.2929094991411596,
            -1.1935887936460619,
            -0.7304083323776402
        ]
    },
    "joints2D": {
        "Pelvis": [
            0.2452957319659838,
            0.6578636415952012
        ],
        "L_Hip": [
            0.258289192073001,
            0.6762072993099244
        ],
        "L_Knee": [
            0.2524064864277069,
            0.7374358080344936
        ],
        "L_Ankle": [
            0.24623462271814955,
            0.747085313228278
        ],
        "L_Foot": [
            0.2464166181214372,
            0.7707253189858914
        ],
        "R_Hip": [
            0.22843497132901125,
            0.6598953541404183
        ],
        "R_Knee": [
            0.2153626606346829,
            0.711148732968786
        ],
        "R_Ankle": [
            0.21503375844979936,
            0.7255639533178109
        ],
        "R_Foot": [
            0.20754479312051072,
            0.7459047137936325
        ],
        "Spine1": [
            0.25004470928015293,
            0.6269617664103363
        ],
        "Spine2": [
            0.2515613945314011,
            0.6255351485949118
        ],
        "Spine3": [
            0.25068921952066553,
            0.6415344634630099
        ],
        "Neck": [
            0.2688381111791862,
            0.5418090851915285
        ],
        "Head": [
            0.29732354015478046,
            0.48149514367007895
        ],
        "L_Collar": [
            0.30010881934202827,
            0.6154313938608343
        ],
        "L_Shoulder": [
            0.33366977287550653,
            0.6854529636772888
        ],
        "L_Elbow": [
            0.6531790626058842,
            0.8574843349341827
        ],
        "L_Wrist": [
            0.7118446301632576,
            0.7654829140540633
        ],
        "L_Hand": [
            0.719371116968992,
            0.7316375500636562
        ],
        "R_Collar": [
            0.22032109733618158,
            0.5625533597050054
        ],
        "R_Shoulder": [
            0.17023572505682133,
            0.5844649974304795
        ],
        "R_Elbow": [
            0.9527088360347634,
            0.7225450610230435
        ],
        "R_Wrist": [
            0.8839595380392785,
            0.659196717430484
        ],
        "R_Hand": [
            0.8719350778894309,
            0.6335179667505602
        ]
    }
}