{
    "joints3D": {
        "Pelvis": [
            -0.16358398706049188,
            -0.3938986707334799,
            -1.3592126853885282
        ],
        "L_Hip": [
            0.056493533374639415,
            -0.5526394323974071,
            -1.5623205730512315
        ],
        "L_Knee": [
            0.16616418417951406,
            -1.5092026663367566,
            -2.049747936124015
        ],
        "L_Ankle": [
            0.12827326320961738,
            -2.1259589017876137,
            -3.0071209843772064
        ],
        "L_Foot": [
            0.21584360233722613,
            -2.442166119012835,
            -2.8144760612926256
        ],
        "R_Hip": [
            -0.3559978299891375,
            -0.5903477283402021,
            -1.5464626588588137
        ],
        "R_Knee": [
            -0.431115860858483,
            -1.527648255970395,
            -2.1167616212465306
        ],
        "R_Ankle": [
            -0.4361243131855051,
            -1.4816322918972304,
            -3.255854555674571
        ],
        "R_Foot": [
            -0.48197826160774465,
            -1.7917315674717207,
            -3.470059041756267
        ],
        "Spine1": [
            -0.18884459370873455,
            -0.12885488971860964,
            -1.196800067525113
        ],
        "Spine2": [
            -0.15837866790159297,
            0.0643745907174133,
            -0.8744700399850243
        ],
        "Spine3": [
            -0.13456302706756723,
            0.06265846973830302,
            -0.7094842634234795
        ],
        "Neck": [
            -0.13654705893944058,
            0.4641378442004912,
            -0.22126494602986935
        ],
        "Head": [
            -0.10215837922304942,
            0.3587451896043626,
            -0.012376587496619717
        ],
        "L_Collar": [
            0.08315373001740609,
            0.33921106418952923,
            -0.46807522482815855
        ],
        "L_Shoulder": [
            0.3469766639358303,
            0.3904854765018003,
            -0.4892453431992512
        ],
        "L_Elbow": [
            0.3863345237901685,
            0.13103755902511566,
            -1.188620542645122
        ],
        "L_Wrist": [
            0.5503760961889506,
            -0.43399237549709013,
            -1.573683751661537
        ],
        "L_Hand": [
            0.5609789053921858,
            -0.5819948383555966,
            -1.762452792321001
        ],
        "R_Collar": [
            -0.36341282839471833,
            0.2963808213828165,
            -0.43302938754856973
        ],
        "R_Shoulder": [
            -0.6401577092054748,
            0.26782667365807106,
            -0.38667562326268357
        ],
        "R_Elbow": [
            -0.7297112773850738,
            -0.010554205607710997,
            -1.0551744579855715
        ],
        "R_Wrist": [
            -0.8906771478339838,
            -0.5931927460453141,
            -1.4542431567956928
        ],
        "R_Hand": [
            -0.9003212801214954,
            -0.7459849862917309,
            -1.6394486449571557
        ]
    },
    "joints2D": {
        "Pelvis": [
            0.7747554155432934,
            0.8860873938575626
        ],
        "L_Hip": [
            0.7445814792040961,
            0.8721285088321161
        ],
        "L_Knee": [
            0.7396351647096433,
            0.7865180233211927
        ],
        "L_Ankle": [
            0.7450596859243928,
            0.7926190468472746
        ],
        "L_Foot": [
            0.7411881722832911,
            0.7625181240649301
        ],
        "R_Hip": [
            0.7929184109353841,
            0.8583553028761165
        ],
        "R_Knee": [
            0.7808390356482935,
            0.7867771875349547
        ],
        "R_Ankle": [
            0.7746867779758142,
            0.845590835557883
        ],
        "R_Foot": [
            0.7745645373006729,
            0.8314289677672285
        ],
        "Spine1": [
            0.7855436329306367,
            0.9305757672629295
        ],
        "Spine2": [
            0.20875883138106466,
            0.9376958056498709
        ],
        "Spine3": [
            0.20729171440555058,
            0.9333144668126299
        ],
        "Neck": [
            0.206942798601563,
            0.6324216251656454
        ],
        "Head": [
            0.20554199488728375,
            0.5077256556319713
        ],
        "L_Collar": [
            0.2743689443795736,
            0.7869261614175175
        ],
        "L_Shoulder": [
            0.33739740201418983,
            0.7475790232801046
        ],
        "L_Elbow": [
            0.31649864380057224,
            0.9148307317652061
        ],
        "L_Wrist": [
            0.685563887586695,
            0.8735352152797397
        ],
        "L_Hand": [
            0.6930039643377208,
            0.8639540045778125
        ],
        "R_Collar": [
            0.14114828680246153,
            0.7534520772255824
        ],
        "R_Shoulder": [
            0.08859838787977405,
            0.6906246354623662
        ],
        "R_Elbow": [
            0.883457952731742,
            0.8793179870955232
        ],
        "R_Wrist": [
            0.8496787105712207,
            0.8183444192962426
        ],
        "R_Hand": [
            0.8389535817128357,
            0.816296099608472
        ]
    }
}