{
    "joints2D": {
        "Pelvis": [
            0.21494410150796742,
            0.8632914538304169
        ],
        "L_Hip": [
            0.23751824629083973,
            0.867188573207357
        ],
        "L_Knee": [
            0.27086678004822806,
            0.9259045361813294
        ],
        "L_Ankle": [
            0.7229590421660802,
            0.9602114528222456
        ],
        "L_Foot": [
            0.7097643599852903,
            0.9379139247500455
        ],
        "R_Hip": [
            0.2019317808818897,
            0.8885549237709232
        ],
        "R_Knee": [
            0.7716094371779164,
            0.9540202230449841
        ],
        "R_Ankle": [
            0.2292243054068308,
            0.9572566038305562
        ],
        "R_Foot": [
            0.7585699329362094,
            0.9487715828458952
        ],
        "Spine1": [
            0.20281536973936856,
            0.8241153327708922
        ],
        "Spine2": [
            0.19493912032017924,
            0.7819305652119984
        ],
        "Spine3": [
            0.19552025883683702,
            0.7843309518759984
        ],
        "Neck": [
            0.16246017432414994,
            0.5617822158736895
        ],
        "Head": [
            0.1542244841175518,
            0.44851607527816817
        ],
        "L_Collar": [
            0.22391831097554,
            0.6633253141215067
        ],
        "L_Shoulder": [
            0.2780818556405972,
            0.6418808063250065
        ],
        "L_Elbow": [
            0.3013976042167918,
            0.7939961419487606
        ],
        "L_Wrist": [
            0.33108501499359005,
            0.8731441431277761
        ],
        "L_Hand": [
            0.3378263207267405,
            0.8849782571471051
        ],
        "R_Collar": [
            0.13199359824878992,
            0.6830784207573243
        ],
        "R_Shoulder": [
            0.08211475321347717,
            0.6860687024480592
        ],
        "R_Elbow": [
            0.13623488091254374,
            0.8824077011096625
        ],
        "R_Wrist": [
            0.7852222371825116,
            0.895551587991224
        ],
        "R_Hand": [
            0.769859438012349,
            0.8745705220600479
        ]
    },
    "joints3D": {
        "Pelvis": [
            -0.299381596784958,
            0.6039827594375828,
            -1.625896265256951
        ],
        "L_Hip": [
            -0.11425576281926378,
            0.7075870019579674,
            -1.8998322192580186
        ],
        "L_Knee": [
            0.30089312880081953,
            0.3961312339818352,
            -2.90138655685716
        ],
        "L_Ankle": [
            0.49099397883463214,
            -0.003921977489441251,
            -4.001726204270974
        ],
        "L_Foot": [
            0.768020083915589,
            -0.28672168101973594,
            -4.068026269756828
        ],
        "R_Hip": [
            -0.45366533530107966,
            0.4805939658519725,
            -1.900112362975636
        ],
        "R_Knee": [
            -0.2553727235692341,
            -0.08922873446143956,
            -2.879853273141485
        ],
        "R_Ankle": [
            -0.34173628585492843,
            0.07785845891798102,
            -4.04773686100839
        ],
        "R_Foot": [
            -0.1334069494860736,
            -0.23697628923242944,
            -4.176243576211492
        ],
        "Spine1": [
            -0.37090309422738754,
            0.6900461348284948,
            -1.3226491689697013
        ],
        "Spine2": [
            -0.34045826837210724,
            0.6400513552333587,
            -0.902298036159225
        ],
        "Spine3": [
            -0.28440409074795364,
            0.5364848491775674,
            -0.7684122390439839
        ],
        "Neck": [
            -0.3129513576028004,
            0.4972443169238151,
            -0.11710939288953805
        ],
        "Head": [
            -0.21580744576913835,
            0.30760713238842086,
            0.05573255374505837
        ],
        "L_Collar": [
            -0.11590555820036219,
            0.6520537165587588,
            -0.38921808875812497
        ],
        "L_Shoulder": [
            0.15068192198422384,
            0.7278064669295402,
            -0.3700395097491896
        ],
        "L_Elbow": [
            0.3981421406048574,
            0.7281724507369473,
            -1.119621368151678
        ],
        "L_Wrist": [
            0.7428915149791957,
            0.39638889248001224,
            -1.69342417116831
        ],
        "L_Hand": [
            0.8736551840836222,
            0.31706758112473266,
            -1.8989305988194762
        ],
        "R_Collar": [
            -0.5209420794682391,
            0.46161897483913783,
            -0.4148768112496013
        ],
        "R_Shoulder": [
            -0.7390434092685818,
            0.2739342722172364,
            -0.4189155344864954
        ],
        "R_Elbow": [
            -0.6763624965109664,
            0.10553289148355878,
            -1.1586711907266116
        ],
        "R_Wrist": [
            -0.2678602910489713,
            -0.38241184047929505,
            -1.575151916912111
        ],
        "R_Hand": [
            -0.16679562274700566,
            -0.5765781610243564,
            -1.7007418199605997
        ]
    }
}