{
    "joints2D": {
        "Pelvis": [
            0.23576488099133158,
            0.8753801924480176
        ],
        "L_Hip": [
            0.25831364024598863,
            0.8832813405207797
        ],
        "L_Knee": [
            0.7135683444739375,
            0.9564313313827949
        ],
        "L_Ankle": [
            0.248321503994622,
            0.9074385359380959
        ],
        "L_Foot": [
            0.2573109908311927,
            0.9158534426455313
        ],
        "R_Hip": [
            0.21676124149036638,
            0.8919715944544082
        ],
        "R_Knee": [
            0.7740747240658646,
            0.9450315294887046
        ],
        "R_Ankle": [
            0.24000469955905204,
            0.9430480170512204
        ],
        "R_Foot": [
            0.762183212146252,
            0.9591666217274439
        ],
        "Spine1": [
            0.2309021517136384,
            0.8388332117555761
        ],
        "Spine2": [
            0.2285425123582032,
            0.8140418359467398
        ],
        "Spine3": [
            0.22980724470002872,
            0.8242567274224843
        ],
        "Neck": [
            0.2188153991314083,
            0.6246803033637046
        ],
        "Head": [
            0.2240860809518464,
            0.5202275207579269
        ],
        "L_Collar": [
            0.2739590092814223,
            0.7205557908277109
        ],
        "L_Shoulder": [
            0.3226744182210415,
            0.717524164390882
        ],
        "L_Elbow": [
            0.3327450798666219,
            0.8379858231744666
        ],
        "L_Wrist": [
            0.6624330000703005,
            0.8959793628482309
        ],
        "L_Hand": [
            0.661941231482887,
            0.8646682067618083
        ],
        "R_Collar": [
            0.1734917223710863,
            0.7241199491744446
        ],
        "R_Shoulder": [
            0.12313592950461258,
            0.7248300396808318
        ],
        "R_Elbow": [
            0.13685907192818964,
            0.8639311529099835
        ],
        "R_Wrist": [
            0.8224711186786144,
            0.8724939043120009
        ],
        "R_Hand": [
            0.8132071157084176,
            0.8476935460867913
        ]
    },
    "joints3D": {
        "Pelvis": [
            -0.11332712067243796,
            0.5635074801548422,
            -1.663843651049647
        ],
        "L_Hip": [
            0.09688517336846837,
            0.5961311247481511,
            -1.9332224628381056
        ],
        "L_Knee": [
            0.4553058859602034,
            -0.014149657869217203,
            -2.7659588949646974
        ],
        "L_Ankle": [
            -0.0054494747104488084,
            0.7528914425301637,
            -3.494577680190596
        ],
        "L_Foot": [
            0.15901745876391604,
            0.6979652804643296,
            -3.83866651089996
        ],
        "R_Hip": [
            -0.31155570786027426,
            0.49936538484240506,
            -1.9285973006472508
        ],
        "R_Knee": [
            -0.28533052949879617,
            -0.17823633430941016,
            -2.8120328590405967
        ],
        "R_Ankle": [
            -0.14932209883852982,
            0.3009966270501466,
            -3.8535181354938497
        ],
        "R_Foot": [
            -0.18596375953412878,
            -0.06435396608778494,
            -3.967553080966435
        ],
        "Spine1": [
            -0.14197170647906682,
            0.6668090503663856,
            -1.3667654528187185
        ],
        "Spine2": [
            -0.1259558060900956,
            0.5927183391660197,
            -0.992538850730082
        ],
        "Spine3": [
            -0.10021066694380963,
            0.4796302636114363,
            -0.8698680774012592
        ],
        "Neck": [
            -0.1083850432806107,
            0.525860814267518,
            -0.23147670708157095
        ],
        "Head": [
            -0.06446937908425934,
            0.40387924463200997,
            -0.030120765141154745
        ],
        "L_Collar": [
            0.1149556879284884,
            0.5732247577466438,
            -0.5068888020318619
        ],
        "L_Shoulder": [
            0.38070594540050184,
            0.5928303330956295,
            -0.5662822032652945
        ],
        "L_Elbow": [
            0.6276335826984927,
            0.4734345135198957,
            -1.271267418264964
        ],
        "L_Wrist": [
            0.6794267212657076,
            -0.19061591787508064,
            -1.5230987324904528
        ],
        "L_Hand": [
            0.7814615661835138,
            -0.395412432276544,
            -1.6053783649830762
        ],
        "R_Collar": [
            -0.33553305579326514,
            0.5045722561553145,
            -0.5063995302224329
        ],
        "R_Shoulder": [
            -0.6023571675493714,
            0.41068303177416493,
            -0.5460516180386533
        ],
        "R_Elbow": [
            -0.7555615666960162,
            0.20533387588750884,
            -1.2391305062392433
        ],
        "R_Wrist": [
            -0.6003076875471323,
            -0.4233084985914191,
            -1.583705178554146
        ],
        "R_Hand": [
            -0.5893099638460328,
            -0.6507895081700374,
            -1.6694093127798506
        ]
    }
}